Ligne,Ligne Q qualif,Ligne approfondissement Accident,ACCIDENT,NBACC1,ACCFREQUENCE1,ANNEEACC1_1,ANNEEACC1_2,ANNEEACC1_3,ANNEEACC1_4,ANNEEACC1_5,NBACC2,ACCFREQUENCE2,ANNEEACC2_1,ANNEEACC2_2,ANNEEACC2_3,ANNEEACC2_4,ANNEEACC2_5,NBACC3,ACCFREQUENCE3,ANNEEACC3_1,ANNEEACC3_2,ANNEEACC3_3,ANNEEACC3_4,ANNEEACC3_5,NBACC4,ACCFREQUENCE4,ANNEEACC4_1,ANNEEACC4_2,ANNEEACC4_3,ANNEEACC4_4,ANNEEACC4_5,NBACC5,ACCFREQUENCE5,ANNEEACC5_1,ANNEEACC5_2,ANNEEACC5_3,ANNEEACC5_4,ANNEEACC5_5,NBACC6,ACCFREQUENCE6,ANNEEACC6_1,ANNEEACC6_2,ANNEEACC6_3,ANNEEACC6_4,ANNEEACC6_5,NBACC7,ACCFREQUENCE7,ANNEEACC7_1,ANNEEACC7_2,ANNEEACC7_3,ANNEEACC7_4,ANNEEACC7_5,NBACC8,ACCFREQUENCE8,ANNEEACC8_1,ANNEEACC8_2,ANNEEACC8_3,ANNEEACC8_4,ANNEEACC8_5,NBACC9,ACCFREQUENCE9,ANNEEACC9_1,ANNEEACC9_2,ANNEEACC9_3,ANNEEACC9_4,ANNEEACC9_5,NBACC10,ACCFREQUENCE10,ANNEEACC10_1,ANNEEACC10_2,ANNEEACC10_3,ANNEEACC10_4,ANNEEACC10_5,NBACC11,ACCFREQUENCE11,ANNEEACC11_1,ANNEEACC11_2,ANNEEACC11_3,ANNEEACC11_4,ANNEEACC11_5,NBACC12,ACCFREQUENCE12,ANNEEACC12_1,ANNEEACC12_2,ANNEEACC12_3,ANNEEACC12_4,ANNEEACC12_5,NBACC13,ACCFREQUENCE13,ANNEEACC13_1,ANNEEACC13_2,ANNEEACC13_3,ANNEEACC13_4,ANNEEACC13_5,NBACC14,ACCFREQUENCE14,ANNEEACC14_1,ANNEEACC14_2,ANNEEACC14_3,ANNEEACC14_4,ANNEEACC14_5,AUTRESACC,NBAUTRESACC,TOTAL_AC,ANNEEAUTREACC1,ANNEEAUTREACC2,ANNEEAUTREACC3,ANNEEAUTREACC4,ANNEEAUTREACC5,LIEUAUTREACC1,LIEUAUTREACC2,LIEUAUTREACC3,LIEUAUTREACC4,LIEUAUTREACC5,DESCRIPTIONAUTRESACC1,DESCRIPTIONAUTRESACC2,DESCRIPTIONAUTRESACC3,DESCRIPTIONAUTRESACC4,DESCRIPTIONAUTRESACC5,NBAUTRESACCCIRCUIT,NBAUTRESTOUTTERRAIN,EXPCYCLO,EXP125,EXPSUP125,ACCORDNEXTQ,CHOIXACC,RGPMTACC,RECUPANNEE,RECUPLIEU,RECUPANNE,RGPMTAC,CHOIX1,CHOIX2,CHOIX3,CHOIX4,CHOIX5,CHOIX6,CHOIX7,DESCRIPTION,RUPTURE,FAITS,ABS_REACTION,AUTRE_REACTION,PRECISIONREACTIONOUI,RECUL,PRECISIONREACTIONNON,IMPACTCOMPORTEMENT,AUTREUSAGER,REACTIONAUTREUSAGER,CONNAISSANCEREACTIONUSAGER,DIFFICULTES,AGGRAVATION,DIFFICULTES2,EMOTIONS1,EMOTIONS2,EMOTIONS3,EMOTIONS4,EMOTIONS5,EMOTIONS6,AUTRESENTIMENT,CLASSEMENTEMOTIONS1,CLASSEMENTEMOTIONS,CLASSEMENTEMOTIONS5,CLASSEMENTEMOTIONS6,CLASSEMENTEMOTIONS7,CLASSEMENTEMOTIONS8,CLASSEMENTEMOTIONS9,EXPLICATIONRESSENTI,BIENEQUIPE,ALLURE,ALLUREVITEDETAIL,ALLURELENTEDETAIL,SITUATIONPRESSE,SITUATIONDISTRAIT,SITUATIONCONFIANT,SITUATIONCONTROLE,SITUATIONLUDIQUE,SITUATIONPERF,SITUATIONSTRESS,SITUATIONFATIGUE,HUMEURNEUTRE,HUMEURGAI,HUMEURMECONTENT,HUMEURTRISTE,HUMEURCOLERE,CONTRIBUTION1,CONTRIBUTION2,CONTRIBUTION3,CONTRIBUTION4,CONTRIBUTION5,CONTRIBUTION6,CONTRIBUTION7,CONTRIBUTION8,CONTRIBUTION9,ROLEINFRA,ELEMENTINFRA1,ELEMENTINFRA2,ELEMENTINFRA3,ELEMENTINFRA4,ELEMENTINFRA5,ELEMENTINFRA6,ELEMENTINFRA7,ELEMENTINFRA8,ELEMENTINFRA9,ALCOOL,TXALCOOL,STUP,SEMAINE,MOMENTJOURNEE,TEMPS,CAUSEACC1,CAUSEACC2,CAUSEACC3,CAUSEACC4,CAUSEACC5,FORMATIONCAUSE,FORMATION1,FORMATION2,FORMATION3,FORMATION4,FORMATION5,TRAFIC,CHAUSSEE1,CHAUSSEE2,CHAUSSEE3,CHAUSSEE4,TYPEACC,BLESSURE,TETE,COU,THORAX,MEMBRESSUP,COLONNE,BASSIN,MEMBRESINF,HOPITAL,PLUS24H,TRAJET,TYPEROUTE,MOTIF,SENSTRAJET,PASSAGER,VITESSE,DESCEQ1,DESCEQ2,DESCEQ3,DESCEQ4,DESCEQ5,DESCEQ6,DESCEQ7,DESCEQ8,DESCEQ9,DESCEQ10,VEHICULEETE,VEHICULEAUTOMNE,VEHICULEPRINTEMPS,VEHICULEHIVER,VEHICULESEMAINE,VEHICULEWE,VEHMARQUE,VEHCYLINDREE,VEHMODELE,VEHSEGMENT,VEHSIDE,EQ2RMABS,EQ2RMCBS,EQ2RMABSCBS,EQ2RMREGULATEUR,EQ2RMLIMITEUR,EQ2RMPHARESDIRECT,EQ2RMCOUPURE,EQ2RMANTIPATINAGE,EQ2RMANTIXHEELING,EQ2RMSTABILILTE,VEHKM,POINTS,DUREE,AUTRE2RM,VEHPRECMARQUE,VEHPRECCYLINDREE,VEHPRECMODELE,VEHPRECSEGMENT,VEHPRECSIDE,TEMPS2RMPREC,FREQVEHPREC,DATE_NAISS,CSP,SOCIETAIRE,SALARIE,SECTEUR2RM,NBPERSFOYER,SITFAM,NBENF,TRNBENF1,TRNBENF2,TRNBENF3,TRNBENF4,NBAUTOFOYER,NBCYCLOFOYER,NBSCOOTFOYER,NBMOTOFOYER,NBTRIKEFOYER,NB2RMCONDUIT,MARQUE1,CYLINDREE1,MODELE1,SEGMENT1,SIDE1,ANMISECIRCU1,ASS1,FREQ1,USAGE1,NBKM1,GARAGE1,MARQUE2,CYLINDREE2,MODELE2,SEGMENT2,SIDE2,ANMISECIRCU2,ASS2,FREQ2,USAGE2,NBKM2,GARAGE2,MARQUE3,CYLINDREE3,MODELE3,SEGMENT3,SIDE3,ANMISECIRCU3,ASS3,FREQ3,USAGE3,NBKM3,GARAGE3,MARQUE4,CYLINDREE4,MODELE4,SEGMENT4,SIDE4,ANMISECIRCU4,ASS4,FREQ4,USAGE4,NBKM4,GARAGE4,MARQUE5,CYLINDREE5,MODELE5,SEGMENT5,SIDE5,ANMISECIRCU5,ASS5,FREQ5,USAGE5,NBKM5,GARAGE5,NBKMTOT,PERMIS1,PERMIS2,PERMIS3,PERMIS4,PERMIS5,PERMIS6,PERMIS7,PERMIS8,PERMIS9,ANPERMIS1,ANPERMIS6,ANPERMIS7,ANPERMIS2,ANPERMIS3,ANPERMIS8,ANPERMIS9,ANPERMIS4,ANPERMIS5,,,
805,262,242,1,0,1,,,,,,0,2,,,,,,0,4,,,,,,0,3,,,,,,0,3,,,,,,0,3,,,,,,0,2,,,,,,0,4,,,,,,2,5,1994,2000,,,,0,3,,,,,,0,4,,,,,,0,2,,,,,,0,2,,,,,,1,3,1972,,,,,1,1,4,1991,,,,,Dourdan,,,,,Percuté un chevreuil de nuit dans les bois,,,,,0,0,4,2,32,1,66,14,1972,,1972,"Alors que vous étiez en train de rouler, un piéton a traversé devant vous.",6,,,,,,,"C'etait un soir d'hiver sous la pluie, Au croisement de l'avenue de la République et de la rue Oberkampf à Paris. Le feu était au vert pour moi mais au rouge en sens inverse. Un dame s'est engagée avec son parapluie au moment ou j'arrivai et je l'ai heurté avec mon cale-pied et je suis tombé. La dame à eu la jambe cassée","Pavés mouillés, freinage d'urgence, trajectoire impossible à modifier l'obstacle étant trop près",l'action à été si rapide que je n'ai eu autre choix que de freiner et je pense que la roue avant à du se bloquer simultanément avec le choc. La femme qui traversait n'a rien vu jusqu'à se que je la heurte,NRP,0,,,"parce que c'est une situation imprévisible comme se prendre un chevreuil, ce qui m'est arrivé en 1990 ou 91",2,1,2,,son parapluie lui cachait la vue,1,"le problème est souvent le même pour de nombreux accidents, le manque d'attention. On ne traverse pas une rue sans regarder",2,6,,,,,,,1,,,,2,,parce que c'était une situation inattendue,3,3,,,1,4,4,4,1,1,1,1,3,4,4,4,4,1,,,,,,,,,1,3,AUT|feux décalés,,,,,,,2,2,,2,1,2,2,0,60,0,20,20,2,,,,,,2,2,,,,2,0,,,,,,,,,,1,1,3,,0,50,1,10,2,3,4,,,,,,4,4,4,4,4,4,YAMAHA,125,YAS3,ROADSTER,2,1,1,1,1,1,1,1,1,1,1,NSP,12,4,1,MOTOBECANE,50,AV88 (BLEUE),ROADSTER,2,4,4,27MAY1952,5,2,,2,2,3,,NSP,,,,2,0,0,1,0,1,YAMAHA,1300,FJR,Routière / GT,,2011,29,1,2,15000,,,,,,,,,,,,,,,,,,,,,,,,,,,,,,,,,,,,,,,,,,,,,,15000,2,3,4,,,,,,,NRP,,,1970,1972,,,1970,NRP,,,
699,264,,1,0,5,,,,,,0,4,,,,,,0,5,,,,,,0,5,,,,,,0,5,,,,,,0,4,,,,,,0,4,,,,,,0,4,,,,,,1,2,NSP,,,,,0,6,,,,,,0,3,,,,,,0,2,,,,,,0,3,,,,,,0,3,,,,,,0,,1,,,,,,,,,,,,,,,,,,0,1,8,1,41,9,0,,,,,,,,,,,,,,,,,,,,,,,,,,,,,,,,,,,,,,,,,,,,,,,,,,,,,,,,,,,,,,,,,,,,,,,,,,,,,,,,,,,,,,,,,,,,,,,,,,,,,,,,,,,,,,,,,,,,,,,,,,,,,,,,,,,,,,,,,,,,,,,,,,,,,,,,,,,,,,09OCT1981,5,2,,2,2,3,,NSP,,,,2,0,0,1,0,1,TRIUMPH,675,STREET TRIPLE R,Roadster,,2011,20,2,2,5000,,,,,,,,,,,,,,,,,,,,,,,,,,,,,,,,,,,,,,,,,,,,,,5000,3,4,,,,,,,,NRP,,,NRP,2007,,,2003,NRP,,,
1330,265,,0,,,,,,,,,,,,,,,,,,,,,,,,,,,,,,,,,,,,,,,,,,,,,,,,,,,,,,,,,,,,,,,,,,,,,,,,,,,,,,,,,,,,,,,,,,,,,,,,,,,,,,,,,,,,,,,,,,,,,,,,,,,,,,,,,,,,,,,,,,,,,,,,,,,,,,,,,,,,,,,,,,,,,,,,,,,,,,,,,,,,,,,,,,,,,,,,,,,,,,,,,,,,,,,,,,,,,,,,,,,,,,,,,,,,,,,,,,,,,,,,,,,,,,,,,,,,,,,,,,,,,,,,,,,,,,,,,,,,,,,,,,,24MAR1957,5,1,,2,2,3,,NSP,,,,2,1,0,2,0,2,SUZUKI,1400,GSX,Roadster,,2003,37,1,2,35000,,HONDA,750,VF-C,Custom,,1987,37,3,1,15000,,,,,,,,,,,,,,,,,,,,,,,,,,,,,,,,,,,50000,2,3,4,,,,,,,NRP,,,1977,2003,,,1977,NRP,,,
584,272,,1,0,3,,,,,,0,3,,,,,,0,3,,,,,,0,3,,,,,,2,4,1996,2007,,,,0,3,,,,,,0,3,,,,,,0,3,,,,,,0,3,,,,,,0,3,,,,,,0,3,,,,,,1,3,2007,,,,,0,3,,,,,,3,4,1996,2002,2007,,,0,,6,,,,,,,,,,,,,,,,,,4,0,47,1,56,12,2007,,,,,,,,,,,,,,,,,,,,,,,,,,,,,,,,,,,,,,,,,,,,,,,,,,,,,,,,,,,,,,,,,,,,,,,,,,,,,,,,,,,,,,,,,,,,,,,,,,,,,,,,,,,,,,,,,,,,,,,,,,,,,,,,,,,,,,,,,,,,,,,,,,,,,,,,,,,,,,16SEP1950,9,2,,2,3,4,1,3,,,,1,3,1,2,0,3,PIAGGIO,200,COSA,Scooter,,1993,28,2,1,1500,,BMW,1000,R100R,Roadster,,1992,28,2,1,4000,,MOTO GUZZI,1000,CALIFORNIA II,Routière / GT,,1985,28,3,1,1000,,,,,,,,,,,,,,,,,,,,,,,,6500,3,4,,,,,,,,NRP,,,NRP,1968,,,1968,NRP,,,
1278,277,,1,1,3,2014,,,,,0,6,,,,,,0,6,,,,,,0,3,,,,,,0,3,,,,,,0,4,,,,,,0,2,,,,,,0,2,,,,,,0,2,,,,,,0,5,,,,,,0,5,,,,,,0,4,,,,,,0,4,,,,,,0,4,,,,,,0,,1,,,,,,,,,,,,,,,,,,0,1,9,1,1,1,2014,,,,,,,,,,,,,,,,,,,,,,,,,,,,,,,,,,,,,,,,,,,,,,,,,,,,,,,,,,,,,,,,,,,,,,,,,,,,,,,,,,,,,,,,,,,,,,,,,,,,,,,,,,,,,,,,,,,,,,,,,,,,,,,,,,,,,,,,,,,,,,,,,,,,,,,,,,,,,,11AUG1974,5,2,,2,5,4,3,1,,,,1,0,0,1,0,1,HONDA,600,CB-F S,Roadster,,2006,31,1,2,11680,,,,,,,,,,,,,,,,,,,,,,,,,,,,,,,,,,,,,,,,,,,,,,11680,3,4,,,,,,,,NRP,,,NRP,2006,,,1993,NRP,,,
1388,331,,1,0,6,,,,,,0,5,,,,,,0,5,,,,,,0,4,,,,,,0,5,,,,,,0,2,,,,,,1,4,2012,,,,,0,6,,,,,,0,5,,,,,,1,6,2010,,,,,0,6,,,,,,0,3,,,,,,1,6,2011,,,,,1,6,2010,,,,,0,,4,,,,,,,,,,,,,,,,,,0,1,6,0,,NRP,,,,,,,,,,,,,,,,,,,,,,,,,,,,,,,,,,,,,,,,,,,,,,,,,,,,,,,,,,,,,,,,,,,,,,,,,,,,,,,,,,,,,,,,,,,,,,,,,,,,,,,,,,,,,,,,,,,,,,,,,,,,,,,,,,,,,,,,,,,,,,,,,,,,,,,,,,,,,,,10JUL1979,5,2,,2,1,1,,NSP,,,,0,0,1,1,0,2,SUZUKI,650,GSX-F,Routière / GT,,2008,20,1,2,25000,,PEUGEOT,125,SATELIS,Scooter,,2007,20,3,1,700,,,,,,,,,,,,,,,,,,,,,,,,,,,,,,,,,,,25700,3,4,,,,,,,,NRP,,,NRP,2009,,,1997,NRP,,,
1696,375,,0,,,,,,,,,,,,,,,,,,,,,,,,,,,,,,,,,,,,,,,,,,,,,,,,,,,,,,,,,,,,,,,,,,,,,,,,,,,,,,,,,,,,,,,,,,,,,,,,,,,,,,,,,,,,,,,,,,,,,,,,,,,,,,,,,,,,,,,,,,,,,,,,,,,,,,,,,,,,,,,,,,,,,,,,,,,,,,,,,,,,,,,,,,,,,,,,,,,,,,,,,,,,,,,,,,,,,,,,,,,,,,,,,,,,,,,,,,,,,,,,,,,,,,,,,,,,,,,,,,,,,,,,,,,,,,,,,,,,,,,,,,,01DEC1961,4,2,,2,4,4,2,1,,,,1,0,1,1,0,2,BMW,1200,R1200R,Roadster,,2008,24,2,2,15000,,BMW,200,C1,Scooter,,2002,24,2,3,8000,,,,,,,,,,,,,,,,,,,,,,,,,,,,,,,,,,,23000,2,3,4,,,,,,,NRP,,,1978,1980,,,1980,NRP,,,
217,383,,0,,,,,,,,,,,,,,,,,,,,,,,,,,,,,,,,,,,,,,,,,,,,,,,,,,,,,,,,,,,,,,,,,,,,,,,,,,,,,,,,,,,,,,,,,,,,,,,,,,,,,,,,,,,,,,,,,,,,,,,,,,,,,,,,,,,,,,,,,,,,,,,,,,,,,,,,,,,,,,,,,,,,,,,,,,,,,,,,,,,,,,,,,,,,,,,,,,,,,,,,,,,,,,,,,,,,,,,,,,,,,,,,,,,,,,,,,,,,,,,,,,,,,,,,,,,,,,,,,,,,,,,,,,,,,,,,,,,,,,,,,,,08DEC1955,5,1,,2,2,3,,NSP,,,,2,1,0,1,0,2,DUCATI,1200,MULTISTRADA,Roadster,,2010,37,2,1,3000,,GINOMOTO,50,CASPER,Scooter,,2011,10,1,3,4000,,,,,,,,,,,,,,,,,,,,,,,,,,,,,,,,,,,7000,2,3,4,,,,,,,NRP,,,1974,2009,,,1974,NRP,,,
1681,451,,0,,,,,,,,,,,,,,,,,,,,,,,,,,,,,,,,,,,,,,,,,,,,,,,,,,,,,,,,,,,,,,,,,,,,,,,,,,,,,,,,,,,,,,,,,,,,,,,,,,,,,,,,,,,,,,,,,,,,,,,,,,,,,,,,,,,,,,,,,,,,,,,,,,,,,,,,,,,,,,,,,,,,,,,,,,,,,,,,,,,,,,,,,,,,,,,,,,,,,,,,,,,,,,,,,,,,,,,,,,,,,,,,,,,,,,,,,,,,,,,,,,,,,,,,,,,,,,,,,,,,,,,,,,,,,,,,,,,,,,,,,,,02MAR1971,7,2,,2,3,4,1,4,,,,3,1,0,1,0,3,SUZUKI,1250,BANDIT-S,Roadster,,2008,22,3,1,8000,,PEUGEOT,50,V CLIC,Scooter,,2008,23,4,1,1000,,SOLEX (IMPEX),50,SOLEX,Roadster,,1962,23,4,1,500,,,,,,,,,,,,,,,,,,,,,,,,9500,2,3,4,,,,,,,NRP,,,1988,1996,,,1989,NRP,,,
1195,463,,1,0,6,,,,,,0,6,,,,,,0,5,,,,,,0,3,,,,,,0,5,,,,,,0,4,,,,,,0,3,,,,,,0,4,,,,,,1,5,1975,,,,,0,3,,,,,,0,4,,,,,,0,4,,,,,,0,3,,,,,,0,3,,,,,,0,,1,,,,,,,,,,,,,,,,,,40,40,40,1,41,9,1975,,,,,,,,,,,,,,,,,,,,,,,,,,,,,,,,,,,,,,,,,,,,,,,,,,,,,,,,,,,,,,,,,,,,,,,,,,,,,,,,,,,,,,,,,,,,,,,,,,,,,,,,,,,,,,,,,,,,,,,,,,,,,,,,,,,,,,,,,,,,,,,,,,,,,,,,,,,,,,21MAY1955,4,1,,1,2,3,,NSP,,,,1,0,1,2,0,3,YAMAHA,900,XJS DIVERSION,Routière / GT,,2001,37,1,2,20000,,MOTO GUZZI,1100,V11 LE MANS,Routière / GT,,2003,41,2,1,20000,,PEUGEOT,80,SV 80,Scooter,,1995,40,1,1,5000,,,,,,,,,,,,,,,,,,,,,,,,45000,3,4,,,,,,,,NRP,,,NRP,1977,,,1973,NRP,,,
1479,466,,1,0,4,,,,,,0,4,,,,,,0,4,,,,,,0,3,,,,,,0,4,,,,,,0,3,,,,,,0,2,,,,,,0,4,,,,,,1,5,2001,,,,,0,2,,,,,,0,4,,,,,,0,2,,,,,,0,4,,,,,,0,3,,,,,,0,,1,,,,,,,,,,,,,,,,,,5,0,9,1,41,9,2001,,,,,,,,,,,,,,,,,,,,,,,,,,,,,,,,,,,,,,,,,,,,,,,,,,,,,,,,,,,,,,,,,,,,,,,,,,,,,,,,,,,,,,,,,,,,,,,,,,,,,,,,,,,,,,,,,,,,,,,,,,,,,,,,,,,,,,,,,,,,,,,,,,,,,,,,,,,,,,19MAR1987,7,1,,2,2,3,,NSP,,,,2,0,0,4,0,2,KAWASAKI,500,Z500,Roadster,,1980,37,2,1,6000,,KAWASAKI,900,GPZ-R NINJA,Routière / GT,,1984,37,2,1,8000,,,,,,,,,,,,,,,,,,,,,,,,,,,,,,,,,,,14000,3,4,,,,,,,,NRP,,,NRP,2005,,,2005,NRP,,,
1846,482,,1,0,2,,,,,,0,3,,,,,,0,5,,,,,,2,4,1986,1990,,,,2,5,1986,1990,,,,0,4,,,,,,0,3,,,,,,0,2,,,,,,0,5,,,,,,0,4,,,,,,0,5,,,,,,0,2,,,,,,0,6,,,,,,0,4,,,,,,0,,4,,,,,,,,,,,,,,,,,,2,3,30,1,22,5,1990,,,,,,,,,,,,,,,,,,,,,,,,,,,,,,,,,,,,,,,,,,,,,,,,,,,,,,,,,,,,,,,,,,,,,,,,,,,,,,,,,,,,,,,,,,,,,,,,,,,,,,,,,,,,,,,,,,,,,,,,,,,,,,,,,,,,,,,,,,,,,,,,,,,,,,,,,,,,,,24SEP1958,5,2,,2,3,4,1,4,,,,3,0,0,1,0,1,YAMAHA,900,XJS DIVERSION,Routière / GT,,1998,9,2,2,5000,,,,,,,,,,,,,,,,,,,,,,,,,,,,,,,,,,,,,,,,,,,,,,5000,4,3,,,,,,,,NRP,,,NRP,1985,,,1978,NRP,,,
295,486,,1,0,4,,,,,,0,6,,,,,,0,5,,,,,,0,4,,,,,,1,6,2014,,,,,0,5,,,,,,0,4,,,,,,0,6,,,,,,1,6,2012,,,,,0,5,,,,,,0,5,,,,,,0,3,,,,,,1,4,2011,,,,,0,2,,,,,,0,,3,,,,,,,,,,,,,,,,,,4,1,3,1,21,5,2014,,,,,,,,,,,,,,,,,,,,,,,,,,,,,,,,,,,,,,,,,,,,,,,,,,,,,,,,,,,,,,,,,,,,,,,,,,,,,,,,,,,,,,,,,,,,,,,,,,,,,,,,,,,,,,,,,,,,,,,,,,,,,,,,,,,,,,,,,,,,,,,,,,,,,,,,,,,,,,22SEP1985,7,2,,2,2,3,,NSP,,,,1,0,0,1,0,1,HONDA,650,TRANSALP,Trail / Supermotard,,2003,10,1,2,20000,,,,,,,,,,,,,,,,,,,,,,,,,,,,,,,,,,,,,,,,,,,,,,20000,3,4,,,,,,,,NRP,,,NRP,2003,,,2011,NRP,,,
684,488,,0,,,,,,,,,,,,,,,,,,,,,,,,,,,,,,,,,,,,,,,,,,,,,,,,,,,,,,,,,,,,,,,,,,,,,,,,,,,,,,,,,,,,,,,,,,,,,,,,,,,,,,,,,,,,,,,,,,,,,,,,,,,,,,,,,,,,,,,,,,,,,,,,,,,,,,,,,,,,,,,,,,,,,,,,,,,,,,,,,,,,,,,,,,,,,,,,,,,,,,,,,,,,,,,,,,,,,,,,,,,,,,,,,,,,,,,,,,,,,,,,,,,,,,,,,,,,,,,,,,,,,,,,,,,,,,,,,,,,,,,,,,,14JUN1985,5,2,,2,1,1,,NSP,,,,1,0,1,0,0,1,SUZUKI,125,BURGMAN,Scooter,,2011,25,1,2,8000,,,,,,,,,,,,,,,,,,,,,,,,,,,,,,,,,,,,,,,,,,,,,,8000,1,4,5,,,,,,,1999,,,NRP,NRP,,,2003,2011,,,
204,567,,1,0,6,,,,,,0,5,,,,,,0,6,,,,,,0,5,,,,,,0,6,,,,,,0,5,,,,,,0,3,,,,,,1,5,2003,,,,,0,4,,,,,,0,4,,,,,,0,5,,,,,,0,3,,,,,,0,3,,,,,,0,3,,,,,,0,,1,,,,,,,,,,,,,,,,,,0,0,17,1,36,8,2003,,,,,,,,,,,,,,,,,,,,,,,,,,,,,,,,,,,,,,,,,,,,,,,,,,,,,,,,,,,,,,,,,,,,,,,,,,,,,,,,,,,,,,,,,,,,,,,,,,,,,,,,,,,,,,,,,,,,,,,,,,,,,,,,,,,,,,,,,,,,,,,,,,,,,,,,,,,,,,09JUL1974,7,1,,2,5,4,3,1,,,,3,0,0,2,1,3,CAN-AM BRP,1000,TRIKE SPYDER RT,Side-car / Trike,,2011,37,2,1,6000,,SUZUKI,1100,GSX-R,Sportive,,1989,2,4,1,1000,,HONDA,1000,CBR1000F,Routière / GT,,1987,2,4,1,1000,,,,,,,,,,,,,,,,,,,,,,,,8000,3,4,,,,,,,,NRP,,,NRP,1997,,,1992,NRP,,,
252,569,,1,1,5,2010,,,,,0,6,,,,,,0,6,,,,,,0,3,,,,,,0,6,,,,,,0,5,,,,,,0,4,,,,,,0,5,,,,,,0,4,,,,,,0,3,,,,,,0,5,,,,,,0,2,,,,,,0,3,,,,,,0,5,,,,,,1,2,3,2008,NSP,,,,Andrézieux bout,En auvergne,,,,Percuté par l'arrière à l'entrée d'un rond point. L'automobiliste n'a pas freiné à temps car j'avais freiné assez tard,"sur un freinage sur une route boueuse pour eviter un animal, j'ai bloqué la roue avant de la moto à faible allure et ai couché la moto sur le flanc",,,,0,0,7,0,0,1,1,1,2010,,,,,,,,,,,,,,,,,,,,,,,,,,,,,,,,,,,,,,,,,,,,,,,,,,,,,,,,,,,,,,,,,,,,,,,,,,,,,,,,,,,,,,,,,,,,,,,,,,,,,,,,,,,,,,,,,,,,,,,,,,,,,,,,,,,,,,,,,,,,,,,,,,,,,,,,,,,,,,25JAN1980,12,1,,2,2,3,,NSP,,,,2,0,0,1,0,1,HONDA,750,VFR-F,Routière / GT,,1992,37,1,2,15000,,,,,,,,,,,,,,,,,,,,,,,,,,,,,,,,,,,,,,,,,,,,,,15000,4,3,,,,,,,,NRP,,,NRP,2006,,,1998,NRP,,,
529,592,,0,,,,,,,,,,,,,,,,,,,,,,,,,,,,,,,,,,,,,,,,,,,,,,,,,,,,,,,,,,,,,,,,,,,,,,,,,,,,,,,,,,,,,,,,,,,,,,,,,,,,,,,,,,,,,,,,,,,,,,,,,,,,,,,,,,,,,,,,,,,,,,,,,,,,,,,,,,,,,,,,,,,,,,,,,,,,,,,,,,,,,,,,,,,,,,,,,,,,,,,,,,,,,,,,,,,,,,,,,,,,,,,,,,,,,,,,,,,,,,,,,,,,,,,,,,,,,,,,,,,,,,,,,,,,,,,,,,,,,,,,,,,10NOV1946,9,1,,2,2,3,,NSP,,,,2,0,0,1,0,1,BMW,1200,R1200GS,Trail / Supermotard,,2008,37,2,1,15000,,,,,,,,,,,,,,,,,,,,,,,,,,,,,,,,,,,,,,,,,,,,,,15000,4,3,,,,,,,,NRP,,,NRP,1969,,,1968,NRP,,,
1567,661,,1,0,6,,,,,,0,3,,,,,,0,5,,,,,,0,5,,,,,,0,5,,,,,,0,4,,,,,,0,2,,,,,,0,4,,,,,,1,4,2012,,,,,0,2,,,,,,0,2,,,,,,0,3,,,,,,0,2,,,,,,0,3,,,,,,0,,1,,,,,,,,,,,,,,,,,,2,2,14,1,41,9,2012,,,,,,,,,,,,,,,,,,,,,,,,,,,,,,,,,,,,,,,,,,,,,,,,,,,,,,,,,,,,,,,,,,,,,,,,,,,,,,,,,,,,,,,,,,,,,,,,,,,,,,,,,,,,,,,,,,,,,,,,,,,,,,,,,,,,,,,,,,,,,,,,,,,,,,,,,,,,,,30APR1983,5,1,,2,1,1,,NSP,,,,1,3,0,3,0,3,HONDA,600,CBR-RR IE,Sportive,,2007,37,3,1,12000,,HONDA,1300,CB-F,Roadster,,2005,37,3,1,5000,,PEUGEOT,125,BASIQUE SERIE 54,Roadster,,1960,37,4,1,100,,,,,,,,,,,,,,,,,,,,,,,,17100,1,2,3,4,,,,,,1997,,,1999,2001,,,2001,NRP,,,
1128,710,,1,0,5,,,,,,0,5,,,,,,0,6,,,,,,0,1,,,,,,0,4,,,,,,0,4,,,,,,0,1,,,,,,0,2,,,,,,0,1,,,,,,0,5,,,,,,0,6,,,,,,0,2,,,,,,0,5,,,,,,0,5,,,,,,1,1,1,2011,,,,,Paris,,,,,Je me suis fait percuter par l'arrière alors que j'étais arrêté à un feu.,,,,,0,0,0,0,7,1,71,15,2011,Paris,,,,,,,,,,,,,,,,,,,,,,,,,,,,,,,,,,,,,,,,,,,,,,,,,,,,,,,,,,,,,,,,,,,,,,,,,,,,,,,,,,,,,,,,,,,,,,,,,,,,,,,,,,,,,,,,,,,,,,,,,,,,,,,,,,,,,,,,,,,,,,,,,,,,,,,,,,,,,29SEP1980,5,2,,2,1,1,,NSP,,,,1,0,0,1,0,1,YAMAHA,600,FZ6-N,Roadster,,2006,18,1,2,10000,,,,,,,,,,,,,,,,,,,,,,,,,,,,,,,,,,,,,,,,,,,,,,10000,3,4,,,,,,,,NRP,,,NRP,2006,,,1998,NRP,,,
1863,712,,1,0,5,,,,,,1,5,2011,,,,,0,5,,,,,,0,4,,,,,,0,4,,,,,,0,4,,,,,,0,2,,,,,,0,2,,,,,,0,3,,,,,,1,6,2008,,,,,0,6,,,,,,0,3,,,,,,0,3,,,,,,0,2,,,,,,0,,2,,,,,,,,,,,,,,,,,,6,5,10,1,46,10,2008,,,,,,,,,,,,,,,,,,,,,,,,,,,,,,,,,,,,,,,,,,,,,,,,,,,,,,,,,,,,,,,,,,,,,,,,,,,,,,,,,,,,,,,,,,,,,,,,,,,,,,,,,,,,,,,,,,,,,,,,,,,,,,,,,,,,,,,,,,,,,,,,,,,,,,,,,,,,,,01JAN1972,6,1,,2,4,4,2,1,,,,2,0,0,2,0,2,HONDA,1300,CB-F,Roadster,,2003,37,2,2,10000,,HONDA,900,CBR-RR FIREBLADE,Sportive,,2000,41,4,1,500,,,,,,,,,,,,,,,,,,,,,,,,,,,,,,,,,,,10500,3,4,,,,,,,,NRP,,,NRP,2007,,,1990,NRP,,,
712,717,,1,0,4,,,,,,0,4,,,,,,0,3,,,,,,0,1,,,,,,0,4,,,,,,0,4,,,,,,0,3,,,,,,0,3,,,,,,1,1,2000,,,,,0,4,,,,,,2,6,2010,2012,,,,0,1,,,,,,0,1,,,,,,0,2,,,,,,0,,3,,,,,,,,,,,,,,,,,,2,3,6,0,,NRP,,,,,,,,,,,,,,,,,,,,,,,,,,,,,,,,,,,,,,,,,,,,,,,,,,,,,,,,,,,,,,,,,,,,,,,,,,,,,,,,,,,,,,,,,,,,,,,,,,,,,,,,,,,,,,,,,,,,,,,,,,,,,,,,,,,,,,,,,,,,,,,,,,,,,,,,,,,,,,,25AUG1984,5,2,,2,4,4,2,1,,,,1,0,0,2,0,1,YAMAHA,600,FZ6-S FAZER,Roadster,,2004,29,1,2,12,,,,,,,,,,,,,,,,,,,,,,,,,,,,,,,,,,,,,,,,,,,,,,12,3,4,,,,,,,,NRP,,,NRP,2007,,,2003,NRP,,,
1346,731,,1,0,6,,,,,,0,5,,,,,,0,5,,,,,,0,5,,,,,,0,6,,,,,,0,4,,,,,,0,4,,,,,,0,6,,,,,,0,5,,,,,,1,5,NSP,,,,,0,5,,,,,,0,3,,,,,,0,6,,,,,,0,5,,,,,,1,1,2,2014,,,,,Paris,,,,,Une voiture m'a percuté par l'arrière sur une avenue.,,,,,0,0,0,4,10,1,46,10,0,,,,,,,,,,,,,,,,,,,,,,,,,,,,,,,,,,,,,,,,,,,,,,,,,,,,,,,,,,,,,,,,,,,,,,,,,,,,,,,,,,,,,,,,,,,,,,,,,,,,,,,,,,,,,,,,,,,,,,,,,,,,,,,,,,,,,,,,,,,,,,,,,,,,,,,,,,,,,,08MAY1975,3,2,,2,2,3,,NSP,,,,0,2,0,2,0,2,SUZUKI,650,BANDIT-S,Roadster,,2008,29,2,3,12000,,DAELIM,125,DAYSTAR,Custom,,2001,29,4,1,1000,,,,,,,,,,,,,,,,,,,,,,,,,,,,,,,,,,,13000,3,4,,,,,,,,NRP,,,NRP,2007,,,2000,NRP,,,
829,754,,0,,,,,,,,,,,,,,,,,,,,,,,,,,,,,,,,,,,,,,,,,,,,,,,,,,,,,,,,,,,,,,,,,,,,,,,,,,,,,,,,,,,,,,,,,,,,,,,,,,,,,,,,,,,,,,,,,,,,,,,,,,,,,,,,,,,,,,,,,,,,,,,,,,,,,,,,,,,,,,,,,,,,,,,,,,,,,,,,,,,,,,,,,,,,,,,,,,,,,,,,,,,,,,,,,,,,,,,,,,,,,,,,,,,,,,,,,,,,,,,,,,,,,,,,,,,,,,,,,,,,,,,,,,,,,,,,,,,,,,,,,,,12OCT1978,5,2,,2,3,4,1,1,,,,1,1,1,0,0,1,PIAGGIO,300,BEVERLY IE,Scooter,,2010,31,2,1,4000,,,,,,,,,,,,,,,,,,,,,,,,,,,,,,,,,,,,,,,,,,,,,,4000,3,4,,,,,,,,NRP,,,NRP,2010,,,1997,NRP,,,