Ligne,Ligne Q qualif,Ligne approfondissement Accident,ACCIDENT,NBACC1,ACCFREQUENCE1,ANNEEACC1_1,ANNEEACC1_2,ANNEEACC1_3,ANNEEACC1_4,ANNEEACC1_5,NBACC2,ACCFREQUENCE2,ANNEEACC2_1,ANNEEACC2_2,ANNEEACC2_3,ANNEEACC2_4,ANNEEACC2_5,NBACC3,ACCFREQUENCE3,ANNEEACC3_1,ANNEEACC3_2,ANNEEACC3_3,ANNEEACC3_4,ANNEEACC3_5,NBACC4,ACCFREQUENCE4,ANNEEACC4_1,ANNEEACC4_2,ANNEEACC4_3,ANNEEACC4_4,ANNEEACC4_5,NBACC5,ACCFREQUENCE5,ANNEEACC5_1,ANNEEACC5_2,ANNEEACC5_3,ANNEEACC5_4,ANNEEACC5_5,NBACC6,ACCFREQUENCE6,ANNEEACC6_1,ANNEEACC6_2,ANNEEACC6_3,ANNEEACC6_4,ANNEEACC6_5,NBACC7,ACCFREQUENCE7,ANNEEACC7_1,ANNEEACC7_2,ANNEEACC7_3,ANNEEACC7_4,ANNEEACC7_5,NBACC8,ACCFREQUENCE8,ANNEEACC8_1,ANNEEACC8_2,ANNEEACC8_3,ANNEEACC8_4,ANNEEACC8_5,NBACC9,ACCFREQUENCE9,ANNEEACC9_1,ANNEEACC9_2,ANNEEACC9_3,ANNEEACC9_4,ANNEEACC9_5,NBACC10,ACCFREQUENCE10,ANNEEACC10_1,ANNEEACC10_2,ANNEEACC10_3,ANNEEACC10_4,ANNEEACC10_5,NBACC11,ACCFREQUENCE11,ANNEEACC11_1,ANNEEACC11_2,ANNEEACC11_3,ANNEEACC11_4,ANNEEACC11_5,NBACC12,ACCFREQUENCE12,ANNEEACC12_1,ANNEEACC12_2,ANNEEACC12_3,ANNEEACC12_4,ANNEEACC12_5,NBACC13,ACCFREQUENCE13,ANNEEACC13_1,ANNEEACC13_2,ANNEEACC13_3,ANNEEACC13_4,ANNEEACC13_5,NBACC14,ACCFREQUENCE14,ANNEEACC14_1,ANNEEACC14_2,ANNEEACC14_3,ANNEEACC14_4,ANNEEACC14_5,AUTRESACC,NBAUTRESACC,TOTAL_AC,ANNEEAUTREACC1,ANNEEAUTREACC2,ANNEEAUTREACC3,ANNEEAUTREACC4,ANNEEAUTREACC5,LIEUAUTREACC1,LIEUAUTREACC2,LIEUAUTREACC3,LIEUAUTREACC4,LIEUAUTREACC5,DESCRIPTIONAUTRESACC1,DESCRIPTIONAUTRESACC2,DESCRIPTIONAUTRESACC3,DESCRIPTIONAUTRESACC4,DESCRIPTIONAUTRESACC5,NBAUTRESACCCIRCUIT,NBAUTRESTOUTTERRAIN,EXPCYCLO,EXP125,EXPSUP125,ACCORDNEXTQ,CHOIXACC,RGPMTACC,RECUPANNEE,RECUPLIEU,RECUPANNE,RGPMTAC,CHOIX1,CHOIX2,CHOIX3,CHOIX4,CHOIX5,CHOIX6,CHOIX7,DESCRIPTION,RUPTURE,FAITS,ABS_REACTION,AUTRE_REACTION,PRECISIONREACTIONOUI,RECUL,PRECISIONREACTIONNON,IMPACTCOMPORTEMENT,AUTREUSAGER,REACTIONAUTREUSAGER,CONNAISSANCEREACTIONUSAGER,DIFFICULTES,AGGRAVATION,DIFFICULTES2,EMOTIONS1,EMOTIONS2,EMOTIONS3,EMOTIONS4,EMOTIONS5,EMOTIONS6,AUTRESENTIMENT,CLASSEMENTEMOTIONS1,CLASSEMENTEMOTIONS,CLASSEMENTEMOTIONS5,CLASSEMENTEMOTIONS6,CLASSEMENTEMOTIONS7,CLASSEMENTEMOTIONS8,CLASSEMENTEMOTIONS9,EXPLICATIONRESSENTI,BIENEQUIPE,ALLURE,ALLUREVITEDETAIL,ALLURELENTEDETAIL,SITUATIONPRESSE,SITUATIONDISTRAIT,SITUATIONCONFIANT,SITUATIONCONTROLE,SITUATIONLUDIQUE,SITUATIONPERF,SITUATIONSTRESS,SITUATIONFATIGUE,HUMEURNEUTRE,HUMEURGAI,HUMEURMECONTENT,HUMEURTRISTE,HUMEURCOLERE,CONTRIBUTION1,CONTRIBUTION2,CONTRIBUTION3,CONTRIBUTION4,CONTRIBUTION5,CONTRIBUTION6,CONTRIBUTION7,CONTRIBUTION8,CONTRIBUTION9,ROLEINFRA,ELEMENTINFRA1,ELEMENTINFRA2,ELEMENTINFRA3,ELEMENTINFRA4,ELEMENTINFRA5,ELEMENTINFRA6,ELEMENTINFRA7,ELEMENTINFRA8,ELEMENTINFRA9,ALCOOL,TXALCOOL,STUP,SEMAINE,MOMENTJOURNEE,TEMPS,CAUSEACC1,CAUSEACC2,CAUSEACC3,CAUSEACC4,CAUSEACC5,FORMATIONCAUSE,FORMATION1,FORMATION2,FORMATION3,FORMATION4,FORMATION5,TRAFIC,CHAUSSEE1,CHAUSSEE2,CHAUSSEE3,CHAUSSEE4,TYPEACC,BLESSURE,TETE,COU,THORAX,MEMBRESSUP,COLONNE,BASSIN,MEMBRESINF,HOPITAL,PLUS24H,TRAJET,TYPEROUTE,MOTIF,SENSTRAJET,PASSAGER,VITESSE,DESCEQ1,DESCEQ2,DESCEQ3,DESCEQ4,DESCEQ5,DESCEQ6,DESCEQ7,DESCEQ8,DESCEQ9,DESCEQ10,VEHICULEETE,VEHICULEAUTOMNE,VEHICULEPRINTEMPS,VEHICULEHIVER,VEHICULESEMAINE,VEHICULEWE,VEHMARQUE,VEHCYLINDREE,VEHMODELE,VEHSEGMENT,VEHSIDE,EQ2RMABS,EQ2RMCBS,EQ2RMABSCBS,EQ2RMREGULATEUR,EQ2RMLIMITEUR,EQ2RMPHARESDIRECT,EQ2RMCOUPURE,EQ2RMANTIPATINAGE,EQ2RMANTIXHEELING,EQ2RMSTABILILTE,VEHKM,POINTS,DUREE,AUTRE2RM,VEHPRECMARQUE,VEHPRECCYLINDREE,VEHPRECMODELE,VEHPRECSEGMENT,VEHPRECSIDE,TEMPS2RMPREC,FREQVEHPREC,DATE_NAISS,CSP,SOCIETAIRE,SALARIE,SECTEUR2RM,NBPERSFOYER,SITFAM,NBENF,TRNBENF1,TRNBENF2,TRNBENF3,TRNBENF4,NBAUTOFOYER,NBCYCLOFOYER,NBSCOOTFOYER,NBMOTOFOYER,NBTRIKEFOYER,NB2RMCONDUIT,MARQUE1,CYLINDREE1,MODELE1,SEGMENT1,SIDE1,ANMISECIRCU1,ASS1,FREQ1,USAGE1,NBKM1,GARAGE1,MARQUE2,CYLINDREE2,MODELE2,SEGMENT2,SIDE2,ANMISECIRCU2,ASS2,FREQ2,USAGE2,NBKM2,GARAGE2,MARQUE3,CYLINDREE3,MODELE3,SEGMENT3,SIDE3,ANMISECIRCU3,ASS3,FREQ3,USAGE3,NBKM3,GARAGE3,MARQUE4,CYLINDREE4,MODELE4,SEGMENT4,SIDE4,ANMISECIRCU4,ASS4,FREQ4,USAGE4,NBKM4,GARAGE4,MARQUE5,CYLINDREE5,MODELE5,SEGMENT5,SIDE5,ANMISECIRCU5,ASS5,FREQ5,USAGE5,NBKM5,GARAGE5,NBKMTOT,PERMIS1,PERMIS2,PERMIS3,PERMIS4,PERMIS5,PERMIS6,PERMIS7,PERMIS8,PERMIS9,ANPERMIS1,ANPERMIS6,ANPERMIS7,ANPERMIS2,ANPERMIS3,ANPERMIS8,ANPERMIS9,ANPERMIS4,ANPERMIS5,,,
460,1981,299,1,0,4,,,,,,0,5,,,,,,0,5,,,,,,0,3,,,,,,0,5,,,,,,0,4,,,,,,0,3,,,,,,0,5,,,,,,0,3,,,,,,0,4,,,,,,0,5,,,,,,0,2,,,,,,0,3,,,,,,0,3,,,,,,1,1,1,1990,,,,,Paris,,,,,3 files de circulations. Passage au vert du feu le véhicule sur la file la plus à droite change d'avis et coupe les deux files de gauche. je freine (pluie et pavés) et je fini par terre la moto encastrée sous la voiture.,,,,,0,0,3,0,27,1,71,15,1990,Paris,1990,Autre(s) type(s) d'accident(s).,5,,,,,,,Un automobiliste a décidé au dernier moment de changer de direction et a coupé 2 files de circulation sur une zone pavée par temps de pluie. Je n'ai pu éviter la chute et la moto c'est encastrée après avoir glissée juste derrière la roue avant. J'ai fini juste devant les roues de la voiture. Le conducteur de la voiture a été déclaré responsable à 100% mais son assurance a tenté de me faire signer un document ou je reconnaissais les torts.,Brusque changement de direction sans vérification de la présence d'un autre véhicule et secteur pavé.,Freinage d'urgence (sans ABS) perte de la roue avant et moto qui se couche. Aucune réaction de l'autre usager. Freinage de l'autre usager une fois la moto encastrée dans sa voiture.,NRP,0,,,Temps pour réagir trop court. L'autre usager a changé de direction sous mon nez.,2,1,2,,pas attentif aux autres,1,s'il avait regardé avant de tourner il ne l'aurait pas fait.,6,,,,,,,,,,,,1,,impossible de faire mieux sur des pavés mouillés en étant surpris au dernier moment.,2,3,,,1,1,2,4,1,1,1,1,4,3,4,4,4,10,,,,,,,,,1,3,,,,,,,,2,2,,2,1,3,2,0,80,0,10,10,2,,,,,,2,2,,,,1,,,,,,,,,,,2,1,3,,0,60,1,2,5,,,,,,,,4,4,4,4,4,4,HONDA,750,VF-S (SABRE),ROADSTER,2,1,1,1,1,1,1,1,1,1,1,45000,12,3,1,HONDA,500,CX,ROADSTER,2,3,4,28JAN1965,5,2,,2,5,4,3,1,2,4,,2,0,0,1,0,1,BMW,1600,K1600GT,Routière / GT,2,2012,3,1,2,10000,7,,,,,,,,,,,,,,,,,,,,,,,,,,,,,,,,,,,,,,,,,,,,,10000,3,4,,,,,,,,NRP,,,NRP,1986,,,1984,NRP,,,
2070,1995,,0,,,,,,,,,,,,,,,,,,,,,,,,,,,,,,,,,,,,,,,,,,,,,,,,,,,,,,,,,,,,,,,,,,,,,,,,,,,,,,,,,,,,,,,,,,,,,,,,,,,,,,,,,,,,,,,,,,,,,,,,,,,,,,,,,,,,,,,,,,,,,,,,,,,,,,,,,,,,,,,,,,,,,,,,,,,,,,,,,,,,,,,,,,,,,,,,,,,,,,,,,,,,,,,,,,,,,,,,,,,,,,,,,,,,,,,,,,,,,,,,,,,,,,,,,,,,,,,,,,,,,,,,,,,,,,,,,,,,,,,,,,,30JAN1957,6,2,,2,4,4,2,4,,,,2,0,0,1,0,1,KAWASAKI,750,Z 750-N IE,ROADSTER,,2008,31,1,2,6000,,,,,,,,,,,,,,,,,,,,,,,,,,,,,,,,,,,,,,,,,,,,,,6000,3,4,,,,,,,,NRP,,,NRP,1975,,,1975,NRP,,,
2165,2032,,0,,,,,,,,,,,,,,,,,,,,,,,,,,,,,,,,,,,,,,,,,,,,,,,,,,,,,,,,,,,,,,,,,,,,,,,,,,,,,,,,,,,,,,,,,,,,,,,,,,,,,,,,,,,,,,,,,,,,,,,,,,,,,,,,,,,,,,,,,,,,,,,,,,,,,,,,,,,,,,,,,,,,,,,,,,,,,,,,,,,,,,,,,,,,,,,,,,,,,,,,,,,,,,,,,,,,,,,,,,,,,,,,,,,,,,,,,,,,,,,,,,,,,,,,,,,,,,,,,,,,,,,,,,,,,,,,,,,,,,,,,,,25MAR1971,5,2,,2,3,4,1,4,,,,2,1,0,1,0,1,YAMAHA,600,FZS FAZER,ROADSTER,,2003,28,2,1,5500,,,,,,,,,,,,,,,,,,,,,,,,,,,,,,,,,,,,,,,,,,,,,,5500,3,4,,,,,,,,NRP,,,NRP,2011,,,1992,NRP,,,
862,2048,127,1,0,4,,,,,,1,5,1999,,,,,0,6,,,,,,0,2,,,,,,0,6,,,,,,0,4,,,,,,0,4,,,,,,0,6,,,,,,0,6,,,,,,0,4,,,,,,1,6,1994,,,,,0,5,,,,,,0,4,,,,,,0,4,,,,,,1,2,4,2014,NSP,,,,Meyreuil,-,,,,Percuté par l'arrière en attendant devant un stop. voiture pensait que je démarrais,Pas d'accident mais je ne peux pas modifier le nombre2 en1,,,,0,0,3,0,22,1,6,2,1999,,1999,Vous circuliez derrière un véhicule. Ce véhicule a ralenti. Vous avez entrepris de dépasser ce véhicule par la gauche et celui-ci vous a coupé la route en tournant à gauche (ou en effectuant un œ tour,2,4,,,,,,"Je dépassait à faible allure (20-30 km/h)un queue de voitures avancant en accordéon devant un rond point. Quand j'étais à l'hauteur de l'angle mort d'une voiture, celle-ci à voulu faire mi-tour en passant sur la ligne continue. Elle m'a rentrée dedans par la droite, ce qui a fait tomber la moto. Seulement des dommages à la bécane.  La conductrice était encore en 'A' et vennait de la garage ou elle avait fait réparer sa voiture après une autre accident qu'elle a eu.",déboitement à gauche de la voiture,"J'ai essaié d'éviter en partant à gauche aussi, mais la voiture virait trop rapidement. A heurté la roue avant donc la moto est tombé. je n'ai pas eu le temps de freiner. La conductrice est sortie pour se pleindere d'abort que sa voiture était abimé avant de s'inquieter de mon sort",NRP,0,,,"trop prês, trop rapide",2,1,2,,NSP,2,"ce n'état pas très grave, car on roulait lentement",2,,,,,,,,1,,,,,,"je m'y attendais pas, je vennais de dépaser une dizaine de voitures déjà et personne donnait l'imporession d'être stressé ou de vouloir quitter la ligne. D'aillieurs c'était interdit à cet endroit",4,3,,,1,4,4,4,1,1,1,1,1,3,4,4,4,4,,,,,,,,,1,1,,,,,,,,2,2,,2,1,1,1,0,100,0,0,0,NSP,,,,,,4,1,,,,1,,,,,,,,,,,1,1,1,2,0,25,1,10,2,4,,,,,,,4,4,4,4,4,4,YAMAHA,900,XJ,ROADSTER,2,1,1,1,1,1,1,1,1,1,1,30000,12,4,1,HONDA,600,CBR 600F,SPORTIVE,2,4,4,20JAN1964,7,2,,2,3,4,1,1,,,,2,0,0,1,0,1,BMW,1200,"R1200GS ABS ""TRIPLE BLACK""",TRAIL / SUPERMOTARD,,2011,18,2,2,6500,,,,,,,,,,,,,,,,,,,,,,,,,,,,,,,,,,,,,,,,,,,,,,6500,3,4,,,,,,,,NRP,,,NRP,1992,,,1982,NRP,,,
2055,2057,,0,,,,,,,,,,,,,,,,,,,,,,,,,,,,,,,,,,,,,,,,,,,,,,,,,,,,,,,,,,,,,,,,,,,,,,,,,,,,,,,,,,,,,,,,,,,,,,,,,,,,,,,,,,,,,,,,,,,,,,,,,,,,,,,,,,,,,,,,,,,,,,,,,,,,,,,,,,,,,,,,,,,,,,,,,,,,,,,,,,,,,,,,,,,,,,,,,,,,,,,,,,,,,,,,,,,,,,,,,,,,,,,,,,,,,,,,,,,,,,,,,,,,,,,,,,,,,,,,,,,,,,,,,,,,,,,,,,,,,,,,,,,09MAY1980,7,2,,2,2,3,,NSP,,,,1,0,0,1,0,1,BMW,650,F650GS,TRAIL / SUPERMOTARD,,2001,25,3,1,1000,,,,,,,,,,,,,,,,,,,,,,,,,,,,,,,,,,,,,,,,,,,,,,1000,3,4,,,,,,,,NRP,,,NRP,2005,,,1998,NRP,,,
1318,2063,,0,,,,,,,,,,,,,,,,,,,,,,,,,,,,,,,,,,,,,,,,,,,,,,,,,,,,,,,,,,,,,,,,,,,,,,,,,,,,,,,,,,,,,,,,,,,,,,,,,,,,,,,,,,,,,,,,,,,,,,,,,,,,,,,,,,,,,,,,,,,,,,,,,,,,,,,,,,,,,,,,,,,,,,,,,,,,,,,,,,,,,,,,,,,,,,,,,,,,,,,,,,,,,,,,,,,,,,,,,,,,,,,,,,,,,,,,,,,,,,,,,,,,,,,,,,,,,,,,,,,,,,,,,,,,,,,,,,,,,,,,,,,07FEB1952,5,2,,2,3,4,1,4,,,,3,1,0,1,0,1,KAWASAKI,1400,GTR,ROUTIERE / GT,,2009,29,3,1,10000,,,,,,,,,,,,,,,,,,,,,,,,,,,,,,,,,,,,,,,,,,,,,,10000,3,4,,,,,,,,NRP,,,NRP,1999,,,1970,NRP,,,
1190,2066,205,1,0,3,,,,,,0,3,,,,,,0,5,,,,,,0,1,,,,,,2,6,2009,2010,,,,0,4,,,,,,0,3,,,,,,0,3,,,,,,5,4,2008,2008,2008,2009,2009,0,3,,,,,,0,4,,,,,,0,1,,,,,,0,3,,,,,,0,6,,,,,,1,3,10,2008,2009,2009,,,BAYONNE,BAYONNE,ANGLET,,,Dans un rond point ne voiture qui avait le clignotant pour sortir à brusquement changé d'avis et m'as percuté alors que j'étais sur la voie de gauche.,Une voiture utilitaire m'a reculé dessus au cédez le passage d'un rond point car elle n'avait pas vu le panneau indicatif situé avant le rond point,Une voiture était mal stationné de nuit à l'intérieur d'un virage en aveugle,,,0,0,6,0,6,1,22,5,2010,,2010,Vous circuliez sur un axe prioritaire. Un véhicule venant dun axe non prioritaire vous a coupé la route.,3,4,5,6,,,,Alors que je m'engageais sur une voix à sens unique un camion (19t) à fait irruption en sens inverse et je n'ai pu l'éviter.  Le chauffeurs à déclarer avoir prit cette direction car plus simple et plus rapide pour lui en sortant de sa zone de livraison. Pour information la rue fait 200m de long et le gain de cette manoeuvre ne doit pas excéder les 5min. En ce qui me concerne je suis resté près de 4ans en arrêt de travail suite à cette accident et je ne doit ma vie qu'a un très bon équipement ( mon casque arai présente des traces de pneu à sa surface et je n'ai cependant eu que 3points de suture au menton dus aux frottements de la jugulaire). Après 2 ans de procès le conducteur n'a même pas écopé d'une suspension de permis pour cet acte et continue d'exercer son travail de chauffeur livreur.,Manque de visibilité qui ne m'a pas permis de voir arriver le camion avant le moment fatidique. Non respect du code de la route par le chauffeur du camion,Je me souviens avoir prit mes freins en urgence se qui à causé un déséquilibre et m'a fait chuté. De son coté le chauffeur à donné un coup de volant se qui m'a fait passé sous le camion,NRP,0,,,aucune anticipation du danger possible,2,1,1,3,NSP,NSP,NSP,1,3,6,,,,,3,,1,,,2,,JE n'ai pas compris comment cette situation pouvait se produire,4,3,,,1,1,4,4,3,1,1,1,4,3,4,4,4,7,,,,,,,,,1,2,4,,,,,,,2,2,,2,1,1,1,0,100,0,0,0,2,,,,,,1,1,4,,,2,1,1,2,3,4,,,,1,1,1,1,1,1,0,30,1,2,3,4,7,,,,,,4,4,4,4,4,4,YAMAHA,600,XJ6  34CV,ROADSTER,2,1,1,1,1,1,1,1,1,1,1,10000,12,2,1,YAMAHA,660,MT03 34CV,ROADSTER,2,3,4,25SEP1990,7,1,,1,1,1,,NSP,,,,1,1,1,1,0,1,YAMAHA,600,XJ6  34CV,ROADSTER,,2009,37,1,2,12000,,,,,,,,,,,,,,,,,,,,,,,,,,,,,,,,,,,,,,,,,,,,,,12000,1,2,3,4,,,,,,2006,,,2009,2011,,,2008,NRP,,,
744,2069,,0,,,,,,,,,,,,,,,,,,,,,,,,,,,,,,,,,,,,,,,,,,,,,,,,,,,,,,,,,,,,,,,,,,,,,,,,,,,,,,,,,,,,,,,,,,,,,,,,,,,,,,,,,,,,,,,,,,,,,,,,,,,,,,,,,,,,,,,,,,,,,,,,,,,,,,,,,,,,,,,,,,,,,,,,,,,,,,,,,,,,,,,,,,,,,,,,,,,,,,,,,,,,,,,,,,,,,,,,,,,,,,,,,,,,,,,,,,,,,,,,,,,,,,,,,,,,,,,,,,,,,,,,,,,,,,,,,,,,,,,,,,,11FEB1960,5,1,,2,1,1,,NSP,,,,1,0,0,1,0,1,SACHS,125,ROADSTER V2,CUSTOM,,1998,37,3,1,3000,,,,,,,,,,,,,,,,,,,,,,,,,,,,,,,,,,,,,,,,,,,,,,3000,4,,,,,,,,,NRP,,,NRP,NRP,,,1984,NRP,,,
1825,2086,,1,0,3,,,,,,0,4,,,,,,0,4,,,,,,0,2,,,,,,0,2,,,,,,0,1,,,,,,0,3,,,,,,0,2,,,,,,0,1,,,,,,0,3,,,,,,0,3,,,,,,0,2,,,,,,0,3,,,,,,0,3,,,,,,1,0,0,,,,,,,,,,,,,,,,0,0,40,0,17,1,,NRP,,,,,,,,,,,,,,,,,,,,,,,,,,,,,,,,,,,,,,,,,,,,,,,,,,,,,,,,,,,,,,,,,,,,,,,,,,,,,,,,,,,,,,,,,,,,,,,,,,,,,,,,,,,,,,,,,,,,,,,,,,,,,,,,,,,,,,,,,,,,,,,,,,,,,,,,,,,,,,,30APR1958,7,2,,2,4,4,2,4,,,,0,0,0,3,0,3,YAMAHA,1300,XJR IE,ROADSTER,,2006,25,2,1,7000,,HARLEY-DAVIDSON,1200,SPORTSTER R ROADSTER,ROADSTER,,2008,25,2,1,7000,,YAMAHA,200,TW,TRAIL / SUPERMOTARD,,1989,25,3,1,1000,,,,,,,,,,,,,,,,,,,,,,,,15000,3,4,,,,,,,,NRP,,,NRP,1976,,,1976,NRP,,,
662,2114,,1,0,4,,,,,,0,6,,,,,,0,6,,,,,,0,4,,,,,,0,6,,,,,,0,4,,,,,,0,2,,,,,,0,3,,,,,,3,6,NSP,NSP,NSP,,,0,5,,,,,,1,5,2011,,,,,0,4,,,,,,0,4,,,,,,0,6,,,,,,0,,4,,,,,,,,,,,,,,,,,,8,0,8,1,51,11,2011,,,,,,,,,,,,,,,,,,,,,,,,,,,,,,,,,,,,,,,,,,,,,,,,,,,,,,,,,,,,,,,,,,,,,,,,,,,,,,,,,,,,,,,,,,,,,,,,,,,,,,,,,,,,,,,,,,,,,,,,,,,,,,,,,,,,,,,,,,,,,,,,,,,,,,,,,,,,,,07MAR1986,5,1,,2,2,3,,NSP,,,,2,0,0,1,0,1,SUZUKI,1200,BANDIT-N,ROADSTER,,2000,37,2,1,15000,,,,,,,,,,,,,,,,,,,,,,,,,,,,,,,,,,,,,,,,,,,,,,15000,3,4,,,,,,,,NRP,,,NRP,2008,,,2004,NRP,,,
1453,2132,,0,,,,,,,,,,,,,,,,,,,,,,,,,,,,,,,,,,,,,,,,,,,,,,,,,,,,,,,,,,,,,,,,,,,,,,,,,,,,,,,,,,,,,,,,,,,,,,,,,,,,,,,,,,,,,,,,,,,,,,,,,,,,,,,,,,,,,,,,,,,,,,,,,,,,,,,,,,,,,,,,,,,,,,,,,,,,,,,,,,,,,,,,,,,,,,,,,,,,,,,,,,,,,,,,,,,,,,,,,,,,,,,,,,,,,,,,,,,,,,,,,,,,,,,,,,,,,,,,,,,,,,,,,,,,,,,,,,,,,,,,,,,18FEB1979,8,1,,2,4,4,2,1,,,,2,0,0,1,0,1,SUZUKI,600,GSR,ROADSTER,,2011,37,2,2,3000,,,,,,,,,,,,,,,,,,,,,,,,,,,,,,,,,,,,,,,,,,,,,,3000,3,4,,,,,,,,NRP,,,NRP,2011,,,1998,NRP,,,
304,2144,,0,,,,,,,,,,,,,,,,,,,,,,,,,,,,,,,,,,,,,,,,,,,,,,,,,,,,,,,,,,,,,,,,,,,,,,,,,,,,,,,,,,,,,,,,,,,,,,,,,,,,,,,,,,,,,,,,,,,,,,,,,,,,,,,,,,,,,,,,,,,,,,,,,,,,,,,,,,,,,,,,,,,,,,,,,,,,,,,,,,,,,,,,,,,,,,,,,,,,,,,,,,,,,,,,,,,,,,,,,,,,,,,,,,,,,,,,,,,,,,,,,,,,,,,,,,,,,,,,,,,,,,,,,,,,,,,,,,,,,,,,,,,22APR1982,5,1,,2,3,4,1,1,,,,1,0,0,1,0,1,SUZUKI,750,GSX INAZUMA,ROADSTER,,2000,37,2,1,6000,,,,,,,,,,,,,,,,,,,,,,,,,,,,,,,,,,,,,,,,,,,,,,6000,4,3,,,,,,,,NRP,,,NRP,2003,,,2000,NRP,,,
171,2148,,0,,,,,,,,,,,,,,,,,,,,,,,,,,,,,,,,,,,,,,,,,,,,,,,,,,,,,,,,,,,,,,,,,,,,,,,,,,,,,,,,,,,,,,,,,,,,,,,,,,,,,,,,,,,,,,,,,,,,,,,,,,,,,,,,,,,,,,,,,,,,,,,,,,,,,,,,,,,,,,,,,,,,,,,,,,,,,,,,,,,,,,,,,,,,,,,,,,,,,,,,,,,,,,,,,,,,,,,,,,,,,,,,,,,,,,,,,,,,,,,,,,,,,,,,,,,,,,,,,,,,,,,,,,,,,,,,,,,,,,,,,,,26OCT1965,7,2,,1,4,4,2,1,,,,2,0,0,1,0,1,YAMAHA,900,XJS DIVERSION,ROUTIERE / GT,,2000,23,2,2,7000,,,,,,,,,,,,,,,,,,,,,,,,,,,,,,,,,,,,,,,,,,,,,,7000,3,4,,,,,,,,NRP,,,NRP,1999,,,1985,NRP,,,
1700,2150,,1,0,5,,,,,,0,3,,,,,,0,5,,,,,,0,6,,,,,,0,6,,,,,,0,6,,,,,,0,4,,,,,,0,4,,,,,,0,5,,,,,,0,4,,,,,,0,6,,,,,,0,3,,,,,,0,2,,,,,,0,5,,,,,,1,1,1,2014,,,,,La Croix Valmer,,,,,percute par un vehicule qui a pris un sens interdit,,,,,0,0,5,5,20,1,71,15,2014,La Croix Valmer,,,,,,,,,,,,,,,,,,,,,,,,,,,,,,,,,,,,,,,,,,,,,,,,,,,,,,,,,,,,,,,,,,,,,,,,,,,,,,,,,,,,,,,,,,,,,,,,,,,,,,,,,,,,,,,,,,,,,,,,,,,,,,,,,,,,,,,,,,,,,,,,,,,,,,,,,,,,,30NOV1959,7,1,,2,2,2,1,4,,,,3,0,0,2,0,2,YAMAHA,1000,R1 (YZF-R1),SPORTIVE,,2009,37,2,2,10000,,YAMAHA,125,WR-X,TRAIL / SUPERMOTARD,,2010,37,2,1,4000,,,,,,,,,,,,,,,,,,,,,,,,,,,,,,,,,,,14000,2,3,4,,,,,,,NRP,,,1978,1995,,,1978,NRP,,,
98,2223,413,1,0,6,,,,,,0,6,,,,,,1,5,2013,,,,,0,5,,,,,,0,3,,,,,,0,6,,,,,,0,5,,,,,,0,4,,,,,,1,4,2000,,,,,1,5,2013,,,,,0,6,,,,,,0,4,,,,,,0,6,,,,,,0,6,,,,,,0,,3,,,,,,,,,,,,,,,,,,15,3,15,1,41,9,2000,,2000,"Vous avez fait une sortie de route, une perte de contrôle ou une glissade sans rien percuter.",2,4,5,6,,,,"J'étais parti faire un tour à Renne voir des amis, c'était un aller retour dans la soirée, après le travail. Il faisait très froid et ca faisait 6 heures que je conduisais, et une voiture en face de moi à freiner et j'ai fait un freinage un peu fort, et là j'ai perdu le contrôle de ma moto, je suis tombé tout seul et sans touché la voiture en face de moi et qui a continuer sa route. Je me suis réveillé sur la bande d'arrêt d'urgence et j'ai voulu récupéré ma moto qui était sur la première file, et là une voiture m'a percuté. J'ai eu le plateau tibiale cassé.( ma moto ducati monster 600 avait un défaut de fabrication, une fuite du carter moteur, je l'ai rapporté 3 fois en réparation pour ça)",le froid et le freinage et une moto défaillante,NRP,3,1,Demande au consecionnaire de me remplacer ma moto et plus faire de grande distance par temps de froid,NRP,,2,1,2,,NSP,1,Il a vu la lumière de ma moto au loin et à continuer sa vitesse de croisière au lieu de ralentir,9,,,,,,,,,,,,,1,"une injustice, car je me suis fait percuté et j'ai eu une amende pour non maitrise de mon véhicule. et l'autre conducteur a était relaxé",1,3,,,1,1,4,4,NSP,1,1,3,1,3,4,4,4,7,,,,,,,,,1,3,,,,,,,,2,2,,2,1,2,2,20,40,0,20,20,2,,,,,,1,2,,,,2,1,7,,,,,,,1,1,3,3,3,,0,110,1,11,,,,,,,,,4,4,4,4,4,4,DUCATI,600,MONSTER 34CV,ROADSTER,2,1,1,1,1,1,1,1,1,1,1,NSP,12,2,1,MBK,50,BOOSTER,SCOOTER,2,4,4,17MAR1978,8,2,,2,4,4,2,1,,,,1,0,1,1,0,2,PIAGGIO,125,MP3,SCOOTER,2,2008,15,3,1,1000,,KAWASAKI,750,Z 750-N IE ABS,ROADSTER,2,2011,10,2,2,1000,,,,,,,,,,,,,,,,,,,,,,,,,,,,,,,,,,,2000,3,4,,,,,,,,NRP,,,NRP,2000,,,1998,NRP,,,