Ligne,Ligne Q qualif,Ligne approfondissement Accident,ACCIDENT,NBACC1,ACCFREQUENCE1,ANNEEACC1_1,ANNEEACC1_2,ANNEEACC1_3,ANNEEACC1_4,ANNEEACC1_5,NBACC2,ACCFREQUENCE2,ANNEEACC2_1,ANNEEACC2_2,ANNEEACC2_3,ANNEEACC2_4,ANNEEACC2_5,NBACC3,ACCFREQUENCE3,ANNEEACC3_1,ANNEEACC3_2,ANNEEACC3_3,ANNEEACC3_4,ANNEEACC3_5,NBACC4,ACCFREQUENCE4,ANNEEACC4_1,ANNEEACC4_2,ANNEEACC4_3,ANNEEACC4_4,ANNEEACC4_5,NBACC5,ACCFREQUENCE5,ANNEEACC5_1,ANNEEACC5_2,ANNEEACC5_3,ANNEEACC5_4,ANNEEACC5_5,NBACC6,ACCFREQUENCE6,ANNEEACC6_1,ANNEEACC6_2,ANNEEACC6_3,ANNEEACC6_4,ANNEEACC6_5,NBACC7,ACCFREQUENCE7,ANNEEACC7_1,ANNEEACC7_2,ANNEEACC7_3,ANNEEACC7_4,ANNEEACC7_5,NBACC8,ACCFREQUENCE8,ANNEEACC8_1,ANNEEACC8_2,ANNEEACC8_3,ANNEEACC8_4,ANNEEACC8_5,NBACC9,ACCFREQUENCE9,ANNEEACC9_1,ANNEEACC9_2,ANNEEACC9_3,ANNEEACC9_4,ANNEEACC9_5,NBACC10,ACCFREQUENCE10,ANNEEACC10_1,ANNEEACC10_2,ANNEEACC10_3,ANNEEACC10_4,ANNEEACC10_5,NBACC11,ACCFREQUENCE11,ANNEEACC11_1,ANNEEACC11_2,ANNEEACC11_3,ANNEEACC11_4,ANNEEACC11_5,NBACC12,ACCFREQUENCE12,ANNEEACC12_1,ANNEEACC12_2,ANNEEACC12_3,ANNEEACC12_4,ANNEEACC12_5,NBACC13,ACCFREQUENCE13,ANNEEACC13_1,ANNEEACC13_2,ANNEEACC13_3,ANNEEACC13_4,ANNEEACC13_5,NBACC14,ACCFREQUENCE14,ANNEEACC14_1,ANNEEACC14_2,ANNEEACC14_3,ANNEEACC14_4,ANNEEACC14_5,AUTRESACC,NBAUTRESACC,TOTAL_AC,ANNEEAUTREACC1,ANNEEAUTREACC2,ANNEEAUTREACC3,ANNEEAUTREACC4,ANNEEAUTREACC5,LIEUAUTREACC1,LIEUAUTREACC2,LIEUAUTREACC3,LIEUAUTREACC4,LIEUAUTREACC5,DESCRIPTIONAUTRESACC1,DESCRIPTIONAUTRESACC2,DESCRIPTIONAUTRESACC3,DESCRIPTIONAUTRESACC4,DESCRIPTIONAUTRESACC5,NBAUTRESACCCIRCUIT,NBAUTRESTOUTTERRAIN,EXPCYCLO,EXP125,EXPSUP125,ACCORDNEXTQ,CHOIXACC,RGPMTACC,RECUPANNEE,RECUPLIEU,RECUPANNE,RGPMTAC,CHOIX1,CHOIX2,CHOIX3,CHOIX4,CHOIX5,CHOIX6,CHOIX7,DESCRIPTION,RUPTURE,FAITS,ABS_REACTION,AUTRE_REACTION,PRECISIONREACTIONOUI,RECUL,PRECISIONREACTIONNON,IMPACTCOMPORTEMENT,AUTREUSAGER,REACTIONAUTREUSAGER,CONNAISSANCEREACTIONUSAGER,DIFFICULTES,AGGRAVATION,DIFFICULTES2,EMOTIONS1,EMOTIONS2,EMOTIONS3,EMOTIONS4,EMOTIONS5,EMOTIONS6,AUTRESENTIMENT,CLASSEMENTEMOTIONS1,CLASSEMENTEMOTIONS,CLASSEMENTEMOTIONS5,CLASSEMENTEMOTIONS6,CLASSEMENTEMOTIONS7,CLASSEMENTEMOTIONS8,CLASSEMENTEMOTIONS9,EXPLICATIONRESSENTI,BIENEQUIPE,ALLURE,ALLUREVITEDETAIL,ALLURELENTEDETAIL,SITUATIONPRESSE,SITUATIONDISTRAIT,SITUATIONCONFIANT,SITUATIONCONTROLE,SITUATIONLUDIQUE,SITUATIONPERF,SITUATIONSTRESS,SITUATIONFATIGUE,HUMEURNEUTRE,HUMEURGAI,HUMEURMECONTENT,HUMEURTRISTE,HUMEURCOLERE,CONTRIBUTION1,CONTRIBUTION2,CONTRIBUTION3,CONTRIBUTION4,CONTRIBUTION5,CONTRIBUTION6,CONTRIBUTION7,CONTRIBUTION8,CONTRIBUTION9,ROLEINFRA,ELEMENTINFRA1,ELEMENTINFRA2,ELEMENTINFRA3,ELEMENTINFRA4,ELEMENTINFRA5,ELEMENTINFRA6,ELEMENTINFRA7,ELEMENTINFRA8,ELEMENTINFRA9,ALCOOL,TXALCOOL,STUP,SEMAINE,MOMENTJOURNEE,TEMPS,CAUSEACC1,CAUSEACC2,CAUSEACC3,CAUSEACC4,CAUSEACC5,FORMATIONCAUSE,FORMATION1,FORMATION2,FORMATION3,FORMATION4,FORMATION5,TRAFIC,CHAUSSEE1,CHAUSSEE2,CHAUSSEE3,CHAUSSEE4,TYPEACC,BLESSURE,TETE,COU,THORAX,MEMBRESSUP,COLONNE,BASSIN,MEMBRESINF,HOPITAL,PLUS24H,TRAJET,TYPEROUTE,MOTIF,SENSTRAJET,PASSAGER,VITESSE,DESCEQ1,DESCEQ2,DESCEQ3,DESCEQ4,DESCEQ5,DESCEQ6,DESCEQ7,DESCEQ8,DESCEQ9,DESCEQ10,VEHICULEETE,VEHICULEAUTOMNE,VEHICULEPRINTEMPS,VEHICULEHIVER,VEHICULESEMAINE,VEHICULEWE,VEHMARQUE,VEHCYLINDREE,VEHMODELE,VEHSEGMENT,VEHSIDE,EQ2RMABS,EQ2RMCBS,EQ2RMABSCBS,EQ2RMREGULATEUR,EQ2RMLIMITEUR,EQ2RMPHARESDIRECT,EQ2RMCOUPURE,EQ2RMANTIPATINAGE,EQ2RMANTIXHEELING,EQ2RMSTABILILTE,VEHKM,POINTS,DUREE,AUTRE2RM,VEHPRECMARQUE,VEHPRECCYLINDREE,VEHPRECMODELE,VEHPRECSEGMENT,VEHPRECSIDE,TEMPS2RMPREC,FREQVEHPREC,DATE_NAISS,CSP,SOCIETAIRE,SALARIE,SECTEUR2RM,NBPERSFOYER,SITFAM,NBENF,TRNBENF1,TRNBENF2,TRNBENF3,TRNBENF4,NBAUTOFOYER,NBCYCLOFOYER,NBSCOOTFOYER,NBMOTOFOYER,NBTRIKEFOYER,NB2RMCONDUIT,MARQUE1,CYLINDREE1,MODELE1,SEGMENT1,SIDE1,ANMISECIRCU1,ASS1,FREQ1,USAGE1,NBKM1,GARAGE1,MARQUE2,CYLINDREE2,MODELE2,SEGMENT2,SIDE2,ANMISECIRCU2,ASS2,FREQ2,USAGE2,NBKM2,GARAGE2,MARQUE3,CYLINDREE3,MODELE3,SEGMENT3,SIDE3,ANMISECIRCU3,ASS3,FREQ3,USAGE3,NBKM3,GARAGE3,MARQUE4,CYLINDREE4,MODELE4,SEGMENT4,SIDE4,ANMISECIRCU4,ASS4,FREQ4,USAGE4,NBKM4,GARAGE4,MARQUE5,CYLINDREE5,MODELE5,SEGMENT5,SIDE5,ANMISECIRCU5,ASS5,FREQ5,USAGE5,NBKM5,GARAGE5,NBKMTOT,PERMIS1,PERMIS2,PERMIS3,PERMIS4,PERMIS5,PERMIS6,PERMIS7,PERMIS8,PERMIS9,ANPERMIS1,ANPERMIS6,ANPERMIS7,ANPERMIS2,ANPERMIS3,ANPERMIS8,ANPERMIS9,ANPERMIS4,ANPERMIS5,,,
165,2788,,0,,,,,,,,,,,,,,,,,,,,,,,,,,,,,,,,,,,,,,,,,,,,,,,,,,,,,,,,,,,,,,,,,,,,,,,,,,,,,,,,,,,,,,,,,,,,,,,,,,,,,,,,,,,,,,,,,,,,,,,,,,,,,,,,,,,,,,,,,,,,,,,,,,,,,,,,,,,,,,,,,,,,,,,,,,,,,,,,,,,,,,,,,,,,,,,,,,,,,,,,,,,,,,,,,,,,,,,,,,,,,,,,,,,,,,,,,,,,,,,,,,,,,,,,,,,,,,,,,,,,,,,,,,,,,,,,,,,,,,,,,,,01FEB1979,5,1,,2,1,1,,NSP,,,,1,1,0,1,0,1,HONDA,600,HORNET,ROADSTER,2,2005,37,3,1,5000,,,,,,,,,,,,,,,,,,,,,,,,,,,,,,,,,,,,,,,,,,,,,,5000,3,4,,,,,,,,NRP,,,NRP,2006,,,1998,NRP,,,
833,2839,428,1,0,4,,,,,,0,4,,,,,,0,6,,,,,,0,6,,,,,,0,2,,,,,,0,5,,,,,,0,3,,,,,,0,2,,,,,,1,4,2011,,,,,0,4,,,,,,0,2,,,,,,0,2,,,,,,0,6,,,,,,0,5,,,,,,0,,1,,,,,,,,,,,,,,,,,,7,0,7,1,41,9,2011,,2011,"Vous avez fait une sortie de route, une perte de contrôle ou une glissade sans rien percuter.",3,AUT|Le dernier depuis que j'ai repris la moto en 2007,,,,,,"1. Je devais changer mon pneu arriere la semaine suivante 2. Il pleuvait énormément 3. Nous étions fin Janvier 4. En rentrant sur la rocade de toulouse, sur la bande d'accéleration, un cumul de pluie, gazoil, état du pneu et poignée de gaz certainement trop ouverte  J'ai glissé sur le coté droit, mon CBF1000 avait des pares moteur et un top case, de ce fait ma jambe n'est pas restée bloquée dessous et assez rapidement elle est partie sans m'entrainer.  Au passage le top case m'a fait un énorme hématome sur la fesse.  Mon pantalon d'hiver a bien résisté et mon jean dessous n'a pas eu d'impact. Ma veste d'hiver a bien résistée également.  Après qq secondes de glisse, je me suis relevé et me suis retourné vers les voitures arrétées derriere moi.  Voir cette rampe de phares m'a fait un réel choc. En un instant, la vision catastrophe du camion ne pouvant s'arreter ma traversé l'esprit.  Quelques automobilistes arrivaient déjà pour me porter secours, et cette solicitude m'a réconforté.","Il n'y a pas eu ""choc"" hormis avec la route.  Le pneu arriere a glissé, la moto s'est couchée.  Je n'ai pas ""su"" comment éviter la chute, l'aurais je pu d'ailleurs ?",NRP,1,0,,,"Depuis, je rentre sur la rocade à cet endroit sans prendre de l'angle car je sais qu'il y a du gazoil et je n'accélère pas fort, et j'apprehende beaucoup plus la pluie. ce jour là, j'aurais pu agir autrement, mais pas réagir autrement.",2,0,,,,,,1,2,3,6,,,,,1,2,,,3,,"Je me suis dit ""M..."" qu'est qui se passe",3,1,2,,2,1,4,4,3,1,1,1,1,5,4,4,4,1,5,7,,,,,,,1,AUT|gazoil,,,,,,,,2,2,,2,2,1,2,40,0,0,30,30,2,,,,,,2,2,6,,,2,1,6,,,,,,,1,0,1,4,3,,0,70,1,2,3,4,7,9,,,,,4,4,4,4,4,4,HONDA,1000,CBF ABS,ROADSTER,2,0,0,0,1,1,1,2,1,1,1,24000,12,4,1,HONDA,600,CB-F ABS,ROADSTER,2,4,4,10SEP1957,5,2,,2,3,4,1,4,,,,2,0,0,1,0,1,HONDA,1000,CB-F ABS,ROADSTER,2,2010,29,1,2,12000,,,,,,,,,,,,,,,,,,,,,,,,,,,,,,,,,,,,,,,,,,,,,,12000,3,4,2,,,,,,,NRP,,,1974,1978,,,1980,NRP,,,
562,2841,,0,,,,,,,,,,,,,,,,,,,,,,,,,,,,,,,,,,,,,,,,,,,,,,,,,,,,,,,,,,,,,,,,,,,,,,,,,,,,,,,,,,,,,,,,,,,,,,,,,,,,,,,,,,,,,,,,,,,,,,,,,,,,,,,,,,,,,,,,,,,,,,,,,,,,,,,,,,,,,,,,,,,,,,,,,,,,,,,,,,,,,,,,,,,,,,,,,,,,,,,,,,,,,,,,,,,,,,,,,,,,,,,,,,,,,,,,,,,,,,,,,,,,,,,,,,,,,,,,,,,,,,,,,,,,,,,,,,,,,,,,,,,20MAY1950,4,1,,2,2,3,,NSP,,,,2,0,0,2,0,2,HONDA,650,DEAUVILLE,ROUTIERE / GT,2,1999,37,1,2,18000,,KAWASAKI,750,H2,ROUTIERE / GT,2,1972,17,3,1,1500,,,,,,,,,,,,,,,,,,,,,,,,,,,,,,,,,,,19500,2,3,4,,,,,,,NRP,,,1966,1968,,,1969,NRP,,,
1344,2856,,1,0,6,,,,,,0,4,,,,,,0,3,,,,,,0,5,,,,,,0,5,,,,,,0,2,,,,,,0,3,,,,,,0,3,,,,,,1,2,2000,,,,,0,4,,,,,,0,4,,,,,,0,3,,,,,,0,5,,,,,,0,3,,,,,,1,1,2,2014,,,,,levallois,,,,,Un vélo qui venait de se faire couper la route par une voiture malgré les avertissements des scooters postés derrière ce dernier a pris peur et m'a percuté en reculant son vélo alors que j'étais arrêté.,,,,,0,0,15,10,14,1,71,15,2014,levallois,,,,,,,,,,,,,,,,,,,,,,,,,,,,,,,,,,,,,,,,,,,,,,,,,,,,,,,,,,,,,,,,,,,,,,,,,,,,,,,,,,,,,,,,,,,,,,,,,,,,,,,,,,,,,,,,,,,,,,,,,,,,,,,,,,,,,,,,,,,,,,,,,,,,,,,,,,,,,04MAR1982,7,1,,2,2,3,,NSP,,,,0,0,0,2,0,2,KYMCO,125,PULSAR (CK),ROADSTER,2,2001,37,1,2,15000,,KAWASAKI,650,"ER-6 ""N"" ABS",ROADSTER,2,2011,37,1,2,15000,,,,,,,,,,,,,,,,,,,,,,,,,,,,,,,,,,,30000,NSP,,,,,,,,,NRP,NRP,NRP,NRP,NRP,NRP,NRP,NRP,NRP,,,
560,2858,,0,,,,,,,,,,,,,,,,,,,,,,,,,,,,,,,,,,,,,,,,,,,,,,,,,,,,,,,,,,,,,,,,,,,,,,,,,,,,,,,,,,,,,,,,,,,,,,,,,,,,,,,,,,,,,,,,,,,,,,,,,,,,,,,,,,,,,,,,,,,,,,,,,,,,,,,,,,,,,,,,,,,,,,,,,,,,,,,,,,,,,,,,,,,,,,,,,,,,,,,,,,,,,,,,,,,,,,,,,,,,,,,,,,,,,,,,,,,,,,,,,,,,,,,,,,,,,,,,,,,,,,,,,,,,,,,,,,,,,,,,,,,23SEP1989,7,2,,2,1,1,,NSP,,,,1,0,0,1,0,1,SUZUKI,650,GSX-F ABS,ROUTIERE / GT,2,2011,25,2,1,8000,,,,,,,,,,,,,,,,,,,,,,,,,,,,,,,,,,,,,,,,,,,,,,8000,NSP,,,,,,,,,NRP,NRP,NRP,NRP,NRP,NRP,NRP,NRP,NRP,,,
581,2873,,0,,,,,,,,,,,,,,,,,,,,,,,,,,,,,,,,,,,,,,,,,,,,,,,,,,,,,,,,,,,,,,,,,,,,,,,,,,,,,,,,,,,,,,,,,,,,,,,,,,,,,,,,,,,,,,,,,,,,,,,,,,,,,,,,,,,,,,,,,,,,,,,,,,,,,,,,,,,,,,,,,,,,,,,,,,,,,,,,,,,,,,,,,,,,,,,,,,,,,,,,,,,,,,,,,,,,,,,,,,,,,,,,,,,,,,,,,,,,,,,,,,,,,,,,,,,,,,,,,,,,,,,,,,,,,,,,,,,,,,,,,,,29JAN1966,5,2,,2,2,3,,NSP,,,,2,1,0,1,0,1,HONDA,1300,PAN EUROPEAN C-ABS,ROUTIERE / GT,2,2010,16,3,1,15000,,,,,,,,,,,,,,,,,,,,,,,,,,,,,,,,,,,,,,,,,,,,,,15000,2,3,4,,,,,,,NRP,,,1984,2004,,,1984,NRP,,,
1061,2876,,1,0,5,,,,,,0,4,,,,,,0,6,,,,,,0,3,,,,,,0,4,,,,,,0,5,,,,,,0,5,,,,,,0,5,,,,,,0,5,,,,,,2,6,2014,2014,,,,2,6,2014,2014,,,,0,2,,,,,,0,2,,,,,,0,4,,,,,,0,,4,,,,,,,,,,,,,,,,,,25,0,25,1,51,11,2014,,,,,,,,,,,,,,,,,,,,,,,,,,,,,,,,,,,,,,,,,,,,,,,,,,,,,,,,,,,,,,,,,,,,,,,,,,,,,,,,,,,,,,,,,,,,,,,,,,,,,,,,,,,,,,,,,,,,,,,,,,,,,,,,,,,,,,,,,,,,,,,,,,,,,,,,,,,,,,27NOV1963,5,2,,2,3,4,1,3,,,,2,0,0,1,0,1,TRIUMPH,1050,SPEED TRIPLE SE,ROADSTER,2,2010,29,1,2,10000,,,,,,,,,,,,,,,,,,,,,,,,,,,,,,,,,,,,,,,,,,,,,,10000,4,3,,,,,,,,NRP,,,NRP,1985,,,1987,NRP,,,
30,2882,,0,,,,,,,,,,,,,,,,,,,,,,,,,,,,,,,,,,,,,,,,,,,,,,,,,,,,,,,,,,,,,,,,,,,,,,,,,,,,,,,,,,,,,,,,,,,,,,,,,,,,,,,,,,,,,,,,,,,,,,,,,,,,,,,,,,,,,,,,,,,,,,,,,,,,,,,,,,,,,,,,,,,,,,,,,,,,,,,,,,,,,,,,,,,,,,,,,,,,,,,,,,,,,,,,,,,,,,,,,,,,,,,,,,,,,,,,,,,,,,,,,,,,,,,,,,,,,,,,,,,,,,,,,,,,,,,,,,,,,,,,,,,27MAR1991,10,2,,2,7,5,0,NSP,,,,2,1,2,0,0,2,PIAGGIO,125,BEVERLY,SCOOTER,2,2008,29,1,2,30000,,PIAGGIO,125,BEVERLY,SCOOTER,2,2009,16,2,1,10000,,,,,,,,,,,,,,,,,,,,,,,,,,,,,,,,,,,40000,1,4,,,,,,,,2009,,,NRP,NRP,,,2012,NRP,,,
24,2904,,0,,,,,,,,,,,,,,,,,,,,,,,,,,,,,,,,,,,,,,,,,,,,,,,,,,,,,,,,,,,,,,,,,,,,,,,,,,,,,,,,,,,,,,,,,,,,,,,,,,,,,,,,,,,,,,,,,,,,,,,,,,,,,,,,,,,,,,,,,,,,,,,,,,,,,,,,,,,,,,,,,,,,,,,,,,,,,,,,,,,,,,,,,,,,,,,,,,,,,,,,,,,,,,,,,,,,,,,,,,,,,,,,,,,,,,,,,,,,,,,,,,,,,,,,,,,,,,,,,,,,,,,,,,,,,,,,,,,,,,,,,,,26SEP1980,7,2,,2,2,3,,NSP,,,,1,1,0,1,0,1,HONDA,900,CBR-RR FIREBLADE,SPORTIVE,2,1992,28,2,1,6000,,,,,,,,,,,,,,,,,,,,,,,,,,,,,,,,,,,,,,,,,,,,,,6000,4,3,,,,,,,,NRP,,,NRP,2007,,,1998,NRP,,,
711,2905,,0,,,,,,,,,,,,,,,,,,,,,,,,,,,,,,,,,,,,,,,,,,,,,,,,,,,,,,,,,,,,,,,,,,,,,,,,,,,,,,,,,,,,,,,,,,,,,,,,,,,,,,,,,,,,,,,,,,,,,,,,,,,,,,,,,,,,,,,,,,,,,,,,,,,,,,,,,,,,,,,,,,,,,,,,,,,,,,,,,,,,,,,,,,,,,,,,,,,,,,,,,,,,,,,,,,,,,,,,,,,,,,,,,,,,,,,,,,,,,,,,,,,,,,,,,,,,,,,,,,,,,,,,,,,,,,,,,,,,,,,,,,,21JUL1960,7,2,,2,4,4,2,3,4,,,2,1,0,3,0,4,KAWASAKI,750,Z 750-S IE,ROADSTER,2,1995,28,2,1,8500,,TRIUMPH,675,"STREET TRIPLE ""ARROW""",ROADSTER,2,2010,28,3,1,8000,,SUZUKI,600,GSX-R IE,SPORTIVE,2,2009,11,4,1,1000,,YAMAHA,50,BW'S,SCOOTER,2,2008,28,2,1,500,,,,,,,,,,,,,18000,2,3,4,,,,,,,NRP,,,1977,2007,,,1978,NRP,,,
1332,2963,,1,0,6,,,,,,0,3,,,,,,0,5,,,,,,0,3,,,,,,0,4,,,,,,0,5,,,,,,0,4,,,,,,1,4,1998,,,,,2,3,2001,2010,,,,0,3,,,,,,3,5,1997,1998,1998,,,0,4,,,,,,0,3,,,,,,0,3,,,,,,0,,6,,,,,,,,,,,,,,,,,,5,0,18,1,52,11,1998,,,,,,,,,,,,,,,,,,,,,,,,,,,,,,,,,,,,,,,,,,,,,,,,,,,,,,,,,,,,,,,,,,,,,,,,,,,,,,,,,,,,,,,,,,,,,,,,,,,,,,,,,,,,,,,,,,,,,,,,,,,,,,,,,,,,,,,,,,,,,,,,,,,,,,,,,,,,,,29JUL1964,6,1,,2,1,1,,NSP,,,,1,0,0,3,0,3,YAMAHA,1300,XJR IE,ROADSTER,2,2004,37,2,1,10000,,YAMAHA,1000,R1 IE (YZF-R1),SPORTIVE,2,2007,41,3,1,2000,,KAWASAKI,750,ZEPHYR,ROADSTER,2,1993,41,4,1,0,,,,,,,,,,,,,,,,,,,,,,,,12000,3,4,,,,,,,,NRP,,,NRP,1997,,,1985,NRP,,,
1175,2974,,1,0,6,,,,,,0,6,,,,,,0,6,,,,,,0,6,,,,,,2,6,NSP,NSP,,,,0,6,,,,,,0,6,,,,,,3,6,2011,2013,2014,,,5,6,2011,2012,2013,2013,2014,0,6,,,,,,0,6,,,,,,0,2,,,,,,0,3,,,,,,0,6,,,,,,1,1,11,2012,,,,,bordeaux,,,,,une voiture m'a tamponné par derrière au freinage,,,,,0,10,0,1,4,1,38,8,2014,,,,,,,,,,,,,,,,,,,,,,,,,,,,,,,,,,,,,,,,,,,,,,,,,,,,,,,,,,,,,,,,,,,,,,,,,,,,,,,,,,,,,,,,,,,,,,,,,,,,,,,,,,,,,,,,,,,,,,,,,,,,,,,,,,,,,,,,,,,,,,,,,,,,,,,,,,,,,,07AUG1992,10,1,,2,4,5,0,NSP,,,,0,0,0,2,0,2,KAWASAKI,650,"ER-6 ""F"" 34CV",ROUTIERE / GT,2,2009,33,1,2,16000,,SUZUKI,125,DR-S,TRAIL / SUPERMOTARD,2,1988,37,2,1,4000,,,,,,,,,,,,,,,,,,,,,,,,,,,,,,,,,,,20000,1,3,4,,,,,,,2007,,,NRP,2010,,,2011,NRP,,,
1028,2978,,1,0,5,,,,,,0,4,,,,,,0,5,,,,,,0,4,,,,,,1,5,1988,,,,,0,5,,,,,,0,4,,,,,,0,4,,,,,,1,4,1993,,,,,0,4,,,,,,0,5,,,,,,0,2,,,,,,0,5,,,,,,0,3,,,,,,0,,2,,,,,,,,,,,,,,,,,,4,2,25,1,21,5,1988,,,,,,,,,,,,,,,,,,,,,,,,,,,,,,,,,,,,,,,,,,,,,,,,,,,,,,,,,,,,,,,,,,,,,,,,,,,,,,,,,,,,,,,,,,,,,,,,,,,,,,,,,,,,,,,,,,,,,,,,,,,,,,,,,,,,,,,,,,,,,,,,,,,,,,,,,,,,,,17AUG1969,8,2,,2,4,4,2,3,4,,,2,4,0,1,0,4,TRIUMPH,675,STREET TRIPLE,ROADSTER,2,2010,29,2,1,8000,,VELOSOLEX,50,3800,ROADSTER,2,1948,29,3,1,1000,,VELOSOLEX,50,3800,ROADSTER,2,1948,29,4,1,500,,VELOSOLEX,50,1400,ROADSTER,2,1955,29,4,1,100,,,,,,,,,,,,,9600,3,4,,,,,,,,NRP,,,NRP,1987,,,1988,NRP,,,
1909,2981,,0,,,,,,,,,,,,,,,,,,,,,,,,,,,,,,,,,,,,,,,,,,,,,,,,,,,,,,,,,,,,,,,,,,,,,,,,,,,,,,,,,,,,,,,,,,,,,,,,,,,,,,,,,,,,,,,,,,,,,,,,,,,,,,,,,,,,,,,,,,,,,,,,,,,,,,,,,,,,,,,,,,,,,,,,,,,,,,,,,,,,,,,,,,,,,,,,,,,,,,,,,,,,,,,,,,,,,,,,,,,,,,,,,,,,,,,,,,,,,,,,,,,,,,,,,,,,,,,,,,,,,,,,,,,,,,,,,,,,,,,,,,,13DEC1972,7,2,,2,2,3,,NSP,,,,2,2,0,2,1,2,YAMAHA,600,R6 (YZF-R6),SPORTIVE,2,2003,28,2,2,10000,,DUCATI,848,848 SUPERBIKE EVO,SPORTIVE,2,2011,25,2,2,5000,,,,,,,,,,,,,,,,,,,,,,,,,,,,,,,,,,,15000,3,4,,,,,,,,NRP,,,NRP,2007,,,1991,NRP,,,
408,3001,,0,,,,,,,,,,,,,,,,,,,,,,,,,,,,,,,,,,,,,,,,,,,,,,,,,,,,,,,,,,,,,,,,,,,,,,,,,,,,,,,,,,,,,,,,,,,,,,,,,,,,,,,,,,,,,,,,,,,,,,,,,,,,,,,,,,,,,,,,,,,,,,,,,,,,,,,,,,,,,,,,,,,,,,,,,,,,,,,,,,,,,,,,,,,,,,,,,,,,,,,,,,,,,,,,,,,,,,,,,,,,,,,,,,,,,,,,,,,,,,,,,,,,,,,,,,,,,,,,,,,,,,,,,,,,,,,,,,,,,,,,,,,10FEB1972,6,1,,2,2,3,,NSP,,,,1,0,0,1,0,1,SUZUKI,750,GSX-R,SPORTIVE,2,1992,37,3,1,5000,,,,,,,,,,,,,,,,,,,,,,,,,,,,,,,,,,,,,,,,,,,,,,5000,4,3,,,,,,,,NRP,,,NRP,2007,,,1993,NRP,,,
144,3004,,1,0,4,,,,,,0,3,,,,,,0,3,,,,,,0,3,,,,,,0,5,,,,,,0,2,,,,,,0,4,,,,,,0,5,,,,,,0,4,,,,,,0,5,,,,,,0,5,,,,,,0,4,,,,,,1,4,2010,,,,,0,4,,,,,,1,1,2,2011,,,,,cercottes,,,,,Un animal (chevreuil) a surgit et m'a coupé la route.,,,,,0,0,0,1,4,1,71,15,2011,cercottes,,,,,,,,,,,,,,,,,,,,,,,,,,,,,,,,,,,,,,,,,,,,,,,,,,,,,,,,,,,,,,,,,,,,,,,,,,,,,,,,,,,,,,,,,,,,,,,,,,,,,,,,,,,,,,,,,,,,,,,,,,,,,,,,,,,,,,,,,,,,,,,,,,,,,,,,,,,,,14MAY1978,6,2,,2,2,3,,NSP,,,,1,0,0,1,0,1,YAMAHA,1300,FJR ABS  AS,ROUTIERE / GT,2,2010,9,2,1,15000,,,,,,,,,,,,,,,,,,,,,,,,,,,,,,,,,,,,,,,,,,,,,,15000,2,3,4,,,,,,,NRP,,,1996,2010,,,1996,NRP,,,
937,3006,134,1,0,2,,,,,,0,5,,,,,,0,5,,,,,,0,3,,,,,,0,5,,,,,,0,3,,,,,,0,4,,,,,,0,5,,,,,,1,4,2010,,,,,0,4,,,,,,0,6,,,,,,0,2,,,,,,0,2,,,,,,1,4,2011,,,,,0,,2,,,,,,,,,,,,,,,,,,4,0,14,1,66,14,2011,,2011,"Alors que vous étiez en train de rouler, un piéton a traversé devant vous.",3,4,5,6,,,,"Une rue à double sens dans une ville de la région parisienne en hiver. Je sors de chez moi pour aller au travail. Cette rue a de nombreuses rues perpendiculaires, pas toutes marquées par un stop donc j'y vais toujours doucement. çà déboule dans tous les sens. Soudain une ombre devant moi, un choc, je pile sans verser la moto. En me retournant, je vois une poussette renversée avec un enfant dedans, et une femme allongée plus loin, la tête contre le trottoir, le corps sur la voie publique, inconsciente. Je m'approche d'elle. Un passant relève la poussette. La femme perd du sang par l'arrière du crane, c'est impressionnant. A ce moment là je me dis que je l'ai tuée. J'ai compris plus tard que je n'avais pas heurté la poussette mais la femme. Elle a repris connaissance en 1 minute mais au final elle a une fracture du crane et 3 semaines d'arrêt. En reprenant mes esprits, je regarde autour de moi et vois qu'elle a traversé en débouchant derrière une camionnette mal garée a moitié sur le trottoir, à moitié sur la rue. Hors passage piéton. Lors de ma déposition à la police, j'apprends qu'elle a déclaré qu'elle était pressée et courait presque, qu'elle était perdue dans ses pensées et n'avais pas entendu ou vu la moto arriver. Je lui en veux encore. A cause de son imprudence, j'ai failli tuer un enfant alors que je n'ai commis aucune faute ni dans l'esprit ni dans la lettre du code de la route et du bon comportement routier. J'en ai déduit que nous sommes tous dangereux pour nous même ou autrui, que nous soyons à pied, à vélo, en voiture, ou à moto. Que nous soyons en mouvement ou (mal) garé. Ni plus dangereux ni moins dangereux selon le mode de déplacement. Seul notre comportement induit des situations accidentogènes.","une camionnette mal garée  Sans elle, j'aurais vu le piéton arriver.","J'ai pilé par réflexe.  Vu les circonstances votre question ne s'applique pas. J'ai pilé mais pas arrêté la moto avant d'avoir heurté le piéton. Là, c'est la fin de l'accident.",3,0,,,Je n'aurai pas pu voir le piéton vu la configuration. Et le freinage réflexe est quelque chose d'incontrôlable.,2,1,2,,NSP,1,le chauffeur de la camionnette mal garée a réduit à zéro ma capacité d'anticipation de l'arrivée du piéton,2,6,7,9,,,colère,,1,,,,3,2,"une espèce d'incompréhension de ce qu'il est en train de se passer, pendant 1 ou 2 secondes.",4,3,,,1,1,2,4,1,1,1,1,1,3,4,4,4,10,,,,,,,,,2,,,,,,,,,2,2,,2,1,1,1,0,100,0,0,0,2,,,,,,AUT|peu de circulation mais allure très lente sur toutes les rues,3,,,,2,0,,,,,,,,,,1,1,1,1,0,35,1,2,3,4,7,9,,,,,4,4,4,4,4,3,BMW,1200,R1200GS ABS,TRAIL / SUPERMOTARD,2,0,0,0,1,1,2,1,2,2,0,NSP,NSP,4,1,HONDA,1000,VARADERO,TRAIL / SUPERMOTARD,2,4,4,16SEP1968,5,1,,2,2,3,,NSP,,,,1,0,0,1,0,1,BMW,1200,R1200GS ABS,TRAIL / SUPERMOTARD,2,2006,37,1,2,10000,,,,,,,,,,,,,,,,,,,,,,,,,,,,,,,,,,,,,,,,,,,,,,10000,3,4,,,,,,,,NRP,,,NRP,1986,,,1986,NRP,,,