Ligne,Ligne Q qualif,Ligne approfondissement Accident,ACCIDENT,NBACC1,ACCFREQUENCE1,ANNEEACC1_1,ANNEEACC1_2,ANNEEACC1_3,ANNEEACC1_4,ANNEEACC1_5,NBACC2,ACCFREQUENCE2,ANNEEACC2_1,ANNEEACC2_2,ANNEEACC2_3,ANNEEACC2_4,ANNEEACC2_5,NBACC3,ACCFREQUENCE3,ANNEEACC3_1,ANNEEACC3_2,ANNEEACC3_3,ANNEEACC3_4,ANNEEACC3_5,NBACC4,ACCFREQUENCE4,ANNEEACC4_1,ANNEEACC4_2,ANNEEACC4_3,ANNEEACC4_4,ANNEEACC4_5,NBACC5,ACCFREQUENCE5,ANNEEACC5_1,ANNEEACC5_2,ANNEEACC5_3,ANNEEACC5_4,ANNEEACC5_5,NBACC6,ACCFREQUENCE6,ANNEEACC6_1,ANNEEACC6_2,ANNEEACC6_3,ANNEEACC6_4,ANNEEACC6_5,NBACC7,ACCFREQUENCE7,ANNEEACC7_1,ANNEEACC7_2,ANNEEACC7_3,ANNEEACC7_4,ANNEEACC7_5,NBACC8,ACCFREQUENCE8,ANNEEACC8_1,ANNEEACC8_2,ANNEEACC8_3,ANNEEACC8_4,ANNEEACC8_5,NBACC9,ACCFREQUENCE9,ANNEEACC9_1,ANNEEACC9_2,ANNEEACC9_3,ANNEEACC9_4,ANNEEACC9_5,NBACC10,ACCFREQUENCE10,ANNEEACC10_1,ANNEEACC10_2,ANNEEACC10_3,ANNEEACC10_4,ANNEEACC10_5,NBACC11,ACCFREQUENCE11,ANNEEACC11_1,ANNEEACC11_2,ANNEEACC11_3,ANNEEACC11_4,ANNEEACC11_5,NBACC12,ACCFREQUENCE12,ANNEEACC12_1,ANNEEACC12_2,ANNEEACC12_3,ANNEEACC12_4,ANNEEACC12_5,NBACC13,ACCFREQUENCE13,ANNEEACC13_1,ANNEEACC13_2,ANNEEACC13_3,ANNEEACC13_4,ANNEEACC13_5,NBACC14,ACCFREQUENCE14,ANNEEACC14_1,ANNEEACC14_2,ANNEEACC14_3,ANNEEACC14_4,ANNEEACC14_5,AUTRESACC,NBAUTRESACC,TOTAL_AC,ANNEEAUTREACC1,ANNEEAUTREACC2,ANNEEAUTREACC3,ANNEEAUTREACC4,ANNEEAUTREACC5,LIEUAUTREACC1,LIEUAUTREACC2,LIEUAUTREACC3,LIEUAUTREACC4,LIEUAUTREACC5,DESCRIPTIONAUTRESACC1,DESCRIPTIONAUTRESACC2,DESCRIPTIONAUTRESACC3,DESCRIPTIONAUTRESACC4,DESCRIPTIONAUTRESACC5,NBAUTRESACCCIRCUIT,NBAUTRESTOUTTERRAIN,EXPCYCLO,EXP125,EXPSUP125,ACCORDNEXTQ,CHOIXACC,RGPMTACC,RECUPANNEE,RECUPLIEU,RECUPANNE,RGPMTAC,CHOIX1,CHOIX2,CHOIX3,CHOIX4,CHOIX5,CHOIX6,CHOIX7,DESCRIPTION,RUPTURE,FAITS,ABS_REACTION,AUTRE_REACTION,PRECISIONREACTIONOUI,RECUL,PRECISIONREACTIONNON,IMPACTCOMPORTEMENT,AUTREUSAGER,REACTIONAUTREUSAGER,CONNAISSANCEREACTIONUSAGER,DIFFICULTES,AGGRAVATION,DIFFICULTES2,EMOTIONS1,EMOTIONS2,EMOTIONS3,EMOTIONS4,EMOTIONS5,EMOTIONS6,AUTRESENTIMENT,CLASSEMENTEMOTIONS1,CLASSEMENTEMOTIONS,CLASSEMENTEMOTIONS5,CLASSEMENTEMOTIONS6,CLASSEMENTEMOTIONS7,CLASSEMENTEMOTIONS8,CLASSEMENTEMOTIONS9,EXPLICATIONRESSENTI,BIENEQUIPE,ALLURE,ALLUREVITEDETAIL,ALLURELENTEDETAIL,SITUATIONPRESSE,SITUATIONDISTRAIT,SITUATIONCONFIANT,SITUATIONCONTROLE,SITUATIONLUDIQUE,SITUATIONPERF,SITUATIONSTRESS,SITUATIONFATIGUE,HUMEURNEUTRE,HUMEURGAI,HUMEURMECONTENT,HUMEURTRISTE,HUMEURCOLERE,CONTRIBUTION1,CONTRIBUTION2,CONTRIBUTION3,CONTRIBUTION4,CONTRIBUTION5,CONTRIBUTION6,CONTRIBUTION7,CONTRIBUTION8,CONTRIBUTION9,ROLEINFRA,ELEMENTINFRA1,ELEMENTINFRA2,ELEMENTINFRA3,ELEMENTINFRA4,ELEMENTINFRA5,ELEMENTINFRA6,ELEMENTINFRA7,ELEMENTINFRA8,ELEMENTINFRA9,ALCOOL,TXALCOOL,STUP,SEMAINE,MOMENTJOURNEE,TEMPS,CAUSEACC1,CAUSEACC2,CAUSEACC3,CAUSEACC4,CAUSEACC5,FORMATIONCAUSE,FORMATION1,FORMATION2,FORMATION3,FORMATION4,FORMATION5,TRAFIC,CHAUSSEE1,CHAUSSEE2,CHAUSSEE3,CHAUSSEE4,TYPEACC,BLESSURE,TETE,COU,THORAX,MEMBRESSUP,COLONNE,BASSIN,MEMBRESINF,HOPITAL,PLUS24H,TRAJET,TYPEROUTE,MOTIF,SENSTRAJET,PASSAGER,VITESSE,DESCEQ1,DESCEQ2,DESCEQ3,DESCEQ4,DESCEQ5,DESCEQ6,DESCEQ7,DESCEQ8,DESCEQ9,DESCEQ10,VEHICULEETE,VEHICULEAUTOMNE,VEHICULEPRINTEMPS,VEHICULEHIVER,VEHICULESEMAINE,VEHICULEWE,VEHMARQUE,VEHCYLINDREE,VEHMODELE,VEHSEGMENT,VEHSIDE,EQ2RMABS,EQ2RMCBS,EQ2RMABSCBS,EQ2RMREGULATEUR,EQ2RMLIMITEUR,EQ2RMPHARESDIRECT,EQ2RMCOUPURE,EQ2RMANTIPATINAGE,EQ2RMANTIXHEELING,EQ2RMSTABILILTE,VEHKM,POINTS,DUREE,AUTRE2RM,VEHPRECMARQUE,VEHPRECCYLINDREE,VEHPRECMODELE,VEHPRECSEGMENT,VEHPRECSIDE,TEMPS2RMPREC,FREQVEHPREC,DATE_NAISS,CSP,SOCIETAIRE,SALARIE,SECTEUR2RM,NBPERSFOYER,SITFAM,NBENF,TRNBENF1,TRNBENF2,TRNBENF3,TRNBENF4,NBAUTOFOYER,NBCYCLOFOYER,NBSCOOTFOYER,NBMOTOFOYER,NBTRIKEFOYER,NB2RMCONDUIT,MARQUE1,CYLINDREE1,MODELE1,SEGMENT1,SIDE1,ANMISECIRCU1,ASS1,FREQ1,USAGE1,NBKM1,GARAGE1,MARQUE2,CYLINDREE2,MODELE2,SEGMENT2,SIDE2,ANMISECIRCU2,ASS2,FREQ2,USAGE2,NBKM2,GARAGE2,MARQUE3,CYLINDREE3,MODELE3,SEGMENT3,SIDE3,ANMISECIRCU3,ASS3,FREQ3,USAGE3,NBKM3,GARAGE3,MARQUE4,CYLINDREE4,MODELE4,SEGMENT4,SIDE4,ANMISECIRCU4,ASS4,FREQ4,USAGE4,NBKM4,GARAGE4,MARQUE5,CYLINDREE5,MODELE5,SEGMENT5,SIDE5,ANMISECIRCU5,ASS5,FREQ5,USAGE5,NBKM5,GARAGE5,NBKMTOT,PERMIS1,PERMIS2,PERMIS3,PERMIS4,PERMIS5,PERMIS6,PERMIS7,PERMIS8,PERMIS9,ANPERMIS1,ANPERMIS6,ANPERMIS7,ANPERMIS2,ANPERMIS3,ANPERMIS8,ANPERMIS9,ANPERMIS4,ANPERMIS5,,,
1342,3043,,1,0,3,,,,,,0,3,,,,,,0,3,,,,,,0,4,,,,,,0,3,,,,,,1,3,2006,,,,,0,2,,,,,,0,1,,,,,,0,1,,,,,,0,4,,,,,,0,3,,,,,,0,2,,,,,,1,3,2008,,,,,0,2,,,,,,0,,2,,,,,,,,,,,,,,,,,,3,5,5,1,61,13,2008,,,,,,,,,,,,,,,,,,,,,,,,,,,,,,,,,,,,,,,,,,,,,,,,,,,,,,,,,,,,,,,,,,,,,,,,,,,,,,,,,,,,,,,,,,,,,,,,,,,,,,,,,,,,,,,,,,,,,,,,,,,,,,,,,,,,,,,,,,,,,,,,,,,,,,,,,,,,,,15OCT1970,5,2,,2,1,1,,NSP,,,,0,0,1,0,0,1,YAMAHA,500,T-MAX IE ABS,SCOOTER,2,2011,10,1,2,15000,,,,,,,,,,,,,,,,,,,,,,,,,,,,,,,,,,,,,,,,,,,,,,15000,4,3,,,,,,,,NRP,,,NRP,2009,,,1989,NRP,,,
2051,3056,,0,,,,,,,,,,,,,,,,,,,,,,,,,,,,,,,,,,,,,,,,,,,,,,,,,,,,,,,,,,,,,,,,,,,,,,,,,,,,,,,,,,,,,,,,,,,,,,,,,,,,,,,,,,,,,,,,,,,,,,,,,,,,,,,,,,,,,,,,,,,,,,,,,,,,,,,,,,,,,,,,,,,,,,,,,,,,,,,,,,,,,,,,,,,,,,,,,,,,,,,,,,,,,,,,,,,,,,,,,,,,,,,,,,,,,,,,,,,,,,,,,,,,,,,,,,,,,,,,,,,,,,,,,,,,,,,,,,,,,,,,,,,29JUN1970,5,2,,2,2,3,,NSP,,,,0,0,1,0,0,1,YAMAHA,500,T-MAX IE TECH MAX ABS,SCOOTER,2,2012,23,1,2,6500,,,,,,,,,,,,,,,,,,,,,,,,,,,,,,,,,,,,,,,,,,,,,,6500,4,3,,,,,,,,NRP,,,NRP,1988,,,1988,NRP,,,
1954,3058,,0,,,,,,,,,,,,,,,,,,,,,,,,,,,,,,,,,,,,,,,,,,,,,,,,,,,,,,,,,,,,,,,,,,,,,,,,,,,,,,,,,,,,,,,,,,,,,,,,,,,,,,,,,,,,,,,,,,,,,,,,,,,,,,,,,,,,,,,,,,,,,,,,,,,,,,,,,,,,,,,,,,,,,,,,,,,,,,,,,,,,,,,,,,,,,,,,,,,,,,,,,,,,,,,,,,,,,,,,,,,,,,,,,,,,,,,,,,,,,,,,,,,,,,,,,,,,,,,,,,,,,,,,,,,,,,,,,,,,,,,,,,,03SEP1963,5,2,,2,2,3,,NSP,,,,1,0,1,0,0,1,HONDA,125,S-WING ABS,SCOOTER,2,2010,31,1,2,3500,,,,,,,,,,,,,,,,,,,,,,,,,,,,,,,,,,,,,,,,,,,,,,3500,2,4,,,,,,,,NRP,,,1993,NRP,,,1993,NRP,,,
1068,3066,,1,1,3,2002,,,,,0,3,,,,,,0,4,,,,,,0,2,,,,,,0,3,,,,,,0,4,,,,,,0,3,,,,,,2,5,1998,2003,,,,1,5,1999,,,,,0,3,,,,,,0,4,,,,,,0,2,,,,,,0,2,,,,,,0,2,,,,,,0,,4,,,,,,,,,,,,,,,,,,4,8,17,1,1,1,2002,,,,,,,,,,,,,,,,,,,,,,,,,,,,,,,,,,,,,,,,,,,,,,,,,,,,,,,,,,,,,,,,,,,,,,,,,,,,,,,,,,,,,,,,,,,,,,,,,,,,,,,,,,,,,,,,,,,,,,,,,,,,,,,,,,,,,,,,,,,,,,,,,,,,,,,,,,,,,,04AUG1979,8,2,,2,1,1,,NSP,,,,1,0,0,5,0,5,HONDA,900,HORNET (CB-F),ROADSTER,2,2005,2,2,1,7000,,YAMAHA,125,TW,TRAIL / SUPERMOTARD,2,2004,2,1,2,2500,,HONDA,500,XL-S (MTT2),TRAIL / SUPERMOTARD,2,1979,2,4,1,200,,HONDA,750,CB-SEVEN FIFTY,ROADSTER,2,1992,2,4,1,1500,,HONDA,250,CR-R,"TOUT TERRAIN (TRIAL, ENDURO, CROSS)",2,1989,41,4,1,400,,11600,3,4,,,,,,,,NRP,,,NRP,1998,,,1997,NRP,,,
96,3073,,0,,,,,,,,,,,,,,,,,,,,,,,,,,,,,,,,,,,,,,,,,,,,,,,,,,,,,,,,,,,,,,,,,,,,,,,,,,,,,,,,,,,,,,,,,,,,,,,,,,,,,,,,,,,,,,,,,,,,,,,,,,,,,,,,,,,,,,,,,,,,,,,,,,,,,,,,,,,,,,,,,,,,,,,,,,,,,,,,,,,,,,,,,,,,,,,,,,,,,,,,,,,,,,,,,,,,,,,,,,,,,,,,,,,,,,,,,,,,,,,,,,,,,,,,,,,,,,,,,,,,,,,,,,,,,,,,,,,,,,,,,,,26OCT1990,10,2,,2,4,5,0,NSP,,,,2,0,0,1,0,1,HONDA,500,CB,ROADSTER,2,1994,20,2,2,10000,,,,,,,,,,,,,,,,,,,,,,,,,,,,,,,,,,,,,,,,,,,,,,10000,1,3,4,,,,,,,2009,,,NRP,2012,,,2011,NRP,,,
46,3123,,0,,,,,,,,,,,,,,,,,,,,,,,,,,,,,,,,,,,,,,,,,,,,,,,,,,,,,,,,,,,,,,,,,,,,,,,,,,,,,,,,,,,,,,,,,,,,,,,,,,,,,,,,,,,,,,,,,,,,,,,,,,,,,,,,,,,,,,,,,,,,,,,,,,,,,,,,,,,,,,,,,,,,,,,,,,,,,,,,,,,,,,,,,,,,,,,,,,,,,,,,,,,,,,,,,,,,,,,,,,,,,,,,,,,,,,,,,,,,,,,,,,,,,,,,,,,,,,,,,,,,,,,,,,,,,,,,,,,,,,,,,,,01JAN1980,7,2,,2,3,4,1,4,,,,4,1,0,1,0,1,KAWASAKI,600,ZZR,ROUTIERE / GT,2,1993,2,2,1,5000,,,,,,,,,,,,,,,,,,,,,,,,,,,,,,,,,,,,,,,,,,,,,,5000,3,4,,,,,,,,NRP,,,NRP,2010,,,1998,NRP,,,
698,3125,289,1,0,4,,,,,,0,5,,,,,,0,4,,,,,,0,4,,,,,,0,4,,,,,,0,1,,,,,,0,3,,,,,,0,3,,,,,,1,2,2004,,,,,0,6,,,,,,0,6,,,,,,0,1,,,,,,0,4,,,,,,0,4,,,,,,0,,1,,,,,,,,,,,,,,,,,,0,0,11,1,41,9,2004,,2004,"Vous avez fait une sortie de route, une perte de contrôle ou une glissade sans rien percuter.",1,,,,,,,"En ville, la voiture me précédent a pilé sans aucune raison. En freinant (distance de sécurité correcte), ma roue avant à bloqué (flaque d'huile au sol), ce qui a entrainé ma chute.",mauvaise réaction de l'automobiliste me précédent + présence d'huile sur la route,NRP,2,0,,,impossibilité de prévoir la manuvre de l'automobiliste ou la flaque d'huile,1,1,1,1,l'automobiliste me suivant gardant une bonne distance avec moi a eu le temps de freiner,2,NRP,2,3,,,,,,,1,2,,,,,me suis demandé pourquoi l'automobiliste freinait,3,3,,,1,1,4,4,3,1,1,1,4,2,4,4,4,10,,,,,,,,,2,,,,,,,,,2,2,,2,1,1,1,0,50,0,50,0,2,,,,,,2,1,6,,,2,1,4,6,7,,,,,1,0,1,1,1,1,0,30,1,10,2,3,4,,,,,,4,3,3,1,4,4,SUZUKI,600,BANDIT-S,ROADSTER,2,1,1,1,1,1,1,1,1,1,1,26000,12,3,0,,,,,,,,11JAN1980,7,2,,2,3,4,1,1,,,,2,1,0,1,0,1,HONDA,600,"CB-F ""N"" ABS",ROADSTER,2,2007,33,1,2,8000,,,,,,,,,,,,,,,,,,,,,,,,,,,,,,,,,,,,,,,,,,,,,,8000,3,4,,,,,,,,NRP,,,NRP,2003,,,1998,NRP,,,
953,3134,,0,,,,,,,,,,,,,,,,,,,,,,,,,,,,,,,,,,,,,,,,,,,,,,,,,,,,,,,,,,,,,,,,,,,,,,,,,,,,,,,,,,,,,,,,,,,,,,,,,,,,,,,,,,,,,,,,,,,,,,,,,,,,,,,,,,,,,,,,,,,,,,,,,,,,,,,,,,,,,,,,,,,,,,,,,,,,,,,,,,,,,,,,,,,,,,,,,,,,,,,,,,,,,,,,,,,,,,,,,,,,,,,,,,,,,,,,,,,,,,,,,,,,,,,,,,,,,,,,,,,,,,,,,,,,,,,,,,,,,,,,,,,16OCT1978,8,2,,2,3,4,1,1,,,,2,1,0,1,0,1,YAMAHA,1000,R1 IE (YZF-R1),SPORTIVE,2,2009,14,2,1,6000,,,,,,,,,,,,,,,,,,,,,,,,,,,,,,,,,,,,,,,,,,,,,,6000,2,3,4,,,,,,,NRP,,,1996,2007,,,1996,NRP,,,
931,3145,,1,0,4,,,,,,0,6,,,,,,0,6,,,,,,0,6,,,,,,0,4,,,,,,0,3,,,,,,0,5,,,,,,0,4,,,,,,0,4,,,,,,0,4,,,,,,0,6,,,,,,0,3,,,,,,0,2,,,,,,0,2,,,,,,1,1,1,2009,,,,,Montrouge,,,,,En scooter 125 (à l'époque). Percuté sur l'arrière droit par une voiture alors que tout deux tournions sur la gauche à un carrefour ouvert (pour rejoindre le périphérique).,,,,,0,0,0,1,4,1,71,15,2009,Montrouge,,,,,,,,,,,,,,,,,,,,,,,,,,,,,,,,,,,,,,,,,,,,,,,,,,,,,,,,,,,,,,,,,,,,,,,,,,,,,,,,,,,,,,,,,,,,,,,,,,,,,,,,,,,,,,,,,,,,,,,,,,,,,,,,,,,,,,,,,,,,,,,,,,,,,,,,,,,,,13OCT1978,5,2,,2,4,4,2,1,,,,2,0,0,2,0,2,TRIUMPH,675,STREET TRIPLE,ROADSTER,2,2012,29,1,2,10000,,DUCATI,600,MONSTER,ROADSTER,2,1997,29,4,1,1000,,,,,,,,,,,,,,,,,,,,,,,,,,,,,,,,,,,11000,3,4,,,,,,,,NRP,,,NRP,2011,,,1997,NRP,,,
747,3162,404,1,0,6,,,,,,0,5,,,,,,0,6,,,,,,0,4,,,,,,1,6,2013,,,,,0,3,,,,,,0,5,,,,,,0,6,,,,,,1,5,2012,,,,,1,5,2013,,,,,0,3,,,,,,0,3,,,,,,1,3,2012,,,,,0,3,,,,,,1,2,6,2014,2014,,,,Amiens,Amiens,,,,Un autre véhicule a perdu le contrôle dans un rond-point et m'a percutée.,"Alors que j'étais à l'arrêt, un véhicule n'ayant pas freiné assez tôt m'est rentré dedans.",,,,0,0,0,3,1,1,21,5,2013,,2013,Vous circuliez sur un axe prioritaire. Un véhicule venant dun axe non prioritaire vous a coupé la route.,5,6,,,,,,"Cet accident s'est produit alors je prenais un rond-point en intérieur. Je m'apprêtais à me réintroduire sur le file extérieure pour sortir quant une voiture m'a heurtée pour être dans la file intérieure, sans clignotant. Je suis tombée instanténément de ma moto mais elle a continué sa trajectoire sur 50m. J'ai perdu transitoirement connaissance, mais n'ai eu aucune séquelle.  La manette de mon embrayage a été cassé, ma moto rayée mais globalement je n'ai pas eu de soucis.","Quand j'ai vu la voiture approchait de moi, que j'ai compris qu'un contre braquage ne l'éviterait pas et qu'un impact aurait lieu, j'ai lâché ma moto. Je n'ai pas eu le temps de sauter, ce que je comptais pourtant faire initialement. Mais je pense que c'est ce qui a permis que je n'ai pas de séquelle.",Cf réponse précédente.  L'autre usager a continué sa trajectoire après m'avoir renversée.,NRP,0,,,Je suis convaincue que ma réaction est celle qui fallait.,2,1,2,,NSP,1,C'est le fait que cet usager ne se soit pas signalé que l'accident a eu lieu,1,6,,,,,,2,,,,,1,,J'ai constaté de manière concrète que des accidents pouvaient arriver alors qu'on se comportait de façon normale,4,3,,,2,2,4,4,2,1,2,3,1,3,4,4,4,4,5,,,,,,,,2,,,,,,,,,2,2,,2,1,1,2,0,100,0,0,0,2,,,,,,1,2,,,,2,1,1,4,7,,,,,0,,2,1,3,,0,30,1,2,3,4,7,9,,,,,4,3,3,2,3,2,YAMAHA,125,YB-R,ROADSTER,2,1,1,1,1,1,1,0,2,2,2,2000,12,3,0,,,,,,,,06MAY1995,10,1,,2,2,5,0,NSP,,,,1,0,0,1,0,1,YAMAHA,125,YB-R,ROADSTER,2,2011,37,3,1,2000,,,,,,,,,,,,,,,,,,,,,,,,,,,,,,,,,,,,,,,,,,,,,,2000,2,,,,,,,,,NRP,,,2011,NRP,,,NRP,NRP,,,
103,3168,84,1,1,3,2006,,,,,0,4,,,,,,0,5,,,,,,0,5,,,,,,0,5,,,,,,0,2,,,,,,0,3,,,,,,0,2,,,,,,1,4,1996,,,,,0,6,,,,,,0,5,,,,,,0,2,,,,,,0,5,,,,,,0,2,,,,,,0,,2,,,,,,,,,,,,,,,,,,2,4,15,1,1,1,2006,,2006,Vous circuliez sur un axe prioritaire. Un autre véhicule arrivant sur le même axe en sens opposé vous a coupé la route en tournant à gauche.,4,6,,,,,,"Cet accident s'est passé à Linas (91), donc en ville. Je roulais à 35/40 km/h à l'approche d'un croisement, quand un Renault Express rouge, venant en sens inverse, a tourné à gauche. J'ai eu peur et j'ai freiné trop brutalement, bloquant la roue avant. La moto s'est couchée et je suis passé par dessus. L'express s'est arrêté puis est reparti en vitesse. Un automobiliste est immédiatement venu s'occuper de moi et signaler ma présence car je suis resté couché au sol. Beaucoup de voiture sont passées et il m'a semblé que peu de chauffeur se sont réellement aperçu que j'étais par terre. À un moment, mon bon samaritain s'est carrément mis debout au dessus de moi ! Puis les pompiers sont arrivée et m'ont pris en charge.","Comme dit à la page précédente, j'ai été surpris, j'ai eu peur et j'ai freiné trop brutalement. J'ai ensuite été incapable de me reprendre et de prendre conscience de la situation. Je me suis cramponné au guidon tout en serrant le frein avant.  Mon passage par dessus la moto, a provoqué une grave entorse du pouce.",Voir question précédente,1,1,"Pour différentes raisons personnelles et après analyse, je me suis ""jeté"" par terre pour m'obliger à changer de vie. Ce que j'ai fait depuis. Si j'avais agit autrement, un autre accident serait arrivé et cela aurait pu être pire.",NRP,,2,0,,,,,,6,8,,,,,,,,,,,1,,Tout va très vite,2,3,,,2,1,1,3,1,1,3,2,4,4,3,4,4,10,,,,,,,,,2,,,,,,,,,2,2,,2,1,1,1,75,25,0,0,0,2,,,,,,3,1,,,,2,1,4,7,,,,,,1,1,1,1,3,,0,35,1,10,2,5,,,,,,,3,3,3,3,3,3,SUZUKI,650,FREEWIND (XF),ROADSTER,2,1,1,1,1,1,1,1,1,1,1,40000,12,2,1,HONDA,500,FT500 ASCOT,ROADSTER,2,4,3,02AUG1958,6,1,,2,2,3,,NSP,,,,1,0,1,0,0,1,HONDA,300,SH IE ABS,SCOOTER,2,2008,37,1,2,12000,,,,,,,,,,,,,,,,,,,,,,,,,,,,,,,,,,,,,,,,,,,,,,12000,4,3,2,,,,,,,NRP,,,1976,1978,,,1978,NRP,,,
1615,3170,,1,0,4,,,,,,0,5,,,,,,0,6,,,,,,0,5,,,,,,0,4,,,,,,0,4,,,,,,0,4,,,,,,0,3,,,,,,0,2,,,,,,1,5,2014,,,,,0,6,,,,,,0,4,,,,,,0,6,,,,,,0,6,,,,,,0,,1,,,,,,,,,,,,,,,,,,0,0,5,1,46,10,2014,,,,,,,,,,,,,,,,,,,,,,,,,,,,,,,,,,,,,,,,,,,,,,,,,,,,,,,,,,,,,,,,,,,,,,,,,,,,,,,,,,,,,,,,,,,,,,,,,,,,,,,,,,,,,,,,,,,,,,,,,,,,,,,,,,,,,,,,,,,,,,,,,,,,,,,,,,,,,,25MAY1978,7,2,,2,2,3,,NSP,,,,1,0,0,1,0,1,SUZUKI,1250,BANDIT-S ABS,ROADSTER,2,2008,28,1,2,10000,,,,,,,,,,,,,,,,,,,,,,,,,,,,,,,,,,,,,,,,,,,,,,10000,4,3,,,,,,,,NRP,,,NRP,2011,,,1997,NRP,,,
445,3189,,1,0,6,,,,,,0,5,,,,,,0,5,,,,,,0,5,,,,,,0,5,,,,,,0,5,,,,,,0,3,,,,,,1,4,2010,,,,,0,3,,,,,,0,5,,,,,,0,5,,,,,,0,5,,,,,,0,4,,,,,,0,4,,,,,,0,,1,,,,,,,,,,,,,,,,,,2,2,3,0,,NRP,,,,,,,,,,,,,,,,,,,,,,,,,,,,,,,,,,,,,,,,,,,,,,,,,,,,,,,,,,,,,,,,,,,,,,,,,,,,,,,,,,,,,,,,,,,,,,,,,,,,,,,,,,,,,,,,,,,,,,,,,,,,,,,,,,,,,,,,,,,,,,,,,,,,,,,,,,,,,,,21JUL1962,5,2,,2,4,4,2,4,,,,2,1,1,0,0,1,HONDA,600,SW-T,SCOOTER,2,2011,21,1,2,6000,,,,,,,,,,,,,,,,,,,,,,,,,,,,,,,,,,,,,,,,,,,,,,6000,3,4,,,,,,,,NRP,,,NRP,2011,,,1980,NRP,,,
1327,3203,,0,,,,,,,,,,,,,,,,,,,,,,,,,,,,,,,,,,,,,,,,,,,,,,,,,,,,,,,,,,,,,,,,,,,,,,,,,,,,,,,,,,,,,,,,,,,,,,,,,,,,,,,,,,,,,,,,,,,,,,,,,,,,,,,,,,,,,,,,,,,,,,,,,,,,,,,,,,,,,,,,,,,,,,,,,,,,,,,,,,,,,,,,,,,,,,,,,,,,,,,,,,,,,,,,,,,,,,,,,,,,,,,,,,,,,,,,,,,,,,,,,,,,,,,,,,,,,,,,,,,,,,,,,,,,,,,,,,,,,,,,,,,04DEC1963,7,2,,2,5,4,3,4,,,,1,0,1,1,0,2,DAELIM,125,S2 FREEWING IE,SCOOTER,2,2007,33,3,2,2500,,YAMAHA,1000,FZ1 FAZER,ROADSTER,2,2005,33,2,1,5000,,,,,,,,,,,,,,,,,,,,,,,,,,,,,,,,,,,7500,2,3,4,,,,,,,NRP,,,1982,2011,,,1982,NRP,,,
1176,3205,269,1,0,5,,,,,,0,6,,,,,,0,6,,,,,,0,3,,,,,,0,4,,,,,,0,3,,,,,,0,2,,,,,,0,5,,,,,,0,3,,,,,,0,1,,,,,,0,3,,,,,,0,3,,,,,,0,4,,,,,,0,2,,,,,,1,1,1,2012,,,,,Rouen,,,,,Chute seul a moto sans rien percuté,,,,,0,0,0,0,3,1,71,15,2012,Rouen,2012,Autre(s) type(s) d'accident(s).,1,,,,,,,"L'accident a eu lieu alors que je quittais mon travail ( après 24h de travail : pompier ) avec un peu de fatigue, vers 8-9h en décembre.La route était légérement humide et les pneus encore froid et en fin de vie. Je partais d'un feu et je me suis engagé dans une courbe en 1ere, la roue ariere a glissé pendant quelque seconde puis a recupéré du grip. Etant en crabe dans la courbe la moto a été projeté dans le sens opposé avec moi ( comme un hide side un peu ). Bilan : moto détruite et clavicule pour le pilote","Fatigue, manque d'expérience, climat, pneu","Accident seul.  Le temps passe très vite et à peine le temps de réagir que la moto part dans l'autre sens me projetant dans les airs. Le contact avec le sol est rapide et je ne sais comment je me releve sur mes jambes ( un beau roulé boulé je pense ). Une fois sur mes jambes le coeur bat rapidement, je sens l'adrénaline. Je regarde autours de moi pour prendre mes repere, des debris de moto partout. Je vais voir et constate les débats. Des gens viennent à ma rencontre pour m'aider, et m'installe dans leur véhicule c'est a ce momment que je commence à resentir des douleurs",2,1,Prise du virage moins dans les tours.,Méconnaissance d'un phénomene.,,2,0,,,,,,3,,,,,,,,,1,,,,,Ne pas comprendre pk la moto faisais ça. Comme la récupéré,3,1,3,,3,2,3,2,2,1,1,4,2,4,4,4,4,10,,,,,,,,,1,3,,,,,,,,2,2,,2,1,1,2,70,0,0,15,15,2,,,,,,2,2,,,,2,1,4,,,,,,,1,0,1,1,1,2,0,50,1,2,3,4,7,9,,,,,4,2,3,2,3,4,BMW,1200,R1200RS,Routière / GT,2,0,0,2,0,1,1,1,0,0,0,NSP,0,3,0,,,,,,,,26AUG1987,7,2,,2,1,1,,NSP,,,,1,0,0,1,0,1,YAMAHA,600,FZ6-N,ROADSTER,2,2007,2,2,1,4500,,,,,,,,,,,,,,,,,,,,,,,,,,,,,,,,,,,,,,,,,,,,,,4500,4,3,,,,,,,,NRP,,,NRP,2011,,,2005,NRP,,,
1345,3217,,0,,,,,,,,,,,,,,,,,,,,,,,,,,,,,,,,,,,,,,,,,,,,,,,,,,,,,,,,,,,,,,,,,,,,,,,,,,,,,,,,,,,,,,,,,,,,,,,,,,,,,,,,,,,,,,,,,,,,,,,,,,,,,,,,,,,,,,,,,,,,,,,,,,,,,,,,,,,,,,,,,,,,,,,,,,,,,,,,,,,,,,,,,,,,,,,,,,,,,,,,,,,,,,,,,,,,,,,,,,,,,,,,,,,,,,,,,,,,,,,,,,,,,,,,,,,,,,,,,,,,,,,,,,,,,,,,,,,,,,,,,,,08JUL1983,7,1,,2,2,3,,NSP,,,,1,0,1,0,0,1,PIAGGIO,125,VESPA ET4,SCOOTER,2,2001,37,1,2,5000,,,,,,,,,,,,,,,,,,,,,,,,,,,,,,,,,,,,,,,,,,,,,,5000,4,,,,,,,,,NRP,,,NRP,NRP,,,2002,NRP,,,