Ligne,Ligne Q qualif,Ligne approfondissement Accident,ACCIDENT,NBACC1,ACCFREQUENCE1,ANNEEACC1_1,ANNEEACC1_2,ANNEEACC1_3,ANNEEACC1_4,ANNEEACC1_5,NBACC2,ACCFREQUENCE2,ANNEEACC2_1,ANNEEACC2_2,ANNEEACC2_3,ANNEEACC2_4,ANNEEACC2_5,NBACC3,ACCFREQUENCE3,ANNEEACC3_1,ANNEEACC3_2,ANNEEACC3_3,ANNEEACC3_4,ANNEEACC3_5,NBACC4,ACCFREQUENCE4,ANNEEACC4_1,ANNEEACC4_2,ANNEEACC4_3,ANNEEACC4_4,ANNEEACC4_5,NBACC5,ACCFREQUENCE5,ANNEEACC5_1,ANNEEACC5_2,ANNEEACC5_3,ANNEEACC5_4,ANNEEACC5_5,NBACC6,ACCFREQUENCE6,ANNEEACC6_1,ANNEEACC6_2,ANNEEACC6_3,ANNEEACC6_4,ANNEEACC6_5,NBACC7,ACCFREQUENCE7,ANNEEACC7_1,ANNEEACC7_2,ANNEEACC7_3,ANNEEACC7_4,ANNEEACC7_5,NBACC8,ACCFREQUENCE8,ANNEEACC8_1,ANNEEACC8_2,ANNEEACC8_3,ANNEEACC8_4,ANNEEACC8_5,NBACC9,ACCFREQUENCE9,ANNEEACC9_1,ANNEEACC9_2,ANNEEACC9_3,ANNEEACC9_4,ANNEEACC9_5,NBACC10,ACCFREQUENCE10,ANNEEACC10_1,ANNEEACC10_2,ANNEEACC10_3,ANNEEACC10_4,ANNEEACC10_5,NBACC11,ACCFREQUENCE11,ANNEEACC11_1,ANNEEACC11_2,ANNEEACC11_3,ANNEEACC11_4,ANNEEACC11_5,NBACC12,ACCFREQUENCE12,ANNEEACC12_1,ANNEEACC12_2,ANNEEACC12_3,ANNEEACC12_4,ANNEEACC12_5,NBACC13,ACCFREQUENCE13,ANNEEACC13_1,ANNEEACC13_2,ANNEEACC13_3,ANNEEACC13_4,ANNEEACC13_5,NBACC14,ACCFREQUENCE14,ANNEEACC14_1,ANNEEACC14_2,ANNEEACC14_3,ANNEEACC14_4,ANNEEACC14_5,AUTRESACC,NBAUTRESACC,TOTAL_AC,ANNEEAUTREACC1,ANNEEAUTREACC2,ANNEEAUTREACC3,ANNEEAUTREACC4,ANNEEAUTREACC5,LIEUAUTREACC1,LIEUAUTREACC2,LIEUAUTREACC3,LIEUAUTREACC4,LIEUAUTREACC5,DESCRIPTIONAUTRESACC1,DESCRIPTIONAUTRESACC2,DESCRIPTIONAUTRESACC3,DESCRIPTIONAUTRESACC4,DESCRIPTIONAUTRESACC5,NBAUTRESACCCIRCUIT,NBAUTRESTOUTTERRAIN,EXPCYCLO,EXP125,EXPSUP125,ACCORDNEXTQ,CHOIXACC,RGPMTACC,RECUPANNEE,RECUPLIEU,RECUPANNE,RGPMTAC,CHOIX1,CHOIX2,CHOIX3,CHOIX4,CHOIX5,CHOIX6,CHOIX7,DESCRIPTION,RUPTURE,FAITS,ABS_REACTION,AUTRE_REACTION,PRECISIONREACTIONOUI,RECUL,PRECISIONREACTIONNON,IMPACTCOMPORTEMENT,AUTREUSAGER,REACTIONAUTREUSAGER,CONNAISSANCEREACTIONUSAGER,DIFFICULTES,AGGRAVATION,DIFFICULTES2,EMOTIONS1,EMOTIONS2,EMOTIONS3,EMOTIONS4,EMOTIONS5,EMOTIONS6,AUTRESENTIMENT,CLASSEMENTEMOTIONS1,CLASSEMENTEMOTIONS,CLASSEMENTEMOTIONS5,CLASSEMENTEMOTIONS6,CLASSEMENTEMOTIONS7,CLASSEMENTEMOTIONS8,CLASSEMENTEMOTIONS9,EXPLICATIONRESSENTI,BIENEQUIPE,ALLURE,ALLUREVITEDETAIL,ALLURELENTEDETAIL,SITUATIONPRESSE,SITUATIONDISTRAIT,SITUATIONCONFIANT,SITUATIONCONTROLE,SITUATIONLUDIQUE,SITUATIONPERF,SITUATIONSTRESS,SITUATIONFATIGUE,HUMEURNEUTRE,HUMEURGAI,HUMEURMECONTENT,HUMEURTRISTE,HUMEURCOLERE,CONTRIBUTION1,CONTRIBUTION2,CONTRIBUTION3,CONTRIBUTION4,CONTRIBUTION5,CONTRIBUTION6,CONTRIBUTION7,CONTRIBUTION8,CONTRIBUTION9,ROLEINFRA,ELEMENTINFRA1,ELEMENTINFRA2,ELEMENTINFRA3,ELEMENTINFRA4,ELEMENTINFRA5,ELEMENTINFRA6,ELEMENTINFRA7,ELEMENTINFRA8,ELEMENTINFRA9,ALCOOL,TXALCOOL,STUP,SEMAINE,MOMENTJOURNEE,TEMPS,CAUSEACC1,CAUSEACC2,CAUSEACC3,CAUSEACC4,CAUSEACC5,FORMATIONCAUSE,FORMATION1,FORMATION2,FORMATION3,FORMATION4,FORMATION5,TRAFIC,CHAUSSEE1,CHAUSSEE2,CHAUSSEE3,CHAUSSEE4,TYPEACC,BLESSURE,TETE,COU,THORAX,MEMBRESSUP,COLONNE,BASSIN,MEMBRESINF,HOPITAL,PLUS24H,TRAJET,TYPEROUTE,MOTIF,SENSTRAJET,PASSAGER,VITESSE,DESCEQ1,DESCEQ2,DESCEQ3,DESCEQ4,DESCEQ5,DESCEQ6,DESCEQ7,DESCEQ8,DESCEQ9,DESCEQ10,VEHICULEETE,VEHICULEAUTOMNE,VEHICULEPRINTEMPS,VEHICULEHIVER,VEHICULESEMAINE,VEHICULEWE,VEHMARQUE,VEHCYLINDREE,VEHMODELE,VEHSEGMENT,VEHSIDE,EQ2RMABS,EQ2RMCBS,EQ2RMABSCBS,EQ2RMREGULATEUR,EQ2RMLIMITEUR,EQ2RMPHARESDIRECT,EQ2RMCOUPURE,EQ2RMANTIPATINAGE,EQ2RMANTIXHEELING,EQ2RMSTABILILTE,VEHKM,POINTS,DUREE,AUTRE2RM,VEHPRECMARQUE,VEHPRECCYLINDREE,VEHPRECMODELE,VEHPRECSEGMENT,VEHPRECSIDE,TEMPS2RMPREC,FREQVEHPREC,DATE_NAISS,CSP,SOCIETAIRE,SALARIE,SECTEUR2RM,NBPERSFOYER,SITFAM,NBENF,TRNBENF1,TRNBENF2,TRNBENF3,TRNBENF4,NBAUTOFOYER,NBCYCLOFOYER,NBSCOOTFOYER,NBMOTOFOYER,NBTRIKEFOYER,NB2RMCONDUIT,MARQUE1,CYLINDREE1,MODELE1,SEGMENT1,SIDE1,ANMISECIRCU1,ASS1,FREQ1,USAGE1,NBKM1,GARAGE1,MARQUE2,CYLINDREE2,MODELE2,SEGMENT2,SIDE2,ANMISECIRCU2,ASS2,FREQ2,USAGE2,NBKM2,GARAGE2,MARQUE3,CYLINDREE3,MODELE3,SEGMENT3,SIDE3,ANMISECIRCU3,ASS3,FREQ3,USAGE3,NBKM3,GARAGE3,MARQUE4,CYLINDREE4,MODELE4,SEGMENT4,SIDE4,ANMISECIRCU4,ASS4,FREQ4,USAGE4,NBKM4,GARAGE4,MARQUE5,CYLINDREE5,MODELE5,SEGMENT5,SIDE5,ANMISECIRCU5,ASS5,FREQ5,USAGE5,NBKM5,GARAGE5,NBKMTOT,PERMIS1,PERMIS2,PERMIS3,PERMIS4,PERMIS5,PERMIS6,PERMIS7,PERMIS8,PERMIS9,ANPERMIS1,ANPERMIS6,ANPERMIS7,ANPERMIS2,ANPERMIS3,ANPERMIS8,ANPERMIS9,ANPERMIS4,ANPERMIS5,,,
800,3497,479,1,0,5,,,,,,1,5,2013,,,,,0,5,,,,,,0,4,,,,,,0,5,,,,,,0,6,,,,,,0,5,,,,,,0,5,,,,,,0,5,,,,,,0,4,,,,,,0,6,,,,,,0,2,,,,,,0,3,,,,,,0,3,,,,,,0,,1,,,,,,,,,,,,,,,,,,4,2,10,1,6,2,2013,,2013,Vous circuliez derrière un véhicule. Ce véhicule a ralenti. Vous avez entrepris de dépasser ce véhicule par la gauche et celui-ci vous a coupé la route en tournant à gauche (ou en effectuant un œ tour,2,,,,,,,En fait dans un village 3 voiture suivaient un velo donc vitesse de 15 - 20 km/h. La 1er voiture a freiné et les 2 autres avec  le décalage on freinaient jusqu'a celle devant moi a pilé. dépassement d'urgence par la gauche 1 puis 2 voitures et la 1er de la file a fait son 1/2 tour tout seul sans clignotant. J'ai suivi sa direction jusqu'au moment ou sur les gravier plus d'adhérence . et le choc est la   Le probleme les cycliste qui prennent la route et se croient tout seul.  Les gens qui ne connaissent pas le clignotant    bref la route et à tout le monde mais personne la partage,j'ai suivi au maximun la direction de la personne qui tournait pour eviter l'impacte ..... Mais un moment avec tous les elements on ne paut plus,L'esquive a été la meilleur solution apres avec tout le elements au fur et a mesure  le freinage et le changement de direction on ne peut plus eviter le choc.   Le papi m'a simplement dis je vous avais pas vu donc que peut on faire pour une personne de 70 ans rien ...  Il y a plus de casse que de bobo donc l'énervement n'a pas lieu d'etre,NRP,0,,,car on été tous bloqué par les vélos avec une ligne blanche donc autre que les distances de sécurités .... je ne vois pas trop,2,1,2,,il ne m'avait pas vu,2,le papi allait chercher sa baguette donc pas stressé,2,4,6,,,,,,3,,2,,1,,impossible d'éviter le choc,4,2,,4,1,1,4,4,4,1,1,1,1,4,4,4,4,10,,,,,,,,,2,,,,,,,,,2,2,,2,2,1,1,0,100,0,0,0,2,,,,,,2,1,,,,2,1,7,,,,,,,1,0,2,1,3,,1,20,1,2,3,4,7,9,,,,,4,4,4,4,4,4,HONDA,1000,CB 1000R ABS,ROADSTER,2,0,0,0,1,1,1,1,1,1,1,45000,12,4,1,HONDA,1000,CB 1000R ABS,ROADSTER,2,4,3,28JAN1971,5,2,,2,5,4,3,2,3,,,2,0,0,1,0,1,HONDA,1000,CB 1000R ABS,ROADSTER,2,2010,10,2,1,20000,,,,,,,,,,,,,,,,,,,,,,,,,,,,,,,,,,,,,,,,,,,,,,20000,3,4,,,,,,,,NRP,,,NRP,2009,,,1989,NRP,,,
609,3506,,1,1,6,2010,,,,,0,5,,,,,,0,4,,,,,,0,5,,,,,,0,5,,,,,,0,4,,,,,,0,5,,,,,,0,6,,,,,,2,6,2009,2009,,,,0,5,,,,,,0,4,,,,,,0,3,,,,,,0,4,,,,,,0,2,,,,,,0,,3,,,,,,,,,,,,,,,,,,0,3,2,1,1,1,2010,,,,,,,,,,,,,,,,,,,,,,,,,,,,,,,,,,,,,,,,,,,,,,,,,,,,,,,,,,,,,,,,,,,,,,,,,,,,,,,,,,,,,,,,,,,,,,,,,,,,,,,,,,,,,,,,,,,,,,,,,,,,,,,,,,,,,,,,,,,,,,,,,,,,,,,,,,,,,,17MAR1986,6,1,,2,3,4,1,1,,,,2,0,0,1,0,1,HONDA,125,CBR,ROUTIERE / GT,2,2007,37,2,1,5000,,,,,,,,,,,,,,,,,,,,,,,,,,,,,,,,,,,,,,,,,,,,,,5000,NSP,,,,,,,,,NRP,NRP,NRP,NRP,NRP,NRP,NRP,NRP,NRP,,,
2168,3530,,1,0,5,,,,,,1,3,2013,,,,,0,5,,,,,,0,2,,,,,,0,4,,,,,,0,4,,,,,,0,4,,,,,,0,6,,,,,,0,3,,,,,,0,5,,,,,,0,5,,,,,,0,3,,,,,,0,3,,,,,,0,3,,,,,,0,,1,,,,,,,,,,,,,,,,,,0,0,9,1,6,2,2013,,,,,,,,,,,,,,,,,,,,,,,,,,,,,,,,,,,,,,,,,,,,,,,,,,,,,,,,,,,,,,,,,,,,,,,,,,,,,,,,,,,,,,,,,,,,,,,,,,,,,,,,,,,,,,,,,,,,,,,,,,,,,,,,,,,,,,,,,,,,,,,,,,,,,,,,,,,,,,04JAN1965,6,1,,2,1,1,,NSP,,,,1,1,0,1,0,1,HONDA,750,CB-SEVEN FIFTY,ROADSTER,2,1998,37,1,2,7000,,,,,,,,,,,,,,,,,,,,,,,,,,,,,,,,,,,,,,,,,,,,,,7000,3,4,2,,,,,,,NRP,,,1983,2006,,,1983,NRP,,,
38,3541,,1,0,2,,,,,,0,5,,,,,,0,5,,,,,,0,5,,,,,,0,3,,,,,,0,4,,,,,,0,3,,,,,,0,4,,,,,,1,5,2013,,,,,0,4,,,,,,0,6,,,,,,0,2,,,,,,0,5,,,,,,0,2,,,,,,0,,1,,,,,,,,,,,,,,,,,,0,0,3,1,41,9,2013,,,,,,,,,,,,,,,,,,,,,,,,,,,,,,,,,,,,,,,,,,,,,,,,,,,,,,,,,,,,,,,,,,,,,,,,,,,,,,,,,,,,,,,,,,,,,,,,,,,,,,,,,,,,,,,,,,,,,,,,,,,,,,,,,,,,,,,,,,,,,,,,,,,,,,,,,,,,,,03NOV1982,5,2,,2,2,3,,NSP,,,,1,0,1,2,0,3,YAMAHA,600,XJ6 DIVERSION,ROADSTER,2,2011,31,3,1,4000,,KYMCO,250,GRAND DINK,SCOOTER,2,2003,31,1,2,6000,,YAMAHA,600,FZS FAZER-S,ROADSTER,2,2009,37,4,1,1000,,,,,,,,,,,,,,,,,,,,,,,,11000,3,,,,,,,,,NRP,,,NRP,2011,,,NRP,NRP,,,
356,3548,85,1,0,4,,,,,,0,4,,,,,,0,4,,,,,,0,2,,,,,,0,3,,,,,,0,1,,,,,,0,4,,,,,,0,4,,,,,,1,5,2011,,,,,0,4,,,,,,0,4,,,,,,0,2,,,,,,1,3,2014,,,,,0,2,,,,,,1,1,3,2009,,,,,fajoles,,,,,"Passagère ,petite route de campagne (pas largeur normale).Le véhicule arrive en face en prenant toute la largeur de la route .Pour éviter la collision mon mari se positionne sur la droite (bas coté herbe mouillée ) il a perdu l'adhérence donc glissade.",,,,,0,0,4,1,5,1,61,13,2014,,2014,Vous circuliez derrière un véhicule. Ce véhicule a freiné ou a ralenti et vous lavez percuté par larrière.,3,4,,,,,,"C'était ma plus grande angoisse ...vu que nous circulons souvent en groupe ; percuter la moto qui me précède parce que je n'aurai pas eu le temps de réagir! Pour moi les distances de sécurité sont une priorité ,je circule toujours en quinconce pour éviter ce problème. Ce jour là ,il faisait trés beau et nous sommes partis à deux pour une balade trés cool, j'étais je pense pas vraiment dans ma conduite mais sur le coté ""cuicui les petits oiseaux"".Sorti de village en dessous de la vitesse autorisée un virage même pas trés prononcé mais juste en sorti une voiture qui s'arrète pour rentrer chez elle à gauche de la route, mon mari qui se déporte sur la droite et freine pour l'éviter  J'arrive gentiment et je vois la voiture qui n'a plus ses stops allumés, mon mari non plus ils sont sur le point de repartir ...Je tente de passer entre mon mari et la glissière de sécurité .Ai je freiné? on m'assure que oui sinon l'impact aurait été plus fort .Je ne me souviens que du bruit puis moi au milieu de la chaussée sur mes pieds à vérifier que mon mari que j'ai pourtant percuté est toujours sur ses roues et se gare sans encombre.","Pas vraiment dans la conduite ,distraite par l'ambiance du moment et le fait que nous roulions vraiment pas vite . Le virage sans difficulté et avec une fausse impression de visibilité alors qu'en fait j'ai été surprise par la situation banale mais non anticipée.J'avais d'ailleurs jamais remarqué qu'il y avait des maisons à cet endroit là . Une route que je connais parfaitement .","La voiture a redémarré pour rentrer chez elle ,elle est rentrée sans se rendre compte réellement de l'accident. Mon mari qui réaccélérait qui a cru qu'une voiture le percutait puis en se garant sur le coté a réalisé que ma moto était à terre. Moi deux souvenirs un visuel:une voiture ,la moto de mon mari ,la glissière de sécurité ...un bref instant j'ai envisagé de passer entre la moto et la glissière. Deuxième souvenir auditif: un grand bruit. Ce que j'ai fait ?  J'ai réalisé que j'ai du rouler ou glisser par terre lorsque le lendemain j'ai vu l'état du blouson et du casque.",NRP,0,,,J'ai du freiner mais vu la distance sorti de virage impact il aurait fallu freiner trés fort et les indications visuelles que j'avais ne m'indiquaient pas que les véhicules étaient à l'arrêt. J'aurai pu réagir différement si j'avais été dans une autre dynamique de conduite que je m'effortce d'appliquer maintenant.,2,1,2,,Il ne pouvait pas l'impact venait de l'arrière et il était à cent lieux de l'imaginer.,2,"La voiture rentrait chez elle ,mon mari s'était déplacé sur la droite pour l'éviter et redémarrer à part accélérer plus fort plus vite ...",6,8,,,,,,,,,,,1,,que faire????,4,2,,1,1,4,3,3,1,1,1,2,4,3,4,4,4,1,4,,,,,,,,2,,,,,,,,,2,2,,2,2,1,1,90,10,0,0,0,2,,,,,,1,1,,,,2,1,4,,,,,,,1,0,1,2,3,,0,80,1,2,3,4,7,9,,,,,4,4,4,4,2,4,TRIUMPH,675,STREET TRIPLE  ABS,ROADSTER,2,0,1,1,1,1,1,1,1,1,1,7000,12,1,1,DUCATI,696,MONSTER,ROADSTER,2,4,3,05JUL1963,5,1,,2,4,4,2,4,,,,2,1,0,2,0,1,DUCATI,696,MONSTER IE,ROADSTER,2,2010,37,2,1,15000,,,,,,,,,,,,,,,,,,,,,,,,,,,,,,,,,,,,,,,,,,,,,,15000,2,3,4,,,,,,,NRP,,,1982,2010,,,1982,NRP,,,
1997,3549,,0,,,,,,,,,,,,,,,,,,,,,,,,,,,,,,,,,,,,,,,,,,,,,,,,,,,,,,,,,,,,,,,,,,,,,,,,,,,,,,,,,,,,,,,,,,,,,,,,,,,,,,,,,,,,,,,,,,,,,,,,,,,,,,,,,,,,,,,,,,,,,,,,,,,,,,,,,,,,,,,,,,,,,,,,,,,,,,,,,,,,,,,,,,,,,,,,,,,,,,,,,,,,,,,,,,,,,,,,,,,,,,,,,,,,,,,,,,,,,,,,,,,,,,,,,,,,,,,,,,,,,,,,,,,,,,,,,,,,,,,,,,,25JUN1976,12,1,,2,4,4,2,1,,,,2,0,0,2,0,1,YAMAHA,600,FZS FAZER,ROADSTER,2,2000,37,3,1,2500,,,,,,,,,,,,,,,,,,,,,,,,,,,,,,,,,,,,,,,,,,,,,,2500,3,4,,,,,,,,NRP,,,NRP,1994,,,2008,NRP,,,
1903,3558,,1,0,2,,,,,,0,3,,,,,,0,5,,,,,,0,3,,,,,,1,4,1995,,,,,0,2,,,,,,0,3,,,,,,1,5,2007,,,,,1,5,1998,,,,,0,4,,,,,,0,4,,,,,,0,3,,,,,,0,2,,,,,,0,6,,,,,,0,,3,,,,,,,,,,,,,,,,,,0,2,22,1,36,8,2007,,,,,,,,,,,,,,,,,,,,,,,,,,,,,,,,,,,,,,,,,,,,,,,,,,,,,,,,,,,,,,,,,,,,,,,,,,,,,,,,,,,,,,,,,,,,,,,,,,,,,,,,,,,,,,,,,,,,,,,,,,,,,,,,,,,,,,,,,,,,,,,,,,,,,,,,,,,,,,29JAN1970,7,1,,2,3,4,1,1,,,,2,1,0,1,0,1,SUZUKI,1200,BANDIT-N,ROADSTER,2,1996,37,2,2,3500,,,,,,,,,,,,,,,,,,,,,,,,,,,,,,,,,,,,,,,,,,,,,,3500,3,4,,,,,,,,NRP,,,NRP,1993,,,1988,NRP,,,
435,3565,475,1,0,3,,,,,,0,2,,,,,,0,3,,,,,,0,2,,,,,,1,3,1981,,,,,0,1,,,,,,0,2,,,,,,0,3,,,,,,1,4,1979,,,,,0,2,,,,,,0,2,,,,,,0,1,,,,,,1,5,1979,,,,,0,2,,,,,,0,,3,,,,,,,,,,,,,,,,,,3,0,13,1,41,9,1979,,1979,"Vous avez fait une sortie de route, une perte de contrôle ou une glissade sans rien percuter.",2,,,,,,,"Lors de la traversée d'un village, j'ai pris un virage à droite et ma roue avant a décrochée subitement. Je suis partie en glissade et j'ai traversé toute la route pour aboutir dans le trottoir d'en face. En voulant comprendre pourquoi j'avais perdu le contrôle, je suis allé inspecter le virage et j'ai pu constater des traces grasses d'hydrocarbure. Je pense que c'est la cause de cette chute.",Elément inattendu sur la chaussée,NRP,AUT|difficile d'anticiper  sur un événement inattendu,0,,,effet de surprise,3,0,,,,,,2,6,,,,,,,1,,,,2,,perte de contrôle non justifiée par rapport à ma conduite,3,3,,,NSP,3,4,4,NSP,1,1,1,1,4,4,4,4,5,,,,,,,,,1,3,,,,,,,,2,2,,2,2,1,2,0,0,0,95,5,NSP,,,,,,1,2,6,,,1,,,,,,,,,,,1,1,3,,0,60,1,10,2,5,,,,,,,2,2,2,2,2,2,HONDA,350,CB350,ROADSTER,2,1,1,1,1,1,1,1,1,1,1,NSP,12,2,1,GITANE,50,CHAMPION,SPORTIVE,2,2,3,26MAY1960,7,1,,2,2,3,,NSP,,,,2,0,0,1,0,1,DUCATI,1000,MULTISTRADA S DS,ROADSTER,2,2005,37,2,1,5000,,,,,,,,,,,,,,,,,,,,,,,,,,,,,,,,,,,,,,,,,,,,,,5000,2,3,4,,,,,,,NRP,,,1978,1978,,,1978,NRP,,,
2195,3566,,1,0,4,,,,,,0,4,,,,,,0,4,,,,,,0,4,,,,,,0,5,,,,,,0,3,,,,,,0,4,,,,,,1,4,1981,,,,,0,3,,,,,,0,5,,,,,,0,4,,,,,,0,3,,,,,,0,4,,,,,,0,4,,,,,,1,1,2,NSP,,,,,Acqueville,,,,,"à l'arret à un stop, le vehicule placé derrière moi a démarré avant moi, il m'a poussé au milieu de la voie ..",,,,,0,0,2,2,32,1,71,15,,Acqueville,,,,,,,,,,,,,,,,,,,,,,,,,,,,,,,,,,,,,,,,,,,,,,,,,,,,,,,,,,,,,,,,,,,,,,,,,,,,,,,,,,,,,,,,,,,,,,,,,,,,,,,,,,,,,,,,,,,,,,,,,,,,,,,,,,,,,,,,,,,,,,,,,,,,,,,,,,,,,19AUG1963,5,1,,2,4,2,3,3,4,,,1,0,0,2,1,3,FANTIC MOTOR,125,TX,"TOUT TERRAIN (TRIAL, ENDURO, CROSS)",2,1981,41,4,1,1,,SUZUKI,1200,BANDIT-S,ROADSTER,2,2000,37,3,1,3000,,YAMAHA,1000,THUNDER ACE (YZF-R),SPORTIVE,1,2001,37,3,1,5000,,,,,,,,,,,,,,,,,,,,,,,,8001,3,4,5,,,,,,,NRP,,,NRP,1985,,,1983,1980,,,
1313,3568,373,1,0,5,,,,,,0,3,,,,,,0,3,,,,,,0,4,,,,,,0,5,,,,,,0,2,,,,,,0,2,,,,,,0,3,,,,,,0,4,,,,,,0,2,,,,,,0,3,,,,,,1,2,1979,,,,,0,3,,,,,,1,1,2005,,,,,0,,2,,,,,,,,,,,,,,,,,,3,3,33,1,56,12,1979,,1979,Vous circuliez sur un axe non prioritaire. Vous êtes entré en collision avec un véhicule venant dun axe prioritaire.,1,,,,,,,"Je venais de passer le permis 125 (code sans conduite à l'époque). Je circulais de nuit sur une route que j'empruntais quelquefois en cyclomoteur avant d'avoir mon permis 125. J'ai vu arriver le véhicule à ma droite mais je n'ai pas voulu freiner car il y avait du gravier avant et jusqu'au croisement. J'ai fait le choix de passer et la voiture, qui ne m'avait pas vu arriver, m'a percutée sur le côté droit. Je m'en suis sortie avec un hématome sur toute la jambe droite et la moto est partie à la casse.",Voirie non entretenue : présence de gravier délesté par les camions de la gravière voisine au niveau du croisement . Visibilité moindre car de nuit.,"J'ai fait le choix de ne pas freiner de peur de déraper  sur le gravier, sans toutefois accélérer pour dégager plus vite (peut être un effet de sidération ou un manque d'expérience sur ce nouveaux véhicule). L'autre usager ne m'a pas vu et n'a freiné qu'après le choc.",NRP,1,"Freiner malgré la présence de gravier pour stopper la moto avant le contact avec l'autre véhicule. Je ne suis toutefois pas sûre que je m'en serais mieux sortie car j'aurais pris le risque de coucher la moto devant le véhicule qui arrivait et qui, ne m'ayant pas vu, pouvait me rouler dessus.",Je trouvais le freinage sur le gravier trop risqué.,,2,1,2,,Il ne m'a pas vu.,NSP,"Peut-être que s'il m'avait vu, il aurait freiné lui aussi et aurait évité l'impact.",6,,,,,,,,,,,,1,,j'ai décidé de ne pas freiner par contre je n'ai pas été capable de décider d'accélérer pour par exemple passer avant le véhicule. Peut-être avais-je conscience qu'il était déjà trop tard pour enclencher une nouvelle action ou peut-être étais-je sidérée par situation.,2,3,,,2,2,2,2,1,1,1,1,4,3,4,4,4,10,,,,,,,,,1,5,,,,,,,,2,2,,2,2,2,1,50,0,0,50,0,1,AUT|absence de pratique pour permis 125 en 1979,,,,,AUT|plutôt désertique,1,4,,,2,1,7,,,,,,,1,0,2,2,3,,0,30,1,2,5,,,,,,,,NRP,NRP,NRP,NRP,NRP,3,HONDA,125,CB-TWIN,ROADSTER,2,1,1,1,1,1,1,0,1,1,1,NSP,NSP,1,1,MBK,50,51 CLUB,ROADSTER,null,4,3,03AUG1962,5,2,,2,4,4,2,4,,,,1,3,0,3,0,3,TRIUMPH,675,STREET TRIPLE,ROADSTER,2,2012,37,2,1,6000,,TRIUMPH,1050,SPRINT ST ABS,ROUTIERE / GT,2,2008,37,1,2,12000,,KAWASAKI,650,"ER-6 ""F""",ROUTIERE / GT,2,2006,37,2,2,6000,,,,,,,,,,,,,,,,,,,,,,,,24000,2,3,4,,,,,,,NRP,,,1979,1982,,,1981,NRP,,,
627,3569,8,1,1,5,2013,,,,,0,2,,,,,,0,4,,,,,,0,4,,,,,,0,2,,,,,,0,6,,,,,,0,3,,,,,,0,4,,,,,,1,5,2012,,,,,0,2,,,,,,0,5,,,,,,0,2,,,,,,0,2,,,,,,1,5,2012,,,,,0,,3,,,,,,,,,,,,,,,,,,0,1,1,1,66,14,2012,,2012,"Alors que vous étiez en train de rouler, un piéton a traversé devant vous.",2,,,,,,,"Route humide, passage piéton, pneu avant dégonflé sur crevaison lente, piéton qui traverse sans regardé, j'aurais pu freiné si un des facteurs précédent n'avait pas été là, ou avec plus d'expèrience j'aurais ralentis et évité. Et j'en parle afin de peut-être aidé des futures jeunes motards.","manque d'experience,  route humide + passage piéton crevaison lente sur pneu avant","j'ai vu le piéton d'assez loin, j'ai voulu freiné pour m'arrêté et le laisser passer, mais à la fin de freinage l'avant à chassé. je pense avoir trop freiné de l'avant",NRP,1,évitement du piéton plutot que freiné à tout pris.,manque d'expérience sur les situations d'urgence et non connaissance de l'évitement (validation 125 uniquement),,2,0,,,,,,9,,,,,,je n'ai ressenti car je pensais vraiment m'arréter jusqu'au moment où l'avant à chasser.,,,,,,,1,NRP,4,3,,,3,1,3,3,2,1,3,1,4,4,1,4,4,3,7,,,,,,,,1,1,,,,,,,,2,2,,2,1,3,2,40,0,0,30,30,1,1,AUT|Validation 125 permis B de 7 heures,,,,2,2,,,,1,,,,,,,,,,,3,1,1,1,0,40,1,10,2,3,4,7,,,,,3,3,NRP,NRP,3,NRP,HONDA,125,CB-F,ROADSTER,2,1,1,1,1,1,1,1,1,1,1,12000,12,1,0,,,,,,,,17SEP1990,10,1,,2,2,3,,NSP,,,,1,0,0,1,0,1,HONDA,125,CB-F,ROADSTER,2,2009,37,2,2,4000,,,,,,,,,,,,,,,,,,,,,,,,,,,,,,,,,,,,,,,,,,,,,,4000,5,4,3,,,,,,,NRP,,,NRP,2012,,,2008,2012,,,
1092,3571,,0,,,,,,,,,,,,,,,,,,,,,,,,,,,,,,,,,,,,,,,,,,,,,,,,,,,,,,,,,,,,,,,,,,,,,,,,,,,,,,,,,,,,,,,,,,,,,,,,,,,,,,,,,,,,,,,,,,,,,,,,,,,,,,,,,,,,,,,,,,,,,,,,,,,,,,,,,,,,,,,,,,,,,,,,,,,,,,,,,,,,,,,,,,,,,,,,,,,,,,,,,,,,,,,,,,,,,,,,,,,,,,,,,,,,,,,,,,,,,,,,,,,,,,,,,,,,,,,,,,,,,,,,,,,,,,,,,,,,,,,,,,,05AUG1975,5,1,,2,3,4,1,1,,,,1,0,0,1,0,1,SUZUKI,650,BANDIT-N,ROADSTER,2,2006,37,3,1,4000,,,,,,,,,,,,,,,,,,,,,,,,,,,,,,,,,,,,,,,,,,,,,,4000,3,4,5,,,,,,,NRP,,,NRP,2011,,,1993,2010,,,