Ligne,Ligne Q qualif,Ligne approfondissement Accident,ACCIDENT,NBACC1,ACCFREQUENCE1,ANNEEACC1_1,ANNEEACC1_2,ANNEEACC1_3,ANNEEACC1_4,ANNEEACC1_5,NBACC2,ACCFREQUENCE2,ANNEEACC2_1,ANNEEACC2_2,ANNEEACC2_3,ANNEEACC2_4,ANNEEACC2_5,NBACC3,ACCFREQUENCE3,ANNEEACC3_1,ANNEEACC3_2,ANNEEACC3_3,ANNEEACC3_4,ANNEEACC3_5,NBACC4,ACCFREQUENCE4,ANNEEACC4_1,ANNEEACC4_2,ANNEEACC4_3,ANNEEACC4_4,ANNEEACC4_5,NBACC5,ACCFREQUENCE5,ANNEEACC5_1,ANNEEACC5_2,ANNEEACC5_3,ANNEEACC5_4,ANNEEACC5_5,NBACC6,ACCFREQUENCE6,ANNEEACC6_1,ANNEEACC6_2,ANNEEACC6_3,ANNEEACC6_4,ANNEEACC6_5,NBACC7,ACCFREQUENCE7,ANNEEACC7_1,ANNEEACC7_2,ANNEEACC7_3,ANNEEACC7_4,ANNEEACC7_5,NBACC8,ACCFREQUENCE8,ANNEEACC8_1,ANNEEACC8_2,ANNEEACC8_3,ANNEEACC8_4,ANNEEACC8_5,NBACC9,ACCFREQUENCE9,ANNEEACC9_1,ANNEEACC9_2,ANNEEACC9_3,ANNEEACC9_4,ANNEEACC9_5,NBACC10,ACCFREQUENCE10,ANNEEACC10_1,ANNEEACC10_2,ANNEEACC10_3,ANNEEACC10_4,ANNEEACC10_5,NBACC11,ACCFREQUENCE11,ANNEEACC11_1,ANNEEACC11_2,ANNEEACC11_3,ANNEEACC11_4,ANNEEACC11_5,NBACC12,ACCFREQUENCE12,ANNEEACC12_1,ANNEEACC12_2,ANNEEACC12_3,ANNEEACC12_4,ANNEEACC12_5,NBACC13,ACCFREQUENCE13,ANNEEACC13_1,ANNEEACC13_2,ANNEEACC13_3,ANNEEACC13_4,ANNEEACC13_5,NBACC14,ACCFREQUENCE14,ANNEEACC14_1,ANNEEACC14_2,ANNEEACC14_3,ANNEEACC14_4,ANNEEACC14_5,AUTRESACC,NBAUTRESACC,TOTAL_AC,ANNEEAUTREACC1,ANNEEAUTREACC2,ANNEEAUTREACC3,ANNEEAUTREACC4,ANNEEAUTREACC5,LIEUAUTREACC1,LIEUAUTREACC2,LIEUAUTREACC3,LIEUAUTREACC4,LIEUAUTREACC5,DESCRIPTIONAUTRESACC1,DESCRIPTIONAUTRESACC2,DESCRIPTIONAUTRESACC3,DESCRIPTIONAUTRESACC4,DESCRIPTIONAUTRESACC5,NBAUTRESACCCIRCUIT,NBAUTRESTOUTTERRAIN,EXPCYCLO,EXP125,EXPSUP125,ACCORDNEXTQ,CHOIXACC,RGPMTACC,RECUPANNEE,RECUPLIEU,RECUPANNE,RGPMTAC,CHOIX1,CHOIX2,CHOIX3,CHOIX4,CHOIX5,CHOIX6,CHOIX7,DESCRIPTION,RUPTURE,FAITS,ABS_REACTION,AUTRE_REACTION,PRECISIONREACTIONOUI,RECUL,PRECISIONREACTIONNON,IMPACTCOMPORTEMENT,AUTREUSAGER,REACTIONAUTREUSAGER,CONNAISSANCEREACTIONUSAGER,DIFFICULTES,AGGRAVATION,DIFFICULTES2,EMOTIONS1,EMOTIONS2,EMOTIONS3,EMOTIONS4,EMOTIONS5,EMOTIONS6,AUTRESENTIMENT,CLASSEMENTEMOTIONS1,CLASSEMENTEMOTIONS,CLASSEMENTEMOTIONS5,CLASSEMENTEMOTIONS6,CLASSEMENTEMOTIONS7,CLASSEMENTEMOTIONS8,CLASSEMENTEMOTIONS9,EXPLICATIONRESSENTI,BIENEQUIPE,ALLURE,ALLUREVITEDETAIL,ALLURELENTEDETAIL,SITUATIONPRESSE,SITUATIONDISTRAIT,SITUATIONCONFIANT,SITUATIONCONTROLE,SITUATIONLUDIQUE,SITUATIONPERF,SITUATIONSTRESS,SITUATIONFATIGUE,HUMEURNEUTRE,HUMEURGAI,HUMEURMECONTENT,HUMEURTRISTE,HUMEURCOLERE,CONTRIBUTION1,CONTRIBUTION2,CONTRIBUTION3,CONTRIBUTION4,CONTRIBUTION5,CONTRIBUTION6,CONTRIBUTION7,CONTRIBUTION8,CONTRIBUTION9,ROLEINFRA,ELEMENTINFRA1,ELEMENTINFRA2,ELEMENTINFRA3,ELEMENTINFRA4,ELEMENTINFRA5,ELEMENTINFRA6,ELEMENTINFRA7,ELEMENTINFRA8,ELEMENTINFRA9,ALCOOL,TXALCOOL,STUP,SEMAINE,MOMENTJOURNEE,TEMPS,CAUSEACC1,CAUSEACC2,CAUSEACC3,CAUSEACC4,CAUSEACC5,FORMATIONCAUSE,FORMATION1,FORMATION2,FORMATION3,FORMATION4,FORMATION5,TRAFIC,CHAUSSEE1,CHAUSSEE2,CHAUSSEE3,CHAUSSEE4,TYPEACC,BLESSURE,TETE,COU,THORAX,MEMBRESSUP,COLONNE,BASSIN,MEMBRESINF,HOPITAL,PLUS24H,TRAJET,TYPEROUTE,MOTIF,SENSTRAJET,PASSAGER,VITESSE,DESCEQ1,DESCEQ2,DESCEQ3,DESCEQ4,DESCEQ5,DESCEQ6,DESCEQ7,DESCEQ8,DESCEQ9,DESCEQ10,VEHICULEETE,VEHICULEAUTOMNE,VEHICULEPRINTEMPS,VEHICULEHIVER,VEHICULESEMAINE,VEHICULEWE,VEHMARQUE,VEHCYLINDREE,VEHMODELE,VEHSEGMENT,VEHSIDE,EQ2RMABS,EQ2RMCBS,EQ2RMABSCBS,EQ2RMREGULATEUR,EQ2RMLIMITEUR,EQ2RMPHARESDIRECT,EQ2RMCOUPURE,EQ2RMANTIPATINAGE,EQ2RMANTIXHEELING,EQ2RMSTABILILTE,VEHKM,POINTS,DUREE,AUTRE2RM,VEHPRECMARQUE,VEHPRECCYLINDREE,VEHPRECMODELE,VEHPRECSEGMENT,VEHPRECSIDE,TEMPS2RMPREC,FREQVEHPREC,DATE_NAISS,CSP,SOCIETAIRE,SALARIE,SECTEUR2RM,NBPERSFOYER,SITFAM,NBENF,TRNBENF1,TRNBENF2,TRNBENF3,TRNBENF4,NBAUTOFOYER,NBCYCLOFOYER,NBSCOOTFOYER,NBMOTOFOYER,NBTRIKEFOYER,NB2RMCONDUIT,MARQUE1,CYLINDREE1,MODELE1,SEGMENT1,SIDE1,ANMISECIRCU1,ASS1,FREQ1,USAGE1,NBKM1,GARAGE1,MARQUE2,CYLINDREE2,MODELE2,SEGMENT2,SIDE2,ANMISECIRCU2,ASS2,FREQ2,USAGE2,NBKM2,GARAGE2,MARQUE3,CYLINDREE3,MODELE3,SEGMENT3,SIDE3,ANMISECIRCU3,ASS3,FREQ3,USAGE3,NBKM3,GARAGE3,MARQUE4,CYLINDREE4,MODELE4,SEGMENT4,SIDE4,ANMISECIRCU4,ASS4,FREQ4,USAGE4,NBKM4,GARAGE4,MARQUE5,CYLINDREE5,MODELE5,SEGMENT5,SIDE5,ANMISECIRCU5,ASS5,FREQ5,USAGE5,NBKM5,GARAGE5,NBKMTOT,PERMIS1,PERMIS2,PERMIS3,PERMIS4,PERMIS5,PERMIS6,PERMIS7,PERMIS8,PERMIS9,ANPERMIS1,ANPERMIS6,ANPERMIS7,ANPERMIS2,ANPERMIS3,ANPERMIS8,ANPERMIS9,ANPERMIS4,ANPERMIS5,,,
574,3574,,0,,,,,,,,,,,,,,,,,,,,,,,,,,,,,,,,,,,,,,,,,,,,,,,,,,,,,,,,,,,,,,,,,,,,,,,,,,,,,,,,,,,,,,,,,,,,,,,,,,,,,,,,,,,,,,,,,,,,,,,,,,,,,,,,,,,,,,,,,,,,,,,,,,,,,,,,,,,,,,,,,,,,,,,,,,,,,,,,,,,,,,,,,,,,,,,,,,,,,,,,,,,,,,,,,,,,,,,,,,,,,,,,,,,,,,,,,,,,,,,,,,,,,,,,,,,,,,,,,,,,,,,,,,,,,,,,,,,,,,,,,,,07JUN1974,5,2,,2,2,2,1,1,,,,1,0,0,2,0,2,SUZUKI,1300,"GSX-R ""HAYABUSA""",ROUTIERE / GT,2,2008,10,1,2,13000,,SUZUKI,750,GSX-R,SPORTIVE,2,1999,18,4,1,1000,,,,,,,,,,,,,,,,,,,,,,,,,,,,,,,,,,,14000,2,3,4,,,,,,,NRP,,,1990,2004,,,1992,NRP,,,
1250,3575,403,1,1,5,2008,,,,,0,5,,,,,,0,3,,,,,,0,5,,,,,,1,5,1991,,,,,0,2,,,,,,0,1,,,,,,0,1,,,,,,0,1,,,,,,1,4,2004,,,,,0,6,,,,,,0,2,,,,,,1,6,2004,,,,,0,2,,,,,,0,,4,,,,,,,,,,,,,,,,,,3,4,30,1,1,1,2008,,2008,Vous circuliez sur un axe prioritaire. Un autre véhicule arrivant sur le même axe en sens opposé vous a coupé la route en tournant à gauche.,3,,,,,,,"J'arrive dans un carrefour à Paris avec un feu tricolore. Vitesse réduite environ 50 km, le feu est vert, la voiture qui me précède traverse le carrefour. En face, une ou deux voitures arrivent en sens inverse. Au moment ou je vais traverser à mon tour le carrefour, le véhicule qui arrive en face tourne à gauche. Je freine brusquement mais je ne peux éviter le véhicule que je percute au niveau de sa porte avant droite. Je percute avec ma poitrine le côté droit du toit de la voiture et je me retrouve à terre au milieu du carrefour avec de grosses difficultés pour respirer. Arrêtée au feu rouge sur l'autre axe une femme (médecin en plus) qui a tout vu vient immédiatement à mon secours, bloque la circulation avec d'autres personnes, contrôle si mes organes internes sont touchés, me rassure, appelle les pompiers et je pars pour l'hôpital. Le conducteur du véhicule que j'ai percuté dira qu'il ne m'a pas vu arriver.",le véhicule qui venait en face a tourné brusquement à gauche,"Freinage avant brusque. je crois n'avoir pas pensé à essayer de descendre 1 ou 2 vitesses, tellement tout s'est passé si vite",NRP,0,,,tellement j'ai été surpris,2,1,2,,Il m'a dit ne pas m'avoir vu,1,Grand manque d'attention du conducteur,1,2,6,,,,,1,3,,,,2,,Car j'avais déjà eu quelques accidents et percuter une voiture de plein fouet m'a fait craindre immédiatement le pire,4,3,,,2,1,4,4,NSP,1,2,1,2,3,4,4,4,5,,,,,,,,,2,,,,,,,,,2,2,,2,1,1,1,20,80,0,0,0,2,,,,,,3,1,,,,2,1,3,4,7,,,,,1,0,1,1,1,2,0,50,1,2,3,4,,,,,,,4,4,4,4,4,2,HONDA,1100,PAN EUROPEAN,Routière / GT,2,1,1,1,1,1,1,1,1,1,1,150000,12,4,1,YAMAHA,660,XT-Z TENERE,TRAIL / SUPERMOTARD,2,4,3,18AUG1957,11,1,,2,2,3,,NSP,,,,3,0,0,3,0,3,HONDA,750,"CB ""K2""",ROADSTER,2,1977,37,4,1,500,,YAMAHA,400,WR,"TOUT TERRAIN (TRIAL, ENDURO, CROSS)",2,1998,37,4,1,1000,,YAMAHA,660,XT-Z TENERE,TRAIL / SUPERMOTARD,2,1991,37,3,1,3000,,,,,,,,,,,,,,,,,,,,,,,,4500,3,4,,,,,,,,NRP,,,NRP,1986,,,1976,NRP,,,
503,3578,,1,0,5,,,,,,0,5,,,,,,0,5,,,,,,0,3,,,,,,0,5,,,,,,0,6,,,,,,0,3,,,,,,0,5,,,,,,0,5,,,,,,0,6,,,,,,0,6,,,,,,1,4,2001,,,,,1,5,NSP,,,,,0,4,,,,,,0,,2,,,,,,,,,,,,,,,,,,17,17,15,1,56,12,2001,,,,,,,,,,,,,,,,,,,,,,,,,,,,,,,,,,,,,,,,,,,,,,,,,,,,,,,,,,,,,,,,,,,,,,,,,,,,,,,,,,,,,,,,,,,,,,,,,,,,,,,,,,,,,,,,,,,,,,,,,,,,,,,,,,,,,,,,,,,,,,,,,,,,,,,,,,,,,,24JUN1981,8,2,,2,3,4,1,1,,,,2,2,0,2,0,2,DUCATI,750,SS IE,ROUTIERE / GT,2,2001,29,3,1,1000,,YAMAHA,125,DT,TRAIL / SUPERMOTARD,2,1981,29,4,1,100,,,,,,,,,,,,,,,,,,,,,,,,,,,,,,,,,,,1100,3,4,,,,,,,,NRP,,,NRP,2004,,,1999,NRP,,,
1027,3584,,1,0,4,,,,,,1,5,1999,,,,,0,3,,,,,,0,2,,,,,,0,5,,,,,,0,4,,,,,,0,5,,,,,,0,5,,,,,,1,6,2013,,,,,1,6,2010,,,,,0,6,,,,,,0,2,,,,,,0,3,,,,,,0,6,,,,,,0,,3,,,,,,,,,,,,,,,,,,0,2,10,0,,NRP,,,,,,,,,,,,,,,,,,,,,,,,,,,,,,,,,,,,,,,,,,,,,,,,,,,,,,,,,,,,,,,,,,,,,,,,,,,,,,,,,,,,,,,,,,,,,,,,,,,,,,,,,,,,,,,,,,,,,,,,,,,,,,,,,,,,,,,,,,,,,,,,,,,,,,,,,,,,,,,05OCT1971,7,2,,2,4,4,2,1,2,,,2,0,0,2,0,2,HONDA,600,TRANSALP,TRAIL / SUPERMOTARD,2,1990,18,1,2,8500,,HONDA,750,VF-S (SABRE),ROADSTER,2,1982,18,4,1,1000,,,,,,,,,,,,,,,,,,,,,,,,,,,,,,,,,,,9500,3,4,,,,,,,,NRP,,,NRP,2004,,,1989,NRP,,,
2023,3585,,0,,,,,,,,,,,,,,,,,,,,,,,,,,,,,,,,,,,,,,,,,,,,,,,,,,,,,,,,,,,,,,,,,,,,,,,,,,,,,,,,,,,,,,,,,,,,,,,,,,,,,,,,,,,,,,,,,,,,,,,,,,,,,,,,,,,,,,,,,,,,,,,,,,,,,,,,,,,,,,,,,,,,,,,,,,,,,,,,,,,,,,,,,,,,,,,,,,,,,,,,,,,,,,,,,,,,,,,,,,,,,,,,,,,,,,,,,,,,,,,,,,,,,,,,,,,,,,,,,,,,,,,,,,,,,,,,,,,,,,,,,,,13JUL1963,7,2,,2,2,3,,NSP,,,,2,1,0,1,0,1,HONDA,1200,GOLD WING ASPENCADE,ROUTIERE / GT,2,1986,28,1,2,11500,,,,,,,,,,,,,,,,,,,,,,,,,,,,,,,,,,,,,,,,,,,,,,11500,2,3,4,,,,,,,NRP,,,1981,2010,,,1981,NRP,,,
27,3591,,0,,,,,,,,,,,,,,,,,,,,,,,,,,,,,,,,,,,,,,,,,,,,,,,,,,,,,,,,,,,,,,,,,,,,,,,,,,,,,,,,,,,,,,,,,,,,,,,,,,,,,,,,,,,,,,,,,,,,,,,,,,,,,,,,,,,,,,,,,,,,,,,,,,,,,,,,,,,,,,,,,,,,,,,,,,,,,,,,,,,,,,,,,,,,,,,,,,,,,,,,,,,,,,,,,,,,,,,,,,,,,,,,,,,,,,,,,,,,,,,,,,,,,,,,,,,,,,,,,,,,,,,,,,,,,,,,,,,,,,,,,,,07DEC1979,7,1,,2,3,4,1,1,,,,2,0,0,2,0,2,DUCATI,848,STREETFIGHTER,ROADSTER,2,2012,37,2,2,5000,,HONDA,1000,"VTR ""FIRESTORM""",SPORTIVE,2,2001,37,4,1,2000,,,,,,,,,,,,,,,,,,,,,,,,,,,,,,,,,,,7000,3,4,,,,,,,,NRP,,,NRP,2004,,,1998,NRP,,,
763,3593,409,1,0,5,,,,,,0,5,,,,,,0,5,,,,,,0,5,,,,,,0,4,,,,,,0,5,,,,,,1,4,2007,,,,,0,4,,,,,,1,5,2014,,,,,0,4,,,,,,0,6,,,,,,1,4,2006,,,,,0,5,,,,,,0,6,,,,,,0,,3,,,,,,,,,,,,,,,,,,4,3,21,1,56,12,2006,,2006,Vous circuliez sur un axe non prioritaire. Vous êtes entré en collision avec un véhicule venant dun axe prioritaire.,2,4,5,,,,,"Lors d'une sortie moto en groupe, arrivé à un stop, je n'ai pas suffisamment marqué celui ci et fût percuté à l'avant par une voiture arrivant à ma gauche. Bien que à l'arrêt pour ma part, le choc d'une violence terrible détruisit ma moto.  Le constat de cette désagréable expérience montre qu'une sortie en groupe est particulièrement perturbante. Le plaisir de rouler à plusieurs déconcentre. Bien avant la fatigue ou la chaleur ou la faim, et même en mode ballade le phénomène de groupe déstabilise ses réflexes et sa prudence. Après avoir marqué le stop, seul , j'aurais visualisé la voiture à ma gauche. En groupe je suis passé à côté de cette simple vision.","La roue avant de mon véhicule dépassait la bande blanche du stop de plusieurs dizaines de centimètres, lorsque je réalisais qu'une voiture arrivait sur moi, il était trop tard !!! Alors que j'essayais de reculer ma moto , l'accident se produisit.","Après avoir vu l'autre usagé , j'essayais de reculer ma moto de la force de mes jambes, mais avoir un passager, cette opération est plus délicate. De son côté, le réflexe de l'automobiliste fût simplement d'écraser sa pédale de frein ( Le constat de gendarmerie nota la vitesse excessive de la voiture )",NRP,1,"J'aurai pût accélérer , et donc avancer plutôt que reculer. Mais je pense que mon premier réflexe est le bon, car la voiture m'aurait percuter de plein fouet ou à l'arrière, avec des conséquences dramatiques.",Lire ci dessus,,2,1,2,,"Excès de vitesse, avec non maitrise de la phase de freinage",1,"Excès de vitesse, avec non maitrise de la phase de freinage",6,9,,,,,De la peur pour ma passagère. L'autre usagé n'ayant rien tenté pour m'esquiver je savais le choc inévitable et ma peur fût pour Joëlle,,,,,,1,2,Simplement que je sentais l'inutilité de mes efforts,4,4,,,1,4,3,3,4,1,1,1,4,1,4,4,4,2,4,8,,,,,,,2,,,,,,,,,2,2,,2,2,1,1,80,20,0,0,0,2,,,,,,AUT|trés fluide mais en groupe important de motards,1,,,,2,1,7,,,,,,,1,1,3,2,3,,1,0,1,2,3,4,9,,,,,,4,1,4,1,4,4,BMW,1200,K1200RS,Routière / GT,2,0,1,1,1,1,1,1,1,1,1,1000,12,1,1,BMW,1200,K1200RS,Routière / GT,2,4,4,31MAR1956,7,1,,2,2,3,,NSP,,,,1,3,0,3,0,3,BMW,1200,K1200S,ROUTIERE / GT,2,2006,37,2,1,10000,,BMW,1200,K1200RS,ROUTIERE / GT,2,1998,37,2,1,6000,,BMW,1000,K1 ABS,ROUTIERE / GT,2,1990,37,2,1,8000,,,,,,,,,,,,,,,,,,,,,,,,24000,3,4,,,,,,,,NRP,,,NRP,1974,,,1974,NRP,,,
537,3594,,1,0,4,,,,,,0,5,,,,,,0,5,,,,,,0,4,,,,,,1,5,2011,,,,,0,5,,,,,,0,3,,,,,,1,5,2011,,,,,1,4,2013,,,,,0,5,,,,,,0,4,,,,,,0,2,,,,,,0,5,,,,,,0,6,,,,,,1,1,4,2011,,,,,Colombes,,,,,"Je franchissais un carrefour au feu vert (pour moi) lorsqu'une voiture arrivant de ma droite est passée au feu rouge (pour elle), je n'ai pas pu l'éviter et l'ai percuté à l'arrière (il tournait sur sa droite, pour se retrouver dans la même direction que moi)",,,,,0,0,1,0,3,1,71,15,2011,Colombes,,,,,,,,,,,,,,,,,,,,,,,,,,,,,,,,,,,,,,,,,,,,,,,,,,,,,,,,,,,,,,,,,,,,,,,,,,,,,,,,,,,,,,,,,,,,,,,,,,,,,,,,,,,,,,,,,,,,,,,,,,,,,,,,,,,,,,,,,,,,,,,,,,,,,,,,,,,,,13OCT1990,7,1,,2,3,5,0,NSP,,,,0,0,0,1,0,1,SUZUKI,650,GLADIUS,ROADSTER,2,2011,37,1,2,13000,,,,,,,,,,,,,,,,,,,,,,,,,,,,,,,,,,,,,,,,,,,,,,13000,3,4,,,,,,,,NRP,,,NRP,2011,,,2010,NRP,,,
264,3595,,0,,,,,,,,,,,,,,,,,,,,,,,,,,,,,,,,,,,,,,,,,,,,,,,,,,,,,,,,,,,,,,,,,,,,,,,,,,,,,,,,,,,,,,,,,,,,,,,,,,,,,,,,,,,,,,,,,,,,,,,,,,,,,,,,,,,,,,,,,,,,,,,,,,,,,,,,,,,,,,,,,,,,,,,,,,,,,,,,,,,,,,,,,,,,,,,,,,,,,,,,,,,,,,,,,,,,,,,,,,,,,,,,,,,,,,,,,,,,,,,,,,,,,,,,,,,,,,,,,,,,,,,,,,,,,,,,,,,,,,,,,,,07JUL1989,8,1,,2,5,5,0,NSP,,,,3,0,0,6,0,3,HONDA,1100,CB1100F SUPER BOL D'OR,ROADSTER,2,1983,37,3,1,5000,,GAS GAS,125,EC ENDUCROSS,"TOUT TERRAIN (TRIAL, ENDURO, CROSS)",2,1997,37,4,1,1000,,SUZUKI,400,GS,ROADSTER,2,1983,41,4,1,200,,,,,,,,,,,,,,,,,,,,,,,,6200,1,3,4,,,,,,,2004,,,NRP,2010,,,2007,NRP,,,
1341,3596,,1,0,4,,,,,,0,4,,,,,,0,4,,,,,,0,2,,,,,,1,5,2014,,,,,0,3,,,,,,0,3,,,,,,0,4,,,,,,2,4,2012,2011,,,,0,3,,,,,,0,4,,,,,,0,2,,,,,,0,3,,,,,,0,3,,,,,,0,,3,,,,,,,,,,,,,,,,,,0,0,5,1,21,5,2014,,,,,,,,,,,,,,,,,,,,,,,,,,,,,,,,,,,,,,,,,,,,,,,,,,,,,,,,,,,,,,,,,,,,,,,,,,,,,,,,,,,,,,,,,,,,,,,,,,,,,,,,,,,,,,,,,,,,,,,,,,,,,,,,,,,,,,,,,,,,,,,,,,,,,,,,,,,,,,11MAY1987,5,2,,2,2,3,,NSP,,,,1,0,0,1,0,1,KAWASAKI,1000,Z 1000 IE SX ABS,ROUTIERE / GT,2,2012,31,1,2,15000,,,,,,,,,,,,,,,,,,,,,,,,,,,,,,,,,,,,,,,,,,,,,,15000,1,3,4,,,,,,,2003,,,NRP,2010,,,2006,NRP,,,
1286,3597,,0,,,,,,,,,,,,,,,,,,,,,,,,,,,,,,,,,,,,,,,,,,,,,,,,,,,,,,,,,,,,,,,,,,,,,,,,,,,,,,,,,,,,,,,,,,,,,,,,,,,,,,,,,,,,,,,,,,,,,,,,,,,,,,,,,,,,,,,,,,,,,,,,,,,,,,,,,,,,,,,,,,,,,,,,,,,,,,,,,,,,,,,,,,,,,,,,,,,,,,,,,,,,,,,,,,,,,,,,,,,,,,,,,,,,,,,,,,,,,,,,,,,,,,,,,,,,,,,,,,,,,,,,,,,,,,,,,,,,,,,,,,,24NOV1977,5,2,,2,2,3,,NSP,,,,2,0,0,1,0,1,KAWASAKI,650,"ER-6 ""N"" ABS",ROADSTER,2,2012,31,2,1,6000,,,,,,,,,,,,,,,,,,,,,,,,,,,,,,,,,,,,,,,,,,,,,,6000,4,3,,,,,,,,NRP,,,NRP,2012,,,1995,NRP,,,
1072,3598,,1,0,4,,,,,,0,3,,,,,,0,3,,,,,,0,2,,,,,,3,5,1983,1989,1990,,,0,2,,,,,,0,3,,,,,,0,4,,,,,,0,4,,,,,,0,4,,,,,,0,4,,,,,,0,4,,,,,,0,3,,,,,,0,2,,,,,,0,,3,,,,,,,,,,,,,,,,,,2,3,32,1,23,5,1990,,,,,,,,,,,,,,,,,,,,,,,,,,,,,,,,,,,,,,,,,,,,,,,,,,,,,,,,,,,,,,,,,,,,,,,,,,,,,,,,,,,,,,,,,,,,,,,,,,,,,,,,,,,,,,,,,,,,,,,,,,,,,,,,,,,,,,,,,,,,,,,,,,,,,,,,,,,,,,29MAR1963,4,1,,2,4,4,2,3,4,,,4,0,0,4,0,4,DUCATI,848,848 SUPERBIKE,SPORTIVE,2,2008,24,3,2,6000,,KTM,300,EXC,"TOUT TERRAIN (TRIAL, ENDURO, CROSS)",2,1997,37,4,1,500,,KAWASAKI,250,KR-1S,SPORTIVE,2,1992,24,4,1,1000,,APRILIA,250,RS,SPORTIVE,2,2000,24,4,1,1000,,,,,,,,,,,,,8500,2,3,4,,,,,,,NRP,,,1979,1982,,,1981,NRP,,,
1528,3600,,0,,,,,,,,,,,,,,,,,,,,,,,,,,,,,,,,,,,,,,,,,,,,,,,,,,,,,,,,,,,,,,,,,,,,,,,,,,,,,,,,,,,,,,,,,,,,,,,,,,,,,,,,,,,,,,,,,,,,,,,,,,,,,,,,,,,,,,,,,,,,,,,,,,,,,,,,,,,,,,,,,,,,,,,,,,,,,,,,,,,,,,,,,,,,,,,,,,,,,,,,,,,,,,,,,,,,,,,,,,,,,,,,,,,,,,,,,,,,,,,,,,,,,,,,,,,,,,,,,,,,,,,,,,,,,,,,,,,,,,,,,,,12JAN1962,2,2,,2,3,4,1,3,,,,5,0,1,0,0,1,PIAGGIO,400,MP3 LT (TM),SIDE-CAR / TRIKE,2,2010,28,1,3,20000,,,,,,,,,,,,,,,,,,,,,,,,,,,,,,,,,,,,,,,,,,,,,,20000,4,,,,,,,,,NRP,,,NRP,NRP,,,1980,NRP,,,
2015,3603,,0,,,,,,,,,,,,,,,,,,,,,,,,,,,,,,,,,,,,,,,,,,,,,,,,,,,,,,,,,,,,,,,,,,,,,,,,,,,,,,,,,,,,,,,,,,,,,,,,,,,,,,,,,,,,,,,,,,,,,,,,,,,,,,,,,,,,,,,,,,,,,,,,,,,,,,,,,,,,,,,,,,,,,,,,,,,,,,,,,,,,,,,,,,,,,,,,,,,,,,,,,,,,,,,,,,,,,,,,,,,,,,,,,,,,,,,,,,,,,,,,,,,,,,,,,,,,,,,,,,,,,,,,,,,,,,,,,,,,,,,,,,,17MAR1977,8,2,,2,1,1,,NSP,,,,1,2,0,2,0,2,DUCATI,695,MONSTER,ROADSTER,2,2006,16,1,1,10000,,YAMAHA,125,DTRE,TRAIL / SUPERMOTARD,2,2006,16,3,1,3000,,,,,,,,,,,,,,,,,,,,,,,,,,,,,,,,,,,13000,3,4,,,,,,,,NRP,,,NRP,2012,,,1996,NRP,,,
1461,3604,,0,,,,,,,,,,,,,,,,,,,,,,,,,,,,,,,,,,,,,,,,,,,,,,,,,,,,,,,,,,,,,,,,,,,,,,,,,,,,,,,,,,,,,,,,,,,,,,,,,,,,,,,,,,,,,,,,,,,,,,,,,,,,,,,,,,,,,,,,,,,,,,,,,,,,,,,,,,,,,,,,,,,,,,,,,,,,,,,,,,,,,,,,,,,,,,,,,,,,,,,,,,,,,,,,,,,,,,,,,,,,,,,,,,,,,,,,,,,,,,,,,,,,,,,,,,,,,,,,,,,,,,,,,,,,,,,,,,,,,,,,,,,02SEP1973,7,1,,2,4,4,2,1,,,,1,0,0,2,0,1,HONDA,600,"CB-F ""S"" ABS",ROADSTER,2,2009,37,3,1,14000,7,,,,,,,,,,,,,,,,,,,,,,,,,,,,,,,,,,,,,,,,,,,,,14000,3,4,,,,,,,,NRP,,,NRP,1995,,,1992,NRP,,,
1856,3608,,1,0,6,,,,,,0,1,,,,,,1,4,2014,,,,,1,4,2013,,,,,0,3,,,,,,0,3,,,,,,0,1,,,,,,0,3,,,,,,2,4,2012,2013,,,,0,3,,,,,,0,5,,,,,,0,1,,,,,,1,2,2012,,,,,1,5,2014,,,,,0,,6,,,,,,,,,,,,,,,,,,4,0,4,1,16,4,2013,,,,,,,,,,,,,,,,,,,,,,,,,,,,,,,,,,,,,,,,,,,,,,,,,,,,,,,,,,,,,,,,,,,,,,,,,,,,,,,,,,,,,,,,,,,,,,,,,,,,,,,,,,,,,,,,,,,,,,,,,,,,,,,,,,,,,,,,,,,,,,,,,,,,,,,,,,,,,,24MAY1992,10,2,,2,3,5,0,NSP,,,,1,0,2,2,0,3,YAMAHA,1000,R1 (YZF-R1),SPORTIVE,2,2004,28,3,1,4000,,SUZUKI,650,BANDIT-N,ROADSTER,2,2007,28,1,2,25000,,PIAGGIO,300,MP3 LT,SCOOTER,2,2010,28,2,2,10000,,,,,,,,,,,,,,,,,,,,,,,,39000,1,2,3,4,,,,,,2006,,,2008,2010,,,2012,NRP,,,
373,3611,,0,,,,,,,,,,,,,,,,,,,,,,,,,,,,,,,,,,,,,,,,,,,,,,,,,,,,,,,,,,,,,,,,,,,,,,,,,,,,,,,,,,,,,,,,,,,,,,,,,,,,,,,,,,,,,,,,,,,,,,,,,,,,,,,,,,,,,,,,,,,,,,,,,,,,,,,,,,,,,,,,,,,,,,,,,,,,,,,,,,,,,,,,,,,,,,,,,,,,,,,,,,,,,,,,,,,,,,,,,,,,,,,,,,,,,,,,,,,,,,,,,,,,,,,,,,,,,,,,,,,,,,,,,,,,,,,,,,,,,,,,,,,21OCT1979,5,2,,2,4,4,2,1,,,,2,0,0,1,0,1,DUCATI,696,MONSTER+ ABS,ROADSTER,2,2010,28,2,1,7000,,,,,,,,,,,,,,,,,,,,,,,,,,,,,,,,,,,,,,,,,,,,,,7000,3,4,,,,,,,,NRP,,,NRP,2012,,,1998,NRP,,,
1517,3612,,1,0,2,,,,,,0,1,,,,,,0,6,,,,,,0,2,,,,,,0,2,,,,,,0,2,,,,,,0,3,,,,,,0,4,,,,,,2,5,1998,2006,,,,0,1,,,,,,0,4,,,,,,0,1,,,,,,0,4,,,,,,0,6,,,,,,1,2,4,1995,2010,,,,metz,colmar,,,,collision par une voiture par derrière.,collision à un feu rouge de la moto précédente.,,,,0,0,4,0,22,1,71,15,1995,metz,,,,,,,,,,,,,,,,,,,,,,,,,,,,,,,,,,,,,,,,,,,,,,,,,,,,,,,,,,,,,,,,,,,,,,,,,,,,,,,,,,,,,,,,,,,,,,,,,,,,,,,,,,,,,,,,,,,,,,,,,,,,,,,,,,,,,,,,,,,,,,,,,,,,,,,,,,,,,10DEC1974,8,2,,2,5,4,3,1,,,,2,0,0,5,0,5,BMW,1100,R1100S,Routière / GT,2,1999,16,2,1,20000,,HARLEY-DAVIDSON,883,SPORTSTER,ROADSTER,2,1992,16,3,1,5000,,BMW,1100,R1100S,Routière / GT,2,1998,16,3,1,5000,,SUZUKI,600,DJEBEL,TRAIL / SUPERMOTARD,2,1988,16,3,1,2000,,dirt bike,125,cross,NRP,2,2008,41,3,1,1000,,33000,3,4,,,,,,,,NRP,,,NRP,1993,,,1997,NRP,,,