Ligne,Ligne Q qualif,Ligne approfondissement Accident,ACCIDENT,NBACC1,ACCFREQUENCE1,ANNEEACC1_1,ANNEEACC1_2,ANNEEACC1_3,ANNEEACC1_4,ANNEEACC1_5,NBACC2,ACCFREQUENCE2,ANNEEACC2_1,ANNEEACC2_2,ANNEEACC2_3,ANNEEACC2_4,ANNEEACC2_5,NBACC3,ACCFREQUENCE3,ANNEEACC3_1,ANNEEACC3_2,ANNEEACC3_3,ANNEEACC3_4,ANNEEACC3_5,NBACC4,ACCFREQUENCE4,ANNEEACC4_1,ANNEEACC4_2,ANNEEACC4_3,ANNEEACC4_4,ANNEEACC4_5,NBACC5,ACCFREQUENCE5,ANNEEACC5_1,ANNEEACC5_2,ANNEEACC5_3,ANNEEACC5_4,ANNEEACC5_5,NBACC6,ACCFREQUENCE6,ANNEEACC6_1,ANNEEACC6_2,ANNEEACC6_3,ANNEEACC6_4,ANNEEACC6_5,NBACC7,ACCFREQUENCE7,ANNEEACC7_1,ANNEEACC7_2,ANNEEACC7_3,ANNEEACC7_4,ANNEEACC7_5,NBACC8,ACCFREQUENCE8,ANNEEACC8_1,ANNEEACC8_2,ANNEEACC8_3,ANNEEACC8_4,ANNEEACC8_5,NBACC9,ACCFREQUENCE9,ANNEEACC9_1,ANNEEACC9_2,ANNEEACC9_3,ANNEEACC9_4,ANNEEACC9_5,NBACC10,ACCFREQUENCE10,ANNEEACC10_1,ANNEEACC10_2,ANNEEACC10_3,ANNEEACC10_4,ANNEEACC10_5,NBACC11,ACCFREQUENCE11,ANNEEACC11_1,ANNEEACC11_2,ANNEEACC11_3,ANNEEACC11_4,ANNEEACC11_5,NBACC12,ACCFREQUENCE12,ANNEEACC12_1,ANNEEACC12_2,ANNEEACC12_3,ANNEEACC12_4,ANNEEACC12_5,NBACC13,ACCFREQUENCE13,ANNEEACC13_1,ANNEEACC13_2,ANNEEACC13_3,ANNEEACC13_4,ANNEEACC13_5,NBACC14,ACCFREQUENCE14,ANNEEACC14_1,ANNEEACC14_2,ANNEEACC14_3,ANNEEACC14_4,ANNEEACC14_5,AUTRESACC,NBAUTRESACC,TOTAL_AC,ANNEEAUTREACC1,ANNEEAUTREACC2,ANNEEAUTREACC3,ANNEEAUTREACC4,ANNEEAUTREACC5,LIEUAUTREACC1,LIEUAUTREACC2,LIEUAUTREACC3,LIEUAUTREACC4,LIEUAUTREACC5,DESCRIPTIONAUTRESACC1,DESCRIPTIONAUTRESACC2,DESCRIPTIONAUTRESACC3,DESCRIPTIONAUTRESACC4,DESCRIPTIONAUTRESACC5,NBAUTRESACCCIRCUIT,NBAUTRESTOUTTERRAIN,EXPCYCLO,EXP125,EXPSUP125,ACCORDNEXTQ,CHOIXACC,RGPMTACC,RECUPANNEE,RECUPLIEU,RECUPANNE,RGPMTAC,CHOIX1,CHOIX2,CHOIX3,CHOIX4,CHOIX5,CHOIX6,CHOIX7,DESCRIPTION,RUPTURE,FAITS,ABS_REACTION,AUTRE_REACTION,PRECISIONREACTIONOUI,RECUL,PRECISIONREACTIONNON,IMPACTCOMPORTEMENT,AUTREUSAGER,REACTIONAUTREUSAGER,CONNAISSANCEREACTIONUSAGER,DIFFICULTES,AGGRAVATION,DIFFICULTES2,EMOTIONS1,EMOTIONS2,EMOTIONS3,EMOTIONS4,EMOTIONS5,EMOTIONS6,AUTRESENTIMENT,CLASSEMENTEMOTIONS1,CLASSEMENTEMOTIONS,CLASSEMENTEMOTIONS5,CLASSEMENTEMOTIONS6,CLASSEMENTEMOTIONS7,CLASSEMENTEMOTIONS8,CLASSEMENTEMOTIONS9,EXPLICATIONRESSENTI,BIENEQUIPE,ALLURE,ALLUREVITEDETAIL,ALLURELENTEDETAIL,SITUATIONPRESSE,SITUATIONDISTRAIT,SITUATIONCONFIANT,SITUATIONCONTROLE,SITUATIONLUDIQUE,SITUATIONPERF,SITUATIONSTRESS,SITUATIONFATIGUE,HUMEURNEUTRE,HUMEURGAI,HUMEURMECONTENT,HUMEURTRISTE,HUMEURCOLERE,CONTRIBUTION1,CONTRIBUTION2,CONTRIBUTION3,CONTRIBUTION4,CONTRIBUTION5,CONTRIBUTION6,CONTRIBUTION7,CONTRIBUTION8,CONTRIBUTION9,ROLEINFRA,ELEMENTINFRA1,ELEMENTINFRA2,ELEMENTINFRA3,ELEMENTINFRA4,ELEMENTINFRA5,ELEMENTINFRA6,ELEMENTINFRA7,ELEMENTINFRA8,ELEMENTINFRA9,ALCOOL,TXALCOOL,STUP,SEMAINE,MOMENTJOURNEE,TEMPS,CAUSEACC1,CAUSEACC2,CAUSEACC3,CAUSEACC4,CAUSEACC5,FORMATIONCAUSE,FORMATION1,FORMATION2,FORMATION3,FORMATION4,FORMATION5,TRAFIC,CHAUSSEE1,CHAUSSEE2,CHAUSSEE3,CHAUSSEE4,TYPEACC,BLESSURE,TETE,COU,THORAX,MEMBRESSUP,COLONNE,BASSIN,MEMBRESINF,HOPITAL,PLUS24H,TRAJET,TYPEROUTE,MOTIF,SENSTRAJET,PASSAGER,VITESSE,DESCEQ1,DESCEQ2,DESCEQ3,DESCEQ4,DESCEQ5,DESCEQ6,DESCEQ7,DESCEQ8,DESCEQ9,DESCEQ10,VEHICULEETE,VEHICULEAUTOMNE,VEHICULEPRINTEMPS,VEHICULEHIVER,VEHICULESEMAINE,VEHICULEWE,VEHMARQUE,VEHCYLINDREE,VEHMODELE,VEHSEGMENT,VEHSIDE,EQ2RMABS,EQ2RMCBS,EQ2RMABSCBS,EQ2RMREGULATEUR,EQ2RMLIMITEUR,EQ2RMPHARESDIRECT,EQ2RMCOUPURE,EQ2RMANTIPATINAGE,EQ2RMANTIXHEELING,EQ2RMSTABILILTE,VEHKM,POINTS,DUREE,AUTRE2RM,VEHPRECMARQUE,VEHPRECCYLINDREE,VEHPRECMODELE,VEHPRECSEGMENT,VEHPRECSIDE,TEMPS2RMPREC,FREQVEHPREC,DATE_NAISS,CSP,SOCIETAIRE,SALARIE,SECTEUR2RM,NBPERSFOYER,SITFAM,NBENF,TRNBENF1,TRNBENF2,TRNBENF3,TRNBENF4,NBAUTOFOYER,NBCYCLOFOYER,NBSCOOTFOYER,NBMOTOFOYER,NBTRIKEFOYER,NB2RMCONDUIT,MARQUE1,CYLINDREE1,MODELE1,SEGMENT1,SIDE1,ANMISECIRCU1,ASS1,FREQ1,USAGE1,NBKM1,GARAGE1,MARQUE2,CYLINDREE2,MODELE2,SEGMENT2,SIDE2,ANMISECIRCU2,ASS2,FREQ2,USAGE2,NBKM2,GARAGE2,MARQUE3,CYLINDREE3,MODELE3,SEGMENT3,SIDE3,ANMISECIRCU3,ASS3,FREQ3,USAGE3,NBKM3,GARAGE3,MARQUE4,CYLINDREE4,MODELE4,SEGMENT4,SIDE4,ANMISECIRCU4,ASS4,FREQ4,USAGE4,NBKM4,GARAGE4,MARQUE5,CYLINDREE5,MODELE5,SEGMENT5,SIDE5,ANMISECIRCU5,ASS5,FREQ5,USAGE5,NBKM5,GARAGE5,NBKMTOT,PERMIS1,PERMIS2,PERMIS3,PERMIS4,PERMIS5,PERMIS6,PERMIS7,PERMIS8,PERMIS9,ANPERMIS1,ANPERMIS6,ANPERMIS7,ANPERMIS2,ANPERMIS3,ANPERMIS8,ANPERMIS9,ANPERMIS4,ANPERMIS5,,,
296,3613,69,1,0,6,,,,,,0,6,,,,,,0,2,,,,,,0,5,,,,,,0,4,,,,,,0,4,,,,,,0,3,,,,,,0,4,,,,,,1,4,2013,,,,,0,6,,,,,,0,6,,,,,,0,4,,,,,,1,2,2013,,,,,0,2,,,,,,0,,2,,,,,,,,,,,,,,,,,,5,0,18,1,61,13,2013,,2013,Vous circuliez derrière un véhicule. Ce véhicule a freiné ou a ralenti et vous lavez percuté par larrière.,3,5,6,,,,,"Lors d'un ralentissement sur la rocade bordelaise, je suivais une voiture, j'ai voulu changer de voie.  J'ai effectué tous les contrôles de rigueur après m'être légèrement éloigné de ce véhicule. J'ai laissé passer un véhicule qui me doublait.J'ai re-contrôlé la voie de gauche après son passage.  Je me suis déporté vers la gauche alors que j'étais encore en train d'effectuer ce dernier contrôle. GROSSE BETISE: le véhicule que je venais d laisser passer avait pilé dans une zone ou la chaussée se rétrécit, du coup la distance de sécurité est devenue quasiment nulle et m'a juste permis de dévier sur son coté droit. J'ai rebondi et le guidonnage m'a fait chuter sur la voie centrale.  Je me suis relevé et je suis allé me mettre en sécurité (très relative) entre les murs du séparateur central.  Conclusion: décomposer les contrôles et actions.  Merci au routier qui a bloqué les voies pour moi alors que les voitures essayaient de passer en force!",le déclencheur est le manque de décomposition lors du dernier contrôle. Prendre de la distance: ok Contrôler la voie de gauche: ok Laisser passer le véhicule en approche: ok Recontrôler la voie de gauche: ok RECONTRÖLER LA SITUATION DEVANT: PAS OK Manoeuvrer,"J'ai fait un évitement à droite,ce qui m'a évité de taper de face, puis le choc. Les autres véhicules ont pilé.",NRP,0,,,la distance de sécurité était insuffisante,2,1,2,,la dame était en panique. De toute façon elle n'a rien vu arriver sachant que je me trouvais derrière.,2,NRP,9,,,,,,je n'ai pas souvenir d'un sentiment en particulier. Dans ces cas là je ne crois pas que l'on ai le temps pour ça. La réaction est de type réflexe.,,,,,,,1,"pas de temps nécessaire, c'est le cerveau reptilien qui réagit.",3,3,,,1,1,4,4,4,1,1,1,1,4,4,4,4,5,8,,,,,,,,1,AUT|rétrécissement de chaussée,,,,,,,,2,2,,2,2,1,1,90,0,0,10,0,2,,,,,,3,1,,,,2,1,7,,,,,,,1,0,1,3,3,,0,70,1,10,2,3,4,,,,,,2,2,2,2,2,2,HONDA,600,CB-F S ABS,ROADSTER,2,0,0,0,1,1,1,1,1,1,1,NSP,12,4,1,YAMAHA,1200,XTZ SUPER TENERE,TRAIL / SUPERMOTARD,2,2,4,13JUL1971,7,1,,2,4,4,2,1,,,,1,0,0,2,0,2,YAMAHA,1200,XTZ SUPER TENERE,TRAIL / SUPERMOTARD,2,2011,37,3,1,20000,7,SUZUKI,650,BANDIT-S,ROADSTER,2,2007,37,3,1,10000,,,,,,,,,,,,,,,,,,,,,,,,,,,,,,,,,,,30000,3,4,,,,,,,,NRP,,,NRP,1995,,,1991,NRP,,,
539,3616,196,1,0,4,,,,,,0,4,,,,,,0,5,,,,,,0,2,,,,,,1,5,1991,,,,,0,4,,,,,,0,3,,,,,,0,4,,,,,,0,4,,,,,,0,2,,,,,,0,4,,,,,,0,4,,,,,,0,3,,,,,,0,2,,,,,,0,,1,,,,,,,,,,,,,,,,,,4,0,10,1,21,5,1991,,1991,Vous circuliez sur un axe prioritaire. Un véhicule venant dun axe non prioritaire vous a coupé la route.,1,2,,,,,,"Journée de boulot fini à 23h00, je rentre tranquillement chez moi. Il fait nuit, il pleut. Ma moto est en très bon état et je suis équipé. Quand je suis arrivé à ce rond point, ma vitesse était réglementaire, voire même inférieure. La voiture qui m'a grillé la priorité paraissait avoir une vitesse normale aussi, seulement elle ne s'est pas arrêté. Je n'ai pas fais de freinage d'urgence tout de suite, mais quand j'ai vu que la collision était proche, j'ai mordu dans les freins. Manque de bol sur un passage piéton. J'ai glissé sur la route, je n'ai rien percuté, et j'ai pu me relever sans trop de mal, sauf que la voiture s'est barré et que ma moto était endommagé.",nuit pluie priorité passage piéton,"Je n'ai pas vu la voiture avoir une action quelconque. Moi j'ai tapé dans les freins avec les connaissances que j'avais à l'époque. Dans un premier temps un freinage appuyé, puis très fort.",NRP,1,"Avec l'expérience, la formation post permis AFDM, mon freinage aurait du être plus fort tout de suite, ce qui m'aurait éviter d'être sur le passage piéton à l'instant ou mon freinage était le plus appuyé","Pas d'expérience, une formation au permis loin d'être efficace",,2,1,NSP,,NSP,NSP,NSP,2,3,6,,,,,,1,2,,,3,,"Quand on arrive sur une priorité à droite, on ralenti. Pour la voiture ce n'était pas le cas, alors qu'en pleine nuit l'éclairage des véhicules permet plus facilement de voir les véhicules en approche",3,3,,,1,1,3,3,1,1,1,3,1,4,4,4,4,5,7,,,,,,,,1,1,,,,,,,,2,2,,2,1,2,2,0,60,0,20,20,1,1,3,4,,,1,2,,,,1,,,,,,,,,,,1,1,1,2,0,40,1,2,4,,,,,,,,4,4,4,4,4,4,HONDA,600,CBR,Routière / GT,2,1,1,1,1,1,1,1,1,1,1,20000,12,2,1,HONDA,600,CBR,Routière / GT,2,2,4,23MAY1971,2,2,,2,2,2,1,3,,,,1,2,0,1,0,1,HONDA,800,VFR-F V-TEC ABS,Routière / GT,2,2004,28,2,1,2000,,,,,,,,,,,,,,,,,,,,,,,,,,,,,,,,,,,,,,,,,,,,,,2000,3,4,,,,,,,,NRP,,,NRP,1990,,,1989,NRP,,,
1076,3618,,0,,,,,,,,,,,,,,,,,,,,,,,,,,,,,,,,,,,,,,,,,,,,,,,,,,,,,,,,,,,,,,,,,,,,,,,,,,,,,,,,,,,,,,,,,,,,,,,,,,,,,,,,,,,,,,,,,,,,,,,,,,,,,,,,,,,,,,,,,,,,,,,,,,,,,,,,,,,,,,,,,,,,,,,,,,,,,,,,,,,,,,,,,,,,,,,,,,,,,,,,,,,,,,,,,,,,,,,,,,,,,,,,,,,,,,,,,,,,,,,,,,,,,,,,,,,,,,,,,,,,,,,,,,,,,,,,,,,,,,,,,,,16DEC1966,5,1,,2,4,4,2,3,4,,,1,0,0,3,0,3,DUCATI,1000,ST3,Routière / GT,2,2001,37,3,1,15000,,YAMAHA,1200,FJ,Routière / GT,1,1991,37,3,1,4000,,HONDA,125,VARADERO,TRAIL / SUPERMOTARD,2,2001,37,3,1,2000,,,,,,,,,,,,,,,,,,,,,,,,21000,2,3,4,,,,,,,NRP,,,1986,1989,,,1986,NRP,,,
212,3621,,0,,,,,,,,,,,,,,,,,,,,,,,,,,,,,,,,,,,,,,,,,,,,,,,,,,,,,,,,,,,,,,,,,,,,,,,,,,,,,,,,,,,,,,,,,,,,,,,,,,,,,,,,,,,,,,,,,,,,,,,,,,,,,,,,,,,,,,,,,,,,,,,,,,,,,,,,,,,,,,,,,,,,,,,,,,,,,,,,,,,,,,,,,,,,,,,,,,,,,,,,,,,,,,,,,,,,,,,,,,,,,,,,,,,,,,,,,,,,,,,,,,,,,,,,,,,,,,,,,,,,,,,,,,,,,,,,,,,,,,,,,,,28JAN1953,7,1,,2,2,3,,NSP,,,,3,0,0,2,0,2,BMW,1200,K1200RS,Routière / GT,2,2003,37,3,1,20000,,SUZUKI,1200,BANDIT,ROADSTER,2,1999,11,3,1,5000,,,,,,,,,,,,,,,,,,,,,,,,,,,,,,,,,,,25000,3,4,,,,,,,,NRP,,,NRP,1971,,,1971,NRP,,,
1274,3626,412,1,0,3,,,,,,0,5,,,,,,0,5,,,,,,0,4,,,,,,0,3,,,,,,0,5,,,,,,0,4,,,,,,0,3,,,,,,1,4,2006,,,,,2,6,2014,2002,,,,0,5,,,,,,0,2,,,,,,1,2,2001,,,,,0,3,,,,,,1,2,6,2000,2006,,,,Ollioules,Morangis,,,,Sortie de virage sans visibilité. Un éboulement de pierre sur la route que je n'ai pas pu évité. J'ai fini ma chute sur la voie de circulation inverse,Chute sur un freinage à un STOP en hiver. L'endroit était plus humide qu'ailleurs. Il a gelé dans la nuit. Perte de l'avant de la moto,,,,0,0,0,0,16,1,71,15,2000,Ollioules,2000,Autre(s) type(s) d'accident(s).,AUT|dangerosité de certaines infrastructures routières,,,,,,,"lendemain d'une nuit avec beaucoup de vent, un éboulement de pierre s'est retrouvé sur la route après un virage en aveugle (aucune vision sur la sortie) La roue avant de ma moto a tapé une des pierres. Je suis tombé sur la voie en contre-sens. Par chance, il n'y avait pas encore de circulation.",Manque d'expérience dans les situations surprenantes malgré une formation au permis moto déjà plus complète que pour le permis auto,NRP,AUT|pas d'anticipation possible de l'évènement,0,,,NRP,2,0,,,,,,6,,,,,,,,,,,,1,,NRP,3,3,,,2,2,3,3,1,1,1,2,2,4,4,4,4,4,6,7,,,,,,,1,2,AUT|pas d'entretien des parois des lieux ce qui a entrainé un eboulement lors de grands vents dans la nuit précédente,,,,,,,2,2,,2,1,3,3,20,0,0,70,10,1,2,4,AUT|pas assez poussée,,,1,1,,,,2,1,7,,,,,,,1,0,1,2,1,1,0,65,1,2,4,7,,,,,,,4,4,4,4,4,4,HONDA,750,VFR-F,Routière / GT,2,1,1,1,1,1,1,1,1,1,1,NSP,12,1,1,KAWASAKI,500,GPZ-S,Routière / GT,2,3,3,09MAR1976,6,1,,2,4,4,2,1,,,,2,1,0,1,0,1,HONDA,750,VFR-F,Routière / GT,2,1996,37,1,2,15000,,,,,,,,,,,,,,,,,,,,,,,,,,,,,,,,,,,,,,,,,,,,,,15000,3,4,,,,,,,,NRP,,,NRP,1998,,,1994,NRP,,,
1135,3627,,1,0,6,,,,,,0,4,,,,,,0,4,,,,,,0,3,,,,,,0,4,,,,,,0,3,,,,,,0,3,,,,,,1,4,1998,,,,,0,5,,,,,,0,1,,,,,,0,1,,,,,,0,2,,,,,,1,4,2009,,,,,0,5,,,,,,0,,2,,,,,,,,,,,,,,,,,,4,0,20,1,36,8,1998,,,,,,,,,,,,,,,,,,,,,,,,,,,,,,,,,,,,,,,,,,,,,,,,,,,,,,,,,,,,,,,,,,,,,,,,,,,,,,,,,,,,,,,,,,,,,,,,,,,,,,,,,,,,,,,,,,,,,,,,,,,,,,,,,,,,,,,,,,,,,,,,,,,,,,,,,,,,,,07OCT1964,8,1,,2,1,1,,NSP,,,,1,3,1,5,0,4,KAWASAKI,1400,ZZR ABS,Routière / GT,2,2007,37,2,1,7000,,TRIUMPH,900,SPRINT,Routière / GT,2,1994,37,1,1,3000,,TRIUMPH,675,DAYTONA,SPORTIVE,2,2006,41,4,1,2000,,HONDA,500,CB500F,ROADSTER,2,1973,41,4,1,1000,,,,,,,,,,,,,13000,3,4,,,,,,,,NRP,,,NRP,1996,,,1982,NRP,,,
361,3629,155,1,0,3,,,,,,0,3,,,,,,0,3,,,,,,0,3,,,,,,1,3,1985,,,,,0,3,,,,,,0,2,,,,,,0,3,,,,,,1,4,2014,,,,,0,3,,,,,,0,3,,,,,,0,3,,,,,,0,3,,,,,,0,2,,,,,,0,,2,,,,,,,,,,,,,,,,,,3,1,46,1,21,5,1985,,1985,Vous circuliez sur un axe prioritaire. Un véhicule venant dun axe non prioritaire vous a coupé la route.,1,2,3,6,,,,"A l'approche d'un feu tricolore rouge et en phase de décélération, le feu passe au vert alors que je me trouvais à environ 50 mètres. Je me mets en phase d'accélération pour atteindre les 50km/h réglementaire. Au moment ou je franchis le carrefour, un cyclomoteur avec un conducteur et un passager (des gamins de 14/15 ans) franchis le feu rouge et s'engage dans le carrefour à vive allure. Le cyclomoteur m'a heurté au niveau de la fourche avant, le choc m'a déporté vers la gauche et j'ai alors heurté un véhicule en stationnement. J'ai été éjecté de la moto et me suis retrouvé sur le toit d'un autre véhicule en stationnement ce qui a amorti le choc mais détruit le toit dudit véhicule. Je n'ai eu que des contusions légères et n'ai pas eu d'arrêt de travail.  La moto a été déclarée en épave par l'expert malgré qu'elle n'ai eu que deux ans au moment de l'accident.  Les deux gamins sur le cyclo (sans casques) ont eux aussi été éjectés de leur deux roues. Le conducteur a heurté la bordure du trottoir avec la tête et a été hospitalisé pour un grave traumatisme crânien. Le passager a heurté une portière de voiture en stationnement et a été blessé légèrement à la tête, a eu une fracture de l'avant bras et une fracture à une cheville.  La police est venu établir un rapport de cet accident. Les gamins ayant reconnus leurs torts. Deux témoins directs ont aussi été entendus.  Malgré que ma responsabilité n'était pas engagée, il m'a fallu affronter le tribunal pour m'entendre dire que je n'était pas responsable de cet accident.  Mon assureur a du engager une procédure contre les parents des gamins car le cyclomoteur n'était pas assuré.",L'élément qui peut être confondu avec la difficulté est que l'accident s'est produit en agglomération et que le carrefour n'offrait aucune visibilité sur la rue perpendiculaire.   L'accident s'est produit à 20h30 et j'étais le seul à circuler sur ma voie donc personne pour ralentir ma progression.,"J'ai décris plus avant ma progression avant et au moment du choc.  Je n'ai rien pu faire pour éviter le choc, n'ayant pas vu arriver le cyclomoteur.",3,0,,,"N'ayant pas vu arriver le cyclomoteur, je n'ai pas envisagé à postériori avoir un autre comportement pour aborder le carrefour.  Par contre aujourd'hui dans ce genre de configuration, j'aborde ce genre de carrefour avec plus d'attention...",2,0,,,,,,7,,,,,,,,,,,,,,,4,1,1,,1,1,3,3,2,1,1,2,3,4,4,4,4,5,,,,,,,,,2,,,,,,,,,2,2,,2,1,3,1,10,90,0,0,0,2,,,,,,1,1,,,,2,0,,,,,,,,,,2,1,3,,0,60,1,10,2,5,,,,,,,4,4,4,4,4,4,HONDA,500,CX,ROADSTER,2,1,1,1,1,1,1,1,1,1,1,44000,12,4,1,SUZUKI,750,GSX,ROADSTER,2,4,4,03FEB1950,9,2,,2,2,3,,NSP,,,,0,0,1,1,0,2,SYM,400,MAXSYM ABS,SCOOTER,2,2012,28,1,1,12000,,SUZUKI,750,GSX-R,SPORTIVE,2,2010,28,2,1,5000,,,,,,,,,,,,,,,,,,,,,,,,,,,,,,,,,,,17000,4,3,,,,,,,,NRP,,,NRP,1979,,,1969,NRP,,,
988,3631,488,1,0,5,,,,,,0,5,,,,,,0,4,,,,,,0,3,,,,,,0,5,,,,,,0,3,,,,,,0,3,,,,,,0,2,,,,,,0,3,,,,,,0,3,,,,,,0,4,,,,,,0,2,,,,,,1,5,2002,,,,,0,5,,,,,,0,,1,,,,,,,,,,,,,,,,,,2,2,13,1,61,13,2002,,2002,Vous circuliez derrière un véhicule. Ce véhicule a freiné ou a ralenti et vous lavez percuté par larrière.,1,2,3,4,5,,,"En ville de Besancon,sur une rue a 3 voies en sens unique d'environ 500 m,et feux tricolores au bout,et beaucoup de vehicules devant moi,il y a eu un fort ralentissement,et je n ai pu eviter la voiture devant moi. Freinage d urgence un peu fort,j ai taper l aile arriere et soleil!","Manque d experience(1000km seulement apres le permis),et manque d anticipation en grande circulation","Voyant arriver un scooter sur la voie de droite,je n ai pas pu changer de voie,j ai freiné en urgence,trop fort;la jeune femme que j ai percuté était plu inquiète pour moi,que son vehicule,plusieurs personnes m ont aidé a me placer hors de la route,moi et la moto.",NRP,1,"Si j avais eu mon experience actuelle,j aurais anticipé,mieux freiné!","Débutant,seulement avec 1000 kms apres le permis,trop de confiance,et manque de pratique en grosse circulation!",,2,1,2,,"aucune,je l ai tapée par derriere",2,NRP,5,,,,,,,,,,,1,,,"je me suis vu arriver sur la voiture,sans pouvoir faire quelque chose",3,1,3,,1,3,3,3,3,1,1,1,1,1,4,4,4,1,2,4,5,7,8,,,,2,,,,,,,,,2,2,,2,1,1,1,100,0,0,0,0,2,,,,,,3,1,,,,2,1,7,,,,,,,1,0,2,1,3,,0,55,1,2,3,4,,,,,,,2,1,1,1,1,1,YAMAHA,600,XJ-S DIVERSION,ROADSTER,null,1,1,1,1,1,1,1,1,1,1,1000,12,1,1,YAMAHA,125,XV VIRAGO,CUSTOM,2,3,3,18NOV1968,8,1,,2,1,1,,NSP,,,,1,3,0,3,0,3,APRILIA,1000,SL-V FALCO,SPORTIVE,2,2002,37,2,1,10000,,KAWASAKI,650,VERSYS,ROADSTER,2,2010,37,2,2,12000,,HONDA,1100,VT SHADOW,CUSTOM,2,1996,37,3,1,5000,,,,,,,,,,,,,,,,,,,,,,,,27000,3,4,,,,,,,,NRP,,,NRP,2001,,,1987,NRP,,,
936,3632,,0,,,,,,,,,,,,,,,,,,,,,,,,,,,,,,,,,,,,,,,,,,,,,,,,,,,,,,,,,,,,,,,,,,,,,,,,,,,,,,,,,,,,,,,,,,,,,,,,,,,,,,,,,,,,,,,,,,,,,,,,,,,,,,,,,,,,,,,,,,,,,,,,,,,,,,,,,,,,,,,,,,,,,,,,,,,,,,,,,,,,,,,,,,,,,,,,,,,,,,,,,,,,,,,,,,,,,,,,,,,,,,,,,,,,,,,,,,,,,,,,,,,,,,,,,,,,,,,,,,,,,,,,,,,,,,,,,,,,,,,,,,,16NOV1963,7,2,,2,5,4,3,2,4,,,4,0,0,2,0,2,KAWASAKI,650,ER-6  N,ROADSTER,2,2012,10,2,1,12000,,KAWASAKI,500,GPZ-S,Routière / GT,2,2001,10,2,1,10000,,,,,,,,,,,,,,,,,,,,,,,,,,,,,,,,,,,22000,3,4,,,,,,,,NRP,,,NRP,1982,,,1982,NRP,,,