Ligne,Ligne Q qualif,Ligne approfondissement Accident,ACCIDENT,NBACC1,ACCFREQUENCE1,ANNEEACC1_1,ANNEEACC1_2,ANNEEACC1_3,ANNEEACC1_4,ANNEEACC1_5,NBACC2,ACCFREQUENCE2,ANNEEACC2_1,ANNEEACC2_2,ANNEEACC2_3,ANNEEACC2_4,ANNEEACC2_5,NBACC3,ACCFREQUENCE3,ANNEEACC3_1,ANNEEACC3_2,ANNEEACC3_3,ANNEEACC3_4,ANNEEACC3_5,NBACC4,ACCFREQUENCE4,ANNEEACC4_1,ANNEEACC4_2,ANNEEACC4_3,ANNEEACC4_4,ANNEEACC4_5,NBACC5,ACCFREQUENCE5,ANNEEACC5_1,ANNEEACC5_2,ANNEEACC5_3,ANNEEACC5_4,ANNEEACC5_5,NBACC6,ACCFREQUENCE6,ANNEEACC6_1,ANNEEACC6_2,ANNEEACC6_3,ANNEEACC6_4,ANNEEACC6_5,NBACC7,ACCFREQUENCE7,ANNEEACC7_1,ANNEEACC7_2,ANNEEACC7_3,ANNEEACC7_4,ANNEEACC7_5,NBACC8,ACCFREQUENCE8,ANNEEACC8_1,ANNEEACC8_2,ANNEEACC8_3,ANNEEACC8_4,ANNEEACC8_5,NBACC9,ACCFREQUENCE9,ANNEEACC9_1,ANNEEACC9_2,ANNEEACC9_3,ANNEEACC9_4,ANNEEACC9_5,NBACC10,ACCFREQUENCE10,ANNEEACC10_1,ANNEEACC10_2,ANNEEACC10_3,ANNEEACC10_4,ANNEEACC10_5,NBACC11,ACCFREQUENCE11,ANNEEACC11_1,ANNEEACC11_2,ANNEEACC11_3,ANNEEACC11_4,ANNEEACC11_5,NBACC12,ACCFREQUENCE12,ANNEEACC12_1,ANNEEACC12_2,ANNEEACC12_3,ANNEEACC12_4,ANNEEACC12_5,NBACC13,ACCFREQUENCE13,ANNEEACC13_1,ANNEEACC13_2,ANNEEACC13_3,ANNEEACC13_4,ANNEEACC13_5,NBACC14,ACCFREQUENCE14,ANNEEACC14_1,ANNEEACC14_2,ANNEEACC14_3,ANNEEACC14_4,ANNEEACC14_5,AUTRESACC,NBAUTRESACC,TOTAL_AC,ANNEEAUTREACC1,ANNEEAUTREACC2,ANNEEAUTREACC3,ANNEEAUTREACC4,ANNEEAUTREACC5,LIEUAUTREACC1,LIEUAUTREACC2,LIEUAUTREACC3,LIEUAUTREACC4,LIEUAUTREACC5,DESCRIPTIONAUTRESACC1,DESCRIPTIONAUTRESACC2,DESCRIPTIONAUTRESACC3,DESCRIPTIONAUTRESACC4,DESCRIPTIONAUTRESACC5,NBAUTRESACCCIRCUIT,NBAUTRESTOUTTERRAIN,EXPCYCLO,EXP125,EXPSUP125,ACCORDNEXTQ,CHOIXACC,RGPMTACC,RECUPANNEE,RECUPLIEU,RECUPANNE,RGPMTAC,CHOIX1,CHOIX2,CHOIX3,CHOIX4,CHOIX5,CHOIX6,CHOIX7,DESCRIPTION,RUPTURE,FAITS,ABS_REACTION,AUTRE_REACTION,PRECISIONREACTIONOUI,RECUL,PRECISIONREACTIONNON,IMPACTCOMPORTEMENT,AUTREUSAGER,REACTIONAUTREUSAGER,CONNAISSANCEREACTIONUSAGER,DIFFICULTES,AGGRAVATION,DIFFICULTES2,EMOTIONS1,EMOTIONS2,EMOTIONS3,EMOTIONS4,EMOTIONS5,EMOTIONS6,AUTRESENTIMENT,CLASSEMENTEMOTIONS1,CLASSEMENTEMOTIONS,CLASSEMENTEMOTIONS5,CLASSEMENTEMOTIONS6,CLASSEMENTEMOTIONS7,CLASSEMENTEMOTIONS8,CLASSEMENTEMOTIONS9,EXPLICATIONRESSENTI,BIENEQUIPE,ALLURE,ALLUREVITEDETAIL,ALLURELENTEDETAIL,SITUATIONPRESSE,SITUATIONDISTRAIT,SITUATIONCONFIANT,SITUATIONCONTROLE,SITUATIONLUDIQUE,SITUATIONPERF,SITUATIONSTRESS,SITUATIONFATIGUE,HUMEURNEUTRE,HUMEURGAI,HUMEURMECONTENT,HUMEURTRISTE,HUMEURCOLERE,CONTRIBUTION1,CONTRIBUTION2,CONTRIBUTION3,CONTRIBUTION4,CONTRIBUTION5,CONTRIBUTION6,CONTRIBUTION7,CONTRIBUTION8,CONTRIBUTION9,ROLEINFRA,ELEMENTINFRA1,ELEMENTINFRA2,ELEMENTINFRA3,ELEMENTINFRA4,ELEMENTINFRA5,ELEMENTINFRA6,ELEMENTINFRA7,ELEMENTINFRA8,ELEMENTINFRA9,ALCOOL,TXALCOOL,STUP,SEMAINE,MOMENTJOURNEE,TEMPS,CAUSEACC1,CAUSEACC2,CAUSEACC3,CAUSEACC4,CAUSEACC5,FORMATIONCAUSE,FORMATION1,FORMATION2,FORMATION3,FORMATION4,FORMATION5,TRAFIC,CHAUSSEE1,CHAUSSEE2,CHAUSSEE3,CHAUSSEE4,TYPEACC,BLESSURE,TETE,COU,THORAX,MEMBRESSUP,COLONNE,BASSIN,MEMBRESINF,HOPITAL,PLUS24H,TRAJET,TYPEROUTE,MOTIF,SENSTRAJET,PASSAGER,VITESSE,DESCEQ1,DESCEQ2,DESCEQ3,DESCEQ4,DESCEQ5,DESCEQ6,DESCEQ7,DESCEQ8,DESCEQ9,DESCEQ10,VEHICULEETE,VEHICULEAUTOMNE,VEHICULEPRINTEMPS,VEHICULEHIVER,VEHICULESEMAINE,VEHICULEWE,VEHMARQUE,VEHCYLINDREE,VEHMODELE,VEHSEGMENT,VEHSIDE,EQ2RMABS,EQ2RMCBS,EQ2RMABSCBS,EQ2RMREGULATEUR,EQ2RMLIMITEUR,EQ2RMPHARESDIRECT,EQ2RMCOUPURE,EQ2RMANTIPATINAGE,EQ2RMANTIXHEELING,EQ2RMSTABILILTE,VEHKM,POINTS,DUREE,AUTRE2RM,VEHPRECMARQUE,VEHPRECCYLINDREE,VEHPRECMODELE,VEHPRECSEGMENT,VEHPRECSIDE,TEMPS2RMPREC,FREQVEHPREC,DATE_NAISS,CSP,SOCIETAIRE,SALARIE,SECTEUR2RM,NBPERSFOYER,SITFAM,NBENF,TRNBENF1,TRNBENF2,TRNBENF3,TRNBENF4,NBAUTOFOYER,NBCYCLOFOYER,NBSCOOTFOYER,NBMOTOFOYER,NBTRIKEFOYER,NB2RMCONDUIT,MARQUE1,CYLINDREE1,MODELE1,SEGMENT1,SIDE1,ANMISECIRCU1,ASS1,FREQ1,USAGE1,NBKM1,GARAGE1,MARQUE2,CYLINDREE2,MODELE2,SEGMENT2,SIDE2,ANMISECIRCU2,ASS2,FREQ2,USAGE2,NBKM2,GARAGE2,MARQUE3,CYLINDREE3,MODELE3,SEGMENT3,SIDE3,ANMISECIRCU3,ASS3,FREQ3,USAGE3,NBKM3,GARAGE3,MARQUE4,CYLINDREE4,MODELE4,SEGMENT4,SIDE4,ANMISECIRCU4,ASS4,FREQ4,USAGE4,NBKM4,GARAGE4,MARQUE5,CYLINDREE5,MODELE5,SEGMENT5,SIDE5,ANMISECIRCU5,ASS5,FREQ5,USAGE5,NBKM5,GARAGE5,NBKMTOT,PERMIS1,PERMIS2,PERMIS3,PERMIS4,PERMIS5,PERMIS6,PERMIS7,PERMIS8,PERMIS9,ANPERMIS1,ANPERMIS6,ANPERMIS7,ANPERMIS2,ANPERMIS3,ANPERMIS8,ANPERMIS9,ANPERMIS4,ANPERMIS5,,,
710,3638,240,1,0,2,,,,,,0,2,,,,,,0,3,,,,,,0,3,,,,,,0,3,,,,,,0,4,,,,,,0,2,,,,,,4,4,1992,1992,1993,1994,,3,1,1992,1992,1994,,,0,2,,,,,,0,4,,,,,,0,2,,,,,,0,3,,,,,,0,3,,,,,,1,1,8,1993,,,,,Marseille,,,,,"le feu passe au vert, je démarre et glisse sur une flaque de carburant et la voiture derrière moi nous écrase, ma moto et moi.",,,,,0,0,0,2,8,1,71,15,1993,Marseille,1993,Autre(s) type(s) d'accident(s).,6,,,,,,,"Le seul accident impliquant un automobiliste : j'ai glissé sur du gasoil alors que le fan passait au vert. une voiture s'est arrêtée sur moi, me bloquant la jambe entre son pare-choc. J'avais alors le haut du corps et le bras droit sur son capot. La protection de mes mains à l'époque était assurée par des gants SEGURA cloutés à l'intérieur. Ces clous ont légèrement marqué la peinture du capot. Le conducteur, toujours dans sa voiture, était fou de rage et a mis un certain temps à reculer alors qu'il me coinçait et il a fallut que je me mette à l'insulter pour qu'il recule enfin Il n'y a eu aucun constat sur place. Le conducteur a ensuite déclaré à son assurance que j'étais en tord et un témoin m'a alors aidé à conter son accusation et l'affaire a été sans suite.","le carrefour était en dévers et le ""gras"" (ici du gasoil) accumulé aux feux en général (plus l'été avec l'eu des climatisations) sont le mix responsable de ma chute. il en est de même pour tous les ralentisseurs qui, par le choc donné aux voitures, les font perdre graisse/huile et eau.",NRP,3,0,,,parce que le gazoil est invisible,2,1,2,,"Il était bien trop près de moi au feu et en démarrant en même temps, il n'a pu m'éviter.",1,voir plus haut,2,,,,,,,,1,,,,,,une situation inattendue,4,3,,,2,1,4,4,1,1,1,1,5,5,5,5,5,7,,,,,,,,,1,1,2,3,4,,,,,2,2,,2,1,1,1,20,30,0,50,0,1,1,2,3,,,3,6,,,,1,,,,,,,,,,,2,1,3,,0,3,1,10,2,3,4,,,,,,4,4,4,4,4,4,YAMAHA,600,XTZ TENERE,TRAIL / SUPERMOTARD,2,1,1,1,1,1,0,2,1,1,1,NSP,12,4,1,YAMAHA,125,DTLC,TRAIL / SUPERMOTARD,2,4,4,01JAN1973,4,2,,2,3,4,1,1,,,,2,1,0,1,0,1,YAMAHA,1700,MT-01,ROADSTER,2,2008,37,3,1,10000,,,,,,,,,,,,,,,,,,,,,,,,,,,,,,,,,,,,,,,,,,,,,,10000,3,4,,,,,,,,NRP,,,NRP,1991,,,1992,NRP,,,
532,3640,,1,1,3,1988,,,,,0,3,,,,,,0,5,,,,,,0,3,,,,,,0,4,,,,,,0,4,,,,,,0,2,,,,,,0,4,,,,,,0,4,,,,,,0,4,,,,,,0,3,,,,,,0,2,,,,,,0,3,,,,,,1,5,1980,,,,,0,,2,,,,,,,,,,,,,,,,,,4,0,30,1,1,1,1988,,,,,,,,,,,,,,,,,,,,,,,,,,,,,,,,,,,,,,,,,,,,,,,,,,,,,,,,,,,,,,,,,,,,,,,,,,,,,,,,,,,,,,,,,,,,,,,,,,,,,,,,,,,,,,,,,,,,,,,,,,,,,,,,,,,,,,,,,,,,,,,,,,,,,,,,,,,,,,06MAR1965,4,2,,2,3,4,1,4,,,,2,1,0,1,0,1,YAMAHA,1100,XS,ROADSTER,2,1978,40,2,1,8000,,,,,,,,,,,,,,,,,,,,,,,,,,,,,,,,,,,,,,,,,,,,,,8000,4,3,,,,,,,,NRP,,,NRP,1984,,,1989,NRP,,,
818,3642,7,1,0,3,,,,,,1,5,2013,,,,,0,6,,,,,,1,5,2011,,,,,0,6,,,,,,0,5,,,,,,0,2,,,,,,0,4,,,,,,1,2,2011,,,,,0,5,,,,,,0,6,,,,,,0,1,,,,,,0,2,,,,,,0,3,,,,,,0,,3,,,,,,,,,,,,,,,,,,0,2,2,1,6,2,2013,,2013,Vous circuliez derrière un véhicule. Ce véhicule a ralenti. Vous avez entrepris de dépasser ce véhicule par la gauche et celui-ci vous a coupé la route en tournant à gauche (ou en effectuant un œ tour,1,,,,,,,NRP,NRP,NRP,NRP,0,,,NRP,2,1,NSP,,NSP,2,NSP,1,,,,,,,1,,,,,,,NRP,4,3,,,2,1,4,4,3,1,1,1,1,1,4,4,4,1,5,,,,,,,,2,,,,,,,,,2,2,,2,1,3,1,20,80,0,0,0,2,,,,,,2,1,,,,1,,,,,,,,,,,1,1,1,2,0,50,1,10,3,4,7,,,,,,4,4,4,4,4,4,PIAGGIO,125,MP3 IE YOURBAN,SCOOTER,2,1,1,1,1,1,1,1,1,1,1,15000,12,3,0,,,,,,,,01JAN1985,4,2,,2,2,3,,NSP,,,,0,2,1,1,0,1,PIAGGIO,125,MP3 IE YOURBAN,SCOOTER,2,2011,10,1,3,9000,,,,,,,,,,,,,,,,,,,,,,,,,,,,,,,,,,,,,,,,,,,,,,9000,4,5,,,,,,,,NRP,,,NRP,NRP,,,2006,2011,,,
1309,3644,,1,0,3,,,,,,0,3,,,,,,0,3,,,,,,0,2,,,,,,0,5,,,,,,0,3,,,,,,0,3,,,,,,0,4,,,,,,1,5,2014,,,,,0,3,,,,,,0,5,,,,,,0,4,,,,,,1,3,2010,,,,,0,3,,,,,,0,,2,,,,,,,,,,,,,,,,,,0,2,15,1,41,9,2014,,,,,,,,,,,,,,,,,,,,,,,,,,,,,,,,,,,,,,,,,,,,,,,,,,,,,,,,,,,,,,,,,,,,,,,,,,,,,,,,,,,,,,,,,,,,,,,,,,,,,,,,,,,,,,,,,,,,,,,,,,,,,,,,,,,,,,,,,,,,,,,,,,,,,,,,,,,,,,29NOV1967,7,2,,2,1,1,,NSP,,,,2,0,0,3,0,3,YAMAHA,250,TDR,Routière / GT,2,1989,29,4,1,1000,,HONDA,600,XL-RM,TRAIL / SUPERMOTARD,2,1987,29,3,1,10000,,DUCATI,620,SPORT IE 1/2 CARENÉE,Routière / GT,2,2003,29,3,1,9000,,,,,,,,,,,,,,,,,,,,,,,,20000,3,4,,,,,,,,NRP,,,NRP,1999,,,1987,NRP,,,
707,3649,,1,0,4,,,,,,0,4,,,,,,0,3,,,,,,0,3,,,,,,0,5,,,,,,0,4,,,,,,0,4,,,,,,0,5,,,,,,0,5,,,,,,1,5,NSP,,,,,0,4,,,,,,0,3,,,,,,0,4,,,,,,0,4,,,,,,0,,1,,,,,,,,,,,,,,,,,,0,0,37,1,46,10,0,,,,,,,,,,,,,,,,,,,,,,,,,,,,,,,,,,,,,,,,,,,,,,,,,,,,,,,,,,,,,,,,,,,,,,,,,,,,,,,,,,,,,,,,,,,,,,,,,,,,,,,,,,,,,,,,,,,,,,,,,,,,,,,,,,,,,,,,,,,,,,,,,,,,,,,,,,,,,,13JUL1947,9,2,,2,2,3,,NSP,,,,2,0,0,1,0,1,BMW,800,F800ST,Routière / GT,2,2012,29,3,1,10000,,,,,,,,,,,,,,,,,,,,,,,,,,,,,,,,,,,,,,,,,,,,,,10000,4,3,,,,,,,,NRP,,,NRP,1978,,,1966,NRP,,,
1726,3650,,0,,,,,,,,,,,,,,,,,,,,,,,,,,,,,,,,,,,,,,,,,,,,,,,,,,,,,,,,,,,,,,,,,,,,,,,,,,,,,,,,,,,,,,,,,,,,,,,,,,,,,,,,,,,,,,,,,,,,,,,,,,,,,,,,,,,,,,,,,,,,,,,,,,,,,,,,,,,,,,,,,,,,,,,,,,,,,,,,,,,,,,,,,,,,,,,,,,,,,,,,,,,,,,,,,,,,,,,,,,,,,,,,,,,,,,,,,,,,,,,,,,,,,,,,,,,,,,,,,,,,,,,,,,,,,,,,,,,,,,,,,,,14AUG1988,8,1,,2,5,5,0,NSP,,,,2,2,0,3,0,2,YAMAHA,800,FZ8,ROADSTER,2,2010,37,3,1,15000,,YAMAHA,600,FZ6-N,ROADSTER,2,1998,37,4,1,1000,,,,,,,,,,,,,,,,,,,,,,,,,,,,,,,,,,,16000,1,3,4,,,,,,,2006,,,NRP,2008,,,2008,NRP,,,
73,3651,122,1,0,5,,,,,,3,6,2002,2013,2014,,,1,5,2013,,,,,0,5,,,,,,0,5,,,,,,0,2,,,,,,0,5,,,,,,0,4,,,,,,0,5,,,,,,0,4,,,,,,0,5,,,,,,0,4,,,,,,0,5,,,,,,0,4,,,,,,1,2,6,2002,2014,,,,Paris,Saint Cloud,,,,Une voiture m'a dépassée et s'est rabattue sur moi. Chauffeur sous l'emprise de l'alcool,Arrêté à un feu rouge dans en 4ième position (3 voitures et un 2RM devant moi) un conducteur au téléphone m'a violemment percuté par l'arrière.,,,,0,0,4,5,5,1,72,15,2014,Saint Cloud,2014,Autre(s) type(s) d'accident(s).,3,6,,,,,,"Arrêté à un feu rouge, je me suis fait percuter par l'arrière par un automobiliste au téléphone.",l'inattention du conducteur qui me précédait,"Aucune réaction de ma part, n'ayant pas vu le danger arriver.  J'ai simplement entendu un coup de freins, le bruit du choc, voyant le ciel, c'est là que j'ai compris que ""c'était pour moi"".  L'autre usager a assumé ses responsabilités.",2,0,,,"Arrêté dans une file de véhicule, même si j'avais vu le danger arriver (par l'arrière), je n'aurais rien pu faire. Le fait d'avoir conservé une distance suffisante avec le véhicule devant moi m'a permis de tomber sur le bitume en non sur le véhicule de devant.",2,1,1,1,"Sol humide, mais c'est surtout qu'il ne regardait pas devant lui.",1,"Si l'autre usagé avait été concentré sur sa conduite, il se serait arrêté normalement (feu rouge, plusieurs véhicules arrêtés devant moi).",7,,,,,,,,,,,,,,,3,4,,,1,1,3,4,1,1,1,3,1,4,4,4,4,10,,,,,,,,,1,4,,,,,,,,2,2,,2,1,2,2,0,100,0,0,0,2,,,,,,2,2,,,,2,1,4,,,,,,,1,0,2,1,1,2,0,0,1,10,2,3,4,7,,,,,4,4,4,4,4,4,HONDA,1000,CBF-F C-ABS,ROADSTER,2,0,0,0,1,1,1,1,1,1,1,17000,9,4,1,HONDA,600,CB-F ABS,ROADSTER,2,4,4,25JAN1973,4,2,,2,4,4,2,1,,,,1,0,1,1,0,1,HONDA,600,CB-F  S  ABS,ROADSTER,2,2009,29,1,3,20000,,,,,,,,,,,,,,,,,,,,,,,,,,,,,,,,,,,,,,,,,,,,,,20000,3,4,,,,,,,,NRP,,,NRP,2009,,,1992,NRP,,,
949,3652,,1,0,3,,,,,,0,5,,,,,,0,5,,,,,,0,2,,,,,,1,4,2002,,,,,0,2,,,,,,0,2,,,,,,0,5,,,,,,0,5,,,,,,0,2,,,,,,0,4,,,,,,0,5,,,,,,0,5,,,,,,0,5,,,,,,0,,1,,,,,,,,,,,,,,,,,,5,15,0,1,21,5,2002,,,,,,,,,,,,,,,,,,,,,,,,,,,,,,,,,,,,,,,,,,,,,,,,,,,,,,,,,,,,,,,,,,,,,,,,,,,,,,,,,,,,,,,,,,,,,,,,,,,,,,,,,,,,,,,,,,,,,,,,,,,,,,,,,,,,,,,,,,,,,,,,,,,,,,,,,,,,,,14FEB1950,9,1,,2,2,3,,NSP,,,,2,0,0,1,0,1,HONDA,125,VARADERO IE DX,TRAIL / SUPERMOTARD,2,2008,37,2,1,8000,,,,,,,,,,,,,,,,,,,,,,,,,,,,,,,,,,,,,,,,,,,,,,8000,4,5,,,,,,,,NRP,,,NRP,NRP,,,1970,1998,,,
952,3653,,0,,,,,,,,,,,,,,,,,,,,,,,,,,,,,,,,,,,,,,,,,,,,,,,,,,,,,,,,,,,,,,,,,,,,,,,,,,,,,,,,,,,,,,,,,,,,,,,,,,,,,,,,,,,,,,,,,,,,,,,,,,,,,,,,,,,,,,,,,,,,,,,,,,,,,,,,,,,,,,,,,,,,,,,,,,,,,,,,,,,,,,,,,,,,,,,,,,,,,,,,,,,,,,,,,,,,,,,,,,,,,,,,,,,,,,,,,,,,,,,,,,,,,,,,,,,,,,,,,,,,,,,,,,,,,,,,,,,,,,,,,,,20MAY1965,5,1,,2,2,2,1,4,,,,2,0,0,2,0,2,HONDA,1100,CBR-XX SUPER BLACKBIRD,Routière / GT,2,1996,37,2,2,9000,,BMW,1000,S-RR DTC,SPORTIVE,2,2010,37,3,1,6000,,,,,,,,,,,,,,,,,,,,,,,,,,,,,,,,,,,15000,3,4,,,,,,,,NRP,,,NRP,1996,,,1983,NRP,,,
1878,3655,,1,0,5,,,,,,0,5,,,,,,0,6,,,,,,0,2,,,,,,0,5,,,,,,0,5,,,,,,0,5,,,,,,0,5,,,,,,0,5,,,,,,0,4,,,,,,0,4,,,,,,0,2,,,,,,0,3,,,,,,0,3,,,,,,1,1,1,2008,,,,,Renne,,,,,"A 15km de Porcaro sur une route départementale, ni circulation ni intersection: Je double correctement un cycliste qui a fait un franc demi-tour alors que j'étais à sa hauteur: J'ai percuté le vélo de plein fouet, cadre du vélo cassé en 2, mon casque intégral cassé, tous les 2 dans le coma et polytraumatisés.",,,,,0,0,2,2,36,1,71,15,2008,Renne,,,,,,,,,,,,,,,,,,,,,,,,,,,,,,,,,,,,,,,,,,,,,,,,,,,,,,,,,,,,,,,,,,,,,,,,,,,,,,,,,,,,,,,,,,,,,,,,,,,,,,,,,,,,,,,,,,,,,,,,,,,,,,,,,,,,,,,,,,,,,,,,,,,,,,,,,,,,,10DEC1960,5,2,,2,2,3,,NSP,,,,2,0,0,3,0,3,SUZUKI,650,V-STROM,TRAIL / SUPERMOTARD,2,2007,29,1,2,15000,,BMW,1300,K1300GT PACK 3,Routière / GT,2,2009,29,3,1,20000,,YAMAHA,1100,BULLDOG (BT),ROADSTER,2,2004,29,4,1,5000,,,,,,,,,,,,,,,,,,,,,,,,40000,2,3,4,,,,,,,NRP,,,1976,1978,,,1979,NRP,,,
722,3656,,0,,,,,,,,,,,,,,,,,,,,,,,,,,,,,,,,,,,,,,,,,,,,,,,,,,,,,,,,,,,,,,,,,,,,,,,,,,,,,,,,,,,,,,,,,,,,,,,,,,,,,,,,,,,,,,,,,,,,,,,,,,,,,,,,,,,,,,,,,,,,,,,,,,,,,,,,,,,,,,,,,,,,,,,,,,,,,,,,,,,,,,,,,,,,,,,,,,,,,,,,,,,,,,,,,,,,,,,,,,,,,,,,,,,,,,,,,,,,,,,,,,,,,,,,,,,,,,,,,,,,,,,,,,,,,,,,,,,,,,,,,,,05JAN1975,4,1,,2,3,4,1,1,,,,1,0,0,5,0,4,YAMAHA,750,YZF-R,SPORTIVE,2,1998,37,3,1,10000,,YAMAHA,600,THUNDER CAT (YZF-R),Routière / GT,2,1999,37,2,1,10000,,YAMAHA,1000,FZ-R EXUP,SPORTIVE,2,1989,37,4,1,1000,,YAMAHA,800,FAZER8,ROADSTER,2,2012,37,2,1,20000,7,,,,,,,,,,,,41000,3,4,,,,,,,,NRP,,,NRP,2002,,,1995,NRP,,,
563,3659,,0,,,,,,,,,,,,,,,,,,,,,,,,,,,,,,,,,,,,,,,,,,,,,,,,,,,,,,,,,,,,,,,,,,,,,,,,,,,,,,,,,,,,,,,,,,,,,,,,,,,,,,,,,,,,,,,,,,,,,,,,,,,,,,,,,,,,,,,,,,,,,,,,,,,,,,,,,,,,,,,,,,,,,,,,,,,,,,,,,,,,,,,,,,,,,,,,,,,,,,,,,,,,,,,,,,,,,,,,,,,,,,,,,,,,,,,,,,,,,,,,,,,,,,,,,,,,,,,,,,,,,,,,,,,,,,,,,,,,,,,,,,,19SEP1990,10,1,,2,2,5,0,NSP,,,,1,0,0,1,0,1,KAWASAKI,650,ER-6  N,ROADSTER,2,2006,37,1,1,6000,,,,,,,,,,,,,,,,,,,,,,,,,,,,,,,,,,,,,,,,,,,,,,6000,4,3,,,,,,,,NRP,,,NRP,2012,,,2008,NRP,,,
298,3660,,1,0,4,,,,,,3,4,1992,1998,2003,,,0,5,,,,,,0,3,,,,,,2,4,NSP,NSP,,,,1,3,NSP,,,,,1,4,2003,,,,,1,3,2006,,,,,2,3,NSP,NSP,,,,1,3,NSP,,,,,1,6,2006,,,,,0,2,,,,,,0,2,,,,,,0,5,,,,,,0,,12,,,,,,,,,,,,,,,,,,2,2,38,1,21,5,0,,,,,,,,,,,,,,,,,,,,,,,,,,,,,,,,,,,,,,,,,,,,,,,,,,,,,,,,,,,,,,,,,,,,,,,,,,,,,,,,,,,,,,,,,,,,,,,,,,,,,,,,,,,,,,,,,,,,,,,,,,,,,,,,,,,,,,,,,,,,,,,,,,,,,,,,,,,,,,12DEC1958,7,2,,2,3,4,1,4,,,,2,1,0,10,0,10,BMW,850,R850RT,Routière / GT,2,2005,29,1,2,10000,,BMW,600,R60/7,ROADSTER,2,1977,29,3,1,2000,,BMW,600,R60/6,ROADSTER,2,1976,29,2,2,5000,,SUZUKI,380,GT,ROADSTER,2,1972,29,4,1,500,,SUZUKI,125,TS,TRAIL / SUPERMOTARD,2,1976,29,4,1,500,,18000,2,3,4,,,,,,,NRP,,,1976,1976,,,1976,NRP,,,
778,3661,,0,,,,,,,,,,,,,,,,,,,,,,,,,,,,,,,,,,,,,,,,,,,,,,,,,,,,,,,,,,,,,,,,,,,,,,,,,,,,,,,,,,,,,,,,,,,,,,,,,,,,,,,,,,,,,,,,,,,,,,,,,,,,,,,,,,,,,,,,,,,,,,,,,,,,,,,,,,,,,,,,,,,,,,,,,,,,,,,,,,,,,,,,,,,,,,,,,,,,,,,,,,,,,,,,,,,,,,,,,,,,,,,,,,,,,,,,,,,,,,,,,,,,,,,,,,,,,,,,,,,,,,,,,,,,,,,,,,,,,,,,,,,26DEC1978,7,2,,2,4,4,2,1,,,,2,0,0,1,0,1,SUZUKI,650,V-STROM ABS,TRAIL / SUPERMOTARD,2,2012,10,1,2,12000,,,,,,,,,,,,,,,,,,,,,,,,,,,,,,,,,,,,,,,,,,,,,,12000,3,4,,,,,,,,NRP,,,NRP,2011,,,1997,NRP,,,
546,3664,,0,,,,,,,,,,,,,,,,,,,,,,,,,,,,,,,,,,,,,,,,,,,,,,,,,,,,,,,,,,,,,,,,,,,,,,,,,,,,,,,,,,,,,,,,,,,,,,,,,,,,,,,,,,,,,,,,,,,,,,,,,,,,,,,,,,,,,,,,,,,,,,,,,,,,,,,,,,,,,,,,,,,,,,,,,,,,,,,,,,,,,,,,,,,,,,,,,,,,,,,,,,,,,,,,,,,,,,,,,,,,,,,,,,,,,,,,,,,,,,,,,,,,,,,,,,,,,,,,,,,,,,,,,,,,,,,,,,,,,,,,,,,06OCT1971,5,2,,2,3,4,1,1,,,,2,0,0,2,0,2,BMW,800,F800ST,Routière / GT,2,2010,37,2,3,10000,,TRIUMPH,1050,SPEED TRIPLE,ROADSTER,2,2009,37,4,3,1000,,,,,,,,,,,,,,,,,,,,,,,,,,,,,,,,,,,11000,3,4,,,,,,,,NRP,,,NRP,2009,,,1989,NRP,,,
1712,3665,,0,,,,,,,,,,,,,,,,,,,,,,,,,,,,,,,,,,,,,,,,,,,,,,,,,,,,,,,,,,,,,,,,,,,,,,,,,,,,,,,,,,,,,,,,,,,,,,,,,,,,,,,,,,,,,,,,,,,,,,,,,,,,,,,,,,,,,,,,,,,,,,,,,,,,,,,,,,,,,,,,,,,,,,,,,,,,,,,,,,,,,,,,,,,,,,,,,,,,,,,,,,,,,,,,,,,,,,,,,,,,,,,,,,,,,,,,,,,,,,,,,,,,,,,,,,,,,,,,,,,,,,,,,,,,,,,,,,,,,,,,,,,08SEP1960,5,2,,2,3,4,1,4,,,,1,0,0,3,0,3,HONDA,1000,CBF-F C-ABS,ROADSTER,2,2010,33,2,1,15000,,MOTO GUZZI,750,BREVA,ROADSTER,2,2007,33,2,2,10000,,HONDA,250,XL-R,TRAIL / SUPERMOTARD,2,1983,41,4,1,100,,,,,,,,,,,,,,,,,,,,,,,,25100,2,3,4,,,,,,,NRP,,,1979,2008,,,1979,NRP,,,
388,3666,,1,0,1,,,,,,0,3,,,,,,1,6,2011,,,,,0,1,,,,,,0,4,,,,,,0,4,,,,,,0,3,,,,,,1,5,2010,,,,,1,5,2005,,,,,0,1,,,,,,0,3,,,,,,0,1,,,,,,0,2,,,,,,0,2,,,,,,1,1,4,2000,,,,,Paris,,,,,Sur peripherique moi sur la voie de gauche une voiture que je doublais à viré a gauche et m'a touché.,,,,,0,0,0,0,24,1,36,8,2010,,,,,,,,,,,,,,,,,,,,,,,,,,,,,,,,,,,,,,,,,,,,,,,,,,,,,,,,,,,,,,,,,,,,,,,,,,,,,,,,,,,,,,,,,,,,,,,,,,,,,,,,,,,,,,,,,,,,,,,,,,,,,,,,,,,,,,,,,,,,,,,,,,,,,,,,,,,,,,09NOV1970,5,1,,2,4,4,2,1,,,,1,0,0,1,0,1,KAWASAKI,1400,GTR,Routière / GT,2,2011,37,1,2,15000,,,,,,,,,,,,,,,,,,,,,,,,,,,,,,,,,,,,,,,,,,,,,,15000,4,3,,,,,,,,NRP,,,NRP,1990,,,1990,NRP,,,
1177,3667,,1,0,2,,,,,,0,3,,,,,,0,6,,,,,,0,2,,,,,,0,3,,,,,,1,2,2014,,,,,0,1,,,,,,0,5,,,,,,0,2,,,,,,0,1,,,,,,0,1,,,,,,1,6,2014,,,,,0,3,,,,,,0,1,,,,,,0,,2,,,,,,,,,,,,,,,,,,0,4,2,1,26,6,2014,,,,,,,,,,,,,,,,,,,,,,,,,,,,,,,,,,,,,,,,,,,,,,,,,,,,,,,,,,,,,,,,,,,,,,,,,,,,,,,,,,,,,,,,,,,,,,,,,,,,,,,,,,,,,,,,,,,,,,,,,,,,,,,,,,,,,,,,,,,,,,,,,,,,,,,,,,,,,,28DEC1978,5,1,,2,2,3,,NSP,,,,1,1,0,1,0,1,KAWASAKI,650,ER-6  N  ABS,ROADSTER,2,2011,37,1,2,4000,,,,,,,,,,,,,,,,,,,,,,,,,,,,,,,,,,,,,,,,,,,,,,4000,4,3,,,,,,,,NRP,,,NRP,2011,,,1998,NRP,,,
1808,3669,,0,,,,,,,,,,,,,,,,,,,,,,,,,,,,,,,,,,,,,,,,,,,,,,,,,,,,,,,,,,,,,,,,,,,,,,,,,,,,,,,,,,,,,,,,,,,,,,,,,,,,,,,,,,,,,,,,,,,,,,,,,,,,,,,,,,,,,,,,,,,,,,,,,,,,,,,,,,,,,,,,,,,,,,,,,,,,,,,,,,,,,,,,,,,,,,,,,,,,,,,,,,,,,,,,,,,,,,,,,,,,,,,,,,,,,,,,,,,,,,,,,,,,,,,,,,,,,,,,,,,,,,,,,,,,,,,,,,,,,,,,,,,16AUG1951,9,2,,2,7,4,5,4,,,,2,0,0,1,0,1,KAWASAKI,750,GPX-R,Routière / GT,2,1989,25,3,1,6000,,,,,,,,,,,,,,,,,,,,,,,,,,,,,,,,,,,,,,,,,,,,,,6000,3,4,,,,,,,,NRP,,,NRP,1992,,,1970,NRP,,,
346,3672,Pré test 5,1,0,4,,,,,,0,5,,,,,,0,6,,,,,,0,3,,,,,,0,6,,,,,,0,5,,,,,,0,4,,,,,,0,5,,,,,,1,5,2012,,,,,0,5,,,,,,0,5,,,,,,0,2,,,,,,0,5,,,,,,0,5,,,,,,0,,1,,,,,,,,,,,,,,,,,,3,0,7,1,41,9,2012,,2012,"Vous avez fait une sortie de route, une perte de contrôle ou une glissade sans rien percuter.",1,,,,,,,Gros guidonnage à 100 km/h en ligne droite provoqué par ma faute suite à une idiotie. L'état de la route très dégradé a aidé à la chute. S'en est suivi une longue glissade sur le bitume.,violent guidonnage,"Pas le temps de réagir, en une seconde j'ai été éjecté de la moto",AUT|Pas le temps de réagir,0,,,"Ca va beaucoup trop vite pour réagir lors d'un gros guidonnage,c'est la chance qui vous fait rester sur vos roues ou non.",0,,,,,,1,8,,,,,Pas la peur pour ma vie mais celle de me faire mal et de souffrire,1,,,,,,Ce n'était pas une peur intense (je n'ai pas crains pour ma vie) mais plutôt une angoisse sur les possibles blessures,4,3,,,3,3,4,2,1,4,1,1,1,5,4,4,4,7,9,,,,,,,,2,2,,2,4,2,1,5,,,,,,,,2,1,1,80,0,0,20,0,Nid de poules,1,1,7,,,2,1,6,7,,,,,,1,0,2,4,1,1,0,100,1,10,2,3,4,7,,,,,4,4,4,4,3,4,SUZUKI,1000,SV-S,5527,SPORTIVE,"SUZUKI, 1000 SV-S",1,2,1,1,1,2,1,1,1,25000,12,1,1,SUZUKI,650,SV-N,3864,ROADSTER,"SUZUKI, 650 SV-N",1,2,1,,,,06NOV1990,7,2,,2,3,5,0,NSP,,,,2,3,0,2,0,2,SUZUKI,1000,SV-S,SPORTIVE,2,2008,2,3,1,7000,,VELOSOLEX,50,3300,ROADSTER,2,1965,29,4,1,100,,,,,,,,,,,,,,,,,,,,,,,,,,,,,,,,,,,7100,1,3,4,,,,,,,2005,,,NRP,2009,,,2009,NRP,,,