Ligne,Ligne Q qualif,Ligne approfondissement Accident,ACCIDENT,NBACC1,ACCFREQUENCE1,ANNEEACC1_1,ANNEEACC1_2,ANNEEACC1_3,ANNEEACC1_4,ANNEEACC1_5,NBACC2,ACCFREQUENCE2,ANNEEACC2_1,ANNEEACC2_2,ANNEEACC2_3,ANNEEACC2_4,ANNEEACC2_5,NBACC3,ACCFREQUENCE3,ANNEEACC3_1,ANNEEACC3_2,ANNEEACC3_3,ANNEEACC3_4,ANNEEACC3_5,NBACC4,ACCFREQUENCE4,ANNEEACC4_1,ANNEEACC4_2,ANNEEACC4_3,ANNEEACC4_4,ANNEEACC4_5,NBACC5,ACCFREQUENCE5,ANNEEACC5_1,ANNEEACC5_2,ANNEEACC5_3,ANNEEACC5_4,ANNEEACC5_5,NBACC6,ACCFREQUENCE6,ANNEEACC6_1,ANNEEACC6_2,ANNEEACC6_3,ANNEEACC6_4,ANNEEACC6_5,NBACC7,ACCFREQUENCE7,ANNEEACC7_1,ANNEEACC7_2,ANNEEACC7_3,ANNEEACC7_4,ANNEEACC7_5,NBACC8,ACCFREQUENCE8,ANNEEACC8_1,ANNEEACC8_2,ANNEEACC8_3,ANNEEACC8_4,ANNEEACC8_5,NBACC9,ACCFREQUENCE9,ANNEEACC9_1,ANNEEACC9_2,ANNEEACC9_3,ANNEEACC9_4,ANNEEACC9_5,NBACC10,ACCFREQUENCE10,ANNEEACC10_1,ANNEEACC10_2,ANNEEACC10_3,ANNEEACC10_4,ANNEEACC10_5,NBACC11,ACCFREQUENCE11,ANNEEACC11_1,ANNEEACC11_2,ANNEEACC11_3,ANNEEACC11_4,ANNEEACC11_5,NBACC12,ACCFREQUENCE12,ANNEEACC12_1,ANNEEACC12_2,ANNEEACC12_3,ANNEEACC12_4,ANNEEACC12_5,NBACC13,ACCFREQUENCE13,ANNEEACC13_1,ANNEEACC13_2,ANNEEACC13_3,ANNEEACC13_4,ANNEEACC13_5,NBACC14,ACCFREQUENCE14,ANNEEACC14_1,ANNEEACC14_2,ANNEEACC14_3,ANNEEACC14_4,ANNEEACC14_5,AUTRESACC,NBAUTRESACC,TOTAL_AC,ANNEEAUTREACC1,ANNEEAUTREACC2,ANNEEAUTREACC3,ANNEEAUTREACC4,ANNEEAUTREACC5,LIEUAUTREACC1,LIEUAUTREACC2,LIEUAUTREACC3,LIEUAUTREACC4,LIEUAUTREACC5,DESCRIPTIONAUTRESACC1,DESCRIPTIONAUTRESACC2,DESCRIPTIONAUTRESACC3,DESCRIPTIONAUTRESACC4,DESCRIPTIONAUTRESACC5,NBAUTRESACCCIRCUIT,NBAUTRESTOUTTERRAIN,EXPCYCLO,EXP125,EXPSUP125,ACCORDNEXTQ,CHOIXACC,RGPMTACC,RECUPANNEE,RECUPLIEU,RECUPANNE,RGPMTAC,CHOIX1,CHOIX2,CHOIX3,CHOIX4,CHOIX5,CHOIX6,CHOIX7,DESCRIPTION,RUPTURE,FAITS,ABS_REACTION,AUTRE_REACTION,PRECISIONREACTIONOUI,RECUL,PRECISIONREACTIONNON,IMPACTCOMPORTEMENT,AUTREUSAGER,REACTIONAUTREUSAGER,CONNAISSANCEREACTIONUSAGER,DIFFICULTES,AGGRAVATION,DIFFICULTES2,EMOTIONS1,EMOTIONS2,EMOTIONS3,EMOTIONS4,EMOTIONS5,EMOTIONS6,AUTRESENTIMENT,CLASSEMENTEMOTIONS1,CLASSEMENTEMOTIONS,CLASSEMENTEMOTIONS5,CLASSEMENTEMOTIONS6,CLASSEMENTEMOTIONS7,CLASSEMENTEMOTIONS8,CLASSEMENTEMOTIONS9,EXPLICATIONRESSENTI,BIENEQUIPE,ALLURE,ALLUREVITEDETAIL,ALLURELENTEDETAIL,SITUATIONPRESSE,SITUATIONDISTRAIT,SITUATIONCONFIANT,SITUATIONCONTROLE,SITUATIONLUDIQUE,SITUATIONPERF,SITUATIONSTRESS,SITUATIONFATIGUE,HUMEURNEUTRE,HUMEURGAI,HUMEURMECONTENT,HUMEURTRISTE,HUMEURCOLERE,CONTRIBUTION1,CONTRIBUTION2,CONTRIBUTION3,CONTRIBUTION4,CONTRIBUTION5,CONTRIBUTION6,CONTRIBUTION7,CONTRIBUTION8,CONTRIBUTION9,ROLEINFRA,ELEMENTINFRA1,ELEMENTINFRA2,ELEMENTINFRA3,ELEMENTINFRA4,ELEMENTINFRA5,ELEMENTINFRA6,ELEMENTINFRA7,ELEMENTINFRA8,ELEMENTINFRA9,ALCOOL,TXALCOOL,STUP,SEMAINE,MOMENTJOURNEE,TEMPS,CAUSEACC1,CAUSEACC2,CAUSEACC3,CAUSEACC4,CAUSEACC5,FORMATIONCAUSE,FORMATION1,FORMATION2,FORMATION3,FORMATION4,FORMATION5,TRAFIC,CHAUSSEE1,CHAUSSEE2,CHAUSSEE3,CHAUSSEE4,TYPEACC,BLESSURE,TETE,COU,THORAX,MEMBRESSUP,COLONNE,BASSIN,MEMBRESINF,HOPITAL,PLUS24H,TRAJET,TYPEROUTE,MOTIF,SENSTRAJET,PASSAGER,VITESSE,DESCEQ1,DESCEQ2,DESCEQ3,DESCEQ4,DESCEQ5,DESCEQ6,DESCEQ7,DESCEQ8,DESCEQ9,DESCEQ10,VEHICULEETE,VEHICULEAUTOMNE,VEHICULEPRINTEMPS,VEHICULEHIVER,VEHICULESEMAINE,VEHICULEWE,VEHMARQUE,VEHCYLINDREE,VEHMODELE,VEHSEGMENT,VEHSIDE,EQ2RMABS,EQ2RMCBS,EQ2RMABSCBS,EQ2RMREGULATEUR,EQ2RMLIMITEUR,EQ2RMPHARESDIRECT,EQ2RMCOUPURE,EQ2RMANTIPATINAGE,EQ2RMANTIXHEELING,EQ2RMSTABILILTE,VEHKM,POINTS,DUREE,AUTRE2RM,VEHPRECMARQUE,VEHPRECCYLINDREE,VEHPRECMODELE,VEHPRECSEGMENT,VEHPRECSIDE,TEMPS2RMPREC,FREQVEHPREC,DATE_NAISS,CSP,SOCIETAIRE,SALARIE,SECTEUR2RM,NBPERSFOYER,SITFAM,NBENF,TRNBENF1,TRNBENF2,TRNBENF3,TRNBENF4,NBAUTOFOYER,NBCYCLOFOYER,NBSCOOTFOYER,NBMOTOFOYER,NBTRIKEFOYER,NB2RMCONDUIT,MARQUE1,CYLINDREE1,MODELE1,SEGMENT1,SIDE1,ANMISECIRCU1,ASS1,FREQ1,USAGE1,NBKM1,GARAGE1,MARQUE2,CYLINDREE2,MODELE2,SEGMENT2,SIDE2,ANMISECIRCU2,ASS2,FREQ2,USAGE2,NBKM2,GARAGE2,MARQUE3,CYLINDREE3,MODELE3,SEGMENT3,SIDE3,ANMISECIRCU3,ASS3,FREQ3,USAGE3,NBKM3,GARAGE3,MARQUE4,CYLINDREE4,MODELE4,SEGMENT4,SIDE4,ANMISECIRCU4,ASS4,FREQ4,USAGE4,NBKM4,GARAGE4,MARQUE5,CYLINDREE5,MODELE5,SEGMENT5,SIDE5,ANMISECIRCU5,ASS5,FREQ5,USAGE5,NBKM5,GARAGE5,NBKMTOT,PERMIS1,PERMIS2,PERMIS3,PERMIS4,PERMIS5,PERMIS6,PERMIS7,PERMIS8,PERMIS9,ANPERMIS1,ANPERMIS6,ANPERMIS7,ANPERMIS2,ANPERMIS3,ANPERMIS8,ANPERMIS9,ANPERMIS4,ANPERMIS5,,,
451,3676,355,1,0,4,,,,,,0,3,,,,,,0,6,,,,,,0,5,,,,,,0,6,,,,,,0,4,,,,,,0,3,,,,,,2,3,1999,2014,,,,3,3,NSP,NSP,NSP,,,0,6,,,,,,1,6,2007,,,,,0,1,,,,,,0,5,,,,,,0,2,,,,,,0,,6,,,,,,,,,,,,,,,,,,2,0,15,1,51,11,2007,,2007,"Vous circuliez sur un axe constitué dau moins "" 2 X 2 voies "" (en urbain, périph, autoroute, RN ). Un véhicule vous a coupé la route en changeant de voie pour se placer sur celle de gauche.",AUT|le plus cher,,,,,,,Changement soudain de file d'une voiture et dont je soupçonne le conducteur d'avoir été au téléphone. Il ne m'a pas vu et la vitesse à laquelle il a changé de file ne m'a même pas laissé le temps de réagir (une première).,Impossibilité de réaction,"Je me suis remis debout, constaté les dégats, fait des photos et dégagé la route",3,0,,,Pas le temps de réagir,3,0,,,,,,7,,,,,,,,,,,,,,,3,3,,,2,1,3,4,1,3,1,1,1,4,4,4,4,10,,,,,,,,,2,,,,,,,,,2,2,,2,1,3,1,0,100,0,0,0,2,,,,,,3,1,,,,1,,,,,,,,,,,1,3,1,1,0,30,1,10,2,3,4,7,,,,,4,4,4,4,4,3,HONDA,600,HORNET,ROADSTER,2,1,1,1,1,1,1,1,1,1,1,50000,12,4,1,YAMAHA,600,FZS FAZER,ROADSTER,2,4,4,08DEC1975,7,2,,2,4,4,2,1,,,,1,0,0,1,0,1,MOTO GUZZI,1200,SPORT,ROADSTER,2,2007,29,1,2,20000,,,,,,,,,,,,,,,,,,,,,,,,,,,,,,,,,,,,,,,,,,,,,,20000,4,3,,,,,,,,NRP,,,NRP,1998,,,1994,NRP,,,
2200,3678,,1,0,5,,,,,,1,5,2009,,,,,0,6,,,,,,0,4,,,,,,0,5,,,,,,0,5,,,,,,0,4,,,,,,0,6,,,,,,0,3,,,,,,0,4,,,,,,0,5,,,,,,1,6,2009,,,,,0,4,,,,,,0,5,,,,,,0,,2,,,,,,,,,,,,,,,,,,5,0,15,1,6,2,2009,,,,,,,,,,,,,,,,,,,,,,,,,,,,,,,,,,,,,,,,,,,,,,,,,,,,,,,,,,,,,,,,,,,,,,,,,,,,,,,,,,,,,,,,,,,,,,,,,,,,,,,,,,,,,,,,,,,,,,,,,,,,,,,,,,,,,,,,,,,,,,,,,,,,,,,,,,,,,,11JUN1978,7,2,,2,3,4,1,1,,,,2,1,0,1,0,1,KAWASAKI,750,ZR-7,ROADSTER,2,2004,28,2,1,7000,,,,,,,,,,,,,,,,,,,,,,,,,,,,,,,,,,,,,,,,,,,,,,7000,3,4,,,,,,,,NRP,,,NRP,1998,,,2007,NRP,,,
1447,3679,,1,1,6,1987,,,,,0,4,,,,,,0,4,,,,,,0,4,,,,,,0,4,,,,,,0,4,,,,,,0,4,,,,,,0,4,,,,,,0,6,,,,,,0,5,,,,,,0,6,,,,,,0,3,,,,,,0,6,,,,,,0,4,,,,,,0,,1,,,,,,,,,,,,,,,,,,0,0,29,1,1,1,1987,,,,,,,,,,,,,,,,,,,,,,,,,,,,,,,,,,,,,,,,,,,,,,,,,,,,,,,,,,,,,,,,,,,,,,,,,,,,,,,,,,,,,,,,,,,,,,,,,,,,,,,,,,,,,,,,,,,,,,,,,,,,,,,,,,,,,,,,,,,,,,,,,,,,,,,,,,,,,,01FEB1963,7,2,,2,4,4,2,1,4,,,3,0,0,3,0,1,HONDA,600,"CB-F ""N""",ROADSTER,2,2010,16,2,1,5000,,,,,,,,,,,,,,,,,,,,,,,,,,,,,,,,,,,,,,,,,,,,,,5000,3,4,,,,,,,,NRP,,,NRP,1986,,,1983,NRP,,,
265,3681,38,1,0,5,,,,,,0,3,,,,,,0,3,,,,,,0,1,,,,,,0,6,,,,,,0,3,,,,,,0,4,,,,,,1,5,2014,,,,,0,5,,,,,,0,4,,,,,,0,6,,,,,,0,3,,,,,,0,4,,,,,,0,4,,,,,,0,,1,,,,,,,,,,,,,,,,,,5,0,6,1,36,8,2014,,2014,"Vous avez fait une sortie de route, une perte de contrôle ou une glissade puis avez percuté un obstacle fixe (panneau, arbre poteau ).",3,,,,,,,"La route que j'empreintais lors de cette accidents est proche d'une carrière, celle ci est souvent recouverte d'un couche de poussière et/ou gravier de toute taille. Ceci étant accentué par le fait que les camions circulants sur cette voies ne respecte pas vraiment les limitations.  Lorsque je suis entré dans le virage, j'ai vu et pu éviter un petit tas de gravas, malheureusement, il y en avait un autre un peut plus loin que je n'ai peu éviter. Etant sur l'angle et avec un pneu usagé (qui devais être changé 2 jours plus tard ...), la suite logique fut la chute.   Par chance, personne n'arrivé en face, et j'ai eu juste le temps de sortir du fossé et enlever la  moto du milieu de la roule avant qu'une personne arrivant à vive allure ne déboule.  Il n'y a eu cette fois ci que des dégâts matériel.","C'est tout simplement l'état de la route qui, par ça proximité d'une carrière, ma fait basculer (sur le côté gauche pour être précis) d'une conduit normale à l'accident.  Gravas sur la route et mauvaise conditions (de nuit, dans un virage, pneumatique usée) ont suffit à me faire chuter.","Lorsque j'ai vu le premier monticule de gravas, j'ai effectué une simple manoeuvre d'évitement (les même que l'on apprend au plateau).  Mais malheureusement, j'étais trop concentré sur ce tas pour me rendre compte qu'un autre m'attendait juste à côté.  Quand bien même dans ces cas la, les choses ce passe très vite, on a malheureusement le temps de voir les choses arriver, de savoir ce qu'il va se passer, mais aussi qu'on vas être obligé de subir sans avoir la possibilité d'y faire quoi que ce soit.  Lorsque j'ai compris que l'accident été inévitable, deux choix se sont offert à moi: -redresser et foncer tout droit dans le fossé ou -coucher la moto en espérant limiter les dégâts  J'ai opté pour la deuxième. A partir de là, je n'ai peu qu'attendre que ça s'arrête.",NRP,0,,,"Dans les mêmes conditions, je n'aurai pas vu l'état de la route plus tôt, donc difficile de faire les choses autrement.",3,0,,,,,,6,,,,,,,,,,,,1,,"Lorsque les choses arrivent et que l'on sait que l'on ne peut rien faire de plus, n'est ce pas la définition de l'impuissance ?",3,3,,,1,1,4,4,3,1,1,2,4,3,4,4,4,10,,,,,,,,,1,3,5,,,,,,,2,2,,2,1,2,1,20,0,0,80,0,2,,,,,,AUT|J'étais seul,1,4,7,,1,,,,,,,,,,,2,2,3,,0,60,1,10,2,4,7,,,,,,4,4,4,4,4,4,SUZUKI,650,SV-N,ROADSTER,2,1,1,1,1,1,1,1,1,1,1,40000,12,4,1,SUZUKI,800,DR800S,TRAIL / SUPERMOTARD,2,4,4,05APR1988,7,2,,2,1,1,,NSP,,,,1,0,0,2,0,2,SUZUKI,650,SV-N,ROADSTER,2,2002,28,1,2,5000,,SUZUKI,800,DR800S,TRAIL / SUPERMOTARD,2,1992,28,1,2,5000,,,,,,,,,,,,,,,,,,,,,,,,,,,,,,,,,,,10000,1,3,4,,,,,,,2002,,,NRP,2008,,,2006,NRP,,,
154,3682,116,1,0,6,,,,,,0,6,,,,,,0,6,,,,,,0,4,,,,,,1,6,2009,,,,,0,4,,,,,,0,6,,,,,,2,6,2011,2009,,,,0,3,,,,,,0,5,,,,,,1,6,2011,,,,,0,4,,,,,,0,6,,,,,,0,5,,,,,,0,,4,,,,,,,,,,,,,,,,,,1,3,20,1,51,11,2011,,2011,"Vous circuliez sur un axe constitué dau moins "" 2 X 2 voies "" (en urbain, périph, autoroute, RN ). Un véhicule vous a coupé la route en changeant de voie pour se placer sur celle de gauche.",3,,,,,,,"J'attendais que le feu passe au vert sur une 2x2 voies. J'étais sur la file de gauche derrière une voiture. Lorsque le feu passe au vert la voiture qui est devant moi avance, mais celle qui était à ma droite change de file sans me voir et de ce fait m'accroche par son rétro au niveau du bras et me coince la jambe droite entre la moto et le coté gauche de sa voiture et me fais tomber. Il a déboité car celui de devant n'avançait pas assez vite pour lui. Et comme il téléphonais en même temps il ne m'a pas vu sur sa gauche (il tenais le téléphone dans sa main gauche. Il va s'en dire qu'il a eu tous les frais pour lui. De mon coté 5 jours d'ITT pour cause de phlebyte au niveau du mollet. C'était un jeune qui roulais avec la voiture de ses parents. Ceci c'est passé un matin vers 8h00.",Voiture qui déboite sans regarder.,"Surprise totale, j'ai tapé du poing sur sa vitre pour lui signaler la situation et l'alerter. trop trad pour éviter d'être déséquilibré. Nous avons fait un constat à mon bureau, où il a reconnu ses erreurs. Plus tard il a voulu revenir sur ses déclarations, mais j'avais déjà transmis le constat à mon assurance, ainsi que mon ITT faite le jour même. Difficulté de prendre appui sa la jambe droite.",1,0,,,Impossible de prédire la bêtise humaine,2,1,2,,NSP,1,Téléphone au volant,1,,,,,,,1,,,,,,,Impossible d'inverser la situation,4,4,,,2,3,3,4,2,1,1,1,2,2,4,4,4,10,,,,,,,,,2,,,,,,,,,2,2,,2,1,1,1,0,100,0,0,0,1,4,,,,,4,1,,,,2,1,7,,,,,,,1,0,1,1,1,1,0,0,1,10,2,3,4,7,,,,,4,4,4,4,4,3,SUZUKI,1250,BANDIT-S ABS,ROADSTER,2,0,1,1,1,1,1,1,1,1,1,25000,12,4,1,HONDA,1000,VARADERO IE ABS,TRAIL / SUPERMOTARD,2,4,4,29JUN1966,5,2,,2,4,4,2,1,,,,2,0,1,1,0,1,HONDA,1000,CB 1000R ABS,ROADSTER,2,2011,16,1,2,10000,,,,,,,,,,,,,,,,,,,,,,,,,,,,,,,,,,,,,,,,,,,,,,10000,2,3,4,,,,,,,NRP,,,1985,2009,,,1985,NRP,,,
1578,3689,,1,0,5,,,,,,0,6,,,,,,0,6,,,,,,0,5,,,,,,0,4,,,,,,0,5,,,,,,0,4,,,,,,0,4,,,,,,2,5,1993,1995,,,,0,6,,,,,,0,6,,,,,,0,3,,,,,,0,3,,,,,,0,4,,,,,,1,1,3,1996,,,,,peage st arnoud,,,,,"je ralenti et stoppe au péage, le véhicule qui me suis me percute.",,,,,2,1,4,0,23,1,71,15,1996,peage st arnoud,,,,,,,,,,,,,,,,,,,,,,,,,,,,,,,,,,,,,,,,,,,,,,,,,,,,,,,,,,,,,,,,,,,,,,,,,,,,,,,,,,,,,,,,,,,,,,,,,,,,,,,,,,,,,,,,,,,,,,,,,,,,,,,,,,,,,,,,,,,,,,,,,,,,,,,,,,,,,19JUL1971,8,1,,2,4,4,2,1,,,,2,0,0,2,0,2,TRIUMPH,955,SPRINT RS,Routière / GT,2,2000,37,2,2,6000,,HONDA,500,CB,ROADSTER,2,1992,37,3,2,4000,,,,,,,,,,,,,,,,,,,,,,,,,,,,,,,,,,,10000,3,4,,,,,,,,NRP,,,NRP,1992,,,1989,NRP,,,
479,3693,217,1,0,5,,,,,,1,5,1978,,,,,0,5,,,,,,0,2,,,,,,0,4,,,,,,0,4,,,,,,0,4,,,,,,0,4,,,,,,1,5,1973,,,,,0,4,,,,,,0,2,,,,,,1,4,1995,,,,,1,5,2000,,,,,1,4,1978,,,,,0,,5,,,,,,,,,,,,,,,,,,5,2,43,1,6,2,1978,,1978,Vous circuliez derrière un véhicule. Ce véhicule a ralenti. Vous avez entrepris de dépasser ce véhicule par la gauche et celui-ci vous a coupé la route en tournant à gauche (ou en effectuant un œ tour,6,AUT|le plus sympomatique des rapports auto/moto,,,,,,"En rentrant du travail, je suivais une file de voitures roulant à très petite vitesse en ville. Devant, un véhicule roulant quasiment au pas, les deux roues droites dans le caniveau. Toutes les voitures le dépassent, et au moment ou je le dépasse moi-même, il tourne brusquement à gauche sans clignotant, et m'emmène avec lui. J'ai suivi sa trajectoire en lui faisant une découpe tout le long de sa voiture avec la pédale de frein, en cassant sa vitre conducteur avec mon coude et défonçant sa portière avec mon genou. Il était tout simplement en train de chercher son bureau de vote pour les prochaines élections (d'où le fait de rouler au pas très à droite), et quand il l'a vu, il a tourné dans la rue à gauche sans regarder son rétroviseur ni mettre son clignotant, ce qu'il a d'ailleurs reconnu. Conséquences : matérielles pour lui et pour moi ; mais surtout pour moi des douleurs au genou droit pendants plusieurs dizaines d'années, disparues heureusement maintenant.",la rapidité avec laquelle la voiture a tourné à gauche.,"Première réaction, freiner pour éviter le choc. Deuxième réaction, essayer de tourner aussi à gauche pour éviter le choc. Troisième réaction, essayer d'accompagner la trajectoire de la voiture après le choc pour minimiser les dégats. Je pense que c'est à ce moment là seulement que le conducteur de la voiture a réalisé qu'il se passait quelque chose et qu'il a commencé à freiner. Bizarrement, il a continué à virer à gauche, puisqu'en fin de course nous étions le long du trottoir de gauche et non pas au milieu de la rue perpendiculaire.",AUT|je pense avoir été actif. C'est lui qui n'a rien vu ni entendu jusqu'au moment du choc.,0,,,A cause de la rapidité des faits.,2,0,,,,,,4,6,,,,,,,,,1,,2,,"parce qu'à l'époque j'étais jeune et réactif et que j'ai tout fait pour éviter les choses et minimiser leur impact. Quand je me suis trouvé debout sur ma moto le long de la voiture une fois arrêté, je me suis dit que j'avais bien réagi.",4,3,,,1,1,3,4,1,1,1,1,1,4,4,4,4,1,5,,,,,,,,2,,,,,,,,,2,2,,2,1,1,1,10,90,0,0,0,2,,,,,,2,1,,,,2,1,4,7,,,,,,1,0,1,1,1,2,0,50,1,10,2,3,4,,,,,,4,4,4,4,4,4,NORTON,850,COMMANDO,ROADSTER,2,1,1,1,1,1,1,1,1,1,1,30000,NSP,3,1,TRIUMPH,750,TIGER,ROADSTER,2,4,4,18MAY1951,9,1,,2,2,3,,NSP,,,,2,0,0,1,0,1,BMW,1150,R1150R,ROADSTER,1,2000,37,3,1,15000,,,,,,,,,,,,,,,,,,,,,,,,,,,,,,,,,,,,,,,,,,,,,,15000,3,2,,,,,,,,NRP,,,1970,1972,,,NRP,NRP,,,
1746,3696,,1,0,4,,,,,,0,2,,,,,,0,4,,,,,,0,1,,,,,,0,4,,,,,,0,4,,,,,,0,4,,,,,,0,5,,,,,,2,4,1987,2013,,,,0,2,,,,,,0,4,,,,,,0,2,,,,,,0,4,,,,,,0,3,,,,,,0,,2,,,,,,,,,,,,,,,,,,0,0,32,1,42,9,2013,,,,,,,,,,,,,,,,,,,,,,,,,,,,,,,,,,,,,,,,,,,,,,,,,,,,,,,,,,,,,,,,,,,,,,,,,,,,,,,,,,,,,,,,,,,,,,,,,,,,,,,,,,,,,,,,,,,,,,,,,,,,,,,,,,,,,,,,,,,,,,,,,,,,,,,,,,,,,,24DEC1961,2,1,,2,4,4,2,3,4,,,2,1,0,2,0,2,MOTO GUZZI,1100,V11 LE MANS,Routière / GT,2,2003,37,2,1,7500,,MOTO GUZZI,1200,NORGE TL,Routière / GT,2,2007,37,2,1,8000,,,,,,,,,,,,,,,,,,,,,,,,,,,,,,,,,,,15500,3,4,,,,,,,,NRP,,,NRP,1983,,,1980,NRP,,,
1471,3699,,0,,,,,,,,,,,,,,,,,,,,,,,,,,,,,,,,,,,,,,,,,,,,,,,,,,,,,,,,,,,,,,,,,,,,,,,,,,,,,,,,,,,,,,,,,,,,,,,,,,,,,,,,,,,,,,,,,,,,,,,,,,,,,,,,,,,,,,,,,,,,,,,,,,,,,,,,,,,,,,,,,,,,,,,,,,,,,,,,,,,,,,,,,,,,,,,,,,,,,,,,,,,,,,,,,,,,,,,,,,,,,,,,,,,,,,,,,,,,,,,,,,,,,,,,,,,,,,,,,,,,,,,,,,,,,,,,,,,,,,,,,,,24JUN1979,6,2,,2,3,4,1,1,,,,1,0,0,1,0,1,YAMAHA,600,XJ6,ROADSTER,2,2012,18,1,2,10000,,,,,,,,,,,,,,,,,,,,,,,,,,,,,,,,,,,,,,,,,,,,,,10000,3,4,,,,,,,,NRP,,,NRP,2012,,,2000,NRP,,,
285,3700,227,1,0,4,,,,,,0,4,,,,,,1,4,2014,,,,,2,4,NSP,NSP,,,,0,2,,,,,,0,3,,,,,,0,2,,,,,,0,2,,,,,,0,3,,,,,,1,4,2013,,,,,2,4,2013,2014,,,,0,4,,,,,,0,3,,,,,,0,3,,,,,,1,2,8,2013,2014,,,,PARIS,PARIS,,,,LORS D'UN COUP DE FREIN ENTRE FILES SUR LE PERIPH 1 SCOOTER M' A PERCUTER PAR L'ARRIERE SANS GRAVITE,IDEM AVEC PROJECTIO VERS L'AVANT ET CONTROLE SANS CHUTE MAIS UNE BONNE PEUR,,,,0,0,24,5,19,1,72,15,2014,PARIS,2014,Autre(s) type(s) d'accident(s).,3,,,,,,,"sur le periph Parisien roulat sur la file de gauche, la voituer sur la file de droite est subitement et brusquement passé sur la voie sans clignotant. l'impact dans la voiture à eu lieu au niveau de la portiere conducteur. Manifestement le conducteur n'a pas regardé dans son retro ext gauche que je soupconne etre, avant le choc, sans miroir (lors du choc le retro a ete arraché sans eclat de miroir au sol)",manque de vigilence du conducteur de la voiture sachant pertinemment que les motards sur le periph fond parti du trafic habituel surtout aux heures de pointes,"par reflexe,freinage + une tentative d'evitement le conducteur etait seul passager dans la voiture. Lors de cet accident je n'ai pas chuté, j'ai retenue ma moto contre la voiture avec une douleur dans la cuisse qui à arrachée le retro  le cionductey=ur est sorti de son vehicule avec son tel port à la main ecartant les eclats de sa vitre qu'il a reçu",2,0,,,l'effet de surprise et une reaction par reflexe,2,0,,,,,,3,,,,,,,,,1,,,,,par le fait subi de la maneuvre du onducteur,3,3,,,1,1,4,4,1,1,1,2,1,4,4,4,4,5,,,,,,,,,2,,,,,,,,,2,2,,2,1,1,1,0,100,0,0,0,NSP,,,,,,3,2,,,,2,1,7,,,,,,,0,,1,4,1,2,0,60,1,10,2,4,,,,,,,4,4,4,4,4,4,TRIUMPH,1200,TROPHY 3 SE,Routière / GT,2,0,1,0,0,1,1,1,0,0,1,20000,8,3,1,HONDA,1300,PAN EUROPEAN,Routière / GT,2,4,4,29DEC1957,5,1,,2,1,1,,NSP,,,,1,1,0,1,0,1,TRIUMPH,1200,TROPHY 2012,Routière / GT,2,2012,37,1,2,15000,,,,,,,,,,,,,,,,,,,,,,,,,,,,,,,,,,,,,,,,,,,,,,15000,3,4,2,,,,,,,NRP,,,1974,1979,,,1978,NRP,,,