Ligne,Ligne Q qualif,Ligne approfondissement Accident,ACCIDENT,NBACC1,ACCFREQUENCE1,ANNEEACC1_1,ANNEEACC1_2,ANNEEACC1_3,ANNEEACC1_4,ANNEEACC1_5,NBACC2,ACCFREQUENCE2,ANNEEACC2_1,ANNEEACC2_2,ANNEEACC2_3,ANNEEACC2_4,ANNEEACC2_5,NBACC3,ACCFREQUENCE3,ANNEEACC3_1,ANNEEACC3_2,ANNEEACC3_3,ANNEEACC3_4,ANNEEACC3_5,NBACC4,ACCFREQUENCE4,ANNEEACC4_1,ANNEEACC4_2,ANNEEACC4_3,ANNEEACC4_4,ANNEEACC4_5,NBACC5,ACCFREQUENCE5,ANNEEACC5_1,ANNEEACC5_2,ANNEEACC5_3,ANNEEACC5_4,ANNEEACC5_5,NBACC6,ACCFREQUENCE6,ANNEEACC6_1,ANNEEACC6_2,ANNEEACC6_3,ANNEEACC6_4,ANNEEACC6_5,NBACC7,ACCFREQUENCE7,ANNEEACC7_1,ANNEEACC7_2,ANNEEACC7_3,ANNEEACC7_4,ANNEEACC7_5,NBACC8,ACCFREQUENCE8,ANNEEACC8_1,ANNEEACC8_2,ANNEEACC8_3,ANNEEACC8_4,ANNEEACC8_5,NBACC9,ACCFREQUENCE9,ANNEEACC9_1,ANNEEACC9_2,ANNEEACC9_3,ANNEEACC9_4,ANNEEACC9_5,NBACC10,ACCFREQUENCE10,ANNEEACC10_1,ANNEEACC10_2,ANNEEACC10_3,ANNEEACC10_4,ANNEEACC10_5,NBACC11,ACCFREQUENCE11,ANNEEACC11_1,ANNEEACC11_2,ANNEEACC11_3,ANNEEACC11_4,ANNEEACC11_5,NBACC12,ACCFREQUENCE12,ANNEEACC12_1,ANNEEACC12_2,ANNEEACC12_3,ANNEEACC12_4,ANNEEACC12_5,NBACC13,ACCFREQUENCE13,ANNEEACC13_1,ANNEEACC13_2,ANNEEACC13_3,ANNEEACC13_4,ANNEEACC13_5,NBACC14,ACCFREQUENCE14,ANNEEACC14_1,ANNEEACC14_2,ANNEEACC14_3,ANNEEACC14_4,ANNEEACC14_5,AUTRESACC,NBAUTRESACC,TOTAL_AC,ANNEEAUTREACC1,ANNEEAUTREACC2,ANNEEAUTREACC3,ANNEEAUTREACC4,ANNEEAUTREACC5,LIEUAUTREACC1,LIEUAUTREACC2,LIEUAUTREACC3,LIEUAUTREACC4,LIEUAUTREACC5,DESCRIPTIONAUTRESACC1,DESCRIPTIONAUTRESACC2,DESCRIPTIONAUTRESACC3,DESCRIPTIONAUTRESACC4,DESCRIPTIONAUTRESACC5,NBAUTRESACCCIRCUIT,NBAUTRESTOUTTERRAIN,EXPCYCLO,EXP125,EXPSUP125,ACCORDNEXTQ,CHOIXACC,RGPMTACC,RECUPANNEE,RECUPLIEU,RECUPANNE,RGPMTAC,CHOIX1,CHOIX2,CHOIX3,CHOIX4,CHOIX5,CHOIX6,CHOIX7,DESCRIPTION,RUPTURE,FAITS,ABS_REACTION,AUTRE_REACTION,PRECISIONREACTIONOUI,RECUL,PRECISIONREACTIONNON,IMPACTCOMPORTEMENT,AUTREUSAGER,REACTIONAUTREUSAGER,CONNAISSANCEREACTIONUSAGER,DIFFICULTES,AGGRAVATION,DIFFICULTES2,EMOTIONS1,EMOTIONS2,EMOTIONS3,EMOTIONS4,EMOTIONS5,EMOTIONS6,AUTRESENTIMENT,CLASSEMENTEMOTIONS1,CLASSEMENTEMOTIONS,CLASSEMENTEMOTIONS5,CLASSEMENTEMOTIONS6,CLASSEMENTEMOTIONS7,CLASSEMENTEMOTIONS8,CLASSEMENTEMOTIONS9,EXPLICATIONRESSENTI,BIENEQUIPE,ALLURE,ALLUREVITEDETAIL,ALLURELENTEDETAIL,SITUATIONPRESSE,SITUATIONDISTRAIT,SITUATIONCONFIANT,SITUATIONCONTROLE,SITUATIONLUDIQUE,SITUATIONPERF,SITUATIONSTRESS,SITUATIONFATIGUE,HUMEURNEUTRE,HUMEURGAI,HUMEURMECONTENT,HUMEURTRISTE,HUMEURCOLERE,CONTRIBUTION1,CONTRIBUTION2,CONTRIBUTION3,CONTRIBUTION4,CONTRIBUTION5,CONTRIBUTION6,CONTRIBUTION7,CONTRIBUTION8,CONTRIBUTION9,ROLEINFRA,ELEMENTINFRA1,ELEMENTINFRA2,ELEMENTINFRA3,ELEMENTINFRA4,ELEMENTINFRA5,ELEMENTINFRA6,ELEMENTINFRA7,ELEMENTINFRA8,ELEMENTINFRA9,ALCOOL,TXALCOOL,STUP,SEMAINE,MOMENTJOURNEE,TEMPS,CAUSEACC1,CAUSEACC2,CAUSEACC3,CAUSEACC4,CAUSEACC5,FORMATIONCAUSE,FORMATION1,FORMATION2,FORMATION3,FORMATION4,FORMATION5,TRAFIC,CHAUSSEE1,CHAUSSEE2,CHAUSSEE3,CHAUSSEE4,TYPEACC,BLESSURE,TETE,COU,THORAX,MEMBRESSUP,COLONNE,BASSIN,MEMBRESINF,HOPITAL,PLUS24H,TRAJET,TYPEROUTE,MOTIF,SENSTRAJET,PASSAGER,VITESSE,DESCEQ1,DESCEQ2,DESCEQ3,DESCEQ4,DESCEQ5,DESCEQ6,DESCEQ7,DESCEQ8,DESCEQ9,DESCEQ10,VEHICULEETE,VEHICULEAUTOMNE,VEHICULEPRINTEMPS,VEHICULEHIVER,VEHICULESEMAINE,VEHICULEWE,VEHMARQUE,VEHCYLINDREE,VEHMODELE,VEHSEGMENT,VEHSIDE,EQ2RMABS,EQ2RMCBS,EQ2RMABSCBS,EQ2RMREGULATEUR,EQ2RMLIMITEUR,EQ2RMPHARESDIRECT,EQ2RMCOUPURE,EQ2RMANTIPATINAGE,EQ2RMANTIXHEELING,EQ2RMSTABILILTE,VEHKM,POINTS,DUREE,AUTRE2RM,VEHPRECMARQUE,VEHPRECCYLINDREE,VEHPRECMODELE,VEHPRECSEGMENT,VEHPRECSIDE,TEMPS2RMPREC,FREQVEHPREC,DATE_NAISS,CSP,SOCIETAIRE,SALARIE,SECTEUR2RM,NBPERSFOYER,SITFAM,NBENF,TRNBENF1,TRNBENF2,TRNBENF3,TRNBENF4,NBAUTOFOYER,NBCYCLOFOYER,NBSCOOTFOYER,NBMOTOFOYER,NBTRIKEFOYER,NB2RMCONDUIT,MARQUE1,CYLINDREE1,MODELE1,SEGMENT1,SIDE1,ANMISECIRCU1,ASS1,FREQ1,USAGE1,NBKM1,GARAGE1,MARQUE2,CYLINDREE2,MODELE2,SEGMENT2,SIDE2,ANMISECIRCU2,ASS2,FREQ2,USAGE2,NBKM2,GARAGE2,MARQUE3,CYLINDREE3,MODELE3,SEGMENT3,SIDE3,ANMISECIRCU3,ASS3,FREQ3,USAGE3,NBKM3,GARAGE3,MARQUE4,CYLINDREE4,MODELE4,SEGMENT4,SIDE4,ANMISECIRCU4,ASS4,FREQ4,USAGE4,NBKM4,GARAGE4,MARQUE5,CYLINDREE5,MODELE5,SEGMENT5,SIDE5,ANMISECIRCU5,ASS5,FREQ5,USAGE5,NBKM5,GARAGE5,NBKMTOT,PERMIS1,PERMIS2,PERMIS3,PERMIS4,PERMIS5,PERMIS6,PERMIS7,PERMIS8,PERMIS9,ANPERMIS1,ANPERMIS6,ANPERMIS7,ANPERMIS2,ANPERMIS3,ANPERMIS8,ANPERMIS9,ANPERMIS4,ANPERMIS5,,,
2101,3731,,1,0,2,,,,,,1,5,2014,,,,,0,5,,,,,,0,3,,,,,,0,2,,,,,,0,4,,,,,,0,3,,,,,,0,3,,,,,,0,4,,,,,,1,6,2014,,,,,0,5,,,,,,0,1,,,,,,0,5,,,,,,0,6,,,,,,0,,2,,,,,,,,,,,,,,,,,,7,3,4,1,6,2,2014,,,,,,,,,,,,,,,,,,,,,,,,,,,,,,,,,,,,,,,,,,,,,,,,,,,,,,,,,,,,,,,,,,,,,,,,,,,,,,,,,,,,,,,,,,,,,,,,,,,,,,,,,,,,,,,,,,,,,,,,,,,,,,,,,,,,,,,,,,,,,,,,,,,,,,,,,,,,,,15DEC1972,5,1,3,2,4,4,2,NRP,,,,2,0,0,1,0,1,YAMAHA,800,FZ8 ABS,ROADSTER,2,2010,37,1,2,7500,4,,,,,,,,,,,,,,,,,,,,,,,,,,,,,,,,,,,,,,,,,,,,,7500,3,4,5,,,,,,,NRP,NRP,NRP,NRP,2011,NRP,NRP,1991,2008,,,
755,3734,380,1,0,4,,,,,,0,3,,,,,,0,4,,,,,,0,1,,,,,,1,4,2003,,,,,1,4,2011,,,,,0,3,,,,,,0,4,,,,,,1,4,1975,,,,,0,3,,,,,,0,5,,,,,,0,2,,,,,,0,2,,,,,,1,4,1974,,,,,0,,4,,,,,,,,,,,,,,,,,,4,2,38,1,21,5,2003,,2003,Vous circuliez sur un axe prioritaire. Un véhicule venant dun axe non prioritaire vous a coupé la route.,4,5,,,,,,"lors du retour d'une balade, je circulait en ville sur un grand axe à la vitesse règlementée (lieu de nombreux contrôle radar) lorsqu'un véhicule venant de ma gauche m'a coupé la route(non respect du stop), je n'ai même pas eu le temps de freiner ni d'éviter ce véhicule, persuadé qu'il allait s'arrêter au stop. la conductrice de ce véhicule avait un âge certain et portait des lunettes....la seule déclaration qu'elle à fait à la police c'était ""je ne l'ai pas vue"" (ni le stop ni la moto....!)  quel homme politique aura le courage d'instaurer une visite médicale régulière pour l'ensemble des conducteurs et non seulement pour certaines catégorie de permis comme c'est le cas aujourd'hui?",un tiers irresponsable de sa conduite,NRP,2,0,,,"si vous devez anticiper que dans une situation avec visibilité, d'obligation de respect de la signalisation, le véhicule venant à votre gauche ou droite ne va pas s'arrêter vous ne pouvez plus rouler....",2,0,,,,,,8,,,,,,,,,,,,,,,4,3,,,1,1,3,4,1,1,1,1,1,4,4,4,4,10,,,,,,,,,2,,,,,,,,,2,2,,2,2,1,1,0,100,0,0,0,2,,,,,,2,1,,,,2,1,6,,,,,,,1,1,1,1,3,,1,50,1,10,2,3,4,,,,,,4,4,4,4,4,4,HONDA,800,PACIFIC COAST (PC800),Routière / GT,2,1,1,1,1,1,1,1,1,1,1,75000,12,4,1,KAWASAKI,900,Z900,ROADSTER,2,4,3,15JUN1956,5,2,3,2,2,3,,NRP,,,,2,0,0,1,0,1,BMW,1200,K1200LT,Routière / GT,2,2003,16,3,1,5000,7,,,,,,,,,,,,,,,,,,,,,,,,,,,,,,,,,,,,,,,,,,,,,5000,3,4,,,,,,,,NRP,NRP,NRP,NRP,1976,NRP,NRP,1974,NRP,,,
1415,3735,,1,1,4,1998,,,,,0,3,,,,,,1,4,NSP,,,,,0,2,,,,,,0,3,,,,,,0,2,,,,,,0,3,,,,,,0,4,,,,,,1,3,1995,,,,,0,2,,,,,,0,5,,,,,,0,3,,,,,,0,2,,,,,,0,3,,,,,,1,2,5,NSP,NSP,,,,poissy,paris,,,,Glissade dans un rond point sur une tache de gas oil,Un automobiliste à grillé un feu rouge,,,,0,0,4,5,21,1,1,1,1998,,,,,,,,,,,,,,,,,,,,,,,,,,,,,,,,,,,,,,,,,,,,,,,,,,,,,,,,,,,,,,,,,,,,,,,,,,,,,,,,,,,,,,,,,,,,,,,,,,,,,,,,,,,,,,,,,,,,,,,,,,,,,,,,,,,,,,,,,,,,,,,,,,,,,,,,,,,,,,14JUL1954,5,1,3,2,2,3,,NRP,,,,2,0,0,1,0,1,YAMAHA,1000,FZ1 FAZER,ROADSTER,2,2006,37,3,1,3000,7,,,,,,,,,,,,,,,,,,,,,,,,,,,,,,,,,,,,,,,,,,,,,3000,2,3,4,,,,,,,NRP,NRP,NRP,1973,1994,NRP,NRP,1973,NRP,,,
631,3736,,1,0,2,,,,,,0,4,,,,,,0,3,,,,,,0,1,,,,,,0,2,,,,,,0,2,,,,,,0,2,,,,,,0,2,,,,,,0,3,,,,,,1,5,2013,,,,,0,4,,,,,,0,2,,,,,,0,3,,,,,,0,4,,,,,,0,,1,,,,,,,,,,,,,,,,,,0,0,7,1,46,10,2013,,,,,,,,,,,,,,,,,,,,,,,,,,,,,,,,,,,,,,,,,,,,,,,,,,,,,,,,,,,,,,,,,,,,,,,,,,,,,,,,,,,,,,,,,,,,,,,,,,,,,,,,,,,,,,,,,,,,,,,,,,,,,,,,,,,,,,,,,,,,,,,,,,,,,,,,,,,,,,14AUG1978,5,2,3,2,3,4,1,NRP,,,,1,0,0,1,0,1,MOTO GUZZI,1100,BREVA,ROADSTER,2,2005,28,1,2,11000,7,,,,,,,,,,,,,,,,,,,,,,,,,,,,,,,,,,,,,,,,,,,,,11000,3,4,,,,,,,,NRP,NRP,NRP,NRP,2008,NRP,NRP,1996,NRP,,,
472,3737,41,1,0,4,,,,,,0,4,,,,,,1,3,1988,,,,,0,5,,,,,,0,5,,,,,,0,5,,,,,,0,4,,,,,,0,2,,,,,,2,4,NSP,NSP,,,,0,4,,,,,,0,5,,,,,,0,3,,,,,,0,5,,,,,,1,5,2007,,,,,1,5,9,1988,1989,NSP,NSP,NSP,Paris,Paris,Paris,Paris,Paris,doublant par la gauche le long d'une ligne continue et véhicule tournant à gauche,véhicule freinant brutalement devant moi,glissade sur feuilles mortes et pluie,glissade par freinage d'urgence,percuté par 2 roues venant en face,0,0,20,7,5,1,41,9,0,,-1,"Vous avez fait une sortie de route, une perte de contrôle ou une glissade sans rien percuter.",3,,,,,,,"Il s'agit d'un accident du à un autre 2 roues arrivant face à moi; ayant effectué un freinage d'urgence, j'ai glissé et suis tombé avec ma moto",L'élément : un 2 roues arrivant en face Les difficultés : Freinage roue AR difficile à maitriser et dérapage,Un freinage AV et AR simultané d'urgence,NRP,0,,,car c'est arrivé par surprise,3,1,2,,NSP,1,l'autre 2 roues est arrivé sur moi,1,,,,,,,1,,,,,,,La peur du choc,2,3,,,2,2,3,3,2,1,1,2,5,5,5,5,5,7,,,,,,,,,2,,,,,,,,,2,2,,2,1,1,2,0,100,0,0,0,NSP,,,,,,3,2,,,,1,,,,,,,,,,,1,1,3,,0,40,1,10,2,,,,,,,,4,4,4,4,4,4,HONDA,125,"ANF ""INNOVA""",SCOOTER,2,1,1,1,1,1,1,1,1,1,1,20,8,4,1,HONDA,125,XL-S,TRAIL / SUPERMOTARD,2,4,3,26JUL1965,5,2,3,2,4,4,2,NRP,,,,1,1,1,0,0,2,HONDA,300,SH IE ABS,SCOOTER,2,2006,4,1,2,3000,1,HONDA,50,AMIGO,ROADSTER,2,2007,31,3,1,500,4,,,,,,,,,,,,,,,,,,,,,,,,,,,,,,,,,,3500,3,4,,,,,,,,NRP,NRP,NRP,NRP,1992,NRP,NRP,1984,NRP,,,
1607,3739,,1,0,4,,,,,,0,5,,,,,,0,5,,,,,,0,4,,,,,,0,4,,,,,,1,5,2011,,,,,0,4,,,,,,0,4,,,,,,1,4,1994,,,,,0,4,,,,,,0,6,,,,,,0,4,,,,,,0,5,,,,,,0,3,,,,,,0,,2,,,,,,,,,,,,,,,,,,2,4,25,1,41,9,1994,,,,,,,,,,,,,,,,,,,,,,,,,,,,,,,,,,,,,,,,,,,,,,,,,,,,,,,,,,,,,,,,,,,,,,,,,,,,,,,,,,,,,,,,,,,,,,,,,,,,,,,,,,,,,,,,,,,,,,,,,,,,,,,,,,,,,,,,,,,,,,,,,,,,,,,,,,,,,,03JUN1962,5,2,3,2,4,4,2,NRP,,,,3,0,0,1,0,1,HONDA,750,VFR-F,Routière / GT,2,1990,2,1,2,10000,7,,,,,,,,,,,,,,,,,,,,,,,,,,,,,,,,,,,,,,,,,,,,,10000,2,3,4,,,,,,,NRP,NRP,NRP,1978,1990,NRP,NRP,1980,NRP,,,
1887,3741,,0,,,,,,,,,,,,,,,,,,,,,,,,,,,,,,,,,,,,,,,,,,,,,,,,,,,,,,,,,,,,,,,,,,,,,,,,,,,,,,,,,,,,,,,,,,,,,,,,,,,,,,,,,,,,,,,,,,,,,,,,,,,,,,,,,,,,,,,,,,,,,,,,,,,,,,,,,,,,,,,,,,,,,,,,,,,,,,,,,,,,,,,,,,,,,,,,,,,,,,,,,,,,,,,,,,,,,,,,,,,,,,,,,,,,,,,,,,,,,,,,,,,,,,,,,,,,,,,,,,,,,,,,,,,,,,,,,,,,,,,,,,,27MAR1958,5,2,3,2,2,3,,NRP,,,,1,0,0,1,0,1,HONDA,1300,PAN EUROPEAN C-ABS,Routière / GT,2,2010,16,1,2,10000,7,,,,,,,,,,,,,,,,,,,,,,,,,,,,,,,,,,,,,,,,,,,,,10000,3,4,,,,,,,,NRP,NRP,NRP,NRP,2009,NRP,NRP,1983,NRP,,,
1320,3743,,0,,,,,,,,,,,,,,,,,,,,,,,,,,,,,,,,,,,,,,,,,,,,,,,,,,,,,,,,,,,,,,,,,,,,,,,,,,,,,,,,,,,,,,,,,,,,,,,,,,,,,,,,,,,,,,,,,,,,,,,,,,,,,,,,,,,,,,,,,,,,,,,,,,,,,,,,,,,,,,,,,,,,,,,,,,,,,,,,,,,,,,,,,,,,,,,,,,,,,,,,,,,,,,,,,,,,,,,,,,,,,,,,,,,,,,,,,,,,,,,,,,,,,,,,,,,,,,,,,,,,,,,,,,,,,,,,,,,,,,,,,,,18NOV1979,5,2,3,2,4,4,2,NRP,,,,1,0,0,1,0,1,HONDA,700,NC700X,ROADSTER,2,2012,31,3,2,5000,7,,,,,,,,,,,,,,,,,,,,,,,,,,,,,,,,,,,,,,,,,,,,,5000,3,4,,,,,,,,NRP,NRP,NRP,NRP,2011,NRP,NRP,1997,NRP,,,
1464,3746,,1,0,4,,,,,,0,4,,,,,,0,5,,,,,,0,1,,,,,,0,6,,,,,,0,4,,,,,,0,3,,,,,,0,5,,,,,,1,5,2011,,,,,0,4,,,,,,0,5,,,,,,0,1,,,,,,0,2,,,,,,0,3,,,,,,0,,1,,,,,,,,,,,,,,,,,,4,0,5,1,41,9,2011,,,,,,,,,,,,,,,,,,,,,,,,,,,,,,,,,,,,,,,,,,,,,,,,,,,,,,,,,,,,,,,,,,,,,,,,,,,,,,,,,,,,,,,,,,,,,,,,,,,,,,,,,,,,,,,,,,,,,,,,,,,,,,,,,,,,,,,,,,,,,,,,,,,,,,,,,,,,,,28APR1989,7,2,3,2,1,1,,NRP,,,,1,0,0,1,0,1,DUCATI,696,MONSTER+,ROADSTER,2,2008,31,2,1,6000,7,,,,,,,,,,,,,,,,,,,,,,,,,,,,,,,,,,,,,,,,,,,,,6000,1,3,4,,,,,,,2003,NRP,NRP,NRP,2010,NRP,NRP,2007,NRP,,,
628,3747,230,1,0,4,,,,,,0,4,,,,,,0,6,,,,,,0,5,,,,,,1,6,2007,,,,,0,6,,,,,,0,3,,,,,,0,3,,,,,,0,3,,,,,,0,4,,,,,,0,5,,,,,,0,3,,,,,,0,4,,,,,,0,5,,,,,,0,,1,,,,,,,,,,,,,,,,,,5,2,3,1,21,5,2007,,2007,Vous circuliez sur un axe prioritaire. Un véhicule venant dun axe non prioritaire vous a coupé la route.,3,,,,,,,"Sur une route prioritaire, une auto-école ne m'a pas vu arriver (ni l'élève ni le formateur) l'auto école a démarrée du stop ou elle était arrêtée. En m'apercevant l'élève a paniqué et à caler au milieu du carrefour. impossible de l'éviter.",distance insuffisante pour m'arrêter.,"j'ai freiner en voyant la voiture s'engager dans le carrefour, l'auto école à caler au milieu du carrefour",NRP,0,,,"je roulais à une allure normale, le véhicule était arrêter à un stop. impossible de penser que la voiture allait démarrer devant moi.",2,1,2,,panique de l'élève Formateur pas concentré,1,panique de l'élève Formateur pas concentré,3,6,,,,,,,,2,,,1,,"La voiture a démarrer juste devant moi, la distance était trop courte pour pouvoir m'arrêter",2,3,,,3,2,1,2,2,1,1,1,3,3,4,4,4,3,5,,,,,,,,2,,,,,,,,,2,2,,2,1,1,1,0,100,0,0,0,1,2,,,,,1,1,,,,2,1,4,6,,,,,,1,0,1,1,3,,0,40,1,10,2,5,,,,,,,3,3,3,3,3,3,HONDA,80,NH LEAD,SCOOTER,2,1,1,1,1,1,1,1,1,1,1,NSP,12,3,1,PEUGEOT,50,ST,SCOOTER,2,4,3,24MAY1978,7,1,3,2,2,3,,NRP,,,,1,0,0,8,0,1,HONDA,500,CB,ROADSTER,2,1995,37,3,1,1000,4,,,,,,,,,,,,,,,,,,,,,,,,,,,,,,,,,,,,,,,,,,,,,1000,3,4,,,,,,,,NRP,NRP,NRP,NRP,2011,NRP,NRP,1996,NRP,,,
2073,3748,,1,0,3,,,,,,0,5,,,,,,0,5,,,,,,0,5,,,,,,1,4,1996,,,,,0,2,,,,,,0,4,,,,,,1,5,2011,,,,,0,5,,,,,,0,2,,,,,,0,4,,,,,,0,3,,,,,,0,3,,,,,,0,3,,,,,,0,,2,,,,,,,,,,,,,,,,,,1,3,29,1,21,5,1996,,,,,,,,,,,,,,,,,,,,,,,,,,,,,,,,,,,,,,,,,,,,,,,,,,,,,,,,,,,,,,,,,,,,,,,,,,,,,,,,,,,,,,,,,,,,,,,,,,,,,,,,,,,,,,,,,,,,,,,,,,,,,,,,,,,,,,,,,,,,,,,,,,,,,,,,,,,,,,04MAR1965,8,1,3,2,4,4,2,NRP,,,,2,0,0,2,0,2,YAMAHA,1300,FJR ABS  AS,Routière / GT,2,2007,37,2,1,10000,7,HYOSUNG,125,AQUILA,CUSTOM,2,2002,37,3,1,1500,7,,,,,,,,,,,,,,,,,,,,,,,,,,,,,,,,,,11500,4,3,,,,,,,,NRP,NRP,NRP,NRP,1983,NRP,NRP,1984,NRP,,,
317,3749,281,1,0,4,,,,,,1,5,1995,,,,,0,4,,,,,,0,2,,,,,,1,3,1995,,,,,0,3,,,,,,0,6,,,,,,0,4,,,,,,1,6,1987,,,,,0,5,,,,,,0,6,,,,,,0,2,,,,,,0,4,,,,,,0,2,,,,,,1,2,5,1982,1988,,,,evreux,ivry la bataill,,,,"en cyclomoteur, sur piste cyclable j'ai traversé une intersection avec feux rouge sans penser que les véhicules allant dans le même sens que moi pouvait tourner à droite...","en 600 dr, sortie de village un véhicule sortant de stationnement m'a heurté par la droite et envoyé dans une voiture arrivant en face. 9 mois d'arrêt...",,,,0,0,4,0,25,1,72,15,1988,ivry la bataill,1988,Autre(s) type(s) d'accident(s).,4,,,,,,,fourgon qui sort d'un stationnement en sortie d'agglomération et ne me voit pas. je heurte le fourgon et le choc m'envoie sur la voie de gauche ou un véhicule arrivant sens contraire me heurte à son tour.,"déjà j'ai perdu connaissance au moment du choc. l'élément déclencheur est je pense la non concentration du chauffeur du fourgon, et peu être mon manque de visibilité (pas de gilet fluo à cette époque 1988 mais feux de croisement allumé)","perte de connaissance avec trauma crânien, pas de souvenir perso, juste le récit des autres protagonistes.  à priori je ne pouvais procéder à une manoeuvre d'évitement car un véhicule arrivait en face.",NRP,0,,,NRP,2,1,NSP,,NSP,NSP,NSP,7,,,,,,,,,,,,,,,3,3,,,2,1,3,4,1,1,1,1,1,4,4,4,4,1,,,,,,,,,2,,,,,,,,,2,2,,2,1,1,1,10,90,0,0,0,2,,,,,,1,1,,,,2,1,7,,,,,,,1,1,1,1,3,,0,60,1,10,2,5,,,,,,,4,4,4,4,4,4,SUZUKI,600,DR600S,TRAIL / SUPERMOTARD,2,1,1,1,1,1,1,1,1,1,1,NSP,12,3,1,HONDA,500,CX,ROADSTER,2,4,4,02DEC1965,7,1,3,2,2,3,,NRP,,,,2,0,0,3,0,3,SUZUKI,400,DRZ-S,TRAIL / SUPERMOTARD,2,2000,37,2,1,10000,7,HONDA,125,XL-S,TRAIL / SUPERMOTARD,2,1983,18,3,1,2000,7,HONDA,125,XR,TRAIL / SUPERMOTARD,2,1979,18,3,1,1500,7,,,,,,,,,,,,,,,,,,,,,,,13500,4,9,,,,,,,,NRP,NRP,NRP,NRP,NRP,NRP,1984,1986,NRP,,,
1778,3750,,1,0,4,,,,,,0,6,,,,,,0,6,,,,,,0,4,,,,,,0,6,,,,,,0,4,,,,,,0,4,,,,,,0,6,,,,,,0,4,,,,,,0,4,,,,,,0,6,,,,,,0,4,,,,,,0,5,,,,,,0,4,,,,,,1,1,1,2010,,,,,lamballe,,,,,"vehicule doublant un camion alors que j'arrivais en face...fin de possibilite de doubler sur cette route , conducteur 3 semaines de permis",,,,,0,0,5,1,31,1,71,15,2010,lamballe,,,,,,,,,,,,,,,,,,,,,,,,,,,,,,,,,,,,,,,,,,,,,,,,,,,,,,,,,,,,,,,,,,,,,,,,,,,,,,,,,,,,,,,,,,,,,,,,,,,,,,,,,,,,,,,,,,,,,,,,,,,,,,,,,,,,,,,,,,,,,,,,,,,,,,,,,,,,,18OCT1962,7,1,3,2,2,3,,NRP,,,,1,1,0,1,0,1,BMW,1200,R1200GS ADVENTURE ABS,TRAIL / SUPERMOTARD,2,2010,37,1,2,25000,7,,,,,,,,,,,,,,,,,,,,,,,,,,,,,,,,,,,,,,,,,,,,,25000,2,4,,,,,,,,NRP,NRP,NRP,1982,NRP,NRP,NRP,1982,NRP,,,
1676,3751,,1,0,5,,,,,,0,3,,,,,,0,4,,,,,,0,3,,,,,,0,4,,,,,,2,3,1985,1989,,,,0,3,,,,,,0,3,,,,,,0,3,,,,,,0,4,,,,,,0,5,,,,,,0,3,,,,,,1,5,1985,,,,,0,3,,,,,,1,1,4,1989,,,,,compiègne,,,,,"à l'occasion de l'exercice de ma profession,un véhicule automobile ayant refusé d'obtempérer après avoir tenté de renversé un collègue au cours d'un contrôle routier.Lors de la course poursuite le véhicule s'est mis en travers me coupant la route,ma motocyclette a percuté le véhicule ,pour finir sa course contre un réverbère,quant à moi j'ai évité le véhicule et le réverbère ,pour me retrouver le fémur gauche cassé en chutant lourdement au sol à environ 50 mètres de l'accident.",,,,,0,0,44,1,39,1,27,6,1989,,,,,,,,,,,,,,,,,,,,,,,,,,,,,,,,,,,,,,,,,,,,,,,,,,,,,,,,,,,,,,,,,,,,,,,,,,,,,,,,,,,,,,,,,,,,,,,,,,,,,,,,,,,,,,,,,,,,,,,,,,,,,,,,,,,,,,,,,,,,,,,,,,,,,,,,,,,,,,06JUL1957,9,1,3,2,3,4,1,NRP,,,,1,1,0,1,0,2,HONDA,400,CX,ROADSTER,2,1982,37,2,1,5500,7,PEUGEOT,50,103,ROADSTER,2,1994,38,2,1,1000,7,,,,,,,,,,,,,,,,,,,,,,,,,,,,,,,,,,6500,3,4,,,,,,,,NRP,NRP,NRP,NRP,1976,NRP,NRP,1978,NRP,,,
2121,3757,,1,0,5,,,,,,0,4,,,,,,0,5,,,,,,0,4,,,,,,0,4,,,,,,0,2,,,,,,0,3,,,,,,0,5,,,,,,2,4,2012,2014,,,,0,5,,,,,,0,5,,,,,,0,3,,,,,,0,4,,,,,,0,4,,,,,,1,3,5,2014,NSP,NSP,,,Paris,NC,NC,,,"A l'arrêt au feu rouge, la voiture me précédent à entrepris une marche arrière et est venue me percuter.  Précision j'etais dans l'axe de son retroviseur interieur. Il ne pouvait pas ne pas me voir.",NC,NC,,,0,0,0,1,4,1,42,9,2014,,,,,,,,,,,,,,,,,,,,,,,,,,,,,,,,,,,,,,,,,,,,,,,,,,,,,,,,,,,,,,,,,,,,,,,,,,,,,,,,,,,,,,,,,,,,,,,,,,,,,,,,,,,,,,,,,,,,,,,,,,,,,,,,,,,,,,,,,,,,,,,,,,,,,,,,,,,,,,08MAY1975,5,2,3,2,1,1,,NRP,,,,0,0,0,1,0,1,YAMAHA,600,FZS FAZER,ROADSTER,2,2002,16,1,2,12000,1,,,,,,,,,,,,,,,,,,,,,,,,,,,,,,,,,,,,,,,,,,,,,12000,3,4,,,,,,,,NRP,NRP,NRP,NRP,2012,NRP,NRP,1994,NRP,,,