Ligne,Ligne Q qualif,Ligne approfondissement Accident,ACCIDENT,NBACC1,ACCFREQUENCE1,ANNEEACC1_1,ANNEEACC1_2,ANNEEACC1_3,ANNEEACC1_4,ANNEEACC1_5,NBACC2,ACCFREQUENCE2,ANNEEACC2_1,ANNEEACC2_2,ANNEEACC2_3,ANNEEACC2_4,ANNEEACC2_5,NBACC3,ACCFREQUENCE3,ANNEEACC3_1,ANNEEACC3_2,ANNEEACC3_3,ANNEEACC3_4,ANNEEACC3_5,NBACC4,ACCFREQUENCE4,ANNEEACC4_1,ANNEEACC4_2,ANNEEACC4_3,ANNEEACC4_4,ANNEEACC4_5,NBACC5,ACCFREQUENCE5,ANNEEACC5_1,ANNEEACC5_2,ANNEEACC5_3,ANNEEACC5_4,ANNEEACC5_5,NBACC6,ACCFREQUENCE6,ANNEEACC6_1,ANNEEACC6_2,ANNEEACC6_3,ANNEEACC6_4,ANNEEACC6_5,NBACC7,ACCFREQUENCE7,ANNEEACC7_1,ANNEEACC7_2,ANNEEACC7_3,ANNEEACC7_4,ANNEEACC7_5,NBACC8,ACCFREQUENCE8,ANNEEACC8_1,ANNEEACC8_2,ANNEEACC8_3,ANNEEACC8_4,ANNEEACC8_5,NBACC9,ACCFREQUENCE9,ANNEEACC9_1,ANNEEACC9_2,ANNEEACC9_3,ANNEEACC9_4,ANNEEACC9_5,NBACC10,ACCFREQUENCE10,ANNEEACC10_1,ANNEEACC10_2,ANNEEACC10_3,ANNEEACC10_4,ANNEEACC10_5,NBACC11,ACCFREQUENCE11,ANNEEACC11_1,ANNEEACC11_2,ANNEEACC11_3,ANNEEACC11_4,ANNEEACC11_5,NBACC12,ACCFREQUENCE12,ANNEEACC12_1,ANNEEACC12_2,ANNEEACC12_3,ANNEEACC12_4,ANNEEACC12_5,NBACC13,ACCFREQUENCE13,ANNEEACC13_1,ANNEEACC13_2,ANNEEACC13_3,ANNEEACC13_4,ANNEEACC13_5,NBACC14,ACCFREQUENCE14,ANNEEACC14_1,ANNEEACC14_2,ANNEEACC14_3,ANNEEACC14_4,ANNEEACC14_5,AUTRESACC,NBAUTRESACC,TOTAL_AC,ANNEEAUTREACC1,ANNEEAUTREACC2,ANNEEAUTREACC3,ANNEEAUTREACC4,ANNEEAUTREACC5,LIEUAUTREACC1,LIEUAUTREACC2,LIEUAUTREACC3,LIEUAUTREACC4,LIEUAUTREACC5,DESCRIPTIONAUTRESACC1,DESCRIPTIONAUTRESACC2,DESCRIPTIONAUTRESACC3,DESCRIPTIONAUTRESACC4,DESCRIPTIONAUTRESACC5,NBAUTRESACCCIRCUIT,NBAUTRESTOUTTERRAIN,EXPCYCLO,EXP125,EXPSUP125,ACCORDNEXTQ,CHOIXACC,RGPMTACC,RECUPANNEE,RECUPLIEU,RECUPANNE,RGPMTAC,CHOIX1,CHOIX2,CHOIX3,CHOIX4,CHOIX5,CHOIX6,CHOIX7,DESCRIPTION,RUPTURE,FAITS,ABS_REACTION,AUTRE_REACTION,PRECISIONREACTIONOUI,RECUL,PRECISIONREACTIONNON,IMPACTCOMPORTEMENT,AUTREUSAGER,REACTIONAUTREUSAGER,CONNAISSANCEREACTIONUSAGER,DIFFICULTES,AGGRAVATION,DIFFICULTES2,EMOTIONS1,EMOTIONS2,EMOTIONS3,EMOTIONS4,EMOTIONS5,EMOTIONS6,AUTRESENTIMENT,CLASSEMENTEMOTIONS1,CLASSEMENTEMOTIONS,CLASSEMENTEMOTIONS5,CLASSEMENTEMOTIONS6,CLASSEMENTEMOTIONS7,CLASSEMENTEMOTIONS8,CLASSEMENTEMOTIONS9,EXPLICATIONRESSENTI,BIENEQUIPE,ALLURE,ALLUREVITEDETAIL,ALLURELENTEDETAIL,SITUATIONPRESSE,SITUATIONDISTRAIT,SITUATIONCONFIANT,SITUATIONCONTROLE,SITUATIONLUDIQUE,SITUATIONPERF,SITUATIONSTRESS,SITUATIONFATIGUE,HUMEURNEUTRE,HUMEURGAI,HUMEURMECONTENT,HUMEURTRISTE,HUMEURCOLERE,CONTRIBUTION1,CONTRIBUTION2,CONTRIBUTION3,CONTRIBUTION4,CONTRIBUTION5,CONTRIBUTION6,CONTRIBUTION7,CONTRIBUTION8,CONTRIBUTION9,ROLEINFRA,ELEMENTINFRA1,ELEMENTINFRA2,ELEMENTINFRA3,ELEMENTINFRA4,ELEMENTINFRA5,ELEMENTINFRA6,ELEMENTINFRA7,ELEMENTINFRA8,ELEMENTINFRA9,ALCOOL,TXALCOOL,STUP,SEMAINE,MOMENTJOURNEE,TEMPS,CAUSEACC1,CAUSEACC2,CAUSEACC3,CAUSEACC4,CAUSEACC5,FORMATIONCAUSE,FORMATION1,FORMATION2,FORMATION3,FORMATION4,FORMATION5,TRAFIC,CHAUSSEE1,CHAUSSEE2,CHAUSSEE3,CHAUSSEE4,TYPEACC,BLESSURE,TETE,COU,THORAX,MEMBRESSUP,COLONNE,BASSIN,MEMBRESINF,HOPITAL,PLUS24H,TRAJET,TYPEROUTE,MOTIF,SENSTRAJET,PASSAGER,VITESSE,DESCEQ1,DESCEQ2,DESCEQ3,DESCEQ4,DESCEQ5,DESCEQ6,DESCEQ7,DESCEQ8,DESCEQ9,DESCEQ10,VEHICULEETE,VEHICULEAUTOMNE,VEHICULEPRINTEMPS,VEHICULEHIVER,VEHICULESEMAINE,VEHICULEWE,VEHMARQUE,VEHCYLINDREE,VEHMODELE,VEHSEGMENT,VEHSIDE,EQ2RMABS,EQ2RMCBS,EQ2RMABSCBS,EQ2RMREGULATEUR,EQ2RMLIMITEUR,EQ2RMPHARESDIRECT,EQ2RMCOUPURE,EQ2RMANTIPATINAGE,EQ2RMANTIXHEELING,EQ2RMSTABILILTE,VEHKM,POINTS,DUREE,AUTRE2RM,VEHPRECMARQUE,VEHPRECCYLINDREE,VEHPRECMODELE,VEHPRECSEGMENT,VEHPRECSIDE,TEMPS2RMPREC,FREQVEHPREC,DATE_NAISS,CSP,SOCIETAIRE,SALARIE,SECTEUR2RM,NBPERSFOYER,SITFAM,NBENF,TRNBENF1,TRNBENF2,TRNBENF3,TRNBENF4,NBAUTOFOYER,NBCYCLOFOYER,NBSCOOTFOYER,NBMOTOFOYER,NBTRIKEFOYER,NB2RMCONDUIT,MARQUE1,CYLINDREE1,MODELE1,SEGMENT1,SIDE1,ANMISECIRCU1,ASS1,FREQ1,USAGE1,NBKM1,GARAGE1,MARQUE2,CYLINDREE2,MODELE2,SEGMENT2,SIDE2,ANMISECIRCU2,ASS2,FREQ2,USAGE2,NBKM2,GARAGE2,MARQUE3,CYLINDREE3,MODELE3,SEGMENT3,SIDE3,ANMISECIRCU3,ASS3,FREQ3,USAGE3,NBKM3,GARAGE3,MARQUE4,CYLINDREE4,MODELE4,SEGMENT4,SIDE4,ANMISECIRCU4,ASS4,FREQ4,USAGE4,NBKM4,GARAGE4,MARQUE5,CYLINDREE5,MODELE5,SEGMENT5,SIDE5,ANMISECIRCU5,ASS5,FREQ5,USAGE5,NBKM5,GARAGE5,NBKMTOT,PERMIS1,PERMIS2,PERMIS3,PERMIS4,PERMIS5,PERMIS6,PERMIS7,PERMIS8,PERMIS9,ANPERMIS1,ANPERMIS6,ANPERMIS7,ANPERMIS2,ANPERMIS3,ANPERMIS8,ANPERMIS9,ANPERMIS4,ANPERMIS5,,,
740,3794,3,1,0,4,,,,,,0,3,,,,,,0,5,,,,,,1,5,2000,,,,,0,4,,,,,,0,2,,,,,,0,1,,,,,,0,3,,,,,,0,3,,,,,,0,5,,,,,,0,2,,,,,,0,2,,,,,,0,1,,,,,,0,4,,,,,,0,,1,,,,,,,,,,,,,,,,,,0,0,18,1,16,4,2000,,2000,Vous circuliez derrière un véhicule. Vous avez entrepris de dépasser ce véhicule par la droite et celui-ci vous a coupé la route en tournant à droite.,1,,,,,,,"autoroute bouchée, remontée de file, pluie abondante, vitesse très réduite un véhicule passe de la voie de gauche à celle du milieu sans cligno et ne nous pas, je tente d'éviter le véhicule , mais avec le poids de ma passagère, je suis déséquilibré et nous ous retrouvons au sol aucun traumatismes pour moi, car j'ai pu anticiper le choc et je suis bien équipé un trauma au genou pour ma passagère qui en fait a cassé le rétro de la voiture avec celui ci pour moi, erreur d'inattention du conducteur dasn les bouchons vitesse faible et anticipation , m'ont permis d'aviter le pire",pas vu par le conducteur de la voiture,voir mon commentaire précédent déséquilibre du à l'impossibilité d'anticipation de ma passagère,NRP,0,,,pas d'autres choix,3,1,2,,moto non vu angle mort???,1,une meilleure prise en compte de l'environnement aurait surement pu eviter l'accident,9,,,,,,inévitable! préparation à l'impact,,,,,,,1,"j'ai pu tout décomposer , et malgrè plusieurs actions de ma part, ça s'est mal fini",3,3,,,1,1,3,4,1,1,2,1,1,4,4,4,4,10,,,,,,,,,2,,,,,,,,,2,2,,2,1,1,2,20,70,0,0,10,2,,,,,,4,2,,,,2,0,,,,,,,,,,1,3,1,1,1,30,1,10,2,3,4,,,,,,4,4,4,4,4,4,YAMAHA,600,FZ6,ROADSTER,2,1,1,1,1,1,1,1,1,1,1,15000,12,3,1,SUZUKI,650,DR 650 RSE,TRAIL / SUPERMOTARD,2,3,4,17APR1976,7,1,3,2,3,4,1,NRP,,,,2,0,0,1,0,1,TRIUMPH,675,STREET TRIPLE,ROADSTER,2,2011,37,2,2,10000,7,,,,,,,,,,,,,,,,,,,,,,,,,,,,,,,,,,,,,,,,,,,,,10000,3,4,,,,,,,,NRP,NRP,NRP,NRP,1994,NRP,NRP,1995,NRP,,,
2119,3795,,1,0,5,,,,,,0,3,,,,,,0,6,,,,,,0,3,,,,,,1,6,2014,,,,,0,6,,,,,,0,4,,,,,,0,3,,,,,,1,5,2010,,,,,1,5,2011,,,,,2,6,1994,2011,,,,0,2,,,,,,0,4,,,,,,1,5,1993,,,,,0,,6,,,,,,,,,,,,,,,,,,4,1,6,1,66,14,1993,,,,,,,,,,,,,,,,,,,,,,,,,,,,,,,,,,,,,,,,,,,,,,,,,,,,,,,,,,,,,,,,,,,,,,,,,,,,,,,,,,,,,,,,,,,,,,,,,,,,,,,,,,,,,,,,,,,,,,,,,,,,,,,,,,,,,,,,,,,,,,,,,,,,,,,,,,,,,,29JUL1977,7,2,3,2,3,4,1,NRP,,,,1,0,0,3,1,4,SUZUKI,750,GSR,ROADSTER,2,2011,10,2,2,6000,7,YAMAHA,600,XJ6,ROADSTER,2,2008,10,3,1,2000,7,Gilera,600,Nordwest,NRP,2,1992,10,4,1,2000,7,LINHAI,320,QUAD HYTRACK 4X4,QUAD,2,2009,28,3,1,1000,7,,,,,,,,,,,,11000,3,4,,,,,,,,NRP,NRP,NRP,NRP,1995,NRP,NRP,1995,NRP,,,
1429,3799,,0,,,,,,,,,,,,,,,,,,,,,,,,,,,,,,,,,,,,,,,,,,,,,,,,,,,,,,,,,,,,,,,,,,,,,,,,,,,,,,,,,,,,,,,,,,,,,,,,,,,,,,,,,,,,,,,,,,,,,,,,,,,,,,,,,,,,,,,,,,,,,,,,,,,,,,,,,,,,,,,,,,,,,,,,,,,,,,,,,,,,,,,,,,,,,,,,,,,,,,,,,,,,,,,,,,,,,,,,,,,,,,,,,,,,,,,,,,,,,,,,,,,,,,,,,,,,,,,,,,,,,,,,,,,,,,,,,,,,,,,,,,,05MAR1986,5,2,3,2,1,1,,NRP,,,,1,0,0,1,0,1,SUZUKI,600,BANDIT-N,ROADSTER,2,2001,31,2,2,6000,7,,,,,,,,,,,,,,,,,,,,,,,,,,,,,,,,,,,,,,,,,,,,,6000,2,3,4,,,,,,,NRP,NRP,NRP,2004,2012,NRP,NRP,2004,NRP,,,
1541,3802,,1,0,4,,,,,,0,5,,,,,,0,3,,,,,,1,3,NSP,,,,,1,6,NSP,,,,,0,4,,,,,,0,2,,,,,,0,2,,,,,,0,3,,,,,,0,3,,,,,,0,3,,,,,,0,2,,,,,,0,3,,,,,,0,3,,,,,,0,,2,,,,,,,,,,,,,,,,,,5,15,10,1,21,5,0,,,,,,,,,,,,,,,,,,,,,,,,,,,,,,,,,,,,,,,,,,,,,,,,,,,,,,,,,,,,,,,,,,,,,,,,,,,,,,,,,,,,,,,,,,,,,,,,,,,,,,,,,,,,,,,,,,,,,,,,,,,,,,,,,,,,,,,,,,,,,,,,,,,,,,,,,,,,,,10AUG1950,4,1,3,2,2,3,,NRP,,,,2,0,0,1,0,1,YAMAHA,1300,XJR,ROADSTER,2,2003,37,3,1,3000,7,,,,,,,,,,,,,,,,,,,,,,,,,,,,,,,,,,,,,,,,,,,,,3000,3,4,,,,,,,,NRP,NRP,NRP,NRP,2004,NRP,NRP,1969,NRP,,,
977,3803,,0,,,,,,,,,,,,,,,,,,,,,,,,,,,,,,,,,,,,,,,,,,,,,,,,,,,,,,,,,,,,,,,,,,,,,,,,,,,,,,,,,,,,,,,,,,,,,,,,,,,,,,,,,,,,,,,,,,,,,,,,,,,,,,,,,,,,,,,,,,,,,,,,,,,,,,,,,,,,,,,,,,,,,,,,,,,,,,,,,,,,,,,,,,,,,,,,,,,,,,,,,,,,,,,,,,,,,,,,,,,,,,,,,,,,,,,,,,,,,,,,,,,,,,,,,,,,,,,,,,,,,,,,,,,,,,,,,,,,,,,,,,,19FEB1976,11,1,3,2,4,5,0,NRP,,,,4,0,0,2,0,2,KAWASAKI,600,ZZR,Routière / GT,2,2001,37,3,1,6500,7,TRIUMPH,1050,SPRINT ST,Routière / GT,2,2008,37,4,1,300,7,,,,,,,,,,,,,,,,,,,,,,,,,,,,,,,,,,6800,3,4,,,,,,,,NRP,NRP,NRP,NRP,1999,NRP,NRP,1994,NRP,,,
106,3806,,1,0,3,,,,,,0,4,,,,,,0,4,,,,,,0,3,,,,,,0,3,,,,,,0,3,,,,,,0,3,,,,,,0,2,,,,,,1,3,2010,,,,,0,5,,,,,,0,4,,,,,,0,2,,,,,,1,4,2012,,,,,0,3,,,,,,1,1,3,2010,,,,,Paris,,,,,"Je remonte une file de voitures arrêtées à un feu rouge. Un piéton traverse entre les voitures de cette même file à 20m du feu, devant un utilitaire qui réduit ma visibilité et apparaît soudainement devant moi. Je percute le piéton.",,,,,0,0,0,0,4,1,71,15,2010,Paris,,,,,,,,,,,,,,,,,,,,,,,,,,,,,,,,,,,,,,,,,,,,,,,,,,,,,,,,,,,,,,,,,,,,,,,,,,,,,,,,,,,,,,,,,,,,,,,,,,,,,,,,,,,,,,,,,,,,,,,,,,,,,,,,,,,,,,,,,,,,,,,,,,,,,,,,,,,,,02SEP1990,10,1,3,2,2,3,,NRP,,,,0,0,0,1,0,1,SUZUKI,500,GS-E,ROADSTER,2,2000,37,2,2,10000,1,,,,,,,,,,,,,,,,,,,,,,,,,,,,,,,,,,,,,,,,,,,,,10000,3,,,,,,,,,NRP,NRP,NRP,NRP,2010,NRP,NRP,NRP,NRP,,,
186,3807,63,1,0,3,,,,,,0,4,,,,,,0,5,,,,,,0,4,,,,,,0,3,,,,,,0,3,,,,,,0,4,,,,,,0,5,,,,,,1,5,2011,,,,,0,3,,,,,,0,3,,,,,,0,3,,,,,,0,4,,,,,,0,4,,,,,,0,,1,,,,,,,,,,,,,,,,,,3,2,20,1,41,9,2011,,2011,"Vous avez fait une sortie de route, une perte de contrôle ou une glissade sans rien percuter.",1,5,,,,,,"Cela s'est produit à vitesse très réduite, à la sortie d'un bourg, la configuration fait que l'on passe entre des maisons qui forment une ""chicane"". EN plein virage, mon pneu arrière a glissé sur une plaque, style PTT. Plaque glissante s'il en est... J'ai fini sur le trottoir, fort heureusement personne ne s'y trouvait.",Plaque métallique glissante.,Sûrement un réflexe incontrôlé m'a fait remettre la moto droite... Ca s'est passé très vite!,2,0,,,La plaque n'est visible que lorsque l'on arrive dessus,2,0,,,,,,7,,,,,,,,,,,,,,,4,3,,,1,1,4,4,2,1,1,1,1,1,4,4,4,10,,,,,,,,,1,4,,,,,,,,2,2,,2,2,1,1,15,0,0,85,0,2,,,,,,1,1,,,,1,,,,,,,,,,,2,1,3,,0,45,1,2,3,5,,,,,,,4,3,3,2,2,4,SUZUKI,1400,GSX,ROADSTER,2,1,1,1,1,1,1,1,1,1,1,30000,12,4,1,YAMAHA,1300,XJR,ROADSTER,2,4,2,23FEB1962,7,2,3,2,2,3,,NRP,,,,1,1,0,1,0,1,YAMAHA,1300,FJR ABS (SANS VALISE),Routière / GT,2,2013,28,3,1,8000,7,,,,,,,,,,,,,,,,,,,,,,,,,,,,,,,,,,,,,,,,,,,,,8000,4,3,,,,,,,,NRP,NRP,NRP,NRP,1997,NRP,NRP,1982,NRP,,,
16,3809,,0,,,,,,,,,,,,,,,,,,,,,,,,,,,,,,,,,,,,,,,,,,,,,,,,,,,,,,,,,,,,,,,,,,,,,,,,,,,,,,,,,,,,,,,,,,,,,,,,,,,,,,,,,,,,,,,,,,,,,,,,,,,,,,,,,,,,,,,,,,,,,,,,,,,,,,,,,,,,,,,,,,,,,,,,,,,,,,,,,,,,,,,,,,,,,,,,,,,,,,,,,,,,,,,,,,,,,,,,,,,,,,,,,,,,,,,,,,,,,,,,,,,,,,,,,,,,,,,,,,,,,,,,,,,,,,,,,,,,,,,,,,,02OCT1988,7,1,3,2,1,1,,NRP,,,,2,0,0,1,0,1,HONDA,750,VF-F,Routière / GT,2,1986,37,2,1,5000,7,,,,,,,,,,,,,,,,,,,,,,,,,,,,,,,,,,,,,,,,,,,,,5000,4,3,2,7,,,,,,NRP,NRP,2007,2009,2009,NRP,NRP,2007,NRP,,,
1783,3812,,1,0,4,,,,,,0,6,,,,,,0,5,,,,,,0,2,,,,,,0,5,,,,,,0,4,,,,,,0,3,,,,,,0,3,,,,,,1,3,1985,,,,,0,5,,,,,,0,5,,,,,,0,3,,,,,,0,2,,,,,,0,4,,,,,,0,,1,,,,,,,,,,,,,,,,,,2,0,31,0,,NRP,,,,,,,,,,,,,,,,,,,,,,,,,,,,,,,,,,,,,,,,,,,,,,,,,,,,,,,,,,,,,,,,,,,,,,,,,,,,,,,,,,,,,,,,,,,,,,,,,,,,,,,,,,,,,,,,,,,,,,,,,,,,,,,,,,,,,,,,,,,,,,,,,,,,,,,,,,,,,,,02JUL1963,6,2,3,2,4,4,2,NRP,,,,2,0,0,1,0,1,YAMAHA,1300,FJR,Routière / GT,2,2004,29,2,1,8000,7,,,,,,,,,,,,,,,,,,,,,,,,,,,,,,,,,,,,,,,,,,,,,8000,2,3,4,,,,,,,NRP,NRP,NRP,1983,1984,NRP,NRP,1983,NRP,,,
1560,3818,,0,,,,,,,,,,,,,,,,,,,,,,,,,,,,,,,,,,,,,,,,,,,,,,,,,,,,,,,,,,,,,,,,,,,,,,,,,,,,,,,,,,,,,,,,,,,,,,,,,,,,,,,,,,,,,,,,,,,,,,,,,,,,,,,,,,,,,,,,,,,,,,,,,,,,,,,,,,,,,,,,,,,,,,,,,,,,,,,,,,,,,,,,,,,,,,,,,,,,,,,,,,,,,,,,,,,,,,,,,,,,,,,,,,,,,,,,,,,,,,,,,,,,,,,,,,,,,,,,,,,,,,,,,,,,,,,,,,,,,,,,,,,30DEC1975,7,2,3,2,2,5,0,NRP,,,,1,0,0,1,0,1,HONDA,600,HORNET,ROADSTER,2,2002,24,2,2,6000,4,,,,,,,,,,,,,,,,,,,,,,,,,,,,,,,,,,,,,,,,,,,,,6000,2,3,4,,,,,,,NRP,NRP,NRP,1994,1996,NRP,NRP,1994,NRP,,,
534,3822,,1,0,4,,,,,,0,5,,,,,,1,2,1995,,,,,0,4,,,,,,2,6,1993,2013,,,,0,3,,,,,,0,1,,,,,,0,2,,,,,,0,2,,,,,,0,3,,,,,,0,3,,,,,,0,1,,,,,,0,2,,,,,,0,2,,,,,,1,1,4,1996,,,,,Grabels,,,,,Choc frontal lors d'un dépassement en courbe,,,,,0,0,0,2,22,1,22,5,2013,,,,,,,,,,,,,,,,,,,,,,,,,,,,,,,,,,,,,,,,,,,,,,,,,,,,,,,,,,,,,,,,,,,,,,,,,,,,,,,,,,,,,,,,,,,,,,,,,,,,,,,,,,,,,,,,,,,,,,,,,,,,,,,,,,,,,,,,,,,,,,,,,,,,,,,,,,,,,,02JUN1974,5,2,3,2,3,4,1,NRP,,,,1,0,0,1,0,1,SUZUKI,1300,GSX-R  HAYABUSA,Routière / GT,2,2009,10,1,2,16000,7,,,,,,,,,,,,,,,,,,,,,,,,,,,,,,,,,,,,,,,,,,,,,16000,2,3,4,,,,,,,NRP,NRP,NRP,1991,1992,NRP,NRP,1992,NRP,,,
1933,3824,,1,0,4,,,,,,0,5,,,,,,0,5,,,,,,0,4,,,,,,0,5,,,,,,0,4,,,,,,1,3,1985,,,,,0,4,,,,,,1,4,1987,,,,,1,5,2008,,,,,2,6,2008,1994,,,,0,5,,,,,,1,5,1988,,,,,0,6,,,,,,1,1,7,2013,,,,,Fontainebleau,,,,,"En foret de Fontainebleau, de nuit un sanglier m'a coupe la route.",,,,,0,1,0,2,28,1,71,15,2013,Fontainebleau,,,,,,,,,,,,,,,,,,,,,,,,,,,,,,,,,,,,,,,,,,,,,,,,,,,,,,,,,,,,,,,,,,,,,,,,,,,,,,,,,,,,,,,,,,,,,,,,,,,,,,,,,,,,,,,,,,,,,,,,,,,,,,,,,,,,,,,,,,,,,,,,,,,,,,,,,,,,,11MAY1968,5,1,3,2,2,2,1,NRP,,,,1,0,0,4,0,4,BMW,1300,K1300S,Routière / GT,2,2010,37,1,2,20000,7,SUZUKI,400,DRZ-S,TRAIL / SUPERMOTARD,2,2002,37,3,1,2000,7,YAMAHA,250,WR-F (4T) MTT1,"TOUT TERRAIN (TRIAL, ENDURO, CROSS)",2,2003,37,3,1,1000,7,YAMAHA,250,XT,TRAIL / SUPERMOTARD,2,1981,37,4,1,500,7,,,,,,,,,,,,23500,3,4,,,,,,,,NRP,NRP,NRP,NRP,1986,NRP,NRP,1986,NRP,,,
1504,3825,,1,0,5,,,,,,0,5,,,,,,1,6,2007,,,,,0,3,,,,,,0,5,,,,,,0,5,,,,,,0,4,,,,,,0,5,,,,,,1,5,1983,,,,,0,4,,,,,,1,6,2007,,,,,0,2,,,,,,0,3,,,,,,0,6,,,,,,1,1,4,1983,,,,,Us (95),,,,,"Je descendais la rue principale (forte descente) le véhicule que j'allais croisé à tourné à sa gauche, je l'ai percuté..... traumatisme cranien, 19 jours de coma. Véhicule 100% en tord, puisqu'il m'a coupé la priorité...",,,,,0,0,2,2,10,1,51,11,2007,,,,,,,,,,,,,,,,,,,,,,,,,,,,,,,,,,,,,,,,,,,,,,,,,,,,,,,,,,,,,,,,,,,,,,,,,,,,,,,,,,,,,,,,,,,,,,,,,,,,,,,,,,,,,,,,,,,,,,,,,,,,,,,,,,,,,,,,,,,,,,,,,,,,,,,,,,,,,,24JUN1966,7,2,3,2,4,4,2,NRP,,,,1,0,0,1,0,1,HONDA,750,CB-SEVEN FIFTY,ROADSTER,2,1997,10,2,1,12000,7,,,,,,,,,,,,,,,,,,,,,,,,,,,,,,,,,,,,,,,,,,,,,12000,2,3,4,,,,,,,NRP,NRP,NRP,1982,1989,NRP,NRP,1986,NRP,,,
739,3827,22,1,1,6,1978,,,,,0,6,,,,,,0,6,,,,,,0,5,,,,,,0,5,,,,,,0,5,,,,,,0,3,,,,,,0,5,,,,,,1,4,1980,,,,,0,4,,,,,,0,3,,,,,,0,4,,,,,,0,2,,,,,,0,6,,,,,,0,,2,,,,,,,,,,,,,,,,,,2,2,34,1,1,1,1978,,1978,Vous circuliez sur un axe prioritaire. Un autre véhicule arrivant sur le même axe en sens opposé vous a coupé la route en tournant à gauche.,2,4,,,,,,"je roulais en file derrière d'autres véhicules à vitesse limitée (40km/h. Au petit matin en automne. entre chien et loup, toutes les voitures avaient leurs phares allumés, y compris la voiture qui me suivait. Moi aussi. Arrivé sur le carrefour dans un village, une voiture arrivant en sens inverse s'arrête au milieu de la chaussée, son clignotant gauche allumé. Alors que j'arrive à son niveau, elle démarre et tourne.  Je n'ai pas eu le temps de l'éviter, ni de freiner, je la percute en plein milieu du capot, suis éjecté et vole au dessus de la voiture pour atterir sur le dos de l'autre coté. Je me relève, je n'étais que peu blessé (je m'étais coupé la langue).J'étais bien équipé, mais mon équipement était mort (conbine arrachée, bottes déchirées, casque rayé; En fait j'ai très vite souffert des deux chevilles (entorse importante dû, je pense, au fait que j'ai arraché le guidon en passant au-dessus de la moto. (une 125 suzuki)  la moto était HS, la voiture (une 104 peugeot) bien écrasée sur l'avant. la conductrice, très choquée, plus que moi, m'a dit qu'elle ne m'avait pas vu. Ce que j'ai pris comme expérience, car depuis à chaque carrefour dès qu'il y a du traffic, je déssélère prend de la distance avec le véhicule qui me précède et me méfie.","pas eu le temps de réagir puisqu'elle m'a coupé la route. peut-être si j'avais laissé plus de distance avec le véhicule qui me précédait, la voiture m'aurait coupé la route plus tôt et donc j'aurais eu plus de temps pour réagir...",aucune action sur les freins,"AUT|elle a démarré, alors que j'étais a son niveau",1,"comme je l'ai dit avec plus de distance entre moi et le véhicule précédent, la voiture m'aurait sans doute vu et même si elle avait malgré tout tenté sa manoeuvre j'aurais réussi en freinant brutalement et en faisant un écart, à l'éviter",pas assez d'experience j'avais deux ans de permis,,2,1,2,,"elle m'a pas vu, donc elle a pensé qu'elle aurait le temps de faire sa manoeuvre",1,NRP,6,,,,,,,,,,,,1,,pas eu le temps de réagir,4,3,,,1,1,4,4,1,1,1,1,2,4,4,4,4,5,,,,,,,,,1,2,4,,,,,,,2,2,,2,1,3,3,50,50,0,0,0,1,1,,,,,3,2,,,,2,1,7,,,,,,,0,,1,2,1,1,0,40,1,2,3,5,9,,,,,,4,4,4,4,4,4,SUZUKI,125,TS,TRAIL / SUPERMOTARD,2,1,1,1,1,1,1,1,1,1,1,NSP,NSP,3,0,,,,,,,,25FEB1962,5,1,3,2,2,3,,NRP,,,,2,0,0,1,0,3,EML,1000,R100RS SIDE-CAR GT,SIDE-CAR / TRIKE,1,1988,37,2,1,10000,7,EML,1000,R100RS SIDE-CAR GT,SIDE-CAR / TRIKE,1,1988,37,2,1,10000,7,EML,1000,R100RS SIDE-CAR GT,SIDE-CAR / TRIKE,1,1988,37,2,1,10000,7,,,,,,,,,,,,,,,,,,,,,,,30000,2,3,4,,,,,,,NRP,NRP,NRP,1978,1980,NRP,NRP,1980,NRP,,,
1150,3828,,1,0,5,,,,,,0,5,,,,,,0,4,,,,,,0,2,,,,,,0,6,,,,,,0,5,,,,,,0,3,,,,,,0,5,,,,,,1,5,2000,,,,,0,5,,,,,,0,6,,,,,,0,2,,,,,,0,4,,,,,,0,5,,,,,,0,,1,,,,,,,,,,,,,,,,,,4,0,15,1,41,9,2000,,,,,,,,,,,,,,,,,,,,,,,,,,,,,,,,,,,,,,,,,,,,,,,,,,,,,,,,,,,,,,,,,,,,,,,,,,,,,,,,,,,,,,,,,,,,,,,,,,,,,,,,,,,,,,,,,,,,,,,,,,,,,,,,,,,,,,,,,,,,,,,,,,,,,,,,,,,,,,18JUN1981,8,2,3,2,3,4,1,NRP,,,,3,2,0,2,0,2,HONDA,1000,CB-F,ROADSTER,2,2006,10,3,1,5000,7,SUZUKI,600,GSX-R,SPORTIVE,2,1999,10,4,1,1000,7,,,,,,,,,,,,,,,,,,,,,,,,,,,,,,,,,,6000,3,4,,,,,,,,NRP,NRP,NRP,NRP,2000,NRP,NRP,1999,NRP,,,
2124,3831,,1,0,4,,,,,,0,4,,,,,,0,4,,,,,,1,5,2004,,,,,0,4,,,,,,0,4,,,,,,0,4,,,,,,0,4,,,,,,1,5,2007,,,,,1,4,2004,,,,,0,4,,,,,,0,4,,,,,,0,4,,,,,,0,5,,,,,,0,,3,,,,,,,,,,,,,,,,,,0,12,0,1,41,9,2007,,,,,,,,,,,,,,,,,,,,,,,,,,,,,,,,,,,,,,,,,,,,,,,,,,,,,,,,,,,,,,,,,,,,,,,,,,,,,,,,,,,,,,,,,,,,,,,,,,,,,,,,,,,,,,,,,,,,,,,,,,,,,,,,,,,,,,,,,,,,,,,,,,,,,,,,,,,,,,14FEB1955,5,2,3,2,2,3,,NRP,,,,2,1,1,0,0,1,HONDA,125,S-WING ABS,SCOOTER,2,2007,25,1,2,6500,4,,,,,,,,,,,,,,,,,,,,,,,,,,,,,,,,,,,,,,,,,,,,,6500,4,,,,,,,,,NRP,NRP,NRP,NRP,NRP,NRP,NRP,1973,NRP,,,
642,3832,,1,0,4,,,,,,0,4,,,,,,0,4,,,,,,0,6,,,,,,0,4,,,,,,0,4,,,,,,0,3,,,,,,0,5,,,,,,1,5,2011,,,,,0,5,,,,,,0,4,,,,,,0,4,,,,,,1,5,2013,,,,,0,4,,,,,,0,,2,,,,,,,,,,,,,,,,,,0,0,5,1,41,9,2011,,,,,,,,,,,,,,,,,,,,,,,,,,,,,,,,,,,,,,,,,,,,,,,,,,,,,,,,,,,,,,,,,,,,,,,,,,,,,,,,,,,,,,,,,,,,,,,,,,,,,,,,,,,,,,,,,,,,,,,,,,,,,,,,,,,,,,,,,,,,,,,,,,,,,,,,,,,,,,11SEP1985,8,2,3,2,2,3,,NRP,,,,3,0,0,3,0,1,SUZUKI,650,GLADIUS,ROADSTER,2,2009,33,3,1,5000,7,,,,,,,,,,,,,,,,,,,,,,,,,,,,,,,,,,,,,,,,,,,,,5000,3,4,,,,,,,,NRP,NRP,NRP,NRP,2005,NRP,NRP,2009,NRP,,,
636,3833,,0,,,,,,,,,,,,,,,,,,,,,,,,,,,,,,,,,,,,,,,,,,,,,,,,,,,,,,,,,,,,,,,,,,,,,,,,,,,,,,,,,,,,,,,,,,,,,,,,,,,,,,,,,,,,,,,,,,,,,,,,,,,,,,,,,,,,,,,,,,,,,,,,,,,,,,,,,,,,,,,,,,,,,,,,,,,,,,,,,,,,,,,,,,,,,,,,,,,,,,,,,,,,,,,,,,,,,,,,,,,,,,,,,,,,,,,,,,,,,,,,,,,,,,,,,,,,,,,,,,,,,,,,,,,,,,,,,,,,,,,,,,,29JAN1968,5,2,3,2,4,4,2,NRP,,,,1,0,0,1,0,1,BMW,800,F800ST,Routière / GT,2,2009,28,1,2,10000,7,,,,,,,,,,,,,,,,,,,,,,,,,,,,,,,,,,,,,,,,,,,,,10000,2,3,4,,,,,,,NRP,NRP,NRP,1989,1989,NRP,NRP,1987,NRP,,,