Ligne,Ligne Q qualif,Ligne approfondissement Accident,ACCIDENT,NBACC1,ACCFREQUENCE1,ANNEEACC1_1,ANNEEACC1_2,ANNEEACC1_3,ANNEEACC1_4,ANNEEACC1_5,NBACC2,ACCFREQUENCE2,ANNEEACC2_1,ANNEEACC2_2,ANNEEACC2_3,ANNEEACC2_4,ANNEEACC2_5,NBACC3,ACCFREQUENCE3,ANNEEACC3_1,ANNEEACC3_2,ANNEEACC3_3,ANNEEACC3_4,ANNEEACC3_5,NBACC4,ACCFREQUENCE4,ANNEEACC4_1,ANNEEACC4_2,ANNEEACC4_3,ANNEEACC4_4,ANNEEACC4_5,NBACC5,ACCFREQUENCE5,ANNEEACC5_1,ANNEEACC5_2,ANNEEACC5_3,ANNEEACC5_4,ANNEEACC5_5,NBACC6,ACCFREQUENCE6,ANNEEACC6_1,ANNEEACC6_2,ANNEEACC6_3,ANNEEACC6_4,ANNEEACC6_5,NBACC7,ACCFREQUENCE7,ANNEEACC7_1,ANNEEACC7_2,ANNEEACC7_3,ANNEEACC7_4,ANNEEACC7_5,NBACC8,ACCFREQUENCE8,ANNEEACC8_1,ANNEEACC8_2,ANNEEACC8_3,ANNEEACC8_4,ANNEEACC8_5,NBACC9,ACCFREQUENCE9,ANNEEACC9_1,ANNEEACC9_2,ANNEEACC9_3,ANNEEACC9_4,ANNEEACC9_5,NBACC10,ACCFREQUENCE10,ANNEEACC10_1,ANNEEACC10_2,ANNEEACC10_3,ANNEEACC10_4,ANNEEACC10_5,NBACC11,ACCFREQUENCE11,ANNEEACC11_1,ANNEEACC11_2,ANNEEACC11_3,ANNEEACC11_4,ANNEEACC11_5,NBACC12,ACCFREQUENCE12,ANNEEACC12_1,ANNEEACC12_2,ANNEEACC12_3,ANNEEACC12_4,ANNEEACC12_5,NBACC13,ACCFREQUENCE13,ANNEEACC13_1,ANNEEACC13_2,ANNEEACC13_3,ANNEEACC13_4,ANNEEACC13_5,NBACC14,ACCFREQUENCE14,ANNEEACC14_1,ANNEEACC14_2,ANNEEACC14_3,ANNEEACC14_4,ANNEEACC14_5,AUTRESACC,NBAUTRESACC,TOTAL_AC,ANNEEAUTREACC1,ANNEEAUTREACC2,ANNEEAUTREACC3,ANNEEAUTREACC4,ANNEEAUTREACC5,LIEUAUTREACC1,LIEUAUTREACC2,LIEUAUTREACC3,LIEUAUTREACC4,LIEUAUTREACC5,DESCRIPTIONAUTRESACC1,DESCRIPTIONAUTRESACC2,DESCRIPTIONAUTRESACC3,DESCRIPTIONAUTRESACC4,DESCRIPTIONAUTRESACC5,NBAUTRESACCCIRCUIT,NBAUTRESTOUTTERRAIN,EXPCYCLO,EXP125,EXPSUP125,ACCORDNEXTQ,CHOIXACC,RGPMTACC,RECUPANNEE,RECUPLIEU,RECUPANNE,RGPMTAC,CHOIX1,CHOIX2,CHOIX3,CHOIX4,CHOIX5,CHOIX6,CHOIX7,DESCRIPTION,RUPTURE,FAITS,ABS_REACTION,AUTRE_REACTION,PRECISIONREACTIONOUI,RECUL,PRECISIONREACTIONNON,IMPACTCOMPORTEMENT,AUTREUSAGER,REACTIONAUTREUSAGER,CONNAISSANCEREACTIONUSAGER,DIFFICULTES,AGGRAVATION,DIFFICULTES2,EMOTIONS1,EMOTIONS2,EMOTIONS3,EMOTIONS4,EMOTIONS5,EMOTIONS6,AUTRESENTIMENT,CLASSEMENTEMOTIONS1,CLASSEMENTEMOTIONS,CLASSEMENTEMOTIONS5,CLASSEMENTEMOTIONS6,CLASSEMENTEMOTIONS7,CLASSEMENTEMOTIONS8,CLASSEMENTEMOTIONS9,EXPLICATIONRESSENTI,BIENEQUIPE,ALLURE,ALLUREVITEDETAIL,ALLURELENTEDETAIL,SITUATIONPRESSE,SITUATIONDISTRAIT,SITUATIONCONFIANT,SITUATIONCONTROLE,SITUATIONLUDIQUE,SITUATIONPERF,SITUATIONSTRESS,SITUATIONFATIGUE,HUMEURNEUTRE,HUMEURGAI,HUMEURMECONTENT,HUMEURTRISTE,HUMEURCOLERE,CONTRIBUTION1,CONTRIBUTION2,CONTRIBUTION3,CONTRIBUTION4,CONTRIBUTION5,CONTRIBUTION6,CONTRIBUTION7,CONTRIBUTION8,CONTRIBUTION9,ROLEINFRA,ELEMENTINFRA1,ELEMENTINFRA2,ELEMENTINFRA3,ELEMENTINFRA4,ELEMENTINFRA5,ELEMENTINFRA6,ELEMENTINFRA7,ELEMENTINFRA8,ELEMENTINFRA9,ALCOOL,TXALCOOL,STUP,SEMAINE,MOMENTJOURNEE,TEMPS,CAUSEACC1,CAUSEACC2,CAUSEACC3,CAUSEACC4,CAUSEACC5,FORMATIONCAUSE,FORMATION1,FORMATION2,FORMATION3,FORMATION4,FORMATION5,TRAFIC,CHAUSSEE1,CHAUSSEE2,CHAUSSEE3,CHAUSSEE4,TYPEACC,BLESSURE,TETE,COU,THORAX,MEMBRESSUP,COLONNE,BASSIN,MEMBRESINF,HOPITAL,PLUS24H,TRAJET,TYPEROUTE,MOTIF,SENSTRAJET,PASSAGER,VITESSE,DESCEQ1,DESCEQ2,DESCEQ3,DESCEQ4,DESCEQ5,DESCEQ6,DESCEQ7,DESCEQ8,DESCEQ9,DESCEQ10,VEHICULEETE,VEHICULEAUTOMNE,VEHICULEPRINTEMPS,VEHICULEHIVER,VEHICULESEMAINE,VEHICULEWE,VEHMARQUE,VEHCYLINDREE,VEHMODELE,VEHSEGMENT,VEHSIDE,EQ2RMABS,EQ2RMCBS,EQ2RMABSCBS,EQ2RMREGULATEUR,EQ2RMLIMITEUR,EQ2RMPHARESDIRECT,EQ2RMCOUPURE,EQ2RMANTIPATINAGE,EQ2RMANTIXHEELING,EQ2RMSTABILILTE,VEHKM,POINTS,DUREE,AUTRE2RM,VEHPRECMARQUE,VEHPRECCYLINDREE,VEHPRECMODELE,VEHPRECSEGMENT,VEHPRECSIDE,TEMPS2RMPREC,FREQVEHPREC,DATE_NAISS,CSP,SOCIETAIRE,SALARIE,SECTEUR2RM,NBPERSFOYER,SITFAM,NBENF,TRNBENF1,TRNBENF2,TRNBENF3,TRNBENF4,NBAUTOFOYER,NBCYCLOFOYER,NBSCOOTFOYER,NBMOTOFOYER,NBTRIKEFOYER,NB2RMCONDUIT,MARQUE1,CYLINDREE1,MODELE1,SEGMENT1,SIDE1,ANMISECIRCU1,ASS1,FREQ1,USAGE1,NBKM1,GARAGE1,MARQUE2,CYLINDREE2,MODELE2,SEGMENT2,SIDE2,ANMISECIRCU2,ASS2,FREQ2,USAGE2,NBKM2,GARAGE2,MARQUE3,CYLINDREE3,MODELE3,SEGMENT3,SIDE3,ANMISECIRCU3,ASS3,FREQ3,USAGE3,NBKM3,GARAGE3,MARQUE4,CYLINDREE4,MODELE4,SEGMENT4,SIDE4,ANMISECIRCU4,ASS4,FREQ4,USAGE4,NBKM4,GARAGE4,MARQUE5,CYLINDREE5,MODELE5,SEGMENT5,SIDE5,ANMISECIRCU5,ASS5,FREQ5,USAGE5,NBKM5,GARAGE5,NBKMTOT,PERMIS1,PERMIS2,PERMIS3,PERMIS4,PERMIS5,PERMIS6,PERMIS7,PERMIS8,PERMIS9,ANPERMIS1,ANPERMIS6,ANPERMIS7,ANPERMIS2,ANPERMIS3,ANPERMIS8,ANPERMIS9,ANPERMIS4,ANPERMIS5,,,
112,3871,117,1,0,2,,,,,,0,3,,,,,,0,4,,,,,,0,2,,,,,,0,2,,,,,,0,3,,,,,,0,2,,,,,,0,2,,,,,,0,4,,,,,,0,3,,,,,,0,4,,,,,,0,2,,,,,,0,3,,,,,,0,4,,,,,,1,2,2,1975,2005,,,,Boulogne,Meyrargue,,,,Un véhicule venant de gauche est sorti trop large sur ma voie et nous nous sommes percutés de face,J'étais sur le rond-point dans l'angle mort d'une voiture qui entrait sur le rond-point,,,,1,0,2,0,43,1,72,15,2005,Meyrargue,2005,Autre(s) type(s) d'accident(s).,3,,,,,,,"J'étais sur un rond point. Une voiture entrant sur le rond point ne m'a pas vu, caché par le montant de son pare-brise. Elle m'a percuté à l'arrière mais sans ralentir.  Le chauffeur, de mauvaise foi, a abusé de ma sympathie et de mon état choqué. Il a tourné les faits et le graphique du constat amiable a son avantage et je me suis retrouvé responsable.","j'étais sur le rond point, bien visible, j'étais sûr que la voiture ralentirait. J'ai compris trop tard qu'elle ne m'avais pas vu et je n'ai pu l'éviter.","J'ai bien sûr ralenti en entrant sur le rond-point. En voyant que la voiture allais me percuter par l'arrière, j'ai essayé de l'éviter en me déportant à gauche et en me déhanchant (restes de moto-cross). J'ai peut-être accéléré mais je ne sais plus. Lui a pilé mais seulement au moment ou après le choc.",NRP,1,NRP,NRP,,2,1,2,,Les autres usagers sont passés sans demander quoi que ce soit.,2,NRP,6,,,,,,,,,,,,1,,Impossible d'éviter qu'on me percute,3,3,,,2,1,4,4,3,1,1,1,1,4,4,4,4,5,,,,,,,,,2,,,,,,,,,2,2,,2,1,1,1,0,100,0,0,0,2,,,,,,3,1,,,,1,,,,,,,,,,,1,2,1,1,0,50,1,10,2,3,4,,,,,,4,4,4,4,4,4,YAMAHA,900,XJ,ROADSTER,2,1,1,1,1,1,1,1,1,1,1,90000,12,4,1,SUZUKI,850,GS850G,ROADSTER,2,4,4,04JUN1949,9,1,3,2,2,3,,NRP,,,,2,0,0,3,0,3,HONDA,500,VF-F,Routière / GT,2,1985,37,2,1,5000,7,HONDA,750,VF-S (SABRE),ROADSTER,2,1983,37,2,1,5000,7,HONDA,1000,VF-R,Routière / GT,2,1985,37,2,1,5000,7,,,,,,,,,,,,,,,,,,,,,,,15000,3,4,,,,,,,,NRP,NRP,NRP,NRP,1968,NRP,NRP,1970,NRP,,,
1222,3872,56,1,0,5,,,,,,1,6,2013,,,,,0,5,,,,,,0,6,,,,,,0,5,,,,,,0,6,,,,,,0,4,,,,,,0,4,,,,,,0,4,,,,,,0,6,,,,,,0,5,,,,,,0,5,,,,,,0,5,,,,,,3,5,2006,2009,2013,,,0,,4,,,,,,,,,,,,,,,,,,3,4,5,1,6,2,2013,,2013,Vous circuliez derrière un véhicule. Ce véhicule a ralenti. Vous avez entrepris de dépasser ce véhicule par la gauche et celui-ci vous a coupé la route en tournant à gauche (ou en effectuant un œ tour,3,,,,,,,"au feu rouge alors que le véhicule sortait d'un garage ,il c'est engagé empiétent sur les deux voies et débordant sur le passage piéton ,il ne peut voir les feux ,alors je klaxonne et il part se retrouvant sur la voie de gauche comme moi,il se rabat sur la droite ""ce que je crois""alors je passe étant sur la file de gauche et il tourne subitement a gauche .il ne se rabattait pas ,il prenait large pour son demi tour ""sur la ligne blanche !""il ne m'aurait pas vu ,mais oubli qu'il part au feu a cause de mon klaxonne ! accident sans grande gravité puisque nous sommes au départ d'un feu ,mais je garde en souvenir des douleurs a l'épaule au moins une fois part semaine .",j'ai cru qu'il se rabattait par courtoisie .il ne voyait pas les feux .,"freiner était la seule réaction et jurer ,vitesse trop faible pour un évitement et lacher la moto pour ne pas ètre entrainer avec elle.",NRP,1,"en ne dépassent pas,je ne dépasse jamais dans les intersection.","Mais techniquement ce n'était pas une intersection et sa volte a été si soudaine ,rapide et non signalée ,que le choc me parait inévitable .",,2,0,,,,,,1,2,3,6,9,,de la colère,,1,,,,2,3,"pour il se mettait sur la droite par courtoisie ou pour tourné à droite,c'est un endroit ou les gens tournent au dernier moment souvent .",3,3,,,2,4,4,4,1,1,1,1,3,4,4,4,4,5,,,,,,,,,1,AUT|la voie n'est pas séparée (donc demi tour possible et fréquent ),,,,,,,,2,2,,2,1,1,1,10,90,0,0,0,2,,,,,,1,1,,,,2,1,4,,,,,,,1,0,1,1,3,,0,20,1,2,3,4,7,9,,,,,4,4,4,4,4,4,HONDA,600,CB-F ABS,ROADSTER,2,0,1,1,1,1,1,1,1,1,1,26000,11,4,1,YAMAHA,125,SR,CUSTOM,2,4,4,27DEC1969,7,1,3,2,6,4,4,NRP,,,,2,1,0,1,0,1,HONDA,600,CB-F  S  ABS,ROADSTER,2,2006,37,2,1,6000,4,,,,,,,,,,,,,,,,,,,,,,,,,,,,,,,,,,,,,,,,,,,,,6000,3,4,,,,,,,,NRP,NRP,NRP,NRP,2011,NRP,NRP,1999,NRP,,,
812,3874,,0,,,,,,,,,,,,,,,,,,,,,,,,,,,,,,,,,,,,,,,,,,,,,,,,,,,,,,,,,,,,,,,,,,,,,,,,,,,,,,,,,,,,,,,,,,,,,,,,,,,,,,,,,,,,,,,,,,,,,,,,,,,,,,,,,,,,,,,,,,,,,,,,,,,,,,,,,,,,,,,,,,,,,,,,,,,,,,,,,,,,,,,,,,,,,,,,,,,,,,,,,,,,,,,,,,,,,,,,,,,,,,,,,,,,,,,,,,,,,,,,,,,,,,,,,,,,,,,,,,,,,,,,,,,,,,,,,,,,,,,,,,,23JUL1986,8,2,3,2,2,3,,NRP,,,,3,0,1,0,0,1,PIAGGIO,400,MP3 LT TOURING,SIDE-CAR / TRIKE,2,2011,31,2,1,10000,6,,,,,,,,,,,,,,,,,,,,,,,,,,,,,,,,,,,,,,,,,,,,,10000,4,,,,,,,,,NRP,NRP,NRP,NRP,NRP,NRP,NRP,2006,NRP,,,
1301,3875,337,1,1,5,1998,,,,,0,4,,,,,,0,4,,,,,,0,3,,,,,,0,5,,,,,,0,3,,,,,,0,2,,,,,,0,4,,,,,,0,4,,,,,,0,4,,,,,,0,4,,,,,,0,1,,,,,,0,4,,,,,,0,2,,,,,,1,2,3,2013,2013,,,,"lesparre,33","roaillan,33",,,,"en balade moto,un motard du groupe m'a percuté à l'arrière à basse vitesse donc chute avec dégâts matériels seuls","lors d'une escorte de course cycliste,le peloton m'a tassé sur la droite dans un virage à gauche cause mauvais état de la chaussée et j'ai glissé seul sur une plaque de gravillons donc chute avec dégâts matériels seuls à 40kmh environ",,,,0,0,4,10,19,1,1,1,1998,,1998,Vous circuliez sur un axe prioritaire. Un autre véhicule arrivant sur le même axe en sens opposé vous a coupé la route en tournant à gauche.,4,6,,,,,,"vers 18h00 le 30 novembre 1998,revenant de chez mon motociste pour pose des plaques définitives avec ma  moto de 5jours et 376kms, je circulais sur un axe prioritaire coincé entre 2 voiture dans un embouteillage. Une mamie handicapée,cardiaque,pensant ne pas être assurée(point s'étant réglé a postériori)envoyée par son docteur pour passer un examen suite à des palpitations a pris sa voiture et voyant un trou!!! (moi)entre 2 voitures a tourné à gauche et m'a heurté la jambe gauche et a poussé moto et moi jusqu'au trottoir. J'ai subi une""simple"" fracture du tibia mais qui c'est compliquée d'une phébite sous platre et d'une embolie pulmonaire d'ou 1 nuit aux urgences puis 4 jours après 3 semaines en soins intensifs cardio. La moto a été réparée et revendue en attente du feu vert des médecins(long à venir).","Coincé entre 2 voitures,j'ai ""senti"" la voiture tamponneuse avancer  mais elle avait 1/2 voie à faire pour me renverser donc pas de temps pour réagir, je pense n'avoir rien tenté.","Le conducteur de la voiture me suivant m'a protégé sur la route puis de la mamie.Un pompier motard c'est arrété pour me réconforté dans l'attente des secours coincés eux aussi dans le bouchon. La mamie elle a garé sa voiture plus loin ,plusieurs personnes ont pensé à une fuite ,m'a accusé et une fois la police lui ayant signifié sa non assurance et pris son permis m'a insulté.  Le carrefour a depuis été équipé d'une voie ""tourne à gauche avec feu décalé,plus d'un accident sans doute.",3,0,,,"rien compris, la manoeuvre était irréalissable,véhicules quasi à l'arrêt.",2,1,2,,vieillarde concernée que par sa personne.M'a proposée un arrangement amiable si pas de constat. M'a réclamé le remboursement de la baguette de pare choc que j'avais osé arracher avec ma jambe!,1,"mon""agitation""suite aux démarches et aux appels téléphoniques de cette personne a déclenché ou aggravé l'embolie(je suis ""parti""dans l'ambulance du SAMU).",2,3,6,7,,,,,1,2,,,3,,voir avant,4,3,,,1,1,2,3,1,1,2,1,1,3,4,4,4,6,7,,,,,,,,1,2,4,,,,,,,2,2,,2,1,3,1,0,100,0,0,0,2,,,,,,"AUT|très dense,vitesse très faible entre les arrêts",1,,,,2,1,7,,,,,,,1,1,1,1,3,,0,10,1,10,2,5,,,,,,,4,4,4,4,4,4,YAMAHA,600,FZS FAZER,ROADSTER,2,1,1,1,1,1,1,1,1,1,1,376,12,1,1,YAMAHA,660,XT-Z TENERE,TRAIL / SUPERMOTARD,2,4,4,02JUN1953,9,1,3,2,2,3,,NRP,,,,2,0,0,1,0,1,YAMAHA,1000,FZS FAZER GT 04,ROADSTER,2,2004,37,2,1,6500,7,,,,,,,,,,,,,,,,,,,,,,,,,,,,,,,,,,,,,,,,,,,,,6500,3,4,,,,,,,,NRP,NRP,NRP,NRP,1996,NRP,NRP,1972,NRP,,,
1675,3876,,1,0,2,,,,,,0,4,,,,,,0,5,,,,,,0,4,,,,,,1,5,1978,,,,,0,3,,,,,,0,2,,,,,,0,4,,,,,,0,1,,,,,,0,5,,,,,,0,5,,,,,,0,3,,,,,,1,3,1970,,,,,0,4,,,,,,0,,2,,,,,,,,,,,,,,,,,,39,2,39,1,21,5,1978,,,,,,,,,,,,,,,,,,,,,,,,,,,,,,,,,,,,,,,,,,,,,,,,,,,,,,,,,,,,,,,,,,,,,,,,,,,,,,,,,,,,,,,,,,,,,,,,,,,,,,,,,,,,,,,,,,,,,,,,,,,,,,,,,,,,,,,,,,,,,,,,,,,,,,,,,,,,,,12APR1950,4,1,3,2,2,3,,NRP,,,,1,0,0,2,0,2,TRIUMPH,1050,TIGER,ROADSTER,2,2010,37,2,1,10000,7,TRIUMPH,675,STREET TRIPLE,ROADSTER,2,2010,37,2,1,10000,7,,,,,,,,,,,,,,,,,,,,,,,,,,,,,,,,,,20000,3,,,,,,,,,NRP,NRP,NRP,NRP,1968,NRP,NRP,NRP,NRP,,,
263,3878,109,1,1,4,1992,,,,,0,6,,,,,,0,4,,,,,,0,5,,,,,,1,5,1981,,,,,0,6,,,,,,0,5,,,,,,0,5,,,,,,1,6,1988,,,,,0,5,,,,,,0,5,,,,,,0,3,,,,,,0,4,,,,,,0,4,,,,,,0,,3,,,,,,,,,,,,,,,,,,4,0,35,1,21,5,1981,,1981,Vous circuliez sur un axe prioritaire. Un véhicule venant dun axe non prioritaire vous a coupé la route.,4,5,6,,,,,"Je circulait en moto sur une grande avenue à Béziers, il était environ 23h30 quand une voiture arrivant dans l'autre sens à brusquement tourné dans une rue sur sa gauche devant mes roues. je n'ai rien pu faire pour éviter le choc. La moto a été détruite, le conducteur sortait d'un apéritif et était largement positif au test d'alcolémie.",L'impossibilité d'anticiper le geste de l'automobiliste.,"J'ai essayé de freiner, l'automobiliste quand à lui n'a eu aucune réaction",2,1,En roulant un peu moins vite mon freinage aurait été plus efficace,Manque d'expérience surement...,,2,0,,,,,,5,6,,,,,,,,,,1,2,,en pensant au conséquences (blessure ou plus),4,1,1,,1,1,3,4,1,1,1,1,1,4,4,4,4,1,,,,,,,,,2,,,,,,,,,2,2,,2,2,2,1,20,80,0,0,0,1,3,4,,,,1,1,,,,1,,,,,,,,,,,1,1,3,,0,70,1,10,2,3,5,,,,,,4,4,4,4,4,4,HONDA,1100,"GOLD WING ""DX""",Routière / GT,1,1,1,1,1,1,1,1,1,1,1,15000,NSP,1,1,HONDA,750,"CB ""K2""",ROADSTER,2,2,4,09NOV1958,7,1,3,2,3,2,2,NRP,,,,1,1,0,2,0,3,TRIUMPH,900,DAYTONA,Routière / GT,2,1996,37,1,1,16000,1,TRIUMPH,1200,TROPHY,Routière / GT,2,1998,37,1,2,15000,7,PEUGEOT,50,LUDIX TREND,SCOOTER,2,2011,37,1,1,1000,7,,,,,,,,,,,,,,,,,,,,,,,32000,2,3,4,8,9,,,,,NRP,NRP,NRP,1979,1979,1979,1979,1986,NRP,,,
1181,3879,,1,0,3,,,,,,0,4,,,,,,0,5,,,,,,0,3,,,,,,0,6,,,,,,0,5,,,,,,0,4,,,,,,0,6,,,,,,1,4,1998,,,,,0,6,,,,,,0,6,,,,,,0,4,,,,,,0,2,,,,,,0,3,,,,,,0,,1,,,,,,,,,,,,,,,,,,3,3,13,1,41,9,1998,,,,,,,,,,,,,,,,,,,,,,,,,,,,,,,,,,,,,,,,,,,,,,,,,,,,,,,,,,,,,,,,,,,,,,,,,,,,,,,,,,,,,,,,,,,,,,,,,,,,,,,,,,,,,,,,,,,,,,,,,,,,,,,,,,,,,,,,,,,,,,,,,,,,,,,,,,,,,,29MAR1981,7,2,3,2,4,4,2,NRP,,,,1,0,0,1,0,1,DUCATI,1000,ST3,Routière / GT,2,2007,28,3,1,2500,7,,,,,,,,,,,,,,,,,,,,,,,,,,,,,,,,,,,,,,,,,,,,,2500,3,4,,,,,,,,NRP,NRP,NRP,NRP,2002,NRP,NRP,2000,NRP,,,
1974,3880,,0,,,,,,,,,,,,,,,,,,,,,,,,,,,,,,,,,,,,,,,,,,,,,,,,,,,,,,,,,,,,,,,,,,,,,,,,,,,,,,,,,,,,,,,,,,,,,,,,,,,,,,,,,,,,,,,,,,,,,,,,,,,,,,,,,,,,,,,,,,,,,,,,,,,,,,,,,,,,,,,,,,,,,,,,,,,,,,,,,,,,,,,,,,,,,,,,,,,,,,,,,,,,,,,,,,,,,,,,,,,,,,,,,,,,,,,,,,,,,,,,,,,,,,,,,,,,,,,,,,,,,,,,,,,,,,,,,,,,,,,,,,,21SEP1951,9,1,3,2,1,1,,NRP,,,,1,2,0,2,0,2,BMW,1100,R1100GS,TRAIL / SUPERMOTARD,2,1993,37,3,1,8000,5,HONDA,650,DOMINATOR,TRAIL / SUPERMOTARD,2,1994,37,4,1,2000,4,,,,,,,,,,,,,,,,,,,,,,,,,,,,,,,,,,10000,2,3,4,,,,,,,NRP,NRP,NRP,1996,1971,NRP,NRP,1971,NRP,,,
1552,3881,,0,,,,,,,,,,,,,,,,,,,,,,,,,,,,,,,,,,,,,,,,,,,,,,,,,,,,,,,,,,,,,,,,,,,,,,,,,,,,,,,,,,,,,,,,,,,,,,,,,,,,,,,,,,,,,,,,,,,,,,,,,,,,,,,,,,,,,,,,,,,,,,,,,,,,,,,,,,,,,,,,,,,,,,,,,,,,,,,,,,,,,,,,,,,,,,,,,,,,,,,,,,,,,,,,,,,,,,,,,,,,,,,,,,,,,,,,,,,,,,,,,,,,,,,,,,,,,,,,,,,,,,,,,,,,,,,,,,,,,,,,,,,25APR1961,8,2,3,2,1,1,,NRP,,,,2,0,0,1,0,1,HARLEY-DAVIDSON,1130,NIGHT-ROD,ROADSTER,2,2007,29,2,1,5000,7,,,,,,,,,,,,,,,,,,,,,,,,,,,,,,,,,,,,,,,,,,,,,5000,4,3,,,,,,,,NRP,NRP,NRP,NRP,2007,NRP,NRP,1980,NRP,,,
571,3882,,1,0,6,,,,,,0,6,,,,,,0,6,,,,,,0,1,,,,,,0,6,,,,,,0,6,,,,,,0,2,,,,,,0,3,,,,,,1,1,2009,,,,,0,6,,,,,,0,6,,,,,,0,2,,,,,,0,6,,,,,,0,6,,,,,,0,,1,,,,,,,,,,,,,,,,,,0,2,20,1,41,9,2009,,,,,,,,,,,,,,,,,,,,,,,,,,,,,,,,,,,,,,,,,,,,,,,,,,,,,,,,,,,,,,,,,,,,,,,,,,,,,,,,,,,,,,,,,,,,,,,,,,,,,,,,,,,,,,,,,,,,,,,,,,,,,,,,,,,,,,,,,,,,,,,,,,,,,,,,,,,,,,08APR1975,7,1,3,2,3,4,1,NRP,,,,2,0,0,2,0,2,KAWASAKI,900,ZX-9R NINJA,SPORTIVE,2,1999,37,2,2,10000,7,KAWASAKI,600,ZX-6R NINJA,SPORTIVE,2,1998,40,4,1,500,7,,,,,,,,,,,,,,,,,,,,,,,,,,,,,,,,,,10500,3,4,,,,,,,,NRP,NRP,NRP,NRP,1995,NRP,NRP,1993,NRP,,,
1569,3883,,0,,,,,,,,,,,,,,,,,,,,,,,,,,,,,,,,,,,,,,,,,,,,,,,,,,,,,,,,,,,,,,,,,,,,,,,,,,,,,,,,,,,,,,,,,,,,,,,,,,,,,,,,,,,,,,,,,,,,,,,,,,,,,,,,,,,,,,,,,,,,,,,,,,,,,,,,,,,,,,,,,,,,,,,,,,,,,,,,,,,,,,,,,,,,,,,,,,,,,,,,,,,,,,,,,,,,,,,,,,,,,,,,,,,,,,,,,,,,,,,,,,,,,,,,,,,,,,,,,,,,,,,,,,,,,,,,,,,,,,,,,,,27MAR1954,4,2,3,2,3,4,1,NRP,,,,2,0,0,1,0,1,HONDA,1000,CB 1000R,ROADSTER,2,2011,10,1,2,22000,7,,,,,,,,,,,,,,,,,,,,,,,,,,,,,,,,,,,,,,,,,,,,,22000,2,3,4,,,,,,,NRP,NRP,NRP,1992,1992,NRP,NRP,1974,NRP,,,
63,3884,,0,,,,,,,,,,,,,,,,,,,,,,,,,,,,,,,,,,,,,,,,,,,,,,,,,,,,,,,,,,,,,,,,,,,,,,,,,,,,,,,,,,,,,,,,,,,,,,,,,,,,,,,,,,,,,,,,,,,,,,,,,,,,,,,,,,,,,,,,,,,,,,,,,,,,,,,,,,,,,,,,,,,,,,,,,,,,,,,,,,,,,,,,,,,,,,,,,,,,,,,,,,,,,,,,,,,,,,,,,,,,,,,,,,,,,,,,,,,,,,,,,,,,,,,,,,,,,,,,,,,,,,,,,,,,,,,,,,,,,,,,,,,11APR1957,5,2,3,2,5,4,3,NRP,,,,2,1,0,2,0,3,TRIUMPH,1050,SPRINT ST ABS,Routière / GT,2,2006,31,1,2,13000,1,KAWASAKI,650,ER-6  N  ABS,ROADSTER,2,2009,31,3,1,3000,5,PEUGEOT,50,KISBEE,SCOOTER,2,2003,31,1,2,3000,5,,,,,,,,,,,,,,,,,,,,,,,19000,2,3,4,,,,,,,NRP,NRP,NRP,1975,2006,NRP,NRP,1975,NRP,,,
1558,3886,,1,0,5,,,,,,1,6,2012,,,,,0,6,,,,,,0,2,,,,,,0,5,,,,,,0,5,,,,,,0,2,,,,,,0,4,,,,,,0,5,,,,,,0,3,,,,,,0,5,,,,,,0,4,,,,,,0,5,,,,,,0,4,,,,,,0,,1,,,,,,,,,,,,,,,,,,0,0,4,1,6,2,2012,,,,,,,,,,,,,,,,,,,,,,,,,,,,,,,,,,,,,,,,,,,,,,,,,,,,,,,,,,,,,,,,,,,,,,,,,,,,,,,,,,,,,,,,,,,,,,,,,,,,,,,,,,,,,,,,,,,,,,,,,,,,,,,,,,,,,,,,,,,,,,,,,,,,,,,,,,,,,,09NOV1988,10,1,3,2,5,5,0,NRP,,,,3,0,0,2,0,2,KAWASAKI,750,ZR-7,ROADSTER,2,2000,37,1,2,8500,4,YAMAHA,600,FZ6-S FAZER  S2,ROADSTER,2,2007,37,1,2,8000,4,,,,,,,,,,,,,,,,,,,,,,,,,,,,,,,,,,16500,3,4,,,,,,,,NRP,NRP,NRP,NRP,2011,NRP,NRP,2006,NRP,,,
246,3889,,0,,,,,,,,,,,,,,,,,,,,,,,,,,,,,,,,,,,,,,,,,,,,,,,,,,,,,,,,,,,,,,,,,,,,,,,,,,,,,,,,,,,,,,,,,,,,,,,,,,,,,,,,,,,,,,,,,,,,,,,,,,,,,,,,,,,,,,,,,,,,,,,,,,,,,,,,,,,,,,,,,,,,,,,,,,,,,,,,,,,,,,,,,,,,,,,,,,,,,,,,,,,,,,,,,,,,,,,,,,,,,,,,,,,,,,,,,,,,,,,,,,,,,,,,,,,,,,,,,,,,,,,,,,,,,,,,,,,,,,,,,,,04SEP1986,7,1,3,2,3,4,1,NRP,,,,1,0,0,2,0,2,SUZUKI,1300,B-KING,ROADSTER,2,2008,37,2,1,20000,7,KAWASAKI,650,"ER-6 ""N""",ROADSTER,2,2007,37,1,2,30000,7,,,,,,,,,,,,,,,,,,,,,,,,,,,,,,,,,,50000,2,3,4,,,,,,,NRP,NRP,NRP,2011,2011,NRP,NRP,2008,NRP,,,