Ligne,Ligne Q qualif,Ligne approfondissement Accident,ACCIDENT,NBACC1,ACCFREQUENCE1,ANNEEACC1_1,ANNEEACC1_2,ANNEEACC1_3,ANNEEACC1_4,ANNEEACC1_5,NBACC2,ACCFREQUENCE2,ANNEEACC2_1,ANNEEACC2_2,ANNEEACC2_3,ANNEEACC2_4,ANNEEACC2_5,NBACC3,ACCFREQUENCE3,ANNEEACC3_1,ANNEEACC3_2,ANNEEACC3_3,ANNEEACC3_4,ANNEEACC3_5,NBACC4,ACCFREQUENCE4,ANNEEACC4_1,ANNEEACC4_2,ANNEEACC4_3,ANNEEACC4_4,ANNEEACC4_5,NBACC5,ACCFREQUENCE5,ANNEEACC5_1,ANNEEACC5_2,ANNEEACC5_3,ANNEEACC5_4,ANNEEACC5_5,NBACC6,ACCFREQUENCE6,ANNEEACC6_1,ANNEEACC6_2,ANNEEACC6_3,ANNEEACC6_4,ANNEEACC6_5,NBACC7,ACCFREQUENCE7,ANNEEACC7_1,ANNEEACC7_2,ANNEEACC7_3,ANNEEACC7_4,ANNEEACC7_5,NBACC8,ACCFREQUENCE8,ANNEEACC8_1,ANNEEACC8_2,ANNEEACC8_3,ANNEEACC8_4,ANNEEACC8_5,NBACC9,ACCFREQUENCE9,ANNEEACC9_1,ANNEEACC9_2,ANNEEACC9_3,ANNEEACC9_4,ANNEEACC9_5,NBACC10,ACCFREQUENCE10,ANNEEACC10_1,ANNEEACC10_2,ANNEEACC10_3,ANNEEACC10_4,ANNEEACC10_5,NBACC11,ACCFREQUENCE11,ANNEEACC11_1,ANNEEACC11_2,ANNEEACC11_3,ANNEEACC11_4,ANNEEACC11_5,NBACC12,ACCFREQUENCE12,ANNEEACC12_1,ANNEEACC12_2,ANNEEACC12_3,ANNEEACC12_4,ANNEEACC12_5,NBACC13,ACCFREQUENCE13,ANNEEACC13_1,ANNEEACC13_2,ANNEEACC13_3,ANNEEACC13_4,ANNEEACC13_5,NBACC14,ACCFREQUENCE14,ANNEEACC14_1,ANNEEACC14_2,ANNEEACC14_3,ANNEEACC14_4,ANNEEACC14_5,AUTRESACC,NBAUTRESACC,TOTAL_AC,ANNEEAUTREACC1,ANNEEAUTREACC2,ANNEEAUTREACC3,ANNEEAUTREACC4,ANNEEAUTREACC5,LIEUAUTREACC1,LIEUAUTREACC2,LIEUAUTREACC3,LIEUAUTREACC4,LIEUAUTREACC5,DESCRIPTIONAUTRESACC1,DESCRIPTIONAUTRESACC2,DESCRIPTIONAUTRESACC3,DESCRIPTIONAUTRESACC4,DESCRIPTIONAUTRESACC5,NBAUTRESACCCIRCUIT,NBAUTRESTOUTTERRAIN,EXPCYCLO,EXP125,EXPSUP125,ACCORDNEXTQ,CHOIXACC,RGPMTACC,RECUPANNEE,RECUPLIEU,RECUPANNE,RGPMTAC,CHOIX1,CHOIX2,CHOIX3,CHOIX4,CHOIX5,CHOIX6,CHOIX7,DESCRIPTION,RUPTURE,FAITS,ABS_REACTION,AUTRE_REACTION,PRECISIONREACTIONOUI,RECUL,PRECISIONREACTIONNON,IMPACTCOMPORTEMENT,AUTREUSAGER,REACTIONAUTREUSAGER,CONNAISSANCEREACTIONUSAGER,DIFFICULTES,AGGRAVATION,DIFFICULTES2,EMOTIONS1,EMOTIONS2,EMOTIONS3,EMOTIONS4,EMOTIONS5,EMOTIONS6,AUTRESENTIMENT,CLASSEMENTEMOTIONS1,CLASSEMENTEMOTIONS,CLASSEMENTEMOTIONS5,CLASSEMENTEMOTIONS6,CLASSEMENTEMOTIONS7,CLASSEMENTEMOTIONS8,CLASSEMENTEMOTIONS9,EXPLICATIONRESSENTI,BIENEQUIPE,ALLURE,ALLUREVITEDETAIL,ALLURELENTEDETAIL,SITUATIONPRESSE,SITUATIONDISTRAIT,SITUATIONCONFIANT,SITUATIONCONTROLE,SITUATIONLUDIQUE,SITUATIONPERF,SITUATIONSTRESS,SITUATIONFATIGUE,HUMEURNEUTRE,HUMEURGAI,HUMEURMECONTENT,HUMEURTRISTE,HUMEURCOLERE,CONTRIBUTION1,CONTRIBUTION2,CONTRIBUTION3,CONTRIBUTION4,CONTRIBUTION5,CONTRIBUTION6,CONTRIBUTION7,CONTRIBUTION8,CONTRIBUTION9,ROLEINFRA,ELEMENTINFRA1,ELEMENTINFRA2,ELEMENTINFRA3,ELEMENTINFRA4,ELEMENTINFRA5,ELEMENTINFRA6,ELEMENTINFRA7,ELEMENTINFRA8,ELEMENTINFRA9,ALCOOL,TXALCOOL,STUP,SEMAINE,MOMENTJOURNEE,TEMPS,CAUSEACC1,CAUSEACC2,CAUSEACC3,CAUSEACC4,CAUSEACC5,FORMATIONCAUSE,FORMATION1,FORMATION2,FORMATION3,FORMATION4,FORMATION5,TRAFIC,CHAUSSEE1,CHAUSSEE2,CHAUSSEE3,CHAUSSEE4,TYPEACC,BLESSURE,TETE,COU,THORAX,MEMBRESSUP,COLONNE,BASSIN,MEMBRESINF,HOPITAL,PLUS24H,TRAJET,TYPEROUTE,MOTIF,SENSTRAJET,PASSAGER,VITESSE,DESCEQ1,DESCEQ2,DESCEQ3,DESCEQ4,DESCEQ5,DESCEQ6,DESCEQ7,DESCEQ8,DESCEQ9,DESCEQ10,VEHICULEETE,VEHICULEAUTOMNE,VEHICULEPRINTEMPS,VEHICULEHIVER,VEHICULESEMAINE,VEHICULEWE,VEHMARQUE,VEHCYLINDREE,VEHMODELE,VEHSEGMENT,VEHSIDE,EQ2RMABS,EQ2RMCBS,EQ2RMABSCBS,EQ2RMREGULATEUR,EQ2RMLIMITEUR,EQ2RMPHARESDIRECT,EQ2RMCOUPURE,EQ2RMANTIPATINAGE,EQ2RMANTIXHEELING,EQ2RMSTABILILTE,VEHKM,POINTS,DUREE,AUTRE2RM,VEHPRECMARQUE,VEHPRECCYLINDREE,VEHPRECMODELE,VEHPRECSEGMENT,VEHPRECSIDE,TEMPS2RMPREC,FREQVEHPREC,DATE_NAISS,CSP,SOCIETAIRE,SALARIE,SECTEUR2RM,NBPERSFOYER,SITFAM,NBENF,TRNBENF1,TRNBENF2,TRNBENF3,TRNBENF4,NBAUTOFOYER,NBCYCLOFOYER,NBSCOOTFOYER,NBMOTOFOYER,NBTRIKEFOYER,NB2RMCONDUIT,MARQUE1,CYLINDREE1,MODELE1,SEGMENT1,SIDE1,ANMISECIRCU1,ASS1,FREQ1,USAGE1,NBKM1,GARAGE1,MARQUE2,CYLINDREE2,MODELE2,SEGMENT2,SIDE2,ANMISECIRCU2,ASS2,FREQ2,USAGE2,NBKM2,GARAGE2,MARQUE3,CYLINDREE3,MODELE3,SEGMENT3,SIDE3,ANMISECIRCU3,ASS3,FREQ3,USAGE3,NBKM3,GARAGE3,MARQUE4,CYLINDREE4,MODELE4,SEGMENT4,SIDE4,ANMISECIRCU4,ASS4,FREQ4,USAGE4,NBKM4,GARAGE4,MARQUE5,CYLINDREE5,MODELE5,SEGMENT5,SIDE5,ANMISECIRCU5,ASS5,FREQ5,USAGE5,NBKM5,GARAGE5,NBKMTOT,PERMIS1,PERMIS2,PERMIS3,PERMIS4,PERMIS5,PERMIS6,PERMIS7,PERMIS8,PERMIS9,ANPERMIS1,ANPERMIS6,ANPERMIS7,ANPERMIS2,ANPERMIS3,ANPERMIS8,ANPERMIS9,ANPERMIS4,ANPERMIS5,,,
1963,3943,,1,0,3,,,,,,0,4,,,,,,1,5,1993,,,,,1,4,NSP,,,,,1,5,1989,,,,,0,2,,,,,,0,3,,,,,,0,3,,,,,,1,4,1992,,,,,0,2,,,,,,0,5,,,,,,0,3,,,,,,0,4,,,,,,1,5,1990,,,,,1,1,6,2009,,,,,lyon,,,,,je circulais a la gauche de vehicules a l'arret lorsque l'un des conducteurs a ouvert sa porte alors que j'arrivais a sa hauteur.,,,,,0,0,0,10,35,1,21,5,1989,,,,,,,,,,,,,,,,,,,,,,,,,,,,,,,,,,,,,,,,,,,,,,,,,,,,,,,,,,,,,,,,,,,,,,,,,,,,,,,,,,,,,,,,,,,,,,,,,,,,,,,,,,,,,,,,,,,,,,,,,,,,,,,,,,,,,,,,,,,,,,,,,,,,,,,,,,,,,,08AUG1962,5,1,3,2,1,1,,NRP,,,,2,0,0,9,0,5,HONDA,125,CM-C,CUSTOM,2,1990,37,1,2,3000,7,HONDA,1000,VTR  FIRESTORM,SPORTIVE,2,1997,37,3,1,3000,7,KAWASAKI,800,VN CLASSIC,CUSTOM,2,1996,37,3,1,2000,7,HONDA,750,CB  K2,ROADSTER,2,1972,37,4,1,1000,7,YAMAHA,900,XJ,ROADSTER,2,1983,41,4,1,200,7,9200,3,4,,,,,,,,NRP,NRP,NRP,NRP,1981,NRP,NRP,1981,NRP,,,
2018,3946,,0,,,,,,,,,,,,,,,,,,,,,,,,,,,,,,,,,,,,,,,,,,,,,,,,,,,,,,,,,,,,,,,,,,,,,,,,,,,,,,,,,,,,,,,,,,,,,,,,,,,,,,,,,,,,,,,,,,,,,,,,,,,,,,,,,,,,,,,,,,,,,,,,,,,,,,,,,,,,,,,,,,,,,,,,,,,,,,,,,,,,,,,,,,,,,,,,,,,,,,,,,,,,,,,,,,,,,,,,,,,,,,,,,,,,,,,,,,,,,,,,,,,,,,,,,,,,,,,,,,,,,,,,,,,,,,,,,,,,,,,,,,,05APR1983,5,2,3,2,2,3,,NRP,,,,1,0,0,1,0,1,SUZUKI,650,SV-S,Routière / GT,2,2006,10,1,2,20000,7,,,,,,,,,,,,,,,,,,,,,,,,,,,,,,,,,,,,,,,,,,,,,20000,3,4,,,,,,,,NRP,NRP,NRP,NRP,2006,NRP,NRP,2001,NRP,,,
239,3947,,0,,,,,,,,,,,,,,,,,,,,,,,,,,,,,,,,,,,,,,,,,,,,,,,,,,,,,,,,,,,,,,,,,,,,,,,,,,,,,,,,,,,,,,,,,,,,,,,,,,,,,,,,,,,,,,,,,,,,,,,,,,,,,,,,,,,,,,,,,,,,,,,,,,,,,,,,,,,,,,,,,,,,,,,,,,,,,,,,,,,,,,,,,,,,,,,,,,,,,,,,,,,,,,,,,,,,,,,,,,,,,,,,,,,,,,,,,,,,,,,,,,,,,,,,,,,,,,,,,,,,,,,,,,,,,,,,,,,,,,,,,,,03MAY1964,7,1,3,2,4,4,2,NRP,,,,1,0,0,2,1,3,YAMAHA,660,XT-X SM,TRAIL / SUPERMOTARD,2,2007,37,1,2,8000,7,SHERCO,300,SE 3.0I F,"TOUT TERRAIN (TRIAL, ENDURO, CROSS)",2,2012,37,3,1,1300,7,SUMO,100,QUAD FIREBALL HOMOLOGUE,QUAD,2,2005,37,3,1,200,7,,,,,,,,,,,,,,,,,,,,,,,9500,2,3,4,,,,,,,NRP,NRP,NRP,1981,1984,NRP,NRP,1982,NRP,,,
945,3948,67,1,1,6,NSP,,,,,0,5,,,,,,0,6,,,,,,0,4,,,,,,0,5,,,,,,0,6,,,,,,0,4,,,,,,0,6,,,,,,1,5,NSP,,,,,0,4,,,,,,0,6,,,,,,0,2,,,,,,0,4,,,,,,0,3,,,,,,1,1,3,2008,,,,,Rodez,,,,,"Percuté par l'arrière, alors que j'étais à l'arret avant d'entrer dans un rond-point (sur la ligne de ceder le passage)",,,,,0,10,3,3,30,1,71,15,2008,Rodez,2008,Autre(s) type(s) d'accident(s).,3,,,,,,,"J'attendais de pouvoir m'engager dans un rond-point, j'ai été percuté par l'arrière. Une automobiliste qui regardait les voitures dans le rond point et pas devant elle...",Une automobiliste qui a mieux à faire que regarder devant elle.,"Aucune, l'automobiliste a freiné. J'ai essayé d'empêcher ma moto de tomber.",3,0,,,"J'etais à l'arret, il n'y avait aucun échappatoire",3,1,2,,NSP,2,NRP,9,,,,,,de la colére,,,,,,,1,Parce qu'il y en a marre des conducteurs qui se croient seuls sur la route,3,4,,,2,4,4,4,1,1,1,1,1,4,4,4,4,10,,,,,,,,,2,,,,,,,,,2,2,,2,1,1,1,0,100,0,0,0,1,3,,,,,3,1,,,,1,,,,,,,,,,,2,4,1,1,0,0,1,10,2,3,4,7,,,,,4,4,4,2,4,4,DUCATI,695,MONSTER,ROADSTER,2,1,1,1,1,1,1,1,1,1,1,NSP,12,4,1,KAWASAKI,750,ZR-7 S,ROADSTER,2,3,3,05NOV1957,11,1,3,2,3,4,1,NRP,,,,3,0,0,2,0,2,MOTO GUZZI,750,V7 STONE,ROADSTER,2,2012,37,2,1,8000,7,SHERCO,125,SHERCO 1.25,"TOUT TERRAIN (TRIAL, ENDURO, CROSS)",2,2006,41,4,1,0,7,,,,,,,,,,,,,,,,,,,,,,,,,,,,,,,,,,8000,3,4,,,,,,,,NRP,NRP,NRP,NRP,1979,NRP,NRP,1976,NRP,,,
802,3950,,0,,,,,,,,,,,,,,,,,,,,,,,,,,,,,,,,,,,,,,,,,,,,,,,,,,,,,,,,,,,,,,,,,,,,,,,,,,,,,,,,,,,,,,,,,,,,,,,,,,,,,,,,,,,,,,,,,,,,,,,,,,,,,,,,,,,,,,,,,,,,,,,,,,,,,,,,,,,,,,,,,,,,,,,,,,,,,,,,,,,,,,,,,,,,,,,,,,,,,,,,,,,,,,,,,,,,,,,,,,,,,,,,,,,,,,,,,,,,,,,,,,,,,,,,,,,,,,,,,,,,,,,,,,,,,,,,,,,,,,,,,,,02FEB1947,9,2,3,2,2,3,,NRP,,,,1,0,0,5,0,4,HONDA,750,CB-SEVEN FIFTY,ROADSTER,2,1999,31,2,1,3000,7,HONDA,250,XL-S,TRAIL / SUPERMOTARD,2,1979,31,2,1,1000,7,KAWASAKI,125,KDX,TRAIL / SUPERMOTARD,2,1992,31,3,1,500,7,SUZUKI,250,RGV GAMMA,SPORTIVE,2,1991,31,4,1,0,7,,,,,,,,,,,,4500,3,4,,,,,,,,NRP,NRP,NRP,NRP,2002,NRP,NRP,1967,NRP,,,
1972,3951,,1,0,4,,,,,,0,6,,,,,,0,5,,,,,,0,2,,,,,,0,3,,,,,,0,5,,,,,,0,2,,,,,,0,4,,,,,,0,3,,,,,,0,5,,,,,,0,5,,,,,,0,3,,,,,,0,5,,,,,,0,3,,,,,,1,1,1,2004,,,,,Foix,,,,,Je remonter une file de voiture au ralenti avant un rond point. Le conducteur de la voiture n'a pas vu que la circulation s'arrêter et donc a piler d'un coup et a donner un coup de volant à gauche au moment ou j'étais à côté de lui.,,,,,1,0,4,0,15,1,71,15,2004,Foix,,,,,,,,,,,,,,,,,,,,,,,,,,,,,,,,,,,,,,,,,,,,,,,,,,,,,,,,,,,,,,,,,,,,,,,,,,,,,,,,,,,,,,,,,,,,,,,,,,,,,,,,,,,,,,,,,,,,,,,,,,,,,,,,,,,,,,,,,,,,,,,,,,,,,,,,,,,,,30DEC1981,7,1,3,2,5,4,3,NRP,,,,2,0,0,3,0,3,BMW,1000,S-RR MOTORSPORT REPLICA,SPORTIVE,2,2010,37,2,1,6000,7,HONDA,600,CBR 600F,Routière / GT,2,1992,37,1,2,6000,7,KTM,450,EXC RACING MTT1,"TOUT TERRAIN (TRIAL, ENDURO, CROSS)",2,2007,37,3,1,2000,7,,,,,,,,,,,,,,,,,,,,,,,14000,3,4,,,,,,,,NRP,NRP,NRP,NRP,2000,NRP,NRP,2000,NRP,,,
974,3952,,1,0,5,,,,,,0,3,,,,,,0,4,,,,,,0,3,,,,,,0,3,,,,,,0,5,,,,,,0,3,,,,,,1,5,2011,,,,,1,6,2011,,,,,0,3,,,,,,0,3,,,,,,0,4,,,,,,0,3,,,,,,0,3,,,,,,0,,2,,,,,,,,,,,,,,,,,,0,9,0,1,41,9,2011,,,,,,,,,,,,,,,,,,,,,,,,,,,,,,,,,,,,,,,,,,,,,,,,,,,,,,,,,,,,,,,,,,,,,,,,,,,,,,,,,,,,,,,,,,,,,,,,,,,,,,,,,,,,,,,,,,,,,,,,,,,,,,,,,,,,,,,,,,,,,,,,,,,,,,,,,,,,,,04DEC1965,5,1,3,2,4,4,2,NRP,,,,3,0,1,0,0,1,PEUGEOT,125,SATELIS PREMIUM  4V,SCOOTER,2,2010,37,2,1,5000,4,,,,,,,,,,,,,,,,,,,,,,,,,,,,,,,,,,,,,,,,,,,,,5000,4,2,,,,,,,,NRP,NRP,NRP,1984,NRP,NRP,NRP,1984,NRP,,,
603,3956,,0,,,,,,,,,,,,,,,,,,,,,,,,,,,,,,,,,,,,,,,,,,,,,,,,,,,,,,,,,,,,,,,,,,,,,,,,,,,,,,,,,,,,,,,,,,,,,,,,,,,,,,,,,,,,,,,,,,,,,,,,,,,,,,,,,,,,,,,,,,,,,,,,,,,,,,,,,,,,,,,,,,,,,,,,,,,,,,,,,,,,,,,,,,,,,,,,,,,,,,,,,,,,,,,,,,,,,,,,,,,,,,,,,,,,,,,,,,,,,,,,,,,,,,,,,,,,,,,,,,,,,,,,,,,,,,,,,,,,,,,,,,,13FEB1954,9,1,3,2,2,3,,NRP,,,,2,0,0,1,0,1,YAMAHA,1300,MIDNIGHT STAR (XVS),CUSTOM,2,2010,37,3,1,5000,7,,,,,,,,,,,,,,,,,,,,,,,,,,,,,,,,,,,,,,,,,,,,,5000,3,4,,,,,,,,NRP,NRP,NRP,NRP,1972,NRP,NRP,1973,NRP,,,
1784,3958,,1,0,3,,,,,,1,5,1994,,,,,0,5,,,,,,0,4,,,,,,1,6,1994,,,,,0,4,,,,,,0,2,,,,,,1,5,2004,,,,,1,6,2004,,,,,0,4,,,,,,0,6,,,,,,0,5,,,,,,0,6,,,,,,0,5,,,,,,0,,4,,,,,,,,,,,,,,,,,,2,3,34,1,21,5,1994,,,,,,,,,,,,,,,,,,,,,,,,,,,,,,,,,,,,,,,,,,,,,,,,,,,,,,,,,,,,,,,,,,,,,,,,,,,,,,,,,,,,,,,,,,,,,,,,,,,,,,,,,,,,,,,,,,,,,,,,,,,,,,,,,,,,,,,,,,,,,,,,,,,,,,,,,,,,,,07SEP1957,5,2,3,2,5,4,3,NRP,,,,3,0,0,1,0,1,HONDA,600,TRANSALP,TRAIL / SUPERMOTARD,2,1999,29,1,2,12000,7,,,,,,,,,,,,,,,,,,,,,,,,,,,,,,,,,,,,,,,,,,,,,12000,3,4,,,,,,,,NRP,NRP,NRP,NRP,1978,NRP,NRP,1980,NRP,,,
1628,3960,,1,0,6,,,,,,0,6,,,,,,0,6,,,,,,0,2,,,,,,1,6,2006,,,,,1,6,1984,,,,,0,6,,,,,,0,3,,,,,,0,5,,,,,,0,5,,,,,,0,5,,,,,,0,2,,,,,,0,5,,,,,,0,5,,,,,,1,1,3,1978,,,,,Sechin,,,,,Camion qui a glissé sur la neige et m'a percuté en voulant me doubler,,,,,0,0,4,0,43,1,21,5,2006,,,,,,,,,,,,,,,,,,,,,,,,,,,,,,,,,,,,,,,,,,,,,,,,,,,,,,,,,,,,,,,,,,,,,,,,,,,,,,,,,,,,,,,,,,,,,,,,,,,,,,,,,,,,,,,,,,,,,,,,,,,,,,,,,,,,,,,,,,,,,,,,,,,,,,,,,,,,,,25JUN1954,5,2,3,2,4,4,2,NRP,,,,2,0,1,1,0,2,PEUGEOT,250,SATELIS PREMIUM,SCOOTER,2,2009,29,2,2,3000,7,BMW,1200,R1200RT,Routière / GT,2,2010,29,3,1,5000,7,,,,,,,,,,,,,,,,,,,,,,,,,,,,,,,,,,8000,2,3,4,,,,,,,NRP,NRP,NRP,1972,1972,NRP,NRP,1972,NRP,,,
587,3965,,1,0,4,,,,,,0,5,,,,,,0,4,,,,,,0,2,,,,,,1,4,2011,,,,,0,4,,,,,,0,4,,,,,,0,5,,,,,,1,6,2014,,,,,0,6,,,,,,0,6,,,,,,0,2,,,,,,1,5,2013,,,,,0,4,,,,,,0,,3,,,,,,,,,,,,,,,,,,22,1,21,1,21,5,2011,,,,,,,,,,,,,,,,,,,,,,,,,,,,,,,,,,,,,,,,,,,,,,,,,,,,,,,,,,,,,,,,,,,,,,,,,,,,,,,,,,,,,,,,,,,,,,,,,,,,,,,,,,,,,,,,,,,,,,,,,,,,,,,,,,,,,,,,,,,,,,,,,,,,,,,,,,,,,,30AUG1973,7,1,3,2,4,4,2,NRP,,,,3,2,0,2,0,2,MV AGUSTA,1000,F4-R,SPORTIVE,2,2010,37,2,1,7000,4,TRIUMPH,675,DAYTONA,SPORTIVE,2,2009,37,4,1,1000,4,,,,,,,,,,,,,,,,,,,,,,,,,,,,,,,,,,8000,2,3,4,,,,,,,NRP,NRP,NRP,1992,1998,NRP,NRP,1992,NRP,,,
1721,3966,,1,1,5,2011,,,,,0,3,,,,,,1,4,NSP,,,,,0,1,,,,,,1,4,NSP,,,,,0,2,,,,,,0,2,,,,,,2,3,2007,2001,,,,0,2,,,,,,0,1,,,,,,0,3,,,,,,0,2,,,,,,0,2,,,,,,0,1,,,,,,1,0,5,,,,,,,,,,,,,,,,0,0,4,0,14,1,21,5,0,,,,,,,,,,,,,,,,,,,,,,,,,,,,,,,,,,,,,,,,,,,,,,,,,,,,,,,,,,,,,,,,,,,,,,,,,,,,,,,,,,,,,,,,,,,,,,,,,,,,,,,,,,,,,,,,,,,,,,,,,,,,,,,,,,,,,,,,,,,,,,,,,,,,,,,,,,,,,,24MAY1974,8,1,3,2,4,4,2,NRP,,,,3,0,0,1,0,1,YAMAHA,600,TT-R,"TOUT TERRAIN (TRIAL, ENDURO, CROSS)",2,2003,37,1,2,10000,7,,,,,,,,,,,,,,,,,,,,,,,,,,,,,,,,,,,,,,,,,,,,,10000,3,4,,,,,,,,NRP,NRP,NRP,NRP,1992,NRP,NRP,1996,NRP,,,
1051,3967,,1,0,5,,,,,,0,4,,,,,,0,4,,,,,,0,6,,,,,,0,6,,,,,,0,4,,,,,,0,3,,,,,,0,3,,,,,,0,2,,,,,,0,4,,,,,,2,6,1998,2001,,,,0,2,,,,,,1,4,2005,,,,,0,5,,,,,,1,1,4,2012,,,,,La Ferté-Alais,,,,,"Dans une petite rue bombée bordée d'arbres, les ombres m'ont masqués une flaque de gas-oil sur laquelle j'ai glissé et perdu le contrôle.",,,,,0,0,2,5,16,1,51,11,1998,,,,,,,,,,,,,,,,,,,,,,,,,,,,,,,,,,,,,,,,,,,,,,,,,,,,,,,,,,,,,,,,,,,,,,,,,,,,,,,,,,,,,,,,,,,,,,,,,,,,,,,,,,,,,,,,,,,,,,,,,,,,,,,,,,,,,,,,,,,,,,,,,,,,,,,,,,,,,,09JUL1950,9,1,3,2,2,3,,NRP,,,,1,0,0,1,0,1,MOTO GUZZI,1100,CALIFORNIA,Routière / GT,2,2004,37,2,1,15000,7,,,,,,,,,,,,,,,,,,,,,,,,,,,,,,,,,,,,,,,,,,,,,15000,2,3,4,,,,,,,NRP,NRP,NRP,1970,1998,NRP,NRP,1970,NRP,,,
2160,3969,,1,1,4,1984,,,,,0,5,,,,,,0,4,,,,,,0,3,,,,,,2,5,1987,2005,,,,0,4,,,,,,0,4,,,,,,0,5,,,,,,0,5,,,,,,0,5,,,,,,0,4,,,,,,0,3,,,,,,0,4,,,,,,0,5,,,,,,0,,3,,,,,,,,,,,,,,,,,,0,1,35,1,22,5,2005,,,,,,,,,,,,,,,,,,,,,,,,,,,,,,,,,,,,,,,,,,,,,,,,,,,,,,,,,,,,,,,,,,,,,,,,,,,,,,,,,,,,,,,,,,,,,,,,,,,,,,,,,,,,,,,,,,,,,,,,,,,,,,,,,,,,,,,,,,,,,,,,,,,,,,,,,,,,,,16NOV1961,4,1,3,2,4,4,2,NRP,,,,2,0,0,2,0,2,YAMAHA,1300,XJR IE,ROADSTER,2,2000,37,1,1,23000,7,YAMAHA,750,XJ,ROADSTER,2,1984,37,4,1,8000,7,,,,,,,,,,,,,,,,,,,,,,,,,,,,,,,,,,31000,3,4,,,,,,,,NRP,NRP,NRP,NRP,1979,NRP,NRP,1989,NRP,,,
1543,3970,,1,0,5,,,,,,1,5,2012,,,,,0,6,,,,,,0,2,,,,,,0,6,,,,,,0,4,,,,,,0,2,,,,,,0,4,,,,,,0,1,,,,,,0,6,,,,,,0,6,,,,,,0,1,,,,,,0,1,,,,,,0,3,,,,,,0,,1,,,,,,,,,,,,,,,,,,6,2,6,1,6,2,2012,,,,,,,,,,,,,,,,,,,,,,,,,,,,,,,,,,,,,,,,,,,,,,,,,,,,,,,,,,,,,,,,,,,,,,,,,,,,,,,,,,,,,,,,,,,,,,,,,,,,,,,,,,,,,,,,,,,,,,,,,,,,,,,,,,,,,,,,,,,,,,,,,,,,,,,,,,,,,,01SEP1970,5,2,3,2,2,3,,NRP,,,,2,0,0,1,0,1,YAMAHA,1200,XTZ SUPER TENERE FIRST EDITION,TRAIL / SUPERMOTARD,2,2011,28,1,2,12000,7,,,,,,,,,,,,,,,,,,,,,,,,,,,,,,,,,,,,,,,,,,,,,12000,2,3,4,,,,,,,NRP,NRP,NRP,1989,1989,NRP,NRP,1989,NRP,,,
1047,3971,,1,0,4,,,,,,1,6,2009,,,,,1,6,2009,,,,,0,4,,,,,,0,4,,,,,,0,5,,,,,,0,1,,,,,,0,2,,,,,,0,2,,,,,,0,4,,,,,,0,4,,,,,,0,5,,,,,,0,4,,,,,,1,5,2003,,,,,1,4,7,NSP,NSP,2003,2009,,Meudon la Foret,Paris 75020,Paris 75011,Gentilly 94110,,percutée par une voiture venant en sens inverse circulmant que ma voie dans une côte à Meudon la foret (92),voiture sortant de son parking et n'est pas allé dans le sens de la circulation mais à coupé la file de voiture pour aller dans le sens inverse de la ciruclation.,"un piéton enfant a traversé au feu vert un passage clouté pour rattraper ses copains et m'a percuté au niveau du carénage coté droit, heureusement plus de peur que de mal !","lors d'une remontée de file, circulation complétement bloqué, l'automobiliste à tourné brusquement à gauche , coupant la ligne blanche, m'a touché au niveau du rétro, moto couchée, moi bloqué en dessous => véhicule HS => remontée d'huile => moto à la casse !",,0,0,0,0,26,1,11,3,2009,,,,,,,,,,,,,,,,,,,,,,,,,,,,,,,,,,,,,,,,,,,,,,,,,,,,,,,,,,,,,,,,,,,,,,,,,,,,,,,,,,,,,,,,,,,,,,,,,,,,,,,,,,,,,,,,,,,,,,,,,,,,,,,,,,,,,,,,,,,,,,,,,,,,,,,,,,,,,,05OCT1964,5,2,3,2,4,4,2,NRP,,,,2,0,0,1,0,1,TRIUMPH,1050,SPRINT ST,Routière / GT,2,2009,10,1,2,10000,7,,,,,,,,,,,,,,,,,,,,,,,,,,,,,,,,,,,,,,,,,,,,,10000,3,4,,,,,,,,NRP,NRP,NRP,NRP,1988,NRP,NRP,1983,NRP,,,
687,3973,,0,,,,,,,,,,,,,,,,,,,,,,,,,,,,,,,,,,,,,,,,,,,,,,,,,,,,,,,,,,,,,,,,,,,,,,,,,,,,,,,,,,,,,,,,,,,,,,,,,,,,,,,,,,,,,,,,,,,,,,,,,,,,,,,,,,,,,,,,,,,,,,,,,,,,,,,,,,,,,,,,,,,,,,,,,,,,,,,,,,,,,,,,,,,,,,,,,,,,,,,,,,,,,,,,,,,,,,,,,,,,,,,,,,,,,,,,,,,,,,,,,,,,,,,,,,,,,,,,,,,,,,,,,,,,,,,,,,,,,,,,,,,26OCT1988,11,1,3,2,3,4,1,NRP,,,,1,0,0,3,0,2,YAMAHA,250,YZ HOMOLOGUEE,"TOUT TERRAIN (TRIAL, ENDURO, CROSS)",2,1994,37,4,1,300,7,YAMAHA,600,XTZ TENERE,TRAIL / SUPERMOTARD,2,1987,40,4,1,200,7,,,,,,,,,,,,,,,,,,,,,,,,,,,,,,,,,,500,3,4,1,,,,,,,2004,NRP,NRP,NRP,2006,NRP,NRP,2006,NRP,,,
1317,3974,,0,,,,,,,,,,,,,,,,,,,,,,,,,,,,,,,,,,,,,,,,,,,,,,,,,,,,,,,,,,,,,,,,,,,,,,,,,,,,,,,,,,,,,,,,,,,,,,,,,,,,,,,,,,,,,,,,,,,,,,,,,,,,,,,,,,,,,,,,,,,,,,,,,,,,,,,,,,,,,,,,,,,,,,,,,,,,,,,,,,,,,,,,,,,,,,,,,,,,,,,,,,,,,,,,,,,,,,,,,,,,,,,,,,,,,,,,,,,,,,,,,,,,,,,,,,,,,,,,,,,,,,,,,,,,,,,,,,,,,,,,,,,14JUL1990,7,2,3,2,2,3,,NRP,,,,2,0,0,1,0,1,SUZUKI,600,BANDIT-S,ROADSTER,2,2001,28,2,1,5000,7,,,,,,,,,,,,,,,,,,,,,,,,,,,,,,,,,,,,,,,,,,,,,5000,3,4,,,,,,,,NRP,NRP,NRP,NRP,2011,NRP,NRP,2009,NRP,,,
238,3975,,0,,,,,,,,,,,,,,,,,,,,,,,,,,,,,,,,,,,,,,,,,,,,,,,,,,,,,,,,,,,,,,,,,,,,,,,,,,,,,,,,,,,,,,,,,,,,,,,,,,,,,,,,,,,,,,,,,,,,,,,,,,,,,,,,,,,,,,,,,,,,,,,,,,,,,,,,,,,,,,,,,,,,,,,,,,,,,,,,,,,,,,,,,,,,,,,,,,,,,,,,,,,,,,,,,,,,,,,,,,,,,,,,,,,,,,,,,,,,,,,,,,,,,,,,,,,,,,,,,,,,,,,,,,,,,,,,,,,,,,,,,,,10MAY1946,5,1,3,2,2,3,,NRP,,,,2,0,0,1,0,1,HONDA,125,VARADERO IE,TRAIL / SUPERMOTARD,2,2008,37,1,1,15000,5,,,,,,,,,,,,,,,,,,,,,,,,,,,,,,,,,,,,,,,,,,,,,15000,2,4,,,,,,,,NRP,NRP,NRP,1962,NRP,NRP,NRP,1965,NRP,,,
111,3982,73,1,1,6,2009,,,,,0,5,,,,,,0,4,,,,,,0,4,,,,,,1,5,2005,,,,,0,3,,,,,,0,3,,,,,,0,3,,,,,,0,2,,,,,,0,2,,,,,,0,4,,,,,,0,3,,,,,,0,2,,,,,,0,3,,,,,,0,,2,,,,,,,,,,,,,,,,,,0,2,9,1,1,1,2009,,2009,Vous circuliez sur un axe prioritaire. Un autre véhicule arrivant sur le même axe en sens opposé vous a coupé la route en tournant à gauche.,3,4,6,,,,,"franchissement d'un carrefour au feu vert se terminant( j'ai eu juste le temps d'apercevoir l'orange s'allumer au moment de mon passage)Comme le carrefour était assez large et ma vitesse normale( 40 à 50 km/h) je pense qu'en face le feu etait oange ''bien mûr'' ou même rouge quand je suis arrivé de l'autre coté du carrefour.en face, un velomoteur qui je pense a voulu eviter ce feu rouge en coupant à travers le parking du supermarché à sa gauche(à ma droite)...","la rapidité de l'action, même avec une vitesse normale, donc l'impossibilité d'eviter le velomoteur.","freinage violent et desespéré, de toute façon impossibilité d'evitr le choc, le velomoteur etant en travers de ma voie de circulation au moment du choc. Pas de possibilité d'evitement lateral(vehicules à l'arret à gauche et trottoir + muret à droite)",NRP,0,,,voir plus haut!,3,1,2,,etait il en pleine possession de ses moyens?vue? alcool? je ne l'ai pas su..,1,"il est le declencheur de l'accident, en ayant obliqué sans prévenir",3,6,,,,,,,,2,,,1,,"d'apres mes souvenirs il y a une dizaine de mètres entre l'endroit ou je l'ai vu obliquer et l'endroit du choc. Ca fait donc tres peu de temps.. il y a eu des marques de freinage sur 3 ou 4 mètres, ca a du quand même diminuer la violence de l'impact, mais c'etait insuffisant",4,3,,,1,1,3,4,1,1,1,2,3,5,4,4,4,10,,,,,,,,,1,1,,,,,,,,2,2,,2,1,1,1,0,90,0,10,0,2,,,,,,3,1,,,,2,1,4,,,,,,,0,,2,1,2,,0,45,1,10,2,3,5,,,,,,4,4,4,4,4,4,BMW,1100,R1100R ABS,ROADSTER,2,0,1,1,1,1,1,1,1,1,1,60000,11,4,1,VESPA,125,GRANDTURISMO L,SCOOTER,2,4,4,07APR1968,4,1,3,2,5,4,3,NRP,,,,1,0,0,1,0,1,BMW,1100,R1100R ABS,ROADSTER,2,1996,37,1,2,7000,4,,,,,,,,,,,,,,,,,,,,,,,,,,,,,,,,,,,,,,,,,,,,,7000,3,4,,,,,,,,NRP,NRP,NRP,NRP,2006,NRP,NRP,1986,NRP,,,