Ligne,Ligne Q qualif,Ligne approfondissement Accident,ACCIDENT,NBACC1,ACCFREQUENCE1,ANNEEACC1_1,ANNEEACC1_2,ANNEEACC1_3,ANNEEACC1_4,ANNEEACC1_5,NBACC2,ACCFREQUENCE2,ANNEEACC2_1,ANNEEACC2_2,ANNEEACC2_3,ANNEEACC2_4,ANNEEACC2_5,NBACC3,ACCFREQUENCE3,ANNEEACC3_1,ANNEEACC3_2,ANNEEACC3_3,ANNEEACC3_4,ANNEEACC3_5,NBACC4,ACCFREQUENCE4,ANNEEACC4_1,ANNEEACC4_2,ANNEEACC4_3,ANNEEACC4_4,ANNEEACC4_5,NBACC5,ACCFREQUENCE5,ANNEEACC5_1,ANNEEACC5_2,ANNEEACC5_3,ANNEEACC5_4,ANNEEACC5_5,NBACC6,ACCFREQUENCE6,ANNEEACC6_1,ANNEEACC6_2,ANNEEACC6_3,ANNEEACC6_4,ANNEEACC6_5,NBACC7,ACCFREQUENCE7,ANNEEACC7_1,ANNEEACC7_2,ANNEEACC7_3,ANNEEACC7_4,ANNEEACC7_5,NBACC8,ACCFREQUENCE8,ANNEEACC8_1,ANNEEACC8_2,ANNEEACC8_3,ANNEEACC8_4,ANNEEACC8_5,NBACC9,ACCFREQUENCE9,ANNEEACC9_1,ANNEEACC9_2,ANNEEACC9_3,ANNEEACC9_4,ANNEEACC9_5,NBACC10,ACCFREQUENCE10,ANNEEACC10_1,ANNEEACC10_2,ANNEEACC10_3,ANNEEACC10_4,ANNEEACC10_5,NBACC11,ACCFREQUENCE11,ANNEEACC11_1,ANNEEACC11_2,ANNEEACC11_3,ANNEEACC11_4,ANNEEACC11_5,NBACC12,ACCFREQUENCE12,ANNEEACC12_1,ANNEEACC12_2,ANNEEACC12_3,ANNEEACC12_4,ANNEEACC12_5,NBACC13,ACCFREQUENCE13,ANNEEACC13_1,ANNEEACC13_2,ANNEEACC13_3,ANNEEACC13_4,ANNEEACC13_5,NBACC14,ACCFREQUENCE14,ANNEEACC14_1,ANNEEACC14_2,ANNEEACC14_3,ANNEEACC14_4,ANNEEACC14_5,AUTRESACC,NBAUTRESACC,TOTAL_AC,ANNEEAUTREACC1,ANNEEAUTREACC2,ANNEEAUTREACC3,ANNEEAUTREACC4,ANNEEAUTREACC5,LIEUAUTREACC1,LIEUAUTREACC2,LIEUAUTREACC3,LIEUAUTREACC4,LIEUAUTREACC5,DESCRIPTIONAUTRESACC1,DESCRIPTIONAUTRESACC2,DESCRIPTIONAUTRESACC3,DESCRIPTIONAUTRESACC4,DESCRIPTIONAUTRESACC5,NBAUTRESACCCIRCUIT,NBAUTRESTOUTTERRAIN,EXPCYCLO,EXP125,EXPSUP125,ACCORDNEXTQ,CHOIXACC,RGPMTACC,RECUPANNEE,RECUPLIEU,RECUPANNE,RGPMTAC,CHOIX1,CHOIX2,CHOIX3,CHOIX4,CHOIX5,CHOIX6,CHOIX7,DESCRIPTION,RUPTURE,FAITS,ABS_REACTION,AUTRE_REACTION,PRECISIONREACTIONOUI,RECUL,PRECISIONREACTIONNON,IMPACTCOMPORTEMENT,AUTREUSAGER,REACTIONAUTREUSAGER,CONNAISSANCEREACTIONUSAGER,DIFFICULTES,AGGRAVATION,DIFFICULTES2,EMOTIONS1,EMOTIONS2,EMOTIONS3,EMOTIONS4,EMOTIONS5,EMOTIONS6,AUTRESENTIMENT,CLASSEMENTEMOTIONS1,CLASSEMENTEMOTIONS,CLASSEMENTEMOTIONS5,CLASSEMENTEMOTIONS6,CLASSEMENTEMOTIONS7,CLASSEMENTEMOTIONS8,CLASSEMENTEMOTIONS9,EXPLICATIONRESSENTI,BIENEQUIPE,ALLURE,ALLUREVITEDETAIL,ALLURELENTEDETAIL,SITUATIONPRESSE,SITUATIONDISTRAIT,SITUATIONCONFIANT,SITUATIONCONTROLE,SITUATIONLUDIQUE,SITUATIONPERF,SITUATIONSTRESS,SITUATIONFATIGUE,HUMEURNEUTRE,HUMEURGAI,HUMEURMECONTENT,HUMEURTRISTE,HUMEURCOLERE,CONTRIBUTION1,CONTRIBUTION2,CONTRIBUTION3,CONTRIBUTION4,CONTRIBUTION5,CONTRIBUTION6,CONTRIBUTION7,CONTRIBUTION8,CONTRIBUTION9,ROLEINFRA,ELEMENTINFRA1,ELEMENTINFRA2,ELEMENTINFRA3,ELEMENTINFRA4,ELEMENTINFRA5,ELEMENTINFRA6,ELEMENTINFRA7,ELEMENTINFRA8,ELEMENTINFRA9,ALCOOL,TXALCOOL,STUP,SEMAINE,MOMENTJOURNEE,TEMPS,CAUSEACC1,CAUSEACC2,CAUSEACC3,CAUSEACC4,CAUSEACC5,FORMATIONCAUSE,FORMATION1,FORMATION2,FORMATION3,FORMATION4,FORMATION5,TRAFIC,CHAUSSEE1,CHAUSSEE2,CHAUSSEE3,CHAUSSEE4,TYPEACC,BLESSURE,TETE,COU,THORAX,MEMBRESSUP,COLONNE,BASSIN,MEMBRESINF,HOPITAL,PLUS24H,TRAJET,TYPEROUTE,MOTIF,SENSTRAJET,PASSAGER,VITESSE,DESCEQ1,DESCEQ2,DESCEQ3,DESCEQ4,DESCEQ5,DESCEQ6,DESCEQ7,DESCEQ8,DESCEQ9,DESCEQ10,VEHICULEETE,VEHICULEAUTOMNE,VEHICULEPRINTEMPS,VEHICULEHIVER,VEHICULESEMAINE,VEHICULEWE,VEHMARQUE,VEHCYLINDREE,VEHMODELE,VEHSEGMENT,VEHSIDE,EQ2RMABS,EQ2RMCBS,EQ2RMABSCBS,EQ2RMREGULATEUR,EQ2RMLIMITEUR,EQ2RMPHARESDIRECT,EQ2RMCOUPURE,EQ2RMANTIPATINAGE,EQ2RMANTIXHEELING,EQ2RMSTABILILTE,VEHKM,POINTS,DUREE,AUTRE2RM,VEHPRECMARQUE,VEHPRECCYLINDREE,VEHPRECMODELE,VEHPRECSEGMENT,VEHPRECSIDE,TEMPS2RMPREC,FREQVEHPREC,DATE_NAISS,CSP,SOCIETAIRE,SALARIE,SECTEUR2RM,NBPERSFOYER,SITFAM,NBENF,TRNBENF1,TRNBENF2,TRNBENF3,TRNBENF4,NBAUTOFOYER,NBCYCLOFOYER,NBSCOOTFOYER,NBMOTOFOYER,NBTRIKEFOYER,NB2RMCONDUIT,MARQUE1,CYLINDREE1,MODELE1,SEGMENT1,SIDE1,ANMISECIRCU1,ASS1,FREQ1,USAGE1,NBKM1,GARAGE1,MARQUE2,CYLINDREE2,MODELE2,SEGMENT2,SIDE2,ANMISECIRCU2,ASS2,FREQ2,USAGE2,NBKM2,GARAGE2,MARQUE3,CYLINDREE3,MODELE3,SEGMENT3,SIDE3,ANMISECIRCU3,ASS3,FREQ3,USAGE3,NBKM3,GARAGE3,MARQUE4,CYLINDREE4,MODELE4,SEGMENT4,SIDE4,ANMISECIRCU4,ASS4,FREQ4,USAGE4,NBKM4,GARAGE4,MARQUE5,CYLINDREE5,MODELE5,SEGMENT5,SIDE5,ANMISECIRCU5,ASS5,FREQ5,USAGE5,NBKM5,GARAGE5,NBKMTOT,PERMIS1,PERMIS2,PERMIS3,PERMIS4,PERMIS5,PERMIS6,PERMIS7,PERMIS8,PERMIS9,ANPERMIS1,ANPERMIS6,ANPERMIS7,ANPERMIS2,ANPERMIS3,ANPERMIS8,ANPERMIS9,ANPERMIS4,ANPERMIS5,,,
1690,4024,,0,,,,,,,,,,,,,,,,,,,,,,,,,,,,,,,,,,,,,,,,,,,,,,,,,,,,,,,,,,,,,,,,,,,,,,,,,,,,,,,,,,,,,,,,,,,,,,,,,,,,,,,,,,,,,,,,,,,,,,,,,,,,,,,,,,,,,,,,,,,,,,,,,,,,,,,,,,,,,,,,,,,,,,,,,,,,,,,,,,,,,,,,,,,,,,,,,,,,,,,,,,,,,,,,,,,,,,,,,,,,,,,,,,,,,,,,,,,,,,,,,,,,,,,,,,,,,,,,,,,,,,,,,,,,,,,,,,,,,,,,,,,30JAN1984,8,2,3,2,2,3,,NRP,,,,2,0,0,1,0,1,SUZUKI,650,BANDIT-N,ROADSTER,2,2012,40,3,1,5000,7,,,,,,,,,,,,,,,,,,,,,,,,,,,,,,,,,,,,,,,,,,,,,5000,3,4,,,,,,,,NRP,NRP,NRP,NRP,2003,NRP,NRP,2002,NRP,,,
322,4025,126,1,0,4,,,,,,0,4,,,,,,0,3,,,,,,0,3,,,,,,1,4,2005,,,,,0,2,,,,,,0,2,,,,,,1,4,2006,,,,,0,4,,,,,,0,3,,,,,,0,4,,,,,,0,4,,,,,,0,2,,,,,,0,1,,,,,,0,,2,,,,,,,,,,,,,,,,,,0,0,11,1,36,8,2006,,2006,"Vous avez fait une sortie de route, une perte de contrôle ou une glissade puis avez percuté un obstacle fixe (panneau, arbre poteau ).",4,,,,,,,"Perte de l'avant en quasi ligne droite, objet sur la route ? huile ? gasoil ? circonstance indéterminé à 90 km/h (respect de la limitation de vitesse) glissade jusqu'a percuté la glissière de sécurité.","dans ma tête c'etait, Je vais glissé jusque ou ? pourvu que je ne percute pas la glissière .. ça va faire mal .. et Paf la glissière ..","Pas eut le temps réagir que j'etais déjà au sol. j'espèrai que la voiture derrière s'arrete à temps, et qu'en face également, se fut le cas.",3,0,,,"parce qu'a ce jour, je ne sais toujours pas pourquoi je suis tombé",2,0,,,,,,6,7,,,,,,,,,,,1,,je perds l'avant sans raison.. rien à faire à part subir,4,3,,,2,2,3,3,3,1,1,4,2,2,4,4,4,4,,,,,,,,,1,3,,,,,,,,2,2,,2,1,3,1,25,0,0,75,0,2,,,,,,1,1,4,6,,2,1,5,6,7,,,,,1,1,1,2,1,1,0,90,1,2,3,4,7,9,,,,,4,4,4,4,4,4,SUZUKI,1200,BANDIT,ROADSTER,2,1,1,1,1,1,1,1,1,1,1,40000,12,3,1,SUZUKI,600,BANDIT,ROADSTER,2,3,4,21DEC1984,7,2,3,2,3,4,1,NRP,,,,2,0,0,2,0,2,BMW,650,F650GS,TRAIL / SUPERMOTARD,2,2004,39,1,2,20000,7,APRILIA,1000,RS-V R (CC) HAGA REPLICA,SPORTIVE,2,2002,41,4,1,5000,7,,,,,,,,,,,,,,,,,,,,,,,,,,,,,,,,,,25000,3,4,,,,,,,,NRP,NRP,NRP,NRP,2004,NRP,NRP,2002,NRP,,,
2054,4026,,1,0,3,,,,,,0,3,,,,,,0,4,,,,,,0,3,,,,,,0,3,,,,,,0,3,,,,,,1,3,NSP,,,,,0,3,,,,,,2,4,NSP,2009,,,,0,4,,,,,,0,4,,,,,,0,3,,,,,,0,3,,,,,,0,3,,,,,,0,,3,,,,,,,,,,,,,,,,,,6,0,30,1,42,9,2009,,,,,,,,,,,,,,,,,,,,,,,,,,,,,,,,,,,,,,,,,,,,,,,,,,,,,,,,,,,,,,,,,,,,,,,,,,,,,,,,,,,,,,,,,,,,,,,,,,,,,,,,,,,,,,,,,,,,,,,,,,,,,,,,,,,,,,,,,,,,,,,,,,,,,,,,,,,,,,06JUN1958,7,1,3,2,3,5,0,NRP,,,,1,0,0,1,0,1,MOTO GUZZI,1200,GRISO 8V,ROADSTER,2,2011,37,1,2,4000,7,,,,,,,,,,,,,,,,,,,,,,,,,,,,,,,,,,,,,,,,,,,,,4000,2,3,4,,,,,,,NRP,NRP,NRP,1979,1985,NRP,NRP,1979,NRP,,,
227,4030,,1,0,3,,,,,,0,5,,,,,,0,5,,,,,,0,4,,,,,,0,3,,,,,,0,5,,,,,,0,2,,,,,,1,3,2013,,,,,0,4,,,,,,0,1,,,,,,0,3,,,,,,0,2,,,,,,0,2,,,,,,0,2,,,,,,0,,1,,,,,,,,,,,,,,,,,,4,0,18,1,36,8,2013,,,,,,,,,,,,,,,,,,,,,,,,,,,,,,,,,,,,,,,,,,,,,,,,,,,,,,,,,,,,,,,,,,,,,,,,,,,,,,,,,,,,,,,,,,,,,,,,,,,,,,,,,,,,,,,,,,,,,,,,,,,,,,,,,,,,,,,,,,,,,,,,,,,,,,,,,,,,,,18MAR1973,5,1,3,2,2,3,,NRP,,,,1,0,0,1,0,1,DUCATI,1100,MULTISTRADA S,ROADSTER,2,2006,37,1,2,6000,1,,,,,,,,,,,,,,,,,,,,,,,,,,,,,,,,,,,,,,,,,,,,,6000,4,3,,,,,,,,NRP,NRP,NRP,NRP,1996,NRP,NRP,1994,NRP,,,
854,4034,49,1,0,4,,,,,,0,5,,,,,,0,6,,,,,,0,2,,,,,,0,6,,,,,,0,5,,,,,,0,3,,,,,,0,4,,,,,,0,4,,,,,,1,5,2010,,,,,0,5,,,,,,0,2,,,,,,2,4,2008,2009,,,,1,5,2013,,,,,0,,4,,,,,,,,,,,,,,,,,,12,5,7,1,46,10,2010,,2010,"Vous circuliez sur un axe constitué dau moins "" 2 X 2 voies "" (en urbain, périphérique, autoroute, RN ). Un véhicule vous a coupé la route en changeant de voie pour se placer sur celle de droite.","AUT|Le plus manifestement lié ni à la vitesse de l'un ni à celle de l'autre, mais à un défaut d'attention",,,,,,,"Circulant ""en interfile"" à une période de l'année où il fait très froid et alors qu'il a gelé les jour précédents, je suis à une vitesse comprise entre 40 et 60 km/h en moyenne. Dans un virage, alors que la visibilité est réduite mais que le marquage au sol le permet, un automobiliste met son clignotant et déboîte dans la foulée. J'ai vu le clignotant s'allumer à l'arrière de la voiture au moment où ma tête passait à sa hauteur et j'ai juste eu le temps de me déporter un peu sur le côté avant d'arracher complètement l'avant de la roue de ce véhicule ainsi que le part-choc. Je suis resté debout et je n'ai pas eu de choc direct. Ce qui est frappant, pour moi, c'est l'excuse du conducteur ""je vous avais pas vu"", liée au fait que, sur cet axe, il y a profusion de panneaux divers signalant peu de choses, mais aucun marquage au sol qui précise qu'il ne faut pas déboîter dans les virages, là ou la visibilité est réduite. Cela dit, c'est dans le code de la route, et chacun devrait le savoir...","La visibilité momentanément restreinte liée, probablement, à un ""oubli"" du conducteur de contrôler ses angles morts. A part cela, la circulation était globalement fluide, lente, mais fluide.","J'ai vu le clignotant de la voiture et me suis dit immédiatement que c'était trop tard. Le temps de me le dire, je crois que j'ai freiné et que je n'aurais pas du.",NRP,1,"J'aurais mieux fait d'accélérer. Cela m'aurait permis de dépasser le point d'impact... Cela dit, ça aurait peut être déplacé le point d'impact à l'arrière de ma moto et m'aurait envoyé par terre alors que sur ce choc, je ne suis pas tombé.","Le réflexe de crispation sur le frein est le plus fort, là où un peu plus de réflexion manque...",,2,1,NSP,,"Manque de visibilité certainement, puisque c'était en virage.",1,Absence de contrôle entre le moment de la mise en route des clignotants et la manoeuvre signalée.,1,6,,,,,,2,,,,,1,,"J'ai su qu'il était trop tard... Là, il n'y a, d'une certaine façon, qu'à attendre...",4,3,,,1,1,2,4,1,1,1,1,3,3,4,4,4,10,,,,,,,,,1,1,2,,,,,,,2,2,,2,1,1,1,0,100,0,0,0,1,AUT|Je pense à la formation du conducteur de l'automobile. Il n'avait aucune notion de la possibilité de la présence d'une moto à cet endroit.,,,,,2,1,,,,1,,,,,,,,,,,1,4,1,1,0,50,1,2,3,4,7,9,,,,,4,4,4,4,4,4,HONDA,700,TRANSALP ABS,TRAIL / SUPERMOTARD,2,0,0,0,1,1,1,1,1,1,1,NSP,10,4,1,HONDA,125,PANTHEON (FES),SCOOTER,2,4,4,25FEB1978,5,2,3,2,5,4,3,NRP,,,,1,0,0,1,0,1,TRIUMPH,800,TIGER XC ABS,TRAIL / SUPERMOTARD,2,2012,10,1,2,8000,5,,,,,,,,,,,,,,,,,,,,,,,,,,,,,,,,,,,,,,,,,,,,,8000,3,4,,,,,,,,NRP,NRP,NRP,NRP,2008,NRP,NRP,1996,NRP,,,
261,4035,,0,,,,,,,,,,,,,,,,,,,,,,,,,,,,,,,,,,,,,,,,,,,,,,,,,,,,,,,,,,,,,,,,,,,,,,,,,,,,,,,,,,,,,,,,,,,,,,,,,,,,,,,,,,,,,,,,,,,,,,,,,,,,,,,,,,,,,,,,,,,,,,,,,,,,,,,,,,,,,,,,,,,,,,,,,,,,,,,,,,,,,,,,,,,,,,,,,,,,,,,,,,,,,,,,,,,,,,,,,,,,,,,,,,,,,,,,,,,,,,,,,,,,,,,,,,,,,,,,,,,,,,,,,,,,,,,,,,,,,,,,,,,06JUL1964,5,2,3,2,4,4,2,NRP,,,,2,0,0,4,0,2,HONDA,1200,VFR-F,Routière / GT,2,2011,18,3,1,12000,4,GAS GAS,300,EC ENDUCROSS,"TOUT TERRAIN (TRIAL, ENDURO, CROSS)",2,2004,18,4,1,1000,5,,,,,,,,,,,,,,,,,,,,,,,,,,,,,,,,,,13000,3,4,,,,,,,,NRP,NRP,NRP,NRP,1985,NRP,NRP,1982,NRP,,,
1966,4036,,1,0,5,,,,,,1,6,2007,,,,,0,5,,,,,,0,2,,,,,,0,4,,,,,,0,3,,,,,,0,4,,,,,,0,4,,,,,,1,5,1997,,,,,0,3,,,,,,0,5,,,,,,0,2,,,,,,0,2,,,,,,0,3,,,,,,0,,2,,,,,,,,,,,,,,,,,,0,0,25,1,41,9,1997,,,,,,,,,,,,,,,,,,,,,,,,,,,,,,,,,,,,,,,,,,,,,,,,,,,,,,,,,,,,,,,,,,,,,,,,,,,,,,,,,,,,,,,,,,,,,,,,,,,,,,,,,,,,,,,,,,,,,,,,,,,,,,,,,,,,,,,,,,,,,,,,,,,,,,,,,,,,,,26OCT1969,5,1,3,2,5,4,3,NRP,,,,3,0,0,1,0,1,APRILIA,1000,SL-V FALCO,SPORTIVE,2,2007,37,2,2,10000,7,,,,,,,,,,,,,,,,,,,,,,,,,,,,,,,,,,,,,,,,,,,,,10000,3,4,,,,,,,,NRP,NRP,NRP,NRP,1990,NRP,NRP,1987,NRP,,,
394,4037,302,1,0,3,,,,,,0,2,,,,,,0,3,,,,,,0,1,,,,,,0,3,,,,,,1,3,2009,,,,,0,1,,,,,,0,3,,,,,,0,1,,,,,,0,2,,,,,,1,4,2006,,,,,0,1,,,,,,0,2,,,,,,0,2,,,,,,1,3,5,2003,2006,2009,,,Cergy,Vélizy,Igny,,,Un chient non tenu en laisse à traversé la route devant moi.,"Une voiture étant sur la voie de droite, m'a percuté à basse vitesse pour ce rangé sur la voie de gauche.","Une voiture sortant d'un parking, cachée par une camionnette que j'étais en train de doublé a coupé ma route. Cela c'est passé à très basse vitesse.",,,0,0,0,0,16,1,73,15,2009,Igny,2009,Autre(s) type(s) d'accident(s).,3,6,,,,,,"Le plus marquant car en partie dû à un manque de bon réflexe de ma part et également dû à la confiance dans un parcourt connu.  En effet, cet accident est survenu alors que je remontais la rue passant devant ma résidence, qui me mène sur la N118 et que j'emprunte tous les jours. Ce jour là elle était complètement saturée et je la remontais en doublant les véhicules à faible allure et en me méfiant. C'est certainement cela qui m'a permis en plus de mon pantalon moto avec coques de m'en tiré juste avec une égratignure au genou. En fait un camionnette de cette file à laissé passer une voiture qui sortait de son parking pour remonter la rue que je descendais. Le manque de visibilité dû à la camionnette, m'a obligé à freiner brutalement, lorsque j'ai aperçu la voiture devant la camionnette, le revêtement de cette rue n'étant pas spécialement en bonne état et la météo était plutôt humide et froide, j'ai bloqué l'avant.","La surprise de voir ce véhicule devant moi, alors que je n'avais pas envisagé cette situation !! Le mauvais réflexe, peut-être, de ma tentative de freiner un peut trop brutalement vu les conditions.","Je pense avoir bien réagit mais pas avec le bon dosage (sur les freins) et pas aidé par l'état de la route et les conditions météo.  Je dis bien avoir réagit, car il n'y a eu de choque avec le véhicule, mais je me suis malgré tout retrouvé par terre.  Le véhicule a bien réagit, car autant surpris que moi, il a freiné et a bien sur participé au fait que l'on ne se soit pas rencontré.",NRP,1,"Faire ce que je fais maintenant, ne pas ""imaginer""  ce qu'il peut avoir là ou je ne vois pas !!  Dans des cas comme celui de l'accident, je ne continu mon chemin, qu'une fois que je suis sûr qu le route est sans dangers.",Je me suis aussi laissé piégé par l'habitude...,,2,1,1,1,NSP,2,"S'il n'avait pas freiné, il y aurait eu choque",1,2,6,,,,,3,1,,,,2,,Situation que je n'avais pas imaginé,4,1,1,,1,1,3,3,1,1,1,1,1,4,4,4,4,1,5,,,,,,,,1,3,5,,,,,,,2,2,,2,1,3,2,55,5,0,20,20,NSP,,,,,,4,2,7,,,2,1,7,,,,,,,0,,1,1,1,1,0,15,1,2,3,4,7,9,,,,,4,4,4,4,4,4,YAMAHA,1000,"FZ1 ""N""",ROADSTER,2,1,1,1,1,1,1,1,1,1,1,NSP,12,3,1,YAMAHA,600,R6 (YZF-R6),SPORTIVE,2,4,4,20MAY1964,7,1,3,2,1,1,,NRP,,,,1,0,0,1,0,1,YAMAHA,800,FZ8,ROADSTER,2,2010,37,1,2,8000,6,,,,,,,,,,,,,,,,,,,,,,,,,,,,,,,,,,,,,,,,,,,,,8000,3,4,,,,,,,,NRP,NRP,NRP,NRP,1999,NRP,NRP,1983,NRP,,,
694,4038,,1,0,3,,,,,,1,5,1981,,,,,0,5,,,,,,0,2,,,,,,1,5,2012,,,,,0,2,,,,,,0,2,,,,,,0,3,,,,,,0,3,,,,,,0,3,,,,,,1,5,2011,,,,,0,3,,,,,,0,3,,,,,,0,1,,,,,,0,,3,,,,,,,,,,,,,,,,,,2,4,15,1,21,5,2012,,,,,,,,,,,,,,,,,,,,,,,,,,,,,,,,,,,,,,,,,,,,,,,,,,,,,,,,,,,,,,,,,,,,,,,,,,,,,,,,,,,,,,,,,,,,,,,,,,,,,,,,,,,,,,,,,,,,,,,,,,,,,,,,,,,,,,,,,,,,,,,,,,,,,,,,,,,,,,26DEC1962,4,2,3,2,4,4,2,NRP,,,,3,0,0,1,0,1,YAMAHA,1300,FJR ABS,Routière / GT,2,2013,10,2,3,10000,7,,,,,,,,,,,,,,,,,,,,,,,,,,,,,,,,,,,,,,,,,,,,,10000,3,4,,,,,,,,NRP,NRP,NRP,NRP,2003,NRP,NRP,1981,NRP,,,
1406,4040,,1,0,4,,,,,,0,5,,,,,,0,5,,,,,,0,5,,,,,,1,5,2006,,,,,0,5,,,,,,0,4,,,,,,0,4,,,,,,1,4,2005,,,,,0,5,,,,,,0,5,,,,,,0,3,,,,,,0,4,,,,,,0,4,,,,,,0,,2,,,,,,,,,,,,,,,,,,3,0,16,1,21,5,2006,,,,,,,,,,,,,,,,,,,,,,,,,,,,,,,,,,,,,,,,,,,,,,,,,,,,,,,,,,,,,,,,,,,,,,,,,,,,,,,,,,,,,,,,,,,,,,,,,,,,,,,,,,,,,,,,,,,,,,,,,,,,,,,,,,,,,,,,,,,,,,,,,,,,,,,,,,,,,,20SEP1970,7,1,3,2,4,4,2,NRP,,,,1,0,0,1,0,1,YAMAHA,1200,XTZ SUPER TENERE,TRAIL / SUPERMOTARD,2,2011,37,1,2,12000,7,,,,,,,,,,,,,,,,,,,,,,,,,,,,,,,,,,,,,,,,,,,,,12000,2,3,4,,,,,,,NRP,NRP,NRP,1990,1999,NRP,NRP,1990,NRP,,,
329,4044,62,1,0,6,,,,,,0,6,,,,,,1,6,NSP,,,,,0,5,,,,,,0,5,,,,,,1,5,2014,,,,,0,5,,,,,,3,6,2007,2008,2012,,,0,2,,,,,,0,6,,,,,,0,6,,,,,,0,3,,,,,,0,4,,,,,,0,4,,,,,,0,,5,,,,,,,,,,,,,,,,,,15,0,8,1,26,6,2014,,2014,Vous remontiez une file de véhicules par la gauche. Un véhicule de la file a laissé passer un autre véhicule venant dun autre axe non prioritaire. Ce dernier vous a coupé la route.,3,6,AUT|le plus couteux,,,,,"Le manque de visibilité fait que ni moi, ni l'automobiliste ne pouvions voir quoi que ce soit. Situation à la con... La police ne m'a pas reproché ma remonté de fil : tant mieux ! Mais cela reste anxiogene quand on est à terre et que les pandores arrivent...","Freinage d'urgence, voiture qui continue d'accélérer dans ma direction, porte qui se ferme... Plus d'erreur possible, c'est l'heure.","L'autre usagé regardait du coté opposé, et accélérait pour s'insérer en tournant à gauche... Freinage d'urgence, porte fermée, j'ai couché la moto au moment ou la voiture me touchait et je me suis ejecté pour éviter le vol plané...",NRP,0,,,Je ne pouvais pas freiner plus tot. Je ne pouvais pas éviter la voiture. Si je n'avais pas couché la moto la voiture me percutait en quasi-frontal...,2,1,2,,NSP,1,"Accélérant pour prendre sa place dans la circulation, et regardant du coté opposé pour vérifier que personne n'arrivait de sa droite, meme si j'avais été à l'arret complet elle m'aurait roulé dessus...",1,6,,,,,,1,,,,,2,,"Peur pour la moto ! Peur du choc, du vol plané, de l'aterrissage contre un obstacle.",4,1,3,,4,4,3,3,1,1,1,4,5,5,1,5,1,1,2,3,4,,,,,,1,2,,,,,,,,2,2,,2,1,1,2,50,50,0,0,0,2,,,,,,4,2,,,,1,,,,,,,,,,,2,1,3,,0,50,1,2,3,4,7,9,,,,,4,4,4,4,4,4,HONDA,800,VFR-F,Routière / GT,2,1,0,1,1,1,1,1,1,1,1,61000,12,4,1,HONDA,500,CB,ROADSTER,2,4,4,18JUL1984,6,2,3,2,3,5,0,NRP,,,,1,2,0,2,0,3,HONDA,800,VFR-F,Routière / GT,2,2001,31,2,1,12000,7,MOTOBECANE,50,50V,ROADSTER,2,1978,31,4,1,100,7,MBK,50,51V,ROADSTER,2,1992,41,4,1,0,7,,,,,,,,,,,,,,,,,,,,,,,12100,3,4,,,,,,,,NRP,NRP,NRP,NRP,2009,NRP,NRP,2003,NRP,,,
151,4045,,0,,,,,,,,,,,,,,,,,,,,,,,,,,,,,,,,,,,,,,,,,,,,,,,,,,,,,,,,,,,,,,,,,,,,,,,,,,,,,,,,,,,,,,,,,,,,,,,,,,,,,,,,,,,,,,,,,,,,,,,,,,,,,,,,,,,,,,,,,,,,,,,,,,,,,,,,,,,,,,,,,,,,,,,,,,,,,,,,,,,,,,,,,,,,,,,,,,,,,,,,,,,,,,,,,,,,,,,,,,,,,,,,,,,,,,,,,,,,,,,,,,,,,,,,,,,,,,,,,,,,,,,,,,,,,,,,,,,,,,,,,,,14SEP1984,5,2,3,2,2,3,,NRP,,,,2,0,0,2,0,2,YAMAHA,600,FZ6-S FAZER  S2,ROADSTER,2,2009,29,1,2,12000,7,YAMAHA,600,R6 IE (YZF-R6),SPORTIVE,2,2003,29,4,1,1000,7,,,,,,,,,,,,,,,,,,,,,,,,,,,,,,,,,,13000,3,4,,,,,,,,NRP,NRP,NRP,NRP,2008,NRP,NRP,2002,NRP,,,