Ligne,Ligne Q qualif,Ligne approfondissement Accident,ACCIDENT,NBACC1,ACCFREQUENCE1,ANNEEACC1_1,ANNEEACC1_2,ANNEEACC1_3,ANNEEACC1_4,ANNEEACC1_5,NBACC2,ACCFREQUENCE2,ANNEEACC2_1,ANNEEACC2_2,ANNEEACC2_3,ANNEEACC2_4,ANNEEACC2_5,NBACC3,ACCFREQUENCE3,ANNEEACC3_1,ANNEEACC3_2,ANNEEACC3_3,ANNEEACC3_4,ANNEEACC3_5,NBACC4,ACCFREQUENCE4,ANNEEACC4_1,ANNEEACC4_2,ANNEEACC4_3,ANNEEACC4_4,ANNEEACC4_5,NBACC5,ACCFREQUENCE5,ANNEEACC5_1,ANNEEACC5_2,ANNEEACC5_3,ANNEEACC5_4,ANNEEACC5_5,NBACC6,ACCFREQUENCE6,ANNEEACC6_1,ANNEEACC6_2,ANNEEACC6_3,ANNEEACC6_4,ANNEEACC6_5,NBACC7,ACCFREQUENCE7,ANNEEACC7_1,ANNEEACC7_2,ANNEEACC7_3,ANNEEACC7_4,ANNEEACC7_5,NBACC8,ACCFREQUENCE8,ANNEEACC8_1,ANNEEACC8_2,ANNEEACC8_3,ANNEEACC8_4,ANNEEACC8_5,NBACC9,ACCFREQUENCE9,ANNEEACC9_1,ANNEEACC9_2,ANNEEACC9_3,ANNEEACC9_4,ANNEEACC9_5,NBACC10,ACCFREQUENCE10,ANNEEACC10_1,ANNEEACC10_2,ANNEEACC10_3,ANNEEACC10_4,ANNEEACC10_5,NBACC11,ACCFREQUENCE11,ANNEEACC11_1,ANNEEACC11_2,ANNEEACC11_3,ANNEEACC11_4,ANNEEACC11_5,NBACC12,ACCFREQUENCE12,ANNEEACC12_1,ANNEEACC12_2,ANNEEACC12_3,ANNEEACC12_4,ANNEEACC12_5,NBACC13,ACCFREQUENCE13,ANNEEACC13_1,ANNEEACC13_2,ANNEEACC13_3,ANNEEACC13_4,ANNEEACC13_5,NBACC14,ACCFREQUENCE14,ANNEEACC14_1,ANNEEACC14_2,ANNEEACC14_3,ANNEEACC14_4,ANNEEACC14_5,AUTRESACC,NBAUTRESACC,TOTAL_AC,ANNEEAUTREACC1,ANNEEAUTREACC2,ANNEEAUTREACC3,ANNEEAUTREACC4,ANNEEAUTREACC5,LIEUAUTREACC1,LIEUAUTREACC2,LIEUAUTREACC3,LIEUAUTREACC4,LIEUAUTREACC5,DESCRIPTIONAUTRESACC1,DESCRIPTIONAUTRESACC2,DESCRIPTIONAUTRESACC3,DESCRIPTIONAUTRESACC4,DESCRIPTIONAUTRESACC5,NBAUTRESACCCIRCUIT,NBAUTRESTOUTTERRAIN,EXPCYCLO,EXP125,EXPSUP125,ACCORDNEXTQ,CHOIXACC,RGPMTACC,RECUPANNEE,RECUPLIEU,RECUPANNE,RGPMTAC,CHOIX1,CHOIX2,CHOIX3,CHOIX4,CHOIX5,CHOIX6,CHOIX7,DESCRIPTION,RUPTURE,FAITS,ABS_REACTION,AUTRE_REACTION,PRECISIONREACTIONOUI,RECUL,PRECISIONREACTIONNON,IMPACTCOMPORTEMENT,AUTREUSAGER,REACTIONAUTREUSAGER,CONNAISSANCEREACTIONUSAGER,DIFFICULTES,AGGRAVATION,DIFFICULTES2,EMOTIONS1,EMOTIONS2,EMOTIONS3,EMOTIONS4,EMOTIONS5,EMOTIONS6,AUTRESENTIMENT,CLASSEMENTEMOTIONS1,CLASSEMENTEMOTIONS,CLASSEMENTEMOTIONS5,CLASSEMENTEMOTIONS6,CLASSEMENTEMOTIONS7,CLASSEMENTEMOTIONS8,CLASSEMENTEMOTIONS9,EXPLICATIONRESSENTI,BIENEQUIPE,ALLURE,ALLUREVITEDETAIL,ALLURELENTEDETAIL,SITUATIONPRESSE,SITUATIONDISTRAIT,SITUATIONCONFIANT,SITUATIONCONTROLE,SITUATIONLUDIQUE,SITUATIONPERF,SITUATIONSTRESS,SITUATIONFATIGUE,HUMEURNEUTRE,HUMEURGAI,HUMEURMECONTENT,HUMEURTRISTE,HUMEURCOLERE,CONTRIBUTION1,CONTRIBUTION2,CONTRIBUTION3,CONTRIBUTION4,CONTRIBUTION5,CONTRIBUTION6,CONTRIBUTION7,CONTRIBUTION8,CONTRIBUTION9,ROLEINFRA,ELEMENTINFRA1,ELEMENTINFRA2,ELEMENTINFRA3,ELEMENTINFRA4,ELEMENTINFRA5,ELEMENTINFRA6,ELEMENTINFRA7,ELEMENTINFRA8,ELEMENTINFRA9,ALCOOL,TXALCOOL,STUP,SEMAINE,MOMENTJOURNEE,TEMPS,CAUSEACC1,CAUSEACC2,CAUSEACC3,CAUSEACC4,CAUSEACC5,FORMATIONCAUSE,FORMATION1,FORMATION2,FORMATION3,FORMATION4,FORMATION5,TRAFIC,CHAUSSEE1,CHAUSSEE2,CHAUSSEE3,CHAUSSEE4,TYPEACC,BLESSURE,TETE,COU,THORAX,MEMBRESSUP,COLONNE,BASSIN,MEMBRESINF,HOPITAL,PLUS24H,TRAJET,TYPEROUTE,MOTIF,SENSTRAJET,PASSAGER,VITESSE,DESCEQ1,DESCEQ2,DESCEQ3,DESCEQ4,DESCEQ5,DESCEQ6,DESCEQ7,DESCEQ8,DESCEQ9,DESCEQ10,VEHICULEETE,VEHICULEAUTOMNE,VEHICULEPRINTEMPS,VEHICULEHIVER,VEHICULESEMAINE,VEHICULEWE,VEHMARQUE,VEHCYLINDREE,VEHMODELE,VEHSEGMENT,VEHSIDE,EQ2RMABS,EQ2RMCBS,EQ2RMABSCBS,EQ2RMREGULATEUR,EQ2RMLIMITEUR,EQ2RMPHARESDIRECT,EQ2RMCOUPURE,EQ2RMANTIPATINAGE,EQ2RMANTIXHEELING,EQ2RMSTABILILTE,VEHKM,POINTS,DUREE,AUTRE2RM,VEHPRECMARQUE,VEHPRECCYLINDREE,VEHPRECMODELE,VEHPRECSEGMENT,VEHPRECSIDE,TEMPS2RMPREC,FREQVEHPREC,DATE_NAISS,CSP,SOCIETAIRE,SALARIE,SECTEUR2RM,NBPERSFOYER,SITFAM,NBENF,TRNBENF1,TRNBENF2,TRNBENF3,TRNBENF4,NBAUTOFOYER,NBCYCLOFOYER,NBSCOOTFOYER,NBMOTOFOYER,NBTRIKEFOYER,NB2RMCONDUIT,MARQUE1,CYLINDREE1,MODELE1,SEGMENT1,SIDE1,ANMISECIRCU1,ASS1,FREQ1,USAGE1,NBKM1,GARAGE1,MARQUE2,CYLINDREE2,MODELE2,SEGMENT2,SIDE2,ANMISECIRCU2,ASS2,FREQ2,USAGE2,NBKM2,GARAGE2,MARQUE3,CYLINDREE3,MODELE3,SEGMENT3,SIDE3,ANMISECIRCU3,ASS3,FREQ3,USAGE3,NBKM3,GARAGE3,MARQUE4,CYLINDREE4,MODELE4,SEGMENT4,SIDE4,ANMISECIRCU4,ASS4,FREQ4,USAGE4,NBKM4,GARAGE4,MARQUE5,CYLINDREE5,MODELE5,SEGMENT5,SIDE5,ANMISECIRCU5,ASS5,FREQ5,USAGE5,NBKM5,GARAGE5,NBKMTOT,PERMIS1,PERMIS2,PERMIS3,PERMIS4,PERMIS5,PERMIS6,PERMIS7,PERMIS8,PERMIS9,ANPERMIS1,ANPERMIS6,ANPERMIS7,ANPERMIS2,ANPERMIS3,ANPERMIS8,ANPERMIS9,ANPERMIS4,ANPERMIS5,,,
58,4221,,1,0,5,,,,,,0,5,,,,,,0,5,,,,,,0,2,,,,,,1,6,2010,,,,,0,4,,,,,,0,3,,,,,,0,2,,,,,,1,4,2011,,,,,0,3,,,,,,0,5,,,,,,0,5,,,,,,0,4,,,,,,0,5,,,,,,0,,2,,,,,,,,,,,,,,,,,,10,10,9,1,21,5,2010,,,,,,,,,,,,,,,,,,,,,,,,,,,,,,,,,,,,,,,,,,,,,,,,,,,,,,,,,,,,,,,,,,,,,,,,,,,,,,,,,,,,,,,,,,,,,,,,,,,,,,,,,,,,,,,,,,,,,,,,,,,,,,,,,,,,,,,,,,,,,,,,,,,,,,,,,,,,,,29APR1961,7,1,3,2,5,4,3,NRP,,,,3,0,0,1,0,1,HONDA,1000,VARADERO,TRAIL / SUPERMOTARD,2,2004,37,1,2,30000,AUT|grange,,,,,,,,,,,,,,,,,,,,,,,,,,,,,,,,,,,,,,,,,,,,,30000,2,3,4,,,,,,,NRP,NRP,NRP,1979,2006,NRP,NRP,1979,NRP,,,
321,4222,,0,,,,,,,,,,,,,,,,,,,,,,,,,,,,,,,,,,,,,,,,,,,,,,,,,,,,,,,,,,,,,,,,,,,,,,,,,,,,,,,,,,,,,,,,,,,,,,,,,,,,,,,,,,,,,,,,,,,,,,,,,,,,,,,,,,,,,,,,,,,,,,,,,,,,,,,,,,,,,,,,,,,,,,,,,,,,,,,,,,,,,,,,,,,,,,,,,,,,,,,,,,,,,,,,,,,,,,,,,,,,,,,,,,,,,,,,,,,,,,,,,,,,,,,,,,,,,,,,,,,,,,,,,,,,,,,,,,,,,,,,,,,22JUL1966,8,1,3,2,5,4,3,NRP,,,,2,0,0,1,0,1,YAMAHA,1300,FJR ABS,Routière / GT,2,2009,37,2,1,15000,7,,,,,,,,,,,,,,,,,,,,,,,,,,,,,,,,,,,,,,,,,,,,,15000,2,3,4,,,,,,,NRP,NRP,NRP,1985,1996,NRP,NRP,1985,NRP,,,
1987,4224,,1,0,4,,,,,,0,6,,,,,,0,5,,,,,,0,5,,,,,,0,5,,,,,,0,4,,,,,,0,4,,,,,,1,4,1977,,,,,1,4,1975,,,,,0,5,,,,,,0,6,,,,,,0,4,,,,,,1,4,1974,,,,,0,5,,,,,,0,,3,,,,,,,,,,,,,,,,,,2,2,42,1,36,8,1977,,,,,,,,,,,,,,,,,,,,,,,,,,,,,,,,,,,,,,,,,,,,,,,,,,,,,,,,,,,,,,,,,,,,,,,,,,,,,,,,,,,,,,,,,,,,,,,,,,,,,,,,,,,,,,,,,,,,,,,,,,,,,,,,,,,,,,,,,,,,,,,,,,,,,,,,,,,,,,09MAR1957,7,1,3,2,3,4,1,NRP,,,,2,0,0,2,0,2,MOTO GUZZI,1200,SPORT,ROADSTER,2,2007,37,2,1,10000,5,DERBI,125,SENDA SM,TRAIL / SUPERMOTARD,2,2007,37,3,1,3000,5,,,,,,,,,,,,,,,,,,,,,,,,,,,,,,,,,,13000,2,3,4,,,,,,,NRP,NRP,NRP,1973,1976,NRP,NRP,1976,NRP,,,
775,4226,46,1,0,5,,,,,,0,6,,,,,,0,6,,,,,,0,6,,,,,,0,6,,,,,,0,5,,,,,,0,4,,,,,,0,4,,,,,,0,5,,,,,,0,6,,,,,,0,6,,,,,,0,4,,,,,,0,3,,,,,,0,2,,,,,,1,1,1,2014,,,,,tarare,,,,,un cycliste a finit sur ma voie dans une descente (je l'ai croisé). j'ai tenté de l'eviter et ai finit dans un talus. triple facture + cycliste deli de fuite,,,,,0,0,16,14,10,1,71,15,2014,tarare,2014,Autre(s) type(s) d'accident(s).,1,2,3,4,5,6,,cycliste qui descendait vite un trou sur l'interieur de son virage il se déporte sur ma voie je l'évite en roulant sur la ligne blanche a droite je n'ai pas pu redresser pour prendre mon virage à gauche très serré je finis dans le fossé en heurtant un rocher le cycliste ne s'arrete pas et me laisse salement amoché..,la surprise la rapidité de l'évènement l'irrécupérabilité de ma trajectoire,pas de souvenirs précis car la tête a bien tapé malgré le casque,1,0,,,j'ai fais TOUT ce qu'il fallait,2,1,2,,NSP,1,NRP,1,2,6,,,,,3,1,,,,2,,la rapidité de l'accident,4,3,,,1,4,3,3,NSP,1,1,1,1,3,5,5,5,10,,,,,,,,,2,,,,,,,,,2,2,,2,1,1,1,1,99,0,0,0,2,,,,,,1,1,,,,2,1,7,,,,,,,1,1,3,AUT|route de campagne,3,,0,80,1,2,3,4,7,9,,,,,4,4,4,2,4,4,DUCATI,1100,MONSTER,ROADSTER,2,1,1,1,1,1,1,1,1,1,1,NSP,8,4,0,,,,,,,,31MAR1985,7,1,3,2,3,4,1,NRP,,,,1,1,0,1,0,1,DUCATI,1100,MONSTER,ROADSTER,2,2010,37,2,1,8000,4,,,,,,,,,,,,,,,,,,,,,,,,,,,,,,,,,,,,,,,,,,,,,8000,2,3,4,,,,,,,NRP,NRP,NRP,2003,2006,NRP,NRP,2003,NRP,,,
640,4227,340,1,0,3,,,,,,1,4,NSP,,,,,0,3,,,,,,0,3,,,,,,0,4,,,,,,0,3,,,,,,0,3,,,,,,0,3,,,,,,0,3,,,,,,0,3,,,,,,0,4,,,,,,0,2,,,,,,0,4,,,,,,0,3,,,,,,1,2,3,2006,2013,,,,pyrennes,ardeche,,,,"circulait sur route de montagne qui contournait un parking par ma droite,sur une bosse.j'ai cru que la  chaussée continuait tout droit et me suis retrouvé face à un camping car que j'ai frotté en tentant de l'éviter","circulant en ardèche sur une très tournante je fais 1km derrière un semi remorque .las d'attendre j'essaie  de le doubler sur une trop courte ligne droite,je fini, une moto arrive en face  pour m'éviter freinage petite glissade de l'autre motard heureusement blessure superficielle ,dégât matériel seulement. grosse malchance pour le minutage parfait pour le face a face mais grosse chance pour les conséquences",,,,0,0,3,0,25,1,72,15,2013,ardeche,2013,Autre(s) type(s) d'accident(s).,3,6,,,,,,"situation banale ,bête évidement. je roule avec ma femme derrière moi ,tranquille pas pressé (voyage touristique barraux la rochelle )mais étape un peu longue donc ne pas trop trainer . entre lamastre et st agrève (07) route sinueuse je suis un semi remorque depuis 1 ou 2 km ,lassé ,je décide de doubler :  peu de circulation on croise personne ligne droite un peu courte j'ai un 1200r bmw ça double vite je me lance  arrivé au bout du semi , au niveau du tracteur une moto en face , légère courbe ça peut passer mais il faut que chacun serre fort a droite . le conducteur réagis bien mais freine fort en même temps ,glissade ,je le vois disparaitre dans le rétro  pour moi tout ok mais angoisse pour l'autre moto ,demi tour mais heureusement cela va a peu près :seulement des hématomes  bilan _dans le doute abstiens toi :visibilité pas suffisante _les accidents sont la somme de facteurs improbables :face à face un peu plus tôt ou tard (1 ou 2/10 de seconde ) pas de soucis  _responsabilité vis a vis d'un tiers ,quand je me suis retrouvé indemne et lui au sol   commentaire annexe :l'autre conducteur non responsable me reprochait de ne pouvoir racheter une moto équivalente avec le remboursement de l'assurance suite classement épave de son véhicule",optimisme de ma part et évidement minutage parfait véhicule face à face au pire endroit au même moment,"je pense avoir réagis au mieux pour moi : je roulais trop vite par rapport au véhicule doublé pour pouvoir interrompre ma manoeuvre  ayant l'ABS j'ai pu m'arrêter sans souci l'autre conducteur a bien réagis pas de choc heuresement mais freinage à l'instinct ,l'ABS aurait ""peut être "" évité la chute finale",2,1,ne pas commencer à doubler: un peu trop optimiste même si je n'ai pas le sentiment d'avoir commis une imprudence flagrante,pas mal de kms ( 200 000 environ ) confiance en soi et en roulant qui n'a jamais entamé une manoeuvre en se disant c'est un tout petit peu osé/court/gonflé etc ..,,2,1,1,3,surprise face à un autre véhicule  obligé de modifier sa trajectoire en urgence,2,s'il n'avais pas réagis correctement c'était un choc frontal,2,6,,,,,,,1,,,,2,,au vus des facteurs pris en compte avant la manoeuvre  je pensais avoir le temps de doubler mais en fait je me retrouve en face d' un véhicule,4,3,,,2,1,3,3,2,1,1,1,3,3,4,4,4,5,,,,,,,,,2,,,,,,,,,2,2,,2,1,1,1,100,0,0,0,0,2,,,,,,1,1,,,,2,0,,,,,,,,,,2,2,3,,1,60,1,2,3,4,7,9,,,,,4,4,4,2,2,4,BMW,1200,R1200R,ROADSTER,2,0,1,1,1,1,1,1,1,1,1,60000,12,4,1,HONDA,1000,"VTR ""FIRESTORM""",SPORTIVE,2,4,4,31OCT1955,9,2,3,2,2,3,,NRP,,,,2,0,0,3,0,3,BMW,1200,R1200R,ROADSTER,2,2007,29,3,1,13000,7,HONDA,500,CB,ROADSTER,2,2000,37,3,1,3000,7,HONDA,1000,VTR  FIRESTORM,SPORTIVE,2,2000,37,4,1,1000,7,,,,,,,,,,,,,,,,,,,,,,,17000,3,4,,,,,,,,NRP,NRP,NRP,NRP,1974,NRP,NRP,1978,NRP,,,
1805,4228,,1,0,4,,,,,,0,3,,,,,,0,3,,,,,,0,3,,,,,,0,3,,,,,,0,3,,,,,,0,3,,,,,,0,2,,,,,,1,3,1979,,,,,0,3,,,,,,0,3,,,,,,0,3,,,,,,0,4,,,,,,0,3,,,,,,1,1,2,1984,,,,,Valence,,,,,"Sur autoroute, moto devenue incontrôlable suite à guidonnage",,,,,0,1,4,0,22,1,41,9,1979,,,,,,,,,,,,,,,,,,,,,,,,,,,,,,,,,,,,,,,,,,,,,,,,,,,,,,,,,,,,,,,,,,,,,,,,,,,,,,,,,,,,,,,,,,,,,,,,,,,,,,,,,,,,,,,,,,,,,,,,,,,,,,,,,,,,,,,,,,,,,,,,,,,,,,,,,,,,,,05MAR1958,5,1,3,2,2,3,,NRP,,,,1,0,0,3,0,3,MOTO GUZZI,1100,GRISO,ROADSTER,2,2006,37,3,1,3000,7,BUELL,1200,XB12-S LIGHTNING CG,ROADSTER,2,2009,37,3,1,3800,7,HARLEY-DAVIDSON,1200,SPORTSTER,ROADSTER,2,2005,37,4,1,1000,7,,,,,,,,,,,,,,,,,,,,,,,7800,3,4,,,,,,,,NRP,NRP,NRP,NRP,1978,NRP,NRP,1979,NRP,,,
921,4231,,0,,,,,,,,,,,,,,,,,,,,,,,,,,,,,,,,,,,,,,,,,,,,,,,,,,,,,,,,,,,,,,,,,,,,,,,,,,,,,,,,,,,,,,,,,,,,,,,,,,,,,,,,,,,,,,,,,,,,,,,,,,,,,,,,,,,,,,,,,,,,,,,,,,,,,,,,,,,,,,,,,,,,,,,,,,,,,,,,,,,,,,,,,,,,,,,,,,,,,,,,,,,,,,,,,,,,,,,,,,,,,,,,,,,,,,,,,,,,,,,,,,,,,,,,,,,,,,,,,,,,,,,,,,,,,,,,,,,,,,,,,,,27AUG1972,8,2,3,2,4,4,2,NRP,,,,2,2,0,2,0,2,HONDA,650,AFRICA TWIN (XRV),TRAIL / SUPERMOTARD,2,1988,16,1,2,8000,4,HONDA,125,VT SHADOW,CUSTOM,2,2004,16,2,1,3000,4,,,,,,,,,,,,,,,,,,,,,,,,,,,,,,,,,,11000,3,4,,,,,,,,NRP,NRP,NRP,NRP,1994,NRP,NRP,1991,NRP,,,
2094,4232,,0,,,,,,,,,,,,,,,,,,,,,,,,,,,,,,,,,,,,,,,,,,,,,,,,,,,,,,,,,,,,,,,,,,,,,,,,,,,,,,,,,,,,,,,,,,,,,,,,,,,,,,,,,,,,,,,,,,,,,,,,,,,,,,,,,,,,,,,,,,,,,,,,,,,,,,,,,,,,,,,,,,,,,,,,,,,,,,,,,,,,,,,,,,,,,,,,,,,,,,,,,,,,,,,,,,,,,,,,,,,,,,,,,,,,,,,,,,,,,,,,,,,,,,,,,,,,,,,,,,,,,,,,,,,,,,,,,,,,,,,,,,,25JAN1989,5,2,3,2,1,1,,NRP,,,,0,0,0,1,0,1,YAMAHA,900,XJS DIVERSION,Routière / GT,2,1994,10,2,2,6500,4,,,,,,,,,,,,,,,,,,,,,,,,,,,,,,,,,,,,,,,,,,,,,6500,3,4,,,,,,,,NRP,NRP,NRP,NRP,2007,NRP,NRP,2007,NRP,,,
1844,4233,,0,,,,,,,,,,,,,,,,,,,,,,,,,,,,,,,,,,,,,,,,,,,,,,,,,,,,,,,,,,,,,,,,,,,,,,,,,,,,,,,,,,,,,,,,,,,,,,,,,,,,,,,,,,,,,,,,,,,,,,,,,,,,,,,,,,,,,,,,,,,,,,,,,,,,,,,,,,,,,,,,,,,,,,,,,,,,,,,,,,,,,,,,,,,,,,,,,,,,,,,,,,,,,,,,,,,,,,,,,,,,,,,,,,,,,,,,,,,,,,,,,,,,,,,,,,,,,,,,,,,,,,,,,,,,,,,,,,,,,,,,,,,18MAY1961,8,2,3,2,1,1,,NRP,,,,1,0,0,1,0,1,BMW,1200,R1200RT,Routière / GT,2,2006,29,3,1,12000,7,,,,,,,,,,,,,,,,,,,,,,,,,,,,,,,,,,,,,,,,,,,,,12000,2,3,4,,,,,,,NRP,NRP,NRP,1978,1979,NRP,NRP,1979,NRP,,,
294,4234,124,1,0,2,,,,,,0,2,,,,,,0,3,,,,,,0,2,,,,,,1,3,1977,,,,,0,2,,,,,,0,2,,,,,,0,3,,,,,,1,3,1976,,,,,0,2,,,,,,0,2,,,,,,0,2,,,,,,0,2,,,,,,0,2,,,,,,1,1,3,2012,,,,,Madrid,,,,,Je roulais sur le périphérique (2x3 voies) à 90km/h environ (limité à 100km/h)et une voiture m'a percuté par derrière: fissure du bassin et autres... mais des véhicules ont failli me rouler dessus,,,,,0,1,2,5,27,1,71,15,2012,Madrid,2012,Autre(s) type(s) d'accident(s).,3,4,5,6,,,,"Je roulais sur le périph de Madrid (M30) limité à 100kmH à environ 90kmH sur ma Honda NX250, sur la file de droite, lorsqu'une voiture qui roulait beaucoup plus vite m'a percuté par derrière. j'ai décollé de la moto et tombé sur l'asphalte, sur lequel j'ai glissé. quelques centimètres plus à gauche passaient des voitures à bien plus de 100kmH. La moto a été jugée non réparable et moi je m'en sortais avec fissure du bassin et beaucoup d'échymosses. Je souffre d'une calcification due à la fissure et aurai toujours des séquelles. La Guardia Civil a constaté quelques traces de freinage de la voiture et m'a dit ""Ici il faut mieux ne pas rouler sous les 100kmH""",Sur ce périph les gens roulent bien au-dessus de la vitesse autorisée (100kmH) et j'ai eu le malheur de rouler un peu en dessous de la vitesse maxi autorisée.,"J'ai entendu une fraction de seconde avant le choc le crissement des pneus d'une voiture qui freinait et au moment du choc j'ai compris qu'elle roulait beaucoup plus vite que moi et le conducteur était probablement distrait (téléphone, GPS?). Je me suis aggripé au guidon, mais j'ai senti la moto ""partir"" devant moi et moi ""sauter"" en l'air, retomber et glisser. La voiture responsable s'est arrêtée quelques 5m derrière moi et m'a ainsi protégé d'autres voitures.",NRP,0,,,Le laps de temps était trop court pour me permettre d'accélérer quoi que ce soit d'autre,2,1,1,1,"Il a freiné trop tard, trop près de moi, et roulait bien plus vite que moi",2,"Il était trop tard sans doute aussi pour lui, surtout avec un différentiel de vitesse trop élevé",3,6,,,,,,,,2,,,1,,Je comprenais qu'il n'y avait rien à faire de mon côté pour m'en sortir,3,3,,,1,1,3,4,1,1,2,1,1,3,4,4,4,1,,,,,,,,,2,,,,,,,,,2,2,,2,1,1,1,0,100,0,0,0,2,,,,,,2,1,,,,2,1,4,6,7,,,,,1,0,2,4,3,,0,90,1,2,5,,,,,,,,4,2,2,2,2,2,HONDA,250,NX DOMINATOR,TRAIL / SUPERMOTARD,2,1,1,1,1,1,1,1,1,1,1,15000,12,4,1,HONDA,500,"CB ""PC32C"" MTT2",ROADSTER,2,4,3,30MAY1956,6,2,3,2,2,3,,NRP,,,,2,0,0,4,0,4,HONDA,500,CB-S,ROADSTER,2,2000,29,2,2,3000,7,HONDA,250,NX DOMINATOR,TRAIL / SUPERMOTARD,2,1991,29,2,2,3000,7,HONDA,650,FX  VIGOR,ROADSTER,2,1999,29,3,1,1500,7,HONDA,350,CB350,ROADSTER,2,1972,29,3,1,1500,7,,,,,,,,,,,,9000,3,4,,,,,,,,NRP,NRP,NRP,NRP,1974,NRP,NRP,1978,NRP,,,
156,4235,317,1,0,3,,,,,,0,4,,,,,,0,5,,,,,,0,1,,,,,,0,4,,,,,,0,3,,,,,,0,4,,,,,,0,4,,,,,,1,4,1978,,,,,0,4,,,,,,0,1,,,,,,0,3,,,,,,0,3,,,,,,0,4,,,,,,0,,1,,,,,,,,,,,,,,,,,,2,2,35,1,41,9,1978,,1978,"Vous avez fait une sortie de route, une perte de contrôle ou une glissade sans rien percuter.",2,,,,,,,"Jeune permis avec mon 125cm3, je suis rentré trop vite dans un virage et je n'ai pas pu le prendre, et j'ai percuté le parapet du pont avant de partir en glissade  au final hormis la moto, je m'en suis sorti sans blessures graves",la non maitrise de la moto liée,"En fait , je n'ai pas eu de réaction compte tenu de mon inexpérience  Je suis tombé tout seul sans témoin",1,1,"Pour le permis 125, il n'y avait alors pas de pratique, simplement le code et avec cette pratique cela aurait permis une meilleure maitrise de la moto",L'inexpérience,,2,0,,,,,,6,8,,,,,,,,,,,1,,Ne pas savoir réagir,1,1,2,,1,2,3,2,1,1,1,1,5,5,5,4,4,7,,,,,,,,,1,5,,,,,,,,2,2,,2,1,1,1,80,0,0,20,0,1,AUT|pas de formation en 1976 pour le permis 125,,,,,1,1,,,,1,,,,,,,,,,,3,2,3,,0,80,1,10,2,,,,,,,,4,4,4,4,NRP,4,YAMAHA,125,RD,ROADSTER,2,1,1,1,1,1,1,1,1,1,1,NSP,12,4,0,,,,,,,,12MAY1960,5,2,3,2,2,3,,NRP,,,,2,0,0,1,0,1,KAWASAKI,1400,GTR,Routière / GT,2,2010,28,3,1,10000,7,,,,,,,,,,,,,,,,,,,,,,,,,,,,,,,,,,,,,,,,,,,,,10000,3,4,,,,,,,,NRP,NRP,NRP,NRP,1978,NRP,NRP,1979,NRP,,,