Ligne,Ligne Q qualif,Ligne approfondissement Accident,ACCIDENT,NBACC1,ACCFREQUENCE1,ANNEEACC1_1,ANNEEACC1_2,ANNEEACC1_3,ANNEEACC1_4,ANNEEACC1_5,NBACC2,ACCFREQUENCE2,ANNEEACC2_1,ANNEEACC2_2,ANNEEACC2_3,ANNEEACC2_4,ANNEEACC2_5,NBACC3,ACCFREQUENCE3,ANNEEACC3_1,ANNEEACC3_2,ANNEEACC3_3,ANNEEACC3_4,ANNEEACC3_5,NBACC4,ACCFREQUENCE4,ANNEEACC4_1,ANNEEACC4_2,ANNEEACC4_3,ANNEEACC4_4,ANNEEACC4_5,NBACC5,ACCFREQUENCE5,ANNEEACC5_1,ANNEEACC5_2,ANNEEACC5_3,ANNEEACC5_4,ANNEEACC5_5,NBACC6,ACCFREQUENCE6,ANNEEACC6_1,ANNEEACC6_2,ANNEEACC6_3,ANNEEACC6_4,ANNEEACC6_5,NBACC7,ACCFREQUENCE7,ANNEEACC7_1,ANNEEACC7_2,ANNEEACC7_3,ANNEEACC7_4,ANNEEACC7_5,NBACC8,ACCFREQUENCE8,ANNEEACC8_1,ANNEEACC8_2,ANNEEACC8_3,ANNEEACC8_4,ANNEEACC8_5,NBACC9,ACCFREQUENCE9,ANNEEACC9_1,ANNEEACC9_2,ANNEEACC9_3,ANNEEACC9_4,ANNEEACC9_5,NBACC10,ACCFREQUENCE10,ANNEEACC10_1,ANNEEACC10_2,ANNEEACC10_3,ANNEEACC10_4,ANNEEACC10_5,NBACC11,ACCFREQUENCE11,ANNEEACC11_1,ANNEEACC11_2,ANNEEACC11_3,ANNEEACC11_4,ANNEEACC11_5,NBACC12,ACCFREQUENCE12,ANNEEACC12_1,ANNEEACC12_2,ANNEEACC12_3,ANNEEACC12_4,ANNEEACC12_5,NBACC13,ACCFREQUENCE13,ANNEEACC13_1,ANNEEACC13_2,ANNEEACC13_3,ANNEEACC13_4,ANNEEACC13_5,NBACC14,ACCFREQUENCE14,ANNEEACC14_1,ANNEEACC14_2,ANNEEACC14_3,ANNEEACC14_4,ANNEEACC14_5,AUTRESACC,NBAUTRESACC,TOTAL_AC,ANNEEAUTREACC1,ANNEEAUTREACC2,ANNEEAUTREACC3,ANNEEAUTREACC4,ANNEEAUTREACC5,LIEUAUTREACC1,LIEUAUTREACC2,LIEUAUTREACC3,LIEUAUTREACC4,LIEUAUTREACC5,DESCRIPTIONAUTRESACC1,DESCRIPTIONAUTRESACC2,DESCRIPTIONAUTRESACC3,DESCRIPTIONAUTRESACC4,DESCRIPTIONAUTRESACC5,NBAUTRESACCCIRCUIT,NBAUTRESTOUTTERRAIN,EXPCYCLO,EXP125,EXPSUP125,ACCORDNEXTQ,CHOIXACC,RGPMTACC,RECUPANNEE,RECUPLIEU,RECUPANNE,RGPMTAC,CHOIX1,CHOIX2,CHOIX3,CHOIX4,CHOIX5,CHOIX6,CHOIX7,DESCRIPTION,RUPTURE,FAITS,ABS_REACTION,AUTRE_REACTION,PRECISIONREACTIONOUI,RECUL,PRECISIONREACTIONNON,IMPACTCOMPORTEMENT,AUTREUSAGER,REACTIONAUTREUSAGER,CONNAISSANCEREACTIONUSAGER,DIFFICULTES,AGGRAVATION,DIFFICULTES2,EMOTIONS1,EMOTIONS2,EMOTIONS3,EMOTIONS4,EMOTIONS5,EMOTIONS6,AUTRESENTIMENT,CLASSEMENTEMOTIONS1,CLASSEMENTEMOTIONS,CLASSEMENTEMOTIONS5,CLASSEMENTEMOTIONS6,CLASSEMENTEMOTIONS7,CLASSEMENTEMOTIONS8,CLASSEMENTEMOTIONS9,EXPLICATIONRESSENTI,BIENEQUIPE,ALLURE,ALLUREVITEDETAIL,ALLURELENTEDETAIL,SITUATIONPRESSE,SITUATIONDISTRAIT,SITUATIONCONFIANT,SITUATIONCONTROLE,SITUATIONLUDIQUE,SITUATIONPERF,SITUATIONSTRESS,SITUATIONFATIGUE,HUMEURNEUTRE,HUMEURGAI,HUMEURMECONTENT,HUMEURTRISTE,HUMEURCOLERE,CONTRIBUTION1,CONTRIBUTION2,CONTRIBUTION3,CONTRIBUTION4,CONTRIBUTION5,CONTRIBUTION6,CONTRIBUTION7,CONTRIBUTION8,CONTRIBUTION9,ROLEINFRA,ELEMENTINFRA1,ELEMENTINFRA2,ELEMENTINFRA3,ELEMENTINFRA4,ELEMENTINFRA5,ELEMENTINFRA6,ELEMENTINFRA7,ELEMENTINFRA8,ELEMENTINFRA9,ALCOOL,TXALCOOL,STUP,SEMAINE,MOMENTJOURNEE,TEMPS,CAUSEACC1,CAUSEACC2,CAUSEACC3,CAUSEACC4,CAUSEACC5,FORMATIONCAUSE,FORMATION1,FORMATION2,FORMATION3,FORMATION4,FORMATION5,TRAFIC,CHAUSSEE1,CHAUSSEE2,CHAUSSEE3,CHAUSSEE4,TYPEACC,BLESSURE,TETE,COU,THORAX,MEMBRESSUP,COLONNE,BASSIN,MEMBRESINF,HOPITAL,PLUS24H,TRAJET,TYPEROUTE,MOTIF,SENSTRAJET,PASSAGER,VITESSE,DESCEQ1,DESCEQ2,DESCEQ3,DESCEQ4,DESCEQ5,DESCEQ6,DESCEQ7,DESCEQ8,DESCEQ9,DESCEQ10,VEHICULEETE,VEHICULEAUTOMNE,VEHICULEPRINTEMPS,VEHICULEHIVER,VEHICULESEMAINE,VEHICULEWE,VEHMARQUE,VEHCYLINDREE,VEHMODELE,VEHSEGMENT,VEHSIDE,EQ2RMABS,EQ2RMCBS,EQ2RMABSCBS,EQ2RMREGULATEUR,EQ2RMLIMITEUR,EQ2RMPHARESDIRECT,EQ2RMCOUPURE,EQ2RMANTIPATINAGE,EQ2RMANTIXHEELING,EQ2RMSTABILILTE,VEHKM,POINTS,DUREE,AUTRE2RM,VEHPRECMARQUE,VEHPRECCYLINDREE,VEHPRECMODELE,VEHPRECSEGMENT,VEHPRECSIDE,TEMPS2RMPREC,FREQVEHPREC,DATE_NAISS,CSP,SOCIETAIRE,SALARIE,SECTEUR2RM,NBPERSFOYER,SITFAM,NBENF,TRNBENF1,TRNBENF2,TRNBENF3,TRNBENF4,NBAUTOFOYER,NBCYCLOFOYER,NBSCOOTFOYER,NBMOTOFOYER,NBTRIKEFOYER,NB2RMCONDUIT,MARQUE1,CYLINDREE1,MODELE1,SEGMENT1,SIDE1,ANMISECIRCU1,ASS1,FREQ1,USAGE1,NBKM1,GARAGE1,MARQUE2,CYLINDREE2,MODELE2,SEGMENT2,SIDE2,ANMISECIRCU2,ASS2,FREQ2,USAGE2,NBKM2,GARAGE2,MARQUE3,CYLINDREE3,MODELE3,SEGMENT3,SIDE3,ANMISECIRCU3,ASS3,FREQ3,USAGE3,NBKM3,GARAGE3,MARQUE4,CYLINDREE4,MODELE4,SEGMENT4,SIDE4,ANMISECIRCU4,ASS4,FREQ4,USAGE4,NBKM4,GARAGE4,MARQUE5,CYLINDREE5,MODELE5,SEGMENT5,SIDE5,ANMISECIRCU5,ASS5,FREQ5,USAGE5,NBKM5,GARAGE5,NBKMTOT,PERMIS1,PERMIS2,PERMIS3,PERMIS4,PERMIS5,PERMIS6,PERMIS7,PERMIS8,PERMIS9,ANPERMIS1,ANPERMIS6,ANPERMIS7,ANPERMIS2,ANPERMIS3,ANPERMIS8,ANPERMIS9,ANPERMIS4,ANPERMIS5,,,
1678,4236,,1,0,6,,,,,,0,5,,,,,,0,3,,,,,,0,2,,,,,,0,4,,,,,,0,6,,,,,,0,4,,,,,,0,3,,,,,,1,6,2009,,,,,0,3,,,,,,0,4,,,,,,0,2,,,,,,0,4,,,,,,0,6,,,,,,1,2,3,NSP,2013,,,,Gueret,Montlucon,,,,Un carrefour circulation sur 2 files et la voiture a droite a tourne a gauche sans prevenir,Pneus neufs froids en novembre glissade seul,,,,0,0,0,4,15,1,71,15,,Gueret,,,,,,,,,,,,,,,,,,,,,,,,,,,,,,,,,,,,,,,,,,,,,,,,,,,,,,,,,,,,,,,,,,,,,,,,,,,,,,,,,,,,,,,,,,,,,,,,,,,,,,,,,,,,,,,,,,,,,,,,,,,,,,,,,,,,,,,,,,,,,,,,,,,,,,,,,,,,,20FEB1964,2,1,3,2,3,4,1,NRP,,,,2,0,0,32,0,2,BUELL,1200,XB12-STT,TRAIL / SUPERMOTARD,2,2007,37,1,2,15000,AUT|hangar,YAMAHA,750,YZF-R,SPORTIVE,2,1996,37,2,2,10000,AUT|hangar,,,,,,,,,,,,,,,,,,,,,,,,,,,,,,,,,,25000,2,3,4,,,,,,,NRP,NRP,NRP,1990,1994,NRP,NRP,1982,NRP,,,
1269,4238,60,1,1,2,2003,,,,,0,5,,,,,,0,4,,,,,,0,3,,,,,,1,5,2002,,,,,0,3,,,,,,0,2,,,,,,0,4,,,,,,1,5,2011,,,,,0,2,,,,,,0,5,,,,,,0,1,,,,,,0,4,,,,,,0,2,,,,,,0,,3,,,,,,,,,,,,,,,,,,0,0,16,1,1,1,2003,,2003,Vous circuliez sur un axe prioritaire. Un autre véhicule arrivant sur le même axe en sens opposé vous a coupé la route en tournant à gauche.,4,,,,,,,"Il était environ 22h un Jeudi d'Aout, sur une départementale à 2x1 voie à une 30aine de kms de Lyon. Je rentrais à mon domicile après une soirée au restaurants aec des amis. A qqs kms d'arrivée à mon domicile, je suis arrivé à la hauteur d'une intersection en T (sur ma droite). La voiture venant en sens opposé roulait en plein phare, m'obligeant a déporté mon regard sur la droite de la chaussée, quand elle est soudain apparu dans mon faisceau lumineux, il avait décidé de s'engager dans la voie de droite, alors que c'est interdit, signalé par panneau et une ligne blanche. Je n'ai rien eu le temps de faire, et je me suis réveillé une heure plus tard dans le camion des pompiers.","Le conducteur a mis un coup de volant soudain pour prendre une voie à ma droite, qu'il n'avait pas le droit d'emprunter (panneau + bande blanche). Aucun clignotant ni indication par rapport à son placement sur la chaussée. Sa conduite en plein phare a été le facteur supplémentaire rendant difficile de bien voir ce que le conducteur faisait (mouvement de tête ou autre).","Je n'ai pas eu le temps de freiner, et j'ai perdu connaissance durablement au moment du choc.",3,0,,,"Manoeuvre imprévisible, interdite, plus la situation d'éblouissement.",3,1,2,,NSP,1,Manoeuvre interdite et non signalé,2,3,6,,,,,,1,2,,,3,,A cause de l'interdiction de tourner à gauche pour lui.,3,3,,,1,1,3,3,1,1,1,1,4,3,4,4,4,10,,,,,,,,,1,2,4,,,,,,,2,1,1,2,1,2,1,0,80,0,20,0,2,,,,,,1,1,,,,2,1,2,4,,,,,,1,1,1,2,1,2,0,80,1,10,2,3,4,7,,,,,4,4,4,2,2,4,HONDA,1100,CBR-XX SUPER BLACKBIRD,Routière / GT,2,1,0,1,1,1,1,1,1,1,1,60000,12,4,1,SUZUKI,500,GS-E CARENEE,ROADSTER,2,4,3,19OCT1974,5,2,3,2,4,4,2,NRP,,,,2,2,0,2,0,1,KTM,990,SUPERDUKE,ROADSTER,2,2011,18,2,1,10000,7,,,,,,,,,,,,,,,,,,,,,,,,,,,,,,,,,,,,,,,,,,,,,10000,3,4,,,,,,,,NRP,NRP,NRP,NRP,1998,NRP,NRP,1995,NRP,,,
646,4239,,0,,,,,,,,,,,,,,,,,,,,,,,,,,,,,,,,,,,,,,,,,,,,,,,,,,,,,,,,,,,,,,,,,,,,,,,,,,,,,,,,,,,,,,,,,,,,,,,,,,,,,,,,,,,,,,,,,,,,,,,,,,,,,,,,,,,,,,,,,,,,,,,,,,,,,,,,,,,,,,,,,,,,,,,,,,,,,,,,,,,,,,,,,,,,,,,,,,,,,,,,,,,,,,,,,,,,,,,,,,,,,,,,,,,,,,,,,,,,,,,,,,,,,,,,,,,,,,,,,,,,,,,,,,,,,,,,,,,,,,,,,,,23NOV1958,5,2,3,2,3,4,1,NRP,,,,3,0,0,4,0,4,BMW,1600,K1600GT,Routière / GT,2,2012,22,4,1,4000,7,BMW,1150,R1150RT,Routière / GT,2,2002,39,4,1,1000,7,BMW,1150,R1150RT,Routière / GT,2,2001,22,4,2,1000,7,KAWASAKI,250,Z250,ROADSTER,2,2009,22,3,2,5000,7,,,,,,,,,,,,11000,3,4,,,,,,,,NRP,NRP,NRP,NRP,1978,NRP,NRP,1977,NRP,,,
1465,4240,,0,,,,,,,,,,,,,,,,,,,,,,,,,,,,,,,,,,,,,,,,,,,,,,,,,,,,,,,,,,,,,,,,,,,,,,,,,,,,,,,,,,,,,,,,,,,,,,,,,,,,,,,,,,,,,,,,,,,,,,,,,,,,,,,,,,,,,,,,,,,,,,,,,,,,,,,,,,,,,,,,,,,,,,,,,,,,,,,,,,,,,,,,,,,,,,,,,,,,,,,,,,,,,,,,,,,,,,,,,,,,,,,,,,,,,,,,,,,,,,,,,,,,,,,,,,,,,,,,,,,,,,,,,,,,,,,,,,,,,,,,,,,29JAN1954,5,2,3,2,1,1,,NRP,,,,0,0,0,1,0,1,KAWASAKI,650,VERSYS,ROADSTER,2,2011,31,2,1,10000,2,,,,,,,,,,,,,,,,,,,,,,,,,,,,,,,,,,,,,,,,,,,,,10000,2,3,4,,,,,,,NRP,NRP,NRP,1974,2009,NRP,NRP,1974,NRP,,,
946,4241,292,1,0,5,,,,,,0,5,,,,,,0,6,,,,,,0,5,,,,,,1,6,2010,,,,,0,5,,,,,,0,3,,,,,,0,3,,,,,,1,3,2006,,,,,0,6,,,,,,2,5,2006,2010,,,,0,2,,,,,,0,2,,,,,,0,2,,,,,,0,,4,,,,,,,,,,,,,,,,,,0,10,5,1,21,5,2010,,2010,Vous circuliez sur un axe prioritaire. Un véhicule venant dun axe non prioritaire vous a coupé la route.,1,5,,,,,,"c'était avant que je ne passe mon permis moto. je faisais du scooter 125 tous les jours par tous les temps. Un jour, en fin d'après midi alors que je roulais sur une route prioritaire, le soleil dans le dos je vis, à ma gauche dans le sens de ma marche et un carrefour un jeune cycliste à un stop. Un camion arrivait en face. je ne sais pourquoi (peut être par jeu comme bcp le font ou par ce qu'il ne m'avait pas vu) le jeune a traversé la route sur laquelle je me trouvais et sur laquelle je roulais à environ 70 km/h. A cette vitesse je parcours 17.50 mètres/seconde.J'ai donné un coup de frein en essayant de partir sur la gauche pour l'éviter, le scoot a dérapé, il s'est couché et j'ai fini ma trajectoire à 2 ou 3 mètres avant les roues du camion. LE PIRE, c'est que j'étais assuré en tierce collision, et comme m'ont dis les secours et les gendarmes par la suite, j'aurais du heurter ce cycliste pour espérer être remboursé des réparations du scoot. ce qui me fait encore dire aujourd'hui que j'aurais du l'envoyer à l'hôpital ou le tuer pour que mes frais soient remboursés!!",le soleil dans le dos mais aussi l'imbécilité ou l'inconscience du cycliste,1°) freinage poignée droite 2°) blocage roue avant avec début dérapage vers la gauche 2°) relâchement immédiat de la poignée avec tentative de redressement du scoot 3°) prise de conscience immédiate de l'inutilité du geste 4°) accompagnement du scoot dans son glissement sans le lacher 5°) des le sccot arrêté je me suis mis debout et ai hurlé au cycliste de rester sur place car il continuait son chemin,NRP,0,,,demandez au jeune cycliste pourquoi il a démarré au stop,2,1,2,,NSP,1,pourquoi est il passé au stop?,1,9,,,,,de la colère,1,,,,,,2,j'ai eu plus peur pour l'ado que pour moi,4,3,,,1,4,3,3,1,1,1,2,1,5,4,4,4,10,,,,,,,,,1,1,4,,,,,,,2,2,,2,1,1,1,10,60,0,0,30,2,,,,,,2,1,7,,,2,1,6,,,,,,,1,0,1,4,1,2,0,70,1,10,2,4,7,,,,,,4,4,4,4,4,2,KYMCO,125,GRAND DINK,SCOOTER,2,1,2,2,1,1,1,1,2,1,1,NSP,12,4,0,,,,,,,,25JUL1956,5,2,3,2,2,3,,NRP,,,,1,0,0,1,0,1,HONDA,1000,CB-F ABS,ROADSTER,2,2009,28,1,2,12000,7,,,,,,,,,,,,,,,,,,,,,,,,,,,,,,,,,,,,,,,,,,,,,12000,2,3,4,,,,,,,NRP,NRP,NRP,1974,2011,NRP,NRP,1974,NRP,,,
1706,4243,,1,0,3,,,,,,1,3,2001,,,,,0,3,,,,,,0,4,,,,,,0,3,,,,,,0,4,,,,,,0,3,,,,,,0,2,,,,,,1,2,1981,,,,,0,4,,,,,,0,3,,,,,,0,3,,,,,,0,4,,,,,,0,3,,,,,,0,,2,,,,,,,,,,,,,,,,,,4,0,35,1,6,2,2001,,,,,,,,,,,,,,,,,,,,,,,,,,,,,,,,,,,,,,,,,,,,,,,,,,,,,,,,,,,,,,,,,,,,,,,,,,,,,,,,,,,,,,,,,,,,,,,,,,,,,,,,,,,,,,,,,,,,,,,,,,,,,,,,,,,,,,,,,,,,,,,,,,,,,,,,,,,,,,19OCT1960,5,1,3,2,2,3,,NRP,,,,2,0,0,1,0,1,HONDA,1000,CB-F ABS,ROADSTER,2,2010,37,3,1,6000,4,,,,,,,,,,,,,,,,,,,,,,,,,,,,,,,,,,,,,,,,,,,,,6000,3,4,,,,,,,,NRP,NRP,NRP,NRP,1980,NRP,NRP,1980,NRP,,,
585,4244,,0,,,,,,,,,,,,,,,,,,,,,,,,,,,,,,,,,,,,,,,,,,,,,,,,,,,,,,,,,,,,,,,,,,,,,,,,,,,,,,,,,,,,,,,,,,,,,,,,,,,,,,,,,,,,,,,,,,,,,,,,,,,,,,,,,,,,,,,,,,,,,,,,,,,,,,,,,,,,,,,,,,,,,,,,,,,,,,,,,,,,,,,,,,,,,,,,,,,,,,,,,,,,,,,,,,,,,,,,,,,,,,,,,,,,,,,,,,,,,,,,,,,,,,,,,,,,,,,,,,,,,,,,,,,,,,,,,,,,,,,,,,,15JUN1983,5,1,3,2,2,3,,NRP,,,,3,0,0,1,0,1,BMW,1000,K1 ABS,Routière / GT,2,1993,37,3,1,4000,7,,,,,,,,,,,,,,,,,,,,,,,,,,,,,,,,,,,,,,,,,,,,,4000,3,4,,,,,,,,NRP,NRP,NRP,NRP,2009,NRP,NRP,2001,NRP,,,
1020,4245,,0,,,,,,,,,,,,,,,,,,,,,,,,,,,,,,,,,,,,,,,,,,,,,,,,,,,,,,,,,,,,,,,,,,,,,,,,,,,,,,,,,,,,,,,,,,,,,,,,,,,,,,,,,,,,,,,,,,,,,,,,,,,,,,,,,,,,,,,,,,,,,,,,,,,,,,,,,,,,,,,,,,,,,,,,,,,,,,,,,,,,,,,,,,,,,,,,,,,,,,,,,,,,,,,,,,,,,,,,,,,,,,,,,,,,,,,,,,,,,,,,,,,,,,,,,,,,,,,,,,,,,,,,,,,,,,,,,,,,,,,,,,,19JUN1957,7,2,3,2,4,4,2,NRP,,,,3,0,0,3,0,2,BMW,1200,R1200RT,Routière / GT,2,2006,20,2,1,10000,4,KTM,125,EXC,"TOUT TERRAIN (TRIAL, ENDURO, CROSS)",2,2011,10,4,1,1000,4,,,,,,,,,,,,,,,,,,,,,,,,,,,,,,,,,,11000,2,3,4,,,,,,,NRP,NRP,NRP,1976,1976,NRP,NRP,1976,NRP,,,
576,4247,108,1,0,6,,,,,,0,6,,,,,,0,6,,,,,,0,3,,,,,,0,5,,,,,,0,5,,,,,,0,3,,,,,,0,4,,,,,,1,5,2010,,,,,0,2,,,,,,0,5,,,,,,0,2,,,,,,0,3,,,,,,0,4,,,,,,0,,1,,,,,,,,,,,,,,,,,,2,0,15,1,41,9,2010,,2010,"Vous avez fait une sortie de route, une perte de contrôle ou une glissade sans rien percuter.",2,4,,,,,,"Au démarrage d'un parking, sur une route secondaire, en regardant en arrière pour vérifier si l'autre moto suivait, je suis sorti de la route sur le bas-côté non aménagé et j'ai percuté une petit rocher mis en place là pour réaliser une coupe d'eau. il m'a bloqué la moto et je suis passé par dessus le guidon en retombant lourdement sur l'angle formé par l'enrobé. Coup reçu à côté de la dorsale de mon blouson. Résultat : 9 jours en soins intensifs en hôpital suite à un diagnostic d'une fracture d'un rein et d'une hémorragie interne de la rate et 7 jours en chambre ordinaire.",Faute d'inattention d'autant que nous étions en communication par radio. Le rocher était caché par la végétation et mon intention de remonter sur la chaussée a été bloqué par cet obstacle.,NRP,3,0,,,"Avant l'accident, davantage d'attention. Pendant l'accident, surprise totale.",2,0,,,,,,2,6,,,,,,,1,,,,2,,"Surprise car l'obstacle était masqué. jusqu'à cet obstacle, j'avais entrepris la manoeuvre pour remonter sur la chaussée.",3,3,,,1,3,3,3,4,1,1,1,4,3,4,4,4,4,,,,,,,,,1,5,,,,,,,,2,2,,2,1,1,1,25,0,0,75,0,2,,,,,,2,1,,,,2,1,6,,,,,,,1,1,3,2,3,,0,20,1,10,2,3,4,7,,,,,3,3,3,1,3,2,HONDA,600,TRANSALP +35KW,TRAIL / SUPERMOTARD,2,1,1,1,1,1,1,1,1,1,1,61000,12,4,0,,,,,,,,31JAN1956,9,1,3,2,2,3,,NRP,,,,1,0,0,2,0,2,MOTO GUZZI,1100,BREVA ABS,ROADSTER,2,2006,37,2,1,4000,7,HONDA,600,TRANSALP,TRAIL / SUPERMOTARD,2,1996,37,2,2,2000,7,,,,,,,,,,,,,,,,,,,,,,,,,,,,,,,,,,6000,3,4,,,,,,,,NRP,NRP,NRP,NRP,1989,NRP,NRP,1977,NRP,,,
1334,4248,,1,0,4,,,,,,1,4,1995,,,,,0,5,,,,,,0,4,,,,,,0,5,,,,,,0,5,,,,,,0,4,,,,,,1,3,1983,,,,,1,3,1983,,,,,0,4,,,,,,0,6,,,,,,0,2,,,,,,0,3,,,,,,0,4,,,,,,0,,3,,,,,,,,,,,,,,,,,,38,2,36,1,36,8,1983,,,,,,,,,,,,,,,,,,,,,,,,,,,,,,,,,,,,,,,,,,,,,,,,,,,,,,,,,,,,,,,,,,,,,,,,,,,,,,,,,,,,,,,,,,,,,,,,,,,,,,,,,,,,,,,,,,,,,,,,,,,,,,,,,,,,,,,,,,,,,,,,,,,,,,,,,,,,,,17FEB1961,5,1,3,2,4,4,2,NRP,,,,3,0,1,2,0,3,NECO,125,AGIRA,SCOOTER,2,2012,37,1,2,10000,7,TRIUMPH,900,TRIDENT,ROADSTER,2,1993,40,3,1,5000,7,MOTOCONFORT,175,BASIQUE TTES VERSIONS,ROADSTER,2,1950,40,4,1,500,7,,,,,,,,,,,,,,,,,,,,,,,15500,2,3,4,,,,,,,NRP,NRP,NRP,1977,1980,NRP,NRP,1979,NRP,,,
665,4249,,1,0,5,,,,,,0,4,,,,,,1,3,1975,,,,,0,2,,,,,,0,5,,,,,,0,5,,,,,,0,4,,,,,,0,6,,,,,,0,4,,,,,,0,5,,,,,,0,6,,,,,,0,2,,,,,,0,5,,,,,,0,2,,,,,,1,1,2,NSP,,,,,niort,,,,,a l'arrêt derrière une voiture j'ai été percuté par l'arrière par un véhicule. ma moto à fini dans le véhicule me précédant,,,,,0,0,2,2,39,1,71,15,,niort,,,,,,,,,,,,,,,,,,,,,,,,,,,,,,,,,,,,,,,,,,,,,,,,,,,,,,,,,,,,,,,,,,,,,,,,,,,,,,,,,,,,,,,,,,,,,,,,,,,,,,,,,,,,,,,,,,,,,,,,,,,,,,,,,,,,,,,,,,,,,,,,,,,,,,,,,,,,,05AUG1957,8,2,3,2,3,4,1,NRP,,,,1,0,0,2,0,2,BMW,900,R90/6,ROADSTER,2,1976,29,4,1,500,7,PANDA,1000,K100LT SIDE-CAR,SIDE-CAR / TRIKE,2,1987,29,2,2,10000,7,,,,,,,,,,,,,,,,,,,,,,,,,,,,,,,,,,10500,2,3,4,,,,,,,NRP,NRP,NRP,1974,1976,NRP,NRP,1976,NRP,,,
108,4253,469,1,0,3,,,,,,0,5,,,,,,0,5,,,,,,0,3,,,,,,0,3,,,,,,1,4,2014,,,,,0,2,,,,,,1,4,2014,,,,,0,2,,,,,,0,5,,,,,,1,4,2014,,,,,0,3,,,,,,0,1,,,,,,0,3,,,,,,1,3,6,2009,2011,2014,,,niort,niort,niort,,,le véhicule a griller le stop,"le véhicule ma percuté a l'arriere,j'etais placé sur un stop","étant sur la voie de gauche sur une rocade car il y avait un bouchon sur la voie de droite,le véhicule de droite ma coupé la route et j'ai fini dans le rail de sécuritée.",,,0,0,4,2,7,1,73,15,2014,niort,2014,Autre(s) type(s) d'accident(s).,4,,,,,,,"il y avait un rétrécissement sur voie de gauche, me mettant sur cette voie avec précaution, un véhicule automobile ma doubler par la droite est ma pousser sur le rail de sécurités.","le véhicule ma doublé a droite est c'est rabattu sur moi, je n'est rien pu faire.",NRP,3,0,,,car je ne l'est pas vu venir,2,1,NSP,,NSP,1,le véhicule a doubler par la droite au dernier moment est c'est rabattu sur moi,7,,,,,,,,,,,,,,,4,3,,,1,1,4,1,1,1,2,3,2,5,2,4,4,10,,,,,,,,,1,7,AUT|mauvaise signalisation de l'accident precedent,,,,,,,2,2,,2,1,1,2,0,100,0,0,0,2,,,,,,3,2,,,,2,1,3,4,6,7,,,,1,1,1,4,1,2,0,45,1,2,3,4,7,9,,,,,4,4,4,4,4,4,YAMAHA,600,XTE,TRAIL / SUPERMOTARD,2,1,1,1,1,1,1,1,1,1,1,60000,12,4,1,YAMAHA,600,FZS FAZER,ROADSTER,2,4,4,15OCT1973,7,2,3,2,4,4,2,NRP,,,,1,0,0,2,0,2,YAMAHA,600,FZS FAZER,ROADSTER,2,2002,2,1,2,10000,5,YAMAHA,1200,FJ,Routière / GT,2,1987,2,3,1,5000,5,,,,,,,,,,,,,,,,,,,,,,,,,,,,,,,,,,15000,2,3,4,,,,,,,NRP,NRP,NRP,1992,2008,NRP,NRP,1992,NRP,,,
1725,4255,,0,,,,,,,,,,,,,,,,,,,,,,,,,,,,,,,,,,,,,,,,,,,,,,,,,,,,,,,,,,,,,,,,,,,,,,,,,,,,,,,,,,,,,,,,,,,,,,,,,,,,,,,,,,,,,,,,,,,,,,,,,,,,,,,,,,,,,,,,,,,,,,,,,,,,,,,,,,,,,,,,,,,,,,,,,,,,,,,,,,,,,,,,,,,,,,,,,,,,,,,,,,,,,,,,,,,,,,,,,,,,,,,,,,,,,,,,,,,,,,,,,,,,,,,,,,,,,,,,,,,,,,,,,,,,,,,,,,,,,,,,,,,02AUG1987,7,1,3,2,3,5,0,NRP,,,,1,0,0,3,0,1,SUZUKI,650,GR,CUSTOM,2,1984,37,2,2,9000,7,,,,,,,,,,,,,,,,,,,,,,,,,,,,,,,,,,,,,,,,,,,,,9000,3,4,,,,,,,,NRP,NRP,NRP,NRP,2011,NRP,NRP,2008,NRP,,,
1928,4256,,1,0,4,,,,,,0,5,,,,,,0,6,,,,,,0,4,,,,,,0,4,,,,,,0,4,,,,,,0,2,,,,,,0,2,,,,,,0,5,,,,,,0,5,,,,,,0,6,,,,,,1,3,1968,,,,,0,5,,,,,,0,4,,,,,,0,,1,,,,,,,,,,,,,,,,,,0,0,30,1,56,12,1968,,,,,,,,,,,,,,,,,,,,,,,,,,,,,,,,,,,,,,,,,,,,,,,,,,,,,,,,,,,,,,,,,,,,,,,,,,,,,,,,,,,,,,,,,,,,,,,,,,,,,,,,,,,,,,,,,,,,,,,,,,,,,,,,,,,,,,,,,,,,,,,,,,,,,,,,,,,,,,22SEP1951,5,2,3,2,3,4,1,NRP,,,,2,0,0,1,0,1,KAWASAKI,1400,GTR,Routière / GT,2,2008,16,3,1,8000,6,,,,,,,,,,,,,,,,,,,,,,,,,,,,,,,,,,,,,,,,,,,,,8000,3,4,,,,,,,,NRP,NRP,NRP,NRP,1968,NRP,NRP,1970,NRP,,,