Ligne,Ligne Q qualif,Ligne approfondissement Accident,ACCIDENT,NBACC1,ACCFREQUENCE1,ANNEEACC1_1,ANNEEACC1_2,ANNEEACC1_3,ANNEEACC1_4,ANNEEACC1_5,NBACC2,ACCFREQUENCE2,ANNEEACC2_1,ANNEEACC2_2,ANNEEACC2_3,ANNEEACC2_4,ANNEEACC2_5,NBACC3,ACCFREQUENCE3,ANNEEACC3_1,ANNEEACC3_2,ANNEEACC3_3,ANNEEACC3_4,ANNEEACC3_5,NBACC4,ACCFREQUENCE4,ANNEEACC4_1,ANNEEACC4_2,ANNEEACC4_3,ANNEEACC4_4,ANNEEACC4_5,NBACC5,ACCFREQUENCE5,ANNEEACC5_1,ANNEEACC5_2,ANNEEACC5_3,ANNEEACC5_4,ANNEEACC5_5,NBACC6,ACCFREQUENCE6,ANNEEACC6_1,ANNEEACC6_2,ANNEEACC6_3,ANNEEACC6_4,ANNEEACC6_5,NBACC7,ACCFREQUENCE7,ANNEEACC7_1,ANNEEACC7_2,ANNEEACC7_3,ANNEEACC7_4,ANNEEACC7_5,NBACC8,ACCFREQUENCE8,ANNEEACC8_1,ANNEEACC8_2,ANNEEACC8_3,ANNEEACC8_4,ANNEEACC8_5,NBACC9,ACCFREQUENCE9,ANNEEACC9_1,ANNEEACC9_2,ANNEEACC9_3,ANNEEACC9_4,ANNEEACC9_5,NBACC10,ACCFREQUENCE10,ANNEEACC10_1,ANNEEACC10_2,ANNEEACC10_3,ANNEEACC10_4,ANNEEACC10_5,NBACC11,ACCFREQUENCE11,ANNEEACC11_1,ANNEEACC11_2,ANNEEACC11_3,ANNEEACC11_4,ANNEEACC11_5,NBACC12,ACCFREQUENCE12,ANNEEACC12_1,ANNEEACC12_2,ANNEEACC12_3,ANNEEACC12_4,ANNEEACC12_5,NBACC13,ACCFREQUENCE13,ANNEEACC13_1,ANNEEACC13_2,ANNEEACC13_3,ANNEEACC13_4,ANNEEACC13_5,NBACC14,ACCFREQUENCE14,ANNEEACC14_1,ANNEEACC14_2,ANNEEACC14_3,ANNEEACC14_4,ANNEEACC14_5,AUTRESACC,NBAUTRESACC,TOTAL_AC,ANNEEAUTREACC1,ANNEEAUTREACC2,ANNEEAUTREACC3,ANNEEAUTREACC4,ANNEEAUTREACC5,LIEUAUTREACC1,LIEUAUTREACC2,LIEUAUTREACC3,LIEUAUTREACC4,LIEUAUTREACC5,DESCRIPTIONAUTRESACC1,DESCRIPTIONAUTRESACC2,DESCRIPTIONAUTRESACC3,DESCRIPTIONAUTRESACC4,DESCRIPTIONAUTRESACC5,NBAUTRESACCCIRCUIT,NBAUTRESTOUTTERRAIN,EXPCYCLO,EXP125,EXPSUP125,ACCORDNEXTQ,CHOIXACC,RGPMTACC,RECUPANNEE,RECUPLIEU,RECUPANNE,RGPMTAC,CHOIX1,CHOIX2,CHOIX3,CHOIX4,CHOIX5,CHOIX6,CHOIX7,DESCRIPTION,RUPTURE,FAITS,ABS_REACTION,AUTRE_REACTION,PRECISIONREACTIONOUI,RECUL,PRECISIONREACTIONNON,IMPACTCOMPORTEMENT,AUTREUSAGER,REACTIONAUTREUSAGER,CONNAISSANCEREACTIONUSAGER,DIFFICULTES,AGGRAVATION,DIFFICULTES2,EMOTIONS1,EMOTIONS2,EMOTIONS3,EMOTIONS4,EMOTIONS5,EMOTIONS6,AUTRESENTIMENT,CLASSEMENTEMOTIONS1,CLASSEMENTEMOTIONS,CLASSEMENTEMOTIONS5,CLASSEMENTEMOTIONS6,CLASSEMENTEMOTIONS7,CLASSEMENTEMOTIONS8,CLASSEMENTEMOTIONS9,EXPLICATIONRESSENTI,BIENEQUIPE,ALLURE,ALLUREVITEDETAIL,ALLURELENTEDETAIL,SITUATIONPRESSE,SITUATIONDISTRAIT,SITUATIONCONFIANT,SITUATIONCONTROLE,SITUATIONLUDIQUE,SITUATIONPERF,SITUATIONSTRESS,SITUATIONFATIGUE,HUMEURNEUTRE,HUMEURGAI,HUMEURMECONTENT,HUMEURTRISTE,HUMEURCOLERE,CONTRIBUTION1,CONTRIBUTION2,CONTRIBUTION3,CONTRIBUTION4,CONTRIBUTION5,CONTRIBUTION6,CONTRIBUTION7,CONTRIBUTION8,CONTRIBUTION9,ROLEINFRA,ELEMENTINFRA1,ELEMENTINFRA2,ELEMENTINFRA3,ELEMENTINFRA4,ELEMENTINFRA5,ELEMENTINFRA6,ELEMENTINFRA7,ELEMENTINFRA8,ELEMENTINFRA9,ALCOOL,TXALCOOL,STUP,SEMAINE,MOMENTJOURNEE,TEMPS,CAUSEACC1,CAUSEACC2,CAUSEACC3,CAUSEACC4,CAUSEACC5,FORMATIONCAUSE,FORMATION1,FORMATION2,FORMATION3,FORMATION4,FORMATION5,TRAFIC,CHAUSSEE1,CHAUSSEE2,CHAUSSEE3,CHAUSSEE4,TYPEACC,BLESSURE,TETE,COU,THORAX,MEMBRESSUP,COLONNE,BASSIN,MEMBRESINF,HOPITAL,PLUS24H,TRAJET,TYPEROUTE,MOTIF,SENSTRAJET,PASSAGER,VITESSE,DESCEQ1,DESCEQ2,DESCEQ3,DESCEQ4,DESCEQ5,DESCEQ6,DESCEQ7,DESCEQ8,DESCEQ9,DESCEQ10,VEHICULEETE,VEHICULEAUTOMNE,VEHICULEPRINTEMPS,VEHICULEHIVER,VEHICULESEMAINE,VEHICULEWE,VEHMARQUE,VEHCYLINDREE,VEHMODELE,VEHSEGMENT,VEHSIDE,EQ2RMABS,EQ2RMCBS,EQ2RMABSCBS,EQ2RMREGULATEUR,EQ2RMLIMITEUR,EQ2RMPHARESDIRECT,EQ2RMCOUPURE,EQ2RMANTIPATINAGE,EQ2RMANTIXHEELING,EQ2RMSTABILILTE,VEHKM,POINTS,DUREE,AUTRE2RM,VEHPRECMARQUE,VEHPRECCYLINDREE,VEHPRECMODELE,VEHPRECSEGMENT,VEHPRECSIDE,TEMPS2RMPREC,FREQVEHPREC,DATE_NAISS,CSP,SOCIETAIRE,SALARIE,SECTEUR2RM,NBPERSFOYER,SITFAM,NBENF,TRNBENF1,TRNBENF2,TRNBENF3,TRNBENF4,NBAUTOFOYER,NBCYCLOFOYER,NBSCOOTFOYER,NBMOTOFOYER,NBTRIKEFOYER,NB2RMCONDUIT,MARQUE1,CYLINDREE1,MODELE1,SEGMENT1,SIDE1,ANMISECIRCU1,ASS1,FREQ1,USAGE1,NBKM1,GARAGE1,MARQUE2,CYLINDREE2,MODELE2,SEGMENT2,SIDE2,ANMISECIRCU2,ASS2,FREQ2,USAGE2,NBKM2,GARAGE2,MARQUE3,CYLINDREE3,MODELE3,SEGMENT3,SIDE3,ANMISECIRCU3,ASS3,FREQ3,USAGE3,NBKM3,GARAGE3,MARQUE4,CYLINDREE4,MODELE4,SEGMENT4,SIDE4,ANMISECIRCU4,ASS4,FREQ4,USAGE4,NBKM4,GARAGE4,MARQUE5,CYLINDREE5,MODELE5,SEGMENT5,SIDE5,ANMISECIRCU5,ASS5,FREQ5,USAGE5,NBKM5,GARAGE5,NBKMTOT,PERMIS1,PERMIS2,PERMIS3,PERMIS4,PERMIS5,PERMIS6,PERMIS7,PERMIS8,PERMIS9,ANPERMIS1,ANPERMIS6,ANPERMIS7,ANPERMIS2,ANPERMIS3,ANPERMIS8,ANPERMIS9,ANPERMIS4,ANPERMIS5,,,
817,4274,,0,,,,,,,,,,,,,,,,,,,,,,,,,,,,,,,,,,,,,,,,,,,,,,,,,,,,,,,,,,,,,,,,,,,,,,,,,,,,,,,,,,,,,,,,,,,,,,,,,,,,,,,,,,,,,,,,,,,,,,,,,,,,,,,,,,,,,,,,,,,,,,,,,,,,,,,,,,,,,,,,,,,,,,,,,,,,,,,,,,,,,,,,,,,,,,,,,,,,,,,,,,,,,,,,,,,,,,,,,,,,,,,,,,,,,,,,,,,,,,,,,,,,,,,,,,,,,,,,,,,,,,,,,,,,,,,,,,,,,,,,,,,17OCT1953,11,1,3,2,2,3,,NRP,,,,3,1,0,3,0,3,TRIUMPH,1050,TIGER,ROADSTER,2,2009,10,3,1,8000,7,GAS GAS,250,TXT,"TOUT TERRAIN (TRIAL, ENDURO, CROSS)",2,2002,37,4,1,500,7,KOEHLER-ESCOFFIER,200,BASIQUE,ROADSTER,2,1953,29,4,1,500,7,,,,,,,,,,,,,,,,,,,,,,,9000,3,4,,,,,,,,NRP,NRP,NRP,NRP,1970,NRP,NRP,1971,NRP,,,
506,4276,77,1,0,4,,,,,,0,4,,,,,,1,4,2006,,,,,0,4,,,,,,1,4,1982,,,,,0,4,,,,,,0,3,,,,,,0,5,,,,,,1,4,2008,,,,,0,5,,,,,,0,5,,,,,,0,2,,,,,,0,4,,,,,,1,3,1985,,,,,0,,4,,,,,,,,,,,,,,,,,,2,2,32,1,11,3,2006,,2006,Vous remontiez une file de véhicules (à larrêt ou au ralenti) par la gauche. Un véhicule de cette file vous a coupé la route en tournant à gauche.,4,6,"AUT|J'ai réussi à ne pas tomber, le conducteur m'a agressé verbalement et forcé à rédiger le constat à son avantage. Hélas, mon assurance n'a pas réussi à comprendre le déroulement de cet accident. J'ai eu les torts et surtout je suis resté marqué par cette agression.",,,,,"Je remontais tranquillement, par la gauche, la file de voiture qui étaient en train de s'arrêter au feu suivant. Quand soudain le véhicule que je doublais à déboité franchement alors que j'était à sa hauteur. Il n'y a pas de rue à gauche et c'est un ligne continu qui sépare les chaussées. Heureusement je ne suis pas tombé et je ne suis pas entrée en collision avec un véhicule arrivant en sens inverse. j'ai stationné ma moto sur le trottoir de droite (mon sens de circulation) et je suis allé ramasser ma valise qui était tombée. Là, le gars de la 106 qui m'a percuté, m'a hurlé dessus insulté, me montrant les dégâts de sa voiture, tout le latéral était détruit, à peine croyable. Il n'a pas voulu entendre qu'il avait entrepris une manoeuvre, (demi-tour?) alors que je reconnaissais remonter la file de voiture. Il m'hurlait tellement dessus,disant qu'il devait aller voir son frère en prison comment allait-il faire etc...  Je n'était pas encore remis du choc alors j'ai fini par accepter sa demande: cocher la case ""roulait en contre sens ou à franchi la ligne blanche, je ne sais plus"". J'ai eu beau lui expliquer que si j'était en contre sens, pour qu'on s'accroche, il fallait qu'il y soit aussi.Impossible Je voulais que ça cesse, j'ai signé le constat. Le soir au retour, j'ai fait une main courante au poste de police que j'ai joints au constat accompagné d'un courrier pour tenter d'aider ma mutuelle à mettre les responsabilités sur cette personne. J'ai fait un détour pendant plusieurs mois avant de repasser par ce chemin.","A cette époque je travaillais à porte des lilas et j'habite Pontault Combault. Je conduis depuis longtemps, par tous les temps et toute l'année. J'évite au maximum l'autoroute et le périf et change souvent de chemin en fonction de la circulation. Très attentif aux signes que nous donnent les automobilistes inconsciemment, mais pas invulnérable évidement, là j'était vraiment à sa hauteur donc visible par ce dernier.....je n'ai rien vu venir. Un gros choc, sans savoir d'où cela venait. Réussir à ne pas tomber, me garer, récupérer ma valise et le phare qui avait sauté, enfin comprendre que la personne qui me criait dessus était le propriétaire de la 106 qui m'était rentré dedans et qui était garée un peu plus haut.","Je suis désolé, cet accident n'est pas un bon exemple car comme je l'ai décrit avant je n'ai pas eu le temps de faire quoique ce soit, je roule et d'un seul coup c'est le choc..",3,0,,,"Le gars à déboité alors que j'étais à sa hauteur. La seul chose à faire pour l'éviter, c'était de rester dans la queue avec les voitures.",2,1,2,,"Si on enlève sa mauvaise fois, puisqu'il n'a pas voulu reconnaître sa manoeuvre, un demi tour je pense. Peut être aurait-il pu ne pas regarder dans son rétroviseur ou avoir des difficultés à me voir.",1,Pour moi il a provoqué l'accident!,7,,,,,,,,,,,,,,,4,3,,,1,1,3,3,1,1,1,1,1,2,4,4,4,10,,,,,,,,,2,,,,,,,,,2,2,,2,1,3,1,10,90,0,0,0,2,,,,,,3,1,,,,1,,,,,,,,,,,1,1,1,1,0,30,1,10,2,3,4,7,,,,,4,4,4,4,4,2,BMW,750,K75,ROADSTER,2,1,1,1,1,1,1,1,1,1,1,150000,12,4,1,BMW,1000,R100RT,Routière / GT,2,4,4,29JAN1964,5,1,3,2,4,4,2,NRP,,,,3,1,0,1,0,2,BMW,850,R850R ABS,ROADSTER,2,2004,37,1,2,15000,7,MOTOCONFORT,50,AU89,ROADSTER,2,1960,40,4,1,20,7,,,,,,,,,,,,,,,,,,,,,,,,,,,,,,,,,,15020,2,4,9,,,,,,,NRP,NRP,NRP,1980,NRP,NRP,1982,1983,NRP,,,
390,4277,,0,,,,,,,,,,,,,,,,,,,,,,,,,,,,,,,,,,,,,,,,,,,,,,,,,,,,,,,,,,,,,,,,,,,,,,,,,,,,,,,,,,,,,,,,,,,,,,,,,,,,,,,,,,,,,,,,,,,,,,,,,,,,,,,,,,,,,,,,,,,,,,,,,,,,,,,,,,,,,,,,,,,,,,,,,,,,,,,,,,,,,,,,,,,,,,,,,,,,,,,,,,,,,,,,,,,,,,,,,,,,,,,,,,,,,,,,,,,,,,,,,,,,,,,,,,,,,,,,,,,,,,,,,,,,,,,,,,,,,,,,,,,12OCT1970,5,2,3,2,5,4,3,NRP,,,,2,0,0,1,0,1,YAMAHA,900,TDM,ROADSTER,2,2002,28,3,1,4000,7,,,,,,,,,,,,,,,,,,,,,,,,,,,,,,,,,,,,,,,,,,,,,4000,3,4,,,,,,,,NRP,NRP,NRP,NRP,2009,NRP,NRP,1996,NRP,,,
886,4278,,0,,,,,,,,,,,,,,,,,,,,,,,,,,,,,,,,,,,,,,,,,,,,,,,,,,,,,,,,,,,,,,,,,,,,,,,,,,,,,,,,,,,,,,,,,,,,,,,,,,,,,,,,,,,,,,,,,,,,,,,,,,,,,,,,,,,,,,,,,,,,,,,,,,,,,,,,,,,,,,,,,,,,,,,,,,,,,,,,,,,,,,,,,,,,,,,,,,,,,,,,,,,,,,,,,,,,,,,,,,,,,,,,,,,,,,,,,,,,,,,,,,,,,,,,,,,,,,,,,,,,,,,,,,,,,,,,,,,,,,,,,,,02MAR1959,4,1,3,2,2,3,,NRP,,,,2,0,0,3,0,3,TRIUMPH,1050,SPRINT ST ABS,Routière / GT,2,2007,37,2,1,8000,7,YAMAHA,750,SUPER TENERE (XTZ),TRAIL / SUPERMOTARD,2,1989,37,1,2,7500,7,YAMAHA,350,RDLC,Routière / GT,2,1980,37,3,1,5000,7,,,,,,,,,,,,,,,,,,,,,,,20500,2,3,4,,,,,,,NRP,NRP,NRP,1976,1977,NRP,NRP,1977,NRP,,,
519,4281,,0,,,,,,,,,,,,,,,,,,,,,,,,,,,,,,,,,,,,,,,,,,,,,,,,,,,,,,,,,,,,,,,,,,,,,,,,,,,,,,,,,,,,,,,,,,,,,,,,,,,,,,,,,,,,,,,,,,,,,,,,,,,,,,,,,,,,,,,,,,,,,,,,,,,,,,,,,,,,,,,,,,,,,,,,,,,,,,,,,,,,,,,,,,,,,,,,,,,,,,,,,,,,,,,,,,,,,,,,,,,,,,,,,,,,,,,,,,,,,,,,,,,,,,,,,,,,,,,,,,,,,,,,,,,,,,,,,,,,,,,,,,,26SEP1986,4,2,3,2,1,1,,NRP,,,,1,0,0,1,0,1,YAMAHA,600,XJ6 DIVERSION,ROADSTER,2,1992,29,4,1,2000,7,,,,,,,,,,,,,,,,,,,,,,,,,,,,,,,,,,,,,,,,,,,,,2000,1,3,4,,,,,,,2000,NRP,NRP,NRP,2009,NRP,NRP,2005,NRP,,,
327,4282,,1,0,2,,,,,,0,3,,,,,,0,3,,,,,,0,3,,,,,,1,5,1974,,,,,0,3,,,,,,0,3,,,,,,1,4,1976,,,,,3,5,1974,1976,1998,,,0,1,,,,,,0,2,,,,,,0,2,,,,,,0,3,,,,,,0,1,,,,,,0,,5,,,,,,,,,,,,,,,,,,2,0,41,1,21,5,1974,,,,,,,,,,,,,,,,,,,,,,,,,,,,,,,,,,,,,,,,,,,,,,,,,,,,,,,,,,,,,,,,,,,,,,,,,,,,,,,,,,,,,,,,,,,,,,,,,,,,,,,,,,,,,,,,,,,,,,,,,,,,,,,,,,,,,,,,,,,,,,,,,,,,,,,,,,,,,,02JUL1952,9,1,3,2,2,3,,NRP,,,,1,0,0,9,0,9,YAMAHA,600,FZ6-N,ROADSTER,2,2005,37,3,1,5000,6,BMW,1000,R100RT,Routière / GT,2,1983,37,4,1,1500,6,BMW,900,R90S,Routière / GT,2,1975,37,4,1,2000,6,BMW,800,R80GS MONOLEVER,TRAIL / SUPERMOTARD,2,1982,37,3,1,1500,6,DUCATI,900,SUPERLIGHT,Routière / GT,2,1998,37,3,1,3000,6,13000,3,4,,,,,,,,NRP,NRP,NRP,NRP,1973,NRP,NRP,1971,NRP,,,
1417,4283,,0,,,,,,,,,,,,,,,,,,,,,,,,,,,,,,,,,,,,,,,,,,,,,,,,,,,,,,,,,,,,,,,,,,,,,,,,,,,,,,,,,,,,,,,,,,,,,,,,,,,,,,,,,,,,,,,,,,,,,,,,,,,,,,,,,,,,,,,,,,,,,,,,,,,,,,,,,,,,,,,,,,,,,,,,,,,,,,,,,,,,,,,,,,,,,,,,,,,,,,,,,,,,,,,,,,,,,,,,,,,,,,,,,,,,,,,,,,,,,,,,,,,,,,,,,,,,,,,,,,,,,,,,,,,,,,,,,,,,,,,,,,,09AUG1959,6,2,3,2,3,4,1,NRP,,,,2,0,0,1,0,1,HONDA,1300,PAN EUROPEAN,Routière / GT,2,2008,29,2,2,9000,7,,,,,,,,,,,,,,,,,,,,,,,,,,,,,,,,,,,,,,,,,,,,,9000,3,4,,,,,,,,NRP,NRP,NRP,NRP,1995,NRP,NRP,1978,NRP,,,
1302,4285,87,1,0,3,,,,,,0,5,,,,,,1,5,1998,,,,,0,3,,,,,,1,4,2000,,,,,0,3,,,,,,0,2,,,,,,0,2,,,,,,0,1,,,,,,0,5,,,,,,0,4,,,,,,0,3,,,,,,0,4,,,,,,0,2,,,,,,1,1,3,2014,,,,,Claye Souilly,,,,,Percuté par un automobiliste qui quittait son stationnement en marche arrière.,,,,,0,0,4,4,20,1,71,15,2014,Claye Souilly,2014,Autre(s) type(s) d'accident(s).,3,,,,,,,"Juste un automobiliste qui sortant d'un stationnement en marche arrière ""ne m'a pas vu ni entendu""! Puis délit de fuite, phot de la l'immat', plainte déposée, dossier toujours en instruction. Pas de nouvelle ni du commissariat, ni de la Mutuelle des Motards. C'est pas grave c'est moi qui ait payé la franchise! Et comme rien ne bouge...  J'aurai dû lui exploser la gueule, même si cela ne m'aurait pas remboursé les frais de réparation mais au moins cela lui aurait peut-être servit de leçon. Alors que là, le lascar continue à rouler et faire ce qu'il veut, et moi j'ai toujours 600 dehors et un dossier de sinistre en suspend.","Croiser la route d'un connard ou connasse car là il y a parité!!!   Et il y en a de plus en plus.  Je roule quasiment tous les WE (entre 600 et 1000 kil) et j'assure très souvent la sécu, et bien le nombre de comportement extrêmement dangereux que je (nous) vois (voyons)est en très nette augmentation depuis 3 ou 4 ans!!!","J'étais à l'arrêt (sur un parking d'un centre commercial) quand l'abruti de base m'a reculé dessus.  Je roule en HD, et celle-là (je ne l'ai plus) entre les pots Monster Oval, la sono qui crachait du AC/DC ou Metallica + le coup de sirène que j'ai mit, pas entendu!!! Et pas vu : avec mon 1m83 et mon quintal bien tassé sur une machine de 360 kilos!!! Il lui faut des chiens.  Donc quand je l'ai vu reculé, j'ai enclenché ma sirène et tenté de me serrer le plus à droite pour gagner un peu d'espace, mais devant moi 2 voitures étaient arrêtées et sur ma droite des rebords en béton.   Une fois relevé, le lascar ne voulait pas faire un constat, donc photos prises, et directe commissariat...  Voiture des domaines récemment achetée par un garage/négociant, et le gars au volant semble être un employé. C'était un samedi, peut-être qu'il ne devait pas être là avec cette voiture.",NRP,0,,,J'étais à l'arrêt!!!!,3,1,2,,Rien à foutre de rien le loustic et écouteur sur les oreilles...,1,"Seul au monde, les autres rien à foutre.",9,,,,,,Merde encore un connard!!!,,,,,,,1,"Face à la connerie des autres, quel sentiment : y'a trop de cons au volant!!!  J'ai quasiment 2 millions de kil derrière moi (auto/moto/pl, dont environ 200 milles sur 2 roues.  Donc je sais pertinemment que même en étant le plus prudent du monde on ne peut pas tout éviter, ou sinon faut laisser les bécanes au garage!",4,4,,,1,1,4,4,1,1,1,1,1,1,4,4,4,10,,,,,,,,,2,,,,,,,,,2,2,,2,2,1,1,0,100,0,0,0,1,AUT|Les caisseux devraient avoir une vraie formation de conduite!!!,,,,,4,1,,,,1,,,,,,,,,,,2,AUT|Parking centre commercial,3,,0,0,1,10,2,3,4,,,,,,4,4,4,4,4,4,HARLEY-DAVIDSON,1690,STREET GLIDE,Routière / GT,2,0,1,1,0,1,1,0,1,1,1,13000,12,3,1,HARLEY-DAVIDSON,1584,DYNA SUPER GLIDE CUSTOM,CUSTOM,2,4,4,09MAR1973,5,1,3,2,2,3,,NRP,,,,2,0,0,4,0,4,HARLEY-DAVIDSON,1584,DYNA SUPER GLIDE CUSTOM,CUSTOM,2,2007,37,2,1,5000,7,HARLEY-DAVIDSON,1200,SPORTSTER NIGHTSTER,ROADSTER,2,2010,10,3,1,3000,7,YAMAHA,600,FZS FAZER,ROADSTER,2,2003,10,3,1,2000,7,HARLEY-DAVIDSON,1690,STREET GLIDE ABS,Routière / GT,2,2012,37,2,1,7000,7,,,,,,,,,,,,17000,3,4,,,,,,,,NRP,NRP,NRP,NRP,1993,NRP,NRP,1991,NRP,,,
82,4286,96,1,0,4,,,,,,0,4,,,,,,0,4,,,,,,0,2,,,,,,0,5,,,,,,0,2,,,,,,0,5,,,,,,0,5,,,,,,1,4,2000,,,,,0,5,,,,,,0,5,,,,,,0,5,,,,,,1,5,1985,,,,,0,3,,,,,,0,,2,,,,,,,,,,,,,,,,,,4,0,31,1,61,13,1985,,1985,Vous circuliez derrière un véhicule. Ce véhicule a freiné ou a ralenti et vous lavez percuté par larrière.,6,,,,,,,"A l'entrée de Toulon je suivais de trop prés et à vive allure une voiture qui arrivée à un carrefour avec deux rangées de feux rouges a soudainement pilé entre les feux qui étaient en train de passer à l'orange, je l'ai alors percuté par l'arriére.",la non distance de sécuritée.,je n ai pas eu le temps de réagir.,3,0,,,pas le temps.,2,0,,,,,,7,,,,,,,,,,,,,,,1,1,4,,1,1,4,4,1,1,1,1,1,4,4,4,4,1,,,,,,,,,2,,,,,,,,,2,2,,2,1,1,1,100,0,0,0,0,2,,,,,,2,1,,,,2,1,1,,,,,,,0,,1,1,1,2,0,90,1,10,2,5,,,,,,,4,4,4,4,4,4,HONDA,500,CX,ROADSTER,2,1,1,1,1,1,1,1,1,1,1,7000,NSP,4,1,YAMAHA,80,RDLC,ROADSTER,2,4,3,30JUL1965,4,1,3,2,5,4,3,NRP,,,,3,1,0,1,0,1,BMW,1200,R1200R,ROADSTER,2,2010,37,2,1,8000,7,,,,,,,,,,,,,,,,,,,,,,,,,,,,,,,,,,,,,,,,,,,,,8000,3,4,,,,,,,,NRP,NRP,NRP,NRP,1983,NRP,NRP,1986,NRP,,,
178,4287,47,1,0,5,,,,,,0,5,,,,,,0,4,,,,,,1,5,1994,,,,,1,5,1986,,,,,0,5,,,,,,0,3,,,,,,5,4,1971,1986,1994,2004,2006,1,5,2004,,,,,0,5,,,,,,0,4,,,,,,0,4,,,,,,1,4,1971,,,,,0,2,,,,,,1,5,14,1971,1986,1994,2004,2006,challes les eau,valence,chambery,lyon,la ravoire,accidents en chaine lors d'un ralentissement,2 files dans le me^me sens je circulai sur la 2em file une voiture sur la 1er file en arret a fait demi-tour en me coupant la route,une voiture arretée a un stop a demarrée en me coupant la route,dérapage dans une courbe  un camion de chantier avait perdu de la terre dans le virage,une voiture sortie d'un chemin de terre ma couper la route,0,0,5,2,44,1,72,15,1986,valence,1986,Autre(s) type(s) d'accident(s).,4,,,,,,,je circulais sur la 2em file a droite lors d'un embouteillage lorsqu'une voiture sur la file de gauche entame un demi tour pour repartir dans l'autre sens me coupant la route ainsi que la ligne blanche  il m'accrocha l'arrière de la moto ce qui me déstabilisa m'envoyant ainsi contre un arbre,la surprise de la manoeuvre et la déstabilisation de la moto,je n'ai pas eu le temps de réagir et lors de la collision avec l'arbre j'ai perdu connaissance et  me suis réveiller aux urgences de l'hopital avec une épaule en compote,3,1,j'aurai surveillé avec plus d'attention la file arretée  j'aurai ainsi pu prévoir la manoeuvre en voyant les roues de la voiture braquer,trop de confiance dans les autres conducteurs,,2,0,,,,,,6,,,,,,,,,,,,1,,ne pouvoir réagir parce que je n'ai pas vu la manoeuvre,4,3,,,1,4,4,3,4,1,1,1,3,3,4,4,4,4,5,8,,,,,,,2,,,,,,,,,2,2,,2,2,1,1,5,95,0,0,0,2,,,,,,4,1,,,,2,1,4,,,,,,,1,1,2,1,3,,0,30,1,2,3,4,7,9,,,,,4,4,4,4,NRP,4,BMW,750,R75/5,ROADSTER,2,1,1,1,1,1,1,1,1,1,1,40000,12,4,1,NORTON,750,HI RIDER,CUSTOM,2,4,4,12MAR1952,9,2,3,2,1,1,,NRP,,,,2,2,0,3,0,3,BMW,1150,R1150RS,Routière / GT,2,2002,29,1,1,10000,7,HONDA,125,CB-F,ROADSTER,2,2009,29,1,1,3000,7,GRIFFON,125,ROUTIERE,ROADSTER,2,1953,29,4,1,200,7,,,,,,,,,,,,,,,,,,,,,,,13200,3,4,,,,,,,,NRP,NRP,NRP,NRP,1970,NRP,NRP,1972,NRP,,,
795,4289,,0,,,,,,,,,,,,,,,,,,,,,,,,,,,,,,,,,,,,,,,,,,,,,,,,,,,,,,,,,,,,,,,,,,,,,,,,,,,,,,,,,,,,,,,,,,,,,,,,,,,,,,,,,,,,,,,,,,,,,,,,,,,,,,,,,,,,,,,,,,,,,,,,,,,,,,,,,,,,,,,,,,,,,,,,,,,,,,,,,,,,,,,,,,,,,,,,,,,,,,,,,,,,,,,,,,,,,,,,,,,,,,,,,,,,,,,,,,,,,,,,,,,,,,,,,,,,,,,,,,,,,,,,,,,,,,,,,,,,,,,,,,,16APR1974,7,1,3,2,1,1,,NRP,,,,1,0,0,1,0,1,KAWASAKI,1100,ZZR,Routière / GT,2,1999,37,2,1,12000,7,,,,,,,,,,,,,,,,,,,,,,,,,,,,,,,,,,,,,,,,,,,,,12000,3,4,,,,,,,,NRP,NRP,NRP,NRP,1999,NRP,NRP,1993,NRP,,,