Ligne,Ligne Q qualif,Ligne approfondissement Accident,ACCIDENT,NBACC1,ACCFREQUENCE1,ANNEEACC1_1,ANNEEACC1_2,ANNEEACC1_3,ANNEEACC1_4,ANNEEACC1_5,NBACC2,ACCFREQUENCE2,ANNEEACC2_1,ANNEEACC2_2,ANNEEACC2_3,ANNEEACC2_4,ANNEEACC2_5,NBACC3,ACCFREQUENCE3,ANNEEACC3_1,ANNEEACC3_2,ANNEEACC3_3,ANNEEACC3_4,ANNEEACC3_5,NBACC4,ACCFREQUENCE4,ANNEEACC4_1,ANNEEACC4_2,ANNEEACC4_3,ANNEEACC4_4,ANNEEACC4_5,NBACC5,ACCFREQUENCE5,ANNEEACC5_1,ANNEEACC5_2,ANNEEACC5_3,ANNEEACC5_4,ANNEEACC5_5,NBACC6,ACCFREQUENCE6,ANNEEACC6_1,ANNEEACC6_2,ANNEEACC6_3,ANNEEACC6_4,ANNEEACC6_5,NBACC7,ACCFREQUENCE7,ANNEEACC7_1,ANNEEACC7_2,ANNEEACC7_3,ANNEEACC7_4,ANNEEACC7_5,NBACC8,ACCFREQUENCE8,ANNEEACC8_1,ANNEEACC8_2,ANNEEACC8_3,ANNEEACC8_4,ANNEEACC8_5,NBACC9,ACCFREQUENCE9,ANNEEACC9_1,ANNEEACC9_2,ANNEEACC9_3,ANNEEACC9_4,ANNEEACC9_5,NBACC10,ACCFREQUENCE10,ANNEEACC10_1,ANNEEACC10_2,ANNEEACC10_3,ANNEEACC10_4,ANNEEACC10_5,NBACC11,ACCFREQUENCE11,ANNEEACC11_1,ANNEEACC11_2,ANNEEACC11_3,ANNEEACC11_4,ANNEEACC11_5,NBACC12,ACCFREQUENCE12,ANNEEACC12_1,ANNEEACC12_2,ANNEEACC12_3,ANNEEACC12_4,ANNEEACC12_5,NBACC13,ACCFREQUENCE13,ANNEEACC13_1,ANNEEACC13_2,ANNEEACC13_3,ANNEEACC13_4,ANNEEACC13_5,NBACC14,ACCFREQUENCE14,ANNEEACC14_1,ANNEEACC14_2,ANNEEACC14_3,ANNEEACC14_4,ANNEEACC14_5,AUTRESACC,NBAUTRESACC,TOTAL_AC,ANNEEAUTREACC1,ANNEEAUTREACC2,ANNEEAUTREACC3,ANNEEAUTREACC4,ANNEEAUTREACC5,LIEUAUTREACC1,LIEUAUTREACC2,LIEUAUTREACC3,LIEUAUTREACC4,LIEUAUTREACC5,DESCRIPTIONAUTRESACC1,DESCRIPTIONAUTRESACC2,DESCRIPTIONAUTRESACC3,DESCRIPTIONAUTRESACC4,DESCRIPTIONAUTRESACC5,NBAUTRESACCCIRCUIT,NBAUTRESTOUTTERRAIN,EXPCYCLO,EXP125,EXPSUP125,ACCORDNEXTQ,CHOIXACC,RGPMTACC,RECUPANNEE,RECUPLIEU,RECUPANNE,RGPMTAC,CHOIX1,CHOIX2,CHOIX3,CHOIX4,CHOIX5,CHOIX6,CHOIX7,DESCRIPTION,RUPTURE,FAITS,ABS_REACTION,AUTRE_REACTION,PRECISIONREACTIONOUI,RECUL,PRECISIONREACTIONNON,IMPACTCOMPORTEMENT,AUTREUSAGER,REACTIONAUTREUSAGER,CONNAISSANCEREACTIONUSAGER,DIFFICULTES,AGGRAVATION,DIFFICULTES2,EMOTIONS1,EMOTIONS2,EMOTIONS3,EMOTIONS4,EMOTIONS5,EMOTIONS6,AUTRESENTIMENT,CLASSEMENTEMOTIONS1,CLASSEMENTEMOTIONS,CLASSEMENTEMOTIONS5,CLASSEMENTEMOTIONS6,CLASSEMENTEMOTIONS7,CLASSEMENTEMOTIONS8,CLASSEMENTEMOTIONS9,EXPLICATIONRESSENTI,BIENEQUIPE,ALLURE,ALLUREVITEDETAIL,ALLURELENTEDETAIL,SITUATIONPRESSE,SITUATIONDISTRAIT,SITUATIONCONFIANT,SITUATIONCONTROLE,SITUATIONLUDIQUE,SITUATIONPERF,SITUATIONSTRESS,SITUATIONFATIGUE,HUMEURNEUTRE,HUMEURGAI,HUMEURMECONTENT,HUMEURTRISTE,HUMEURCOLERE,CONTRIBUTION1,CONTRIBUTION2,CONTRIBUTION3,CONTRIBUTION4,CONTRIBUTION5,CONTRIBUTION6,CONTRIBUTION7,CONTRIBUTION8,CONTRIBUTION9,ROLEINFRA,ELEMENTINFRA1,ELEMENTINFRA2,ELEMENTINFRA3,ELEMENTINFRA4,ELEMENTINFRA5,ELEMENTINFRA6,ELEMENTINFRA7,ELEMENTINFRA8,ELEMENTINFRA9,ALCOOL,TXALCOOL,STUP,SEMAINE,MOMENTJOURNEE,TEMPS,CAUSEACC1,CAUSEACC2,CAUSEACC3,CAUSEACC4,CAUSEACC5,FORMATIONCAUSE,FORMATION1,FORMATION2,FORMATION3,FORMATION4,FORMATION5,TRAFIC,CHAUSSEE1,CHAUSSEE2,CHAUSSEE3,CHAUSSEE4,TYPEACC,BLESSURE,TETE,COU,THORAX,MEMBRESSUP,COLONNE,BASSIN,MEMBRESINF,HOPITAL,PLUS24H,TRAJET,TYPEROUTE,MOTIF,SENSTRAJET,PASSAGER,VITESSE,DESCEQ1,DESCEQ2,DESCEQ3,DESCEQ4,DESCEQ5,DESCEQ6,DESCEQ7,DESCEQ8,DESCEQ9,DESCEQ10,VEHICULEETE,VEHICULEAUTOMNE,VEHICULEPRINTEMPS,VEHICULEHIVER,VEHICULESEMAINE,VEHICULEWE,VEHMARQUE,VEHCYLINDREE,VEHMODELE,VEHSEGMENT,VEHSIDE,EQ2RMABS,EQ2RMCBS,EQ2RMABSCBS,EQ2RMREGULATEUR,EQ2RMLIMITEUR,EQ2RMPHARESDIRECT,EQ2RMCOUPURE,EQ2RMANTIPATINAGE,EQ2RMANTIXHEELING,EQ2RMSTABILILTE,VEHKM,POINTS,DUREE,AUTRE2RM,VEHPRECMARQUE,VEHPRECCYLINDREE,VEHPRECMODELE,VEHPRECSEGMENT,VEHPRECSIDE,TEMPS2RMPREC,FREQVEHPREC,DATE_NAISS,CSP,SOCIETAIRE,SALARIE,SECTEUR2RM,NBPERSFOYER,SITFAM,NBENF,TRNBENF1,TRNBENF2,TRNBENF3,TRNBENF4,NBAUTOFOYER,NBCYCLOFOYER,NBSCOOTFOYER,NBMOTOFOYER,NBTRIKEFOYER,NB2RMCONDUIT,MARQUE1,CYLINDREE1,MODELE1,SEGMENT1,SIDE1,ANMISECIRCU1,ASS1,FREQ1,USAGE1,NBKM1,GARAGE1,MARQUE2,CYLINDREE2,MODELE2,SEGMENT2,SIDE2,ANMISECIRCU2,ASS2,FREQ2,USAGE2,NBKM2,GARAGE2,MARQUE3,CYLINDREE3,MODELE3,SEGMENT3,SIDE3,ANMISECIRCU3,ASS3,FREQ3,USAGE3,NBKM3,GARAGE3,MARQUE4,CYLINDREE4,MODELE4,SEGMENT4,SIDE4,ANMISECIRCU4,ASS4,FREQ4,USAGE4,NBKM4,GARAGE4,MARQUE5,CYLINDREE5,MODELE5,SEGMENT5,SIDE5,ANMISECIRCU5,ASS5,FREQ5,USAGE5,NBKM5,GARAGE5,NBKMTOT,PERMIS1,PERMIS2,PERMIS3,PERMIS4,PERMIS5,PERMIS6,PERMIS7,PERMIS8,PERMIS9,ANPERMIS1,ANPERMIS6,ANPERMIS7,ANPERMIS2,ANPERMIS3,ANPERMIS8,ANPERMIS9,ANPERMIS4,ANPERMIS5,,,
471,4290,,1,0,4,,,,,,1,4,1970,,,,,0,6,,,,,,0,4,,,,,,0,4,,,,,,0,4,,,,,,0,4,,,,,,0,4,,,,,,2,4,1974,2010,,,,0,3,,,,,,0,6,,,,,,0,2,,,,,,0,5,,,,,,0,3,,,,,,0,,3,,,,,,,,,,,,,,,,,,0,45,0,0,,NRP,,,,,,,,,,,,,,,,,,,,,,,,,,,,,,,,,,,,,,,,,,,,,,,,,,,,,,,,,,,,,,,,,,,,,,,,,,,,,,,,,,,,,,,,,,,,,,,,,,,,,,,,,,,,,,,,,,,,,,,,,,,,,,,,,,,,,,,,,,,,,,,,,,,,,,,,,,,,,,,20AUG1951,9,1,3,2,2,3,,NRP,,,,1,0,0,3,0,1,SACHS,125,ROADSTER V2,CUSTOM,2,2000,37,2,1,3000,7,,,,,,,,,,,,,,,,,,,,,,,,,,,,,,,,,,,,,,,,,,,,,3000,2,,,,,,,,,NRP,NRP,NRP,1968,NRP,NRP,NRP,NRP,NRP,,,
1272,4291,266,1,0,4,,,,,,0,5,,,,,,0,5,,,,,,0,4,,,,,,1,5,2006,,,,,0,3,,,,,,0,2,,,,,,0,4,,,,,,0,4,,,,,,0,4,,,,,,0,4,,,,,,0,2,,,,,,0,5,,,,,,0,4,,,,,,0,,1,,,,,,,,,,,,,,,,,,4,4,17,1,21,5,2006,,2006,Vous circuliez sur un axe prioritaire. Un véhicule venant dun axe non prioritaire vous a coupé la route.,4,,,,,,,"C'est surtout après l'accident ,que l'on commence à y réfléchir !! pendant ,tout va si vite que l'on réagit par réflexes,et que l'on se retrouve à terre sans trop savoir comment ! En résumé ,je vois arriver la voiture sur ma droite ,je comprend tout de suite qu'elle ne va pas s'arrêter,je gueule sous mon casque un juron,et quelques secondes après tout est terminé. les douleurs commencent et les pompiers arrivent rapidement!!","J'ai tenté l 'évitement par réflexe ,mais la voiture était déja  trop engagée et le choc était inévitable . aprés rèflexion je pense que j'aurais du anticiper davantage la maneuvre de la voiture,manque d'expérience?","je n'ai pas freiné ,j'ai juste essayé l'évitement. le conducteur de la voiture qui me suivait s'est mis en warning juste derriere moi ,quand j'était au sol pour me protéger des autres véhicules",NRP,1,"j'aurais beaucoup plus anticiper le comportement des véhicules venant de la droite  dans les ronds points et ailleurs . j'aurais pu comprendre que la voiture n'allait pas s'arrêter ,et ça aurait pu changer les choses","manque d'expérience sûrement ,et ce matin là j'étais pressé et manque de concentration!!!",,2,0,,,,,,1,2,,,,,,2,1,,,,,,je croyais que la voiture allait s'arrêter!,3,3,,,4,3,2,2,2,1,3,3,1,4,1,4,4,2,3,4,,,,,,,2,,,,,,,,,2,2,,2,1,1,1,30,70,0,0,0,2,,,,,,3,1,,,,2,1,6,,,,,,,1,1,1,1,1,1,0,40,1,10,2,3,4,,,,,,4,4,4,3,4,3,SUZUKI,500,GS-E CARENEE,ROADSTER,2,1,1,1,1,1,1,1,1,1,1,20000,12,3,1,HONDA,600,TRANSALP +35KW,TRAIL / SUPERMOTARD,2,3,3,23MAY1959,7,2,3,2,2,3,,NRP,,,,1,0,0,3,0,2,BMW,800,F800R ABS,ROADSTER,2,2009,29,1,2,6000,4,SUZUKI,650,GLADIUS,ROADSTER,2,2009,29,3,1,2000,4,,,,,,,,,,,,,,,,,,,,,,,,,,,,,,,,,,8000,3,4,,,,,,,,NRP,NRP,NRP,NRP,1997,NRP,NRP,1978,NRP,,,
454,4292,,0,,,,,,,,,,,,,,,,,,,,,,,,,,,,,,,,,,,,,,,,,,,,,,,,,,,,,,,,,,,,,,,,,,,,,,,,,,,,,,,,,,,,,,,,,,,,,,,,,,,,,,,,,,,,,,,,,,,,,,,,,,,,,,,,,,,,,,,,,,,,,,,,,,,,,,,,,,,,,,,,,,,,,,,,,,,,,,,,,,,,,,,,,,,,,,,,,,,,,,,,,,,,,,,,,,,,,,,,,,,,,,,,,,,,,,,,,,,,,,,,,,,,,,,,,,,,,,,,,,,,,,,,,,,,,,,,,,,,,,,,,,,17APR1968,7,2,3,2,2,3,,NRP,,,,1,0,0,1,0,1,SUZUKI,750,GSX-F,Routière / GT,2,2003,29,2,1,2000,4,,,,,,,,,,,,,,,,,,,,,,,,,,,,,,,,,,,,,,,,,,,,,2000,4,3,,,,,,,,NRP,NRP,NRP,NRP,2002,NRP,NRP,1986,NRP,,,
961,4293,43,1,0,3,,,,,,0,3,,,,,,1,5,1992,,,,,0,5,,,,,,1,4,1982,,,,,0,2,,,,,,0,3,,,,,,1,3,2012,,,,,0,4,,,,,,0,4,,,,,,0,4,,,,,,0,2,,,,,,0,4,,,,,,0,3,,,,,,1,1,4,1998,,,,,Cachan,,,,,"En tournant à gauche, j'ai été percuté par un véhicule venant de face masqué par une camionnette devant moi, la rue faisant une courbe à droite.",,,,,0,0,6,3,31,1,71,15,1998,Cachan,1998,Autre(s) type(s) d'accident(s).,6,,,,,,,"A un carrefour je suis derrière une camionnette et je tourne à gauche, alors que la rue s'incurve à droite. La camionnette me masque un taxi arrivant par cette rue. Comme je m'étais déjà engagé le taxi me heurte de face. Je vois ma moto et le capot du taxi défiler sous mes yeux alors que je heurte ce qui me semble être le haut du pare brise du taxi. Je suis alors projeté en l'air et retombe sur la chaussée. Nous nous retrouvons disséminés ma moto, le taxi et moi aux quatre coin du carrefour !  Résultat j'ai une fracture du col du fémur avec un gros déplacement, l'avant de la moto est détruit et le taxi est enfoncé presque jusqu'à l'habitacle.  Je suis évacué par les pompiers à l'hôpital ou je reste 10 jours après la pose d'un clou plaque.   Puis 3 mois d'arrêt de travail et autant de rééducation.",En fait la camionnette me masquant le taxi je ne me suis rendu compte qu'au moment du choc de son arrivée.,NRP,3,0,,,Je pense que le taxi arrivait beaucoup trop vite pour que je puisse le voir avant de m'engager dans le carrefour.,2,1,2,,NSP,1,Je pense que la vitesse du taxi était excessive.,3,,,,,,,,,1,,,,,Comme je regardait vers là où j'allais j'avais tourné la tête vers la gauche et donc je n'avais pas le taxi dans mon champ de vision. D'où mon incompréhension quand j'ai vu l'avant du taxi passer sous mes yeux.,3,3,,,1,1,2,4,1,1,1,1,2,4,4,4,4,5,,,,,,,,,1,2,,,,,,,,2,2,,2,1,1,1,0,60,0,40,0,2,,,,,,2,1,,,,2,1,6,7,,,,,,1,1,1,1,1,1,0,5,1,10,2,3,4,,,,,,4,4,4,4,4,4,BMW,850,R850R,ROADSTER,2,1,1,1,1,1,1,1,1,1,1,25000,12,4,1,YAMAHA,900,XJ,ROADSTER,2,4,4,26MAY1954,5,1,3,2,1,1,,NRP,,,,1,0,0,2,0,2,BMW,1200,R1200RT,Routière / GT,2,2010,37,2,1,12500,7,HONDA,650,DOMINATOR,TRAIL / SUPERMOTARD,2,1996,37,3,1,2500,7,,,,,,,,,,,,,,,,,,,,,,,,,,,,,,,,,,15000,4,3,,,,,,,,NRP,NRP,NRP,NRP,1984,NRP,NRP,1972,NRP,,,
700,4294,321,1,0,6,,,,,,0,4,,,,,,0,4,,,,,,0,3,,,,,,1,5,1982,,,,,0,4,,,,,,0,4,,,,,,0,4,,,,,,0,6,,,,,,1,5,1982,,,,,0,6,,,,,,0,2,,,,,,0,2,,,,,,0,3,,,,,,0,,2,,,,,,,,,,,,,,,,,,0,2,32,1,21,5,1982,,1982,Vous circuliez sur un axe prioritaire. Un véhicule venant dun axe non prioritaire vous a coupé la route.,1,2,,,,,,"Septembre 1982,RN 12 à hauteur de Lannion. Parti depuis 7h du matin direction Metz venant de Brest, je circulais sur cete voie rapide (RN12) depuis 1h. Cette nationale permettait à l'époque d'être rejointe par des routes secondaires au moyen de stop. Au niveau d'un de ceux-ci, un véhicule s'est engagé dès mon arrivée; j'ai impacté ce véhicule au niveau de son rétroviseur gauche tant cela a été extrêmement rapide. Le conducteur n'est pas sorti de son véhicule me porter secours et a évoqué une vitesse excessive dans son constat, prétextant ne pas m'avoir vu arriver. Projeté sur un panneau central, j'ai été pris en charge par les pompiers volontaires appelés par une autre automobiliste et n'ai pas pu contredire cette version qui m'a été défavorable au terme de plusieurs années  de procédures. Je suis resté 9 mois sans pouvoir marcher normalement,et donc travailler, avec les conséquences financières qui en découlaient.  Il m'a été signalé que malgré la présence d'un panneau de stop, j'aurais du anticiper la manoeuvre intempestive de cette voiture, ce qui a été considéré comme une des causes de mon accident; de fait, j'ai perdu mon procès aun pénal - sans toutefois avoir une quelconque sanction administrative- mais ai reçu des dommages au titre du pretium doloris subi!  Mauvais endroit au mauvais moment, justice partiale et délais juridiques à l'encontre des intérêts des victimes. Bref, cas d'école!","Petit matin (7h15), mauvaise anticipation de ma part de la capacité d'un véhicule à franchir un stop même si je suis sur sa route, brièveté du choc sans possibilité d'évitement. Mauvaise décision de l'automobiliste encore un peu dans sa nuit...","Trop soudain, freinage a peine déclenché, pas de possibilité d'évitement. Ejection de mon véhicule quasi instantanée. Frayeur de l'automobiliste -prise de conscience?- attente interminable d'un autre véhicule pour me porter secours, ce qui a été fait rapidement.",2,0,,,"Choc trop soudain, quasi instantané.",2,1,2,,Grande frayeur d'où l'absence de réactions,1,Psychologiquement pour ce qui me concerne,1,6,,,,,,1,,,,,2,,"fraction de seconde pour se sentir impuissant ,avec les conséquences dramatiques en arrière plan",3,1,2,,2,1,3,4,1,1,1,1,3,3,4,4,4,1,2,,,,,,,,1,2,4,,,,,,,2,2,,2,2,3,1,10,80,0,10,0,1,2,,,,,1,2,,,,2,1,4,7,,,,,,1,1,2,2,3,,1,70,1,2,3,5,,,,,,,4,4,4,4,NRP,4,BMW,1000,R100/7,ROADSTER,2,1,1,1,1,1,1,1,1,1,1,60000,NSP,4,1,HONDA,750,"CB ""K2""",ROADSTER,2,3,3,20APR1960,7,1,3,2,4,4,2,NRP,,,,1,0,0,1,0,1,BMW,1150,R1150GS,TRAIL / SUPERMOTARD,2,2002,37,1,2,8500,7,,,,,,,,,,,,,,,,,,,,,,,,,,,,,,,,,,,,,,,,,,,,,8500,2,3,4,,,,,,,NRP,NRP,NRP,1979,1981,NRP,NRP,1983,NRP,,,
737,4295,90,1,0,4,,,,,,0,5,,,,,,0,5,,,,,,0,3,,,,,,0,4,,,,,,0,5,,,,,,0,3,,,,,,1,2,NSP,,,,,1,2,NSP,,,,,1,5,1998,,,,,0,5,,,,,,0,2,,,,,,0,2,,,,,,0,4,,,,,,1,1,4,2014,,,,,ST PIERRE,,,,,"Je roulais, je ralenti et la moto qui me suivait na pas réagis à la situation et m'a percuté par l'arrière",,,,,0,0,6,8,18,1,46,10,1998,,1998,"Vous circuliez sur un axe constitué dau moins "" 2 X 2 voies "" (en urbain, périphérique, autoroute, RN ). Un véhicule vous a coupé la route en changeant de voie pour se placer sur celle de droite.",4,,,,,,,"accident qui a laissé des séquelles handicape de l'épaule,mouvements du bras limités","Voiture changeant de file me coupant la route un freinage d'urgence trop appuyé, la roue avant a dérapé et ça été la chute sur le bord du trottoir",voir réponse précédente et l'autre véhicule délit de fuite,NRP,0,,,"surpris, distance pour réagir trop coute",2,1,2,,NSP,1,pas à l'aggraver mais à le produire,6,,,,,,,,,,,,1,,perte complète de maîtrise,4,3,,,1,2,4,4,3,1,1,2,2,3,4,4,4,1,,,,,,,,,1,AUT|bordure de trottoir agressive,,,,,,,,2,2,,2,1,1,1,0,100,0,0,0,2,,,,,,"AUT|une file à l'arrêt , ma file libre",2,,,,2,1,4,7,,,,,,1,1,1,1,1,2,0,50,1,10,2,3,4,7,,,,,4,4,4,4,4,4,YAMAHA,535,XV VIRAGO,CUSTOM,2,1,1,1,1,1,1,1,1,1,1,NSP,12,4,1,YAMAHA,125,DT,TRAIL / SUPERMOTARD,2,4,4,21DEC1944,9,1,3,1,3,5,0,NRP,,,,3,1,1,3,0,3,BMW,1150,R1150GS,TRAIL / SUPERMOTARD,2,2001,37,1,1,15000,7,MOTOBECANE,50,AV68 (BLEUE),ROADSTER,2,1980,41,4,1,0,7,HONDA,800,VFR-F,Routière / GT,2,2008,37,4,1,1000,7,,,,,,,,,,,,,,,,,,,,,,,16000,4,3,,,,,,,,NRP,NRP,NRP,NRP,1996,NRP,NRP,1967,NRP,,,
1617,4296,,1,0,6,,,,,,0,5,,,,,,0,5,,,,,,0,4,,,,,,0,6,,,,,,1,4,2014,,,,,0,5,,,,,,0,5,,,,,,1,5,2013,,,,,0,3,,,,,,0,5,,,,,,0,3,,,,,,0,4,,,,,,0,1,,,,,,0,,2,,,,,,,,,,,,,,,,,,0,0,13,1,41,9,2013,,,,,,,,,,,,,,,,,,,,,,,,,,,,,,,,,,,,,,,,,,,,,,,,,,,,,,,,,,,,,,,,,,,,,,,,,,,,,,,,,,,,,,,,,,,,,,,,,,,,,,,,,,,,,,,,,,,,,,,,,,,,,,,,,,,,,,,,,,,,,,,,,,,,,,,,,,,,,,20APR1981,8,1,3,2,1,1,,NRP,,,,1,0,0,1,0,1,YAMAHA,600,FZ6-S FAZER,ROADSTER,2,2004,37,2,1,10000,7,,,,,,,,,,,,,,,,,,,,,,,,,,,,,,,,,,,,,,,,,,,,,10000,3,4,,,,,,,,NRP,NRP,NRP,NRP,2002,NRP,NRP,2000,NRP,,,
1929,4299,,1,0,6,,,,,,0,4,,,,,,0,3,,,,,,0,2,,,,,,0,5,,,,,,0,3,,,,,,0,3,,,,,,0,4,,,,,,1,4,2008,,,,,0,4,,,,,,0,4,,,,,,0,2,,,,,,0,2,,,,,,0,2,,,,,,0,,1,,,,,,,,,,,,,,,,,,5,10,10,1,41,9,2008,,,,,,,,,,,,,,,,,,,,,,,,,,,,,,,,,,,,,,,,,,,,,,,,,,,,,,,,,,,,,,,,,,,,,,,,,,,,,,,,,,,,,,,,,,,,,,,,,,,,,,,,,,,,,,,,,,,,,,,,,,,,,,,,,,,,,,,,,,,,,,,,,,,,,,,,,,,,,,21FEB1959,5,2,3,2,2,3,,NRP,,,,2,0,0,1,0,1,SUZUKI,1000,V-STROM,TRAIL / SUPERMOTARD,2,2005,28,2,1,6500,7,,,,,,,,,,,,,,,,,,,,,,,,,,,,,,,,,,,,,,,,,,,,,6500,2,3,4,,,,,,,NRP,NRP,NRP,1977,2008,NRP,NRP,1977,NRP,,,
2087,4302,,1,0,3,,,,,,0,6,,,,,,0,5,,,,,,0,5,,,,,,0,5,,,,,,0,4,,,,,,0,2,,,,,,0,4,,,,,,1,5,1992,,,,,0,5,,,,,,1,4,1992,,,,,0,3,,,,,,1,4,2003,,,,,1,4,1994,,,,,0,,4,,,,,,,,,,,,,,,,,,2,0,25,1,66,14,1994,,,,,,,,,,,,,,,,,,,,,,,,,,,,,,,,,,,,,,,,,,,,,,,,,,,,,,,,,,,,,,,,,,,,,,,,,,,,,,,,,,,,,,,,,,,,,,,,,,,,,,,,,,,,,,,,,,,,,,,,,,,,,,,,,,,,,,,,,,,,,,,,,,,,,,,,,,,,,,24DEC1969,5,1,3,2,4,4,2,NRP,,,,1,0,0,3,0,3,YAMAHA,1300,FJR ABS,Routière / GT,2,2009,37,1,2,25000,AUT|sous-sol,YAMAHA,250,TT-R (MTT1),"TOUT TERRAIN (TRIAL, ENDURO, CROSS)",2,1998,37,4,1,500,AUT|sous sol,YAMAHA,250,WR-F (4T),"TOUT TERRAIN (TRIAL, ENDURO, CROSS)",2,2003,37,3,1,1500,AUT|sous-sol,,,,,,,,,,,,,,,,,,,,,,,27000,3,4,,,,,,,,NRP,NRP,NRP,NRP,1991,NRP,NRP,1987,NRP,,,
1953,4303,,1,0,6,,,,,,0,6,,,,,,1,6,NSP,,,,,0,4,,,,,,0,5,,,,,,0,5,,,,,,0,5,,,,,,0,4,,,,,,0,4,,,,,,0,5,,,,,,0,5,,,,,,0,4,,,,,,0,6,,,,,,1,5,2013,,,,,0,,2,,,,,,,,,,,,,,,,,,0,0,20,1,66,14,2013,,,,,,,,,,,,,,,,,,,,,,,,,,,,,,,,,,,,,,,,,,,,,,,,,,,,,,,,,,,,,,,,,,,,,,,,,,,,,,,,,,,,,,,,,,,,,,,,,,,,,,,,,,,,,,,,,,,,,,,,,,,,,,,,,,,,,,,,,,,,,,,,,,,,,,,,,,,,,,26JAN1972,6,1,3,2,3,4,1,NRP,,,,2,0,0,1,0,1,SUZUKI,650,V-STROM,TRAIL / SUPERMOTARD,2,2006,37,2,2,3500,4,,,,,,,,,,,,,,,,,,,,,,,,,,,,,,,,,,,,,,,,,,,,,3500,3,,,,,,,,,NRP,NRP,NRP,NRP,1995,NRP,NRP,NRP,NRP,,,
1713,4304,,1,0,4,,,,,,0,5,,,,,,0,4,,,,,,0,2,,,,,,0,5,,,,,,0,4,,,,,,0,2,,,,,,0,4,,,,,,2,4,1978,2005,,,,0,2,,,,,,0,2,,,,,,1,4,1982,,,,,0,3,,,,,,0,3,,,,,,0,,3,,,,,,,,,,,,,,,,,,2,2,34,1,42,9,2005,,,,,,,,,,,,,,,,,,,,,,,,,,,,,,,,,,,,,,,,,,,,,,,,,,,,,,,,,,,,,,,,,,,,,,,,,,,,,,,,,,,,,,,,,,,,,,,,,,,,,,,,,,,,,,,,,,,,,,,,,,,,,,,,,,,,,,,,,,,,,,,,,,,,,,,,,,,,,,23JUN1963,5,1,3,2,4,4,2,NRP,,,,3,0,0,3,0,3,VOXAN,1000,CAFE RACER V2,Routière / GT,2,2001,37,3,1,1000,7,BMW,900,R90S,Routière / GT,2,1975,37,3,1,1000,7,TRIUMPH,900,BONNEVILLE IE,ROADSTER,2,2009,31,4,1,500,7,,,,,,,,,,,,,,,,,,,,,,,2500,2,4,9,,,,,,,NRP,NRP,NRP,1979,NRP,NRP,1981,1982,NRP,,,
570,4305,,0,,,,,,,,,,,,,,,,,,,,,,,,,,,,,,,,,,,,,,,,,,,,,,,,,,,,,,,,,,,,,,,,,,,,,,,,,,,,,,,,,,,,,,,,,,,,,,,,,,,,,,,,,,,,,,,,,,,,,,,,,,,,,,,,,,,,,,,,,,,,,,,,,,,,,,,,,,,,,,,,,,,,,,,,,,,,,,,,,,,,,,,,,,,,,,,,,,,,,,,,,,,,,,,,,,,,,,,,,,,,,,,,,,,,,,,,,,,,,,,,,,,,,,,,,,,,,,,,,,,,,,,,,,,,,,,,,,,,,,,,,,,13MAY1965,6,1,3,2,2,3,,NRP,,,,1,0,1,1,0,2,SUZUKI,125,VANVAN,ROADSTER,2,2005,37,1,2,5000,7,HONDA,125,SH  SCOOPY,SCOOTER,2,2004,37,2,1,2000,7,,,,,,,,,,,,,,,,,,,,,,,,,,,,,,,,,,7000,3,4,,,,,,,,NRP,NRP,NRP,NRP,1986,NRP,NRP,1983,NRP,,,