Ligne,Ligne Q qualif,Ligne approfondissement Accident,ACCIDENT,NBACC1,ACCFREQUENCE1,ANNEEACC1_1,ANNEEACC1_2,ANNEEACC1_3,ANNEEACC1_4,ANNEEACC1_5,NBACC2,ACCFREQUENCE2,ANNEEACC2_1,ANNEEACC2_2,ANNEEACC2_3,ANNEEACC2_4,ANNEEACC2_5,NBACC3,ACCFREQUENCE3,ANNEEACC3_1,ANNEEACC3_2,ANNEEACC3_3,ANNEEACC3_4,ANNEEACC3_5,NBACC4,ACCFREQUENCE4,ANNEEACC4_1,ANNEEACC4_2,ANNEEACC4_3,ANNEEACC4_4,ANNEEACC4_5,NBACC5,ACCFREQUENCE5,ANNEEACC5_1,ANNEEACC5_2,ANNEEACC5_3,ANNEEACC5_4,ANNEEACC5_5,NBACC6,ACCFREQUENCE6,ANNEEACC6_1,ANNEEACC6_2,ANNEEACC6_3,ANNEEACC6_4,ANNEEACC6_5,NBACC7,ACCFREQUENCE7,ANNEEACC7_1,ANNEEACC7_2,ANNEEACC7_3,ANNEEACC7_4,ANNEEACC7_5,NBACC8,ACCFREQUENCE8,ANNEEACC8_1,ANNEEACC8_2,ANNEEACC8_3,ANNEEACC8_4,ANNEEACC8_5,NBACC9,ACCFREQUENCE9,ANNEEACC9_1,ANNEEACC9_2,ANNEEACC9_3,ANNEEACC9_4,ANNEEACC9_5,NBACC10,ACCFREQUENCE10,ANNEEACC10_1,ANNEEACC10_2,ANNEEACC10_3,ANNEEACC10_4,ANNEEACC10_5,NBACC11,ACCFREQUENCE11,ANNEEACC11_1,ANNEEACC11_2,ANNEEACC11_3,ANNEEACC11_4,ANNEEACC11_5,NBACC12,ACCFREQUENCE12,ANNEEACC12_1,ANNEEACC12_2,ANNEEACC12_3,ANNEEACC12_4,ANNEEACC12_5,NBACC13,ACCFREQUENCE13,ANNEEACC13_1,ANNEEACC13_2,ANNEEACC13_3,ANNEEACC13_4,ANNEEACC13_5,NBACC14,ACCFREQUENCE14,ANNEEACC14_1,ANNEEACC14_2,ANNEEACC14_3,ANNEEACC14_4,ANNEEACC14_5,AUTRESACC,NBAUTRESACC,TOTAL_AC,ANNEEAUTREACC1,ANNEEAUTREACC2,ANNEEAUTREACC3,ANNEEAUTREACC4,ANNEEAUTREACC5,LIEUAUTREACC1,LIEUAUTREACC2,LIEUAUTREACC3,LIEUAUTREACC4,LIEUAUTREACC5,DESCRIPTIONAUTRESACC1,DESCRIPTIONAUTRESACC2,DESCRIPTIONAUTRESACC3,DESCRIPTIONAUTRESACC4,DESCRIPTIONAUTRESACC5,NBAUTRESACCCIRCUIT,NBAUTRESTOUTTERRAIN,EXPCYCLO,EXP125,EXPSUP125,ACCORDNEXTQ,CHOIXACC,RGPMTACC,RECUPANNEE,RECUPLIEU,RECUPANNE,RGPMTAC,CHOIX1,CHOIX2,CHOIX3,CHOIX4,CHOIX5,CHOIX6,CHOIX7,DESCRIPTION,RUPTURE,FAITS,ABS_REACTION,AUTRE_REACTION,PRECISIONREACTIONOUI,RECUL,PRECISIONREACTIONNON,IMPACTCOMPORTEMENT,AUTREUSAGER,REACTIONAUTREUSAGER,CONNAISSANCEREACTIONUSAGER,DIFFICULTES,AGGRAVATION,DIFFICULTES2,EMOTIONS1,EMOTIONS2,EMOTIONS3,EMOTIONS4,EMOTIONS5,EMOTIONS6,AUTRESENTIMENT,CLASSEMENTEMOTIONS1,CLASSEMENTEMOTIONS,CLASSEMENTEMOTIONS5,CLASSEMENTEMOTIONS6,CLASSEMENTEMOTIONS7,CLASSEMENTEMOTIONS8,CLASSEMENTEMOTIONS9,EXPLICATIONRESSENTI,BIENEQUIPE,ALLURE,ALLUREVITEDETAIL,ALLURELENTEDETAIL,SITUATIONPRESSE,SITUATIONDISTRAIT,SITUATIONCONFIANT,SITUATIONCONTROLE,SITUATIONLUDIQUE,SITUATIONPERF,SITUATIONSTRESS,SITUATIONFATIGUE,HUMEURNEUTRE,HUMEURGAI,HUMEURMECONTENT,HUMEURTRISTE,HUMEURCOLERE,CONTRIBUTION1,CONTRIBUTION2,CONTRIBUTION3,CONTRIBUTION4,CONTRIBUTION5,CONTRIBUTION6,CONTRIBUTION7,CONTRIBUTION8,CONTRIBUTION9,ROLEINFRA,ELEMENTINFRA1,ELEMENTINFRA2,ELEMENTINFRA3,ELEMENTINFRA4,ELEMENTINFRA5,ELEMENTINFRA6,ELEMENTINFRA7,ELEMENTINFRA8,ELEMENTINFRA9,ALCOOL,TXALCOOL,STUP,SEMAINE,MOMENTJOURNEE,TEMPS,CAUSEACC1,CAUSEACC2,CAUSEACC3,CAUSEACC4,CAUSEACC5,FORMATIONCAUSE,FORMATION1,FORMATION2,FORMATION3,FORMATION4,FORMATION5,TRAFIC,CHAUSSEE1,CHAUSSEE2,CHAUSSEE3,CHAUSSEE4,TYPEACC,BLESSURE,TETE,COU,THORAX,MEMBRESSUP,COLONNE,BASSIN,MEMBRESINF,HOPITAL,PLUS24H,TRAJET,TYPEROUTE,MOTIF,SENSTRAJET,PASSAGER,VITESSE,DESCEQ1,DESCEQ2,DESCEQ3,DESCEQ4,DESCEQ5,DESCEQ6,DESCEQ7,DESCEQ8,DESCEQ9,DESCEQ10,VEHICULEETE,VEHICULEAUTOMNE,VEHICULEPRINTEMPS,VEHICULEHIVER,VEHICULESEMAINE,VEHICULEWE,VEHMARQUE,VEHCYLINDREE,VEHMODELE,VEHSEGMENT,VEHSIDE,EQ2RMABS,EQ2RMCBS,EQ2RMABSCBS,EQ2RMREGULATEUR,EQ2RMLIMITEUR,EQ2RMPHARESDIRECT,EQ2RMCOUPURE,EQ2RMANTIPATINAGE,EQ2RMANTIXHEELING,EQ2RMSTABILILTE,VEHKM,POINTS,DUREE,AUTRE2RM,VEHPRECMARQUE,VEHPRECCYLINDREE,VEHPRECMODELE,VEHPRECSEGMENT,VEHPRECSIDE,TEMPS2RMPREC,FREQVEHPREC,DATE_NAISS,CSP,SOCIETAIRE,SALARIE,SECTEUR2RM,NBPERSFOYER,SITFAM,NBENF,TRNBENF1,TRNBENF2,TRNBENF3,TRNBENF4,NBAUTOFOYER,NBCYCLOFOYER,NBSCOOTFOYER,NBMOTOFOYER,NBTRIKEFOYER,NB2RMCONDUIT,MARQUE1,CYLINDREE1,MODELE1,SEGMENT1,SIDE1,ANMISECIRCU1,ASS1,FREQ1,USAGE1,NBKM1,GARAGE1,MARQUE2,CYLINDREE2,MODELE2,SEGMENT2,SIDE2,ANMISECIRCU2,ASS2,FREQ2,USAGE2,NBKM2,GARAGE2,MARQUE3,CYLINDREE3,MODELE3,SEGMENT3,SIDE3,ANMISECIRCU3,ASS3,FREQ3,USAGE3,NBKM3,GARAGE3,MARQUE4,CYLINDREE4,MODELE4,SEGMENT4,SIDE4,ANMISECIRCU4,ASS4,FREQ4,USAGE4,NBKM4,GARAGE4,MARQUE5,CYLINDREE5,MODELE5,SEGMENT5,SIDE5,ANMISECIRCU5,ASS5,FREQ5,USAGE5,NBKM5,GARAGE5,NBKMTOT,PERMIS1,PERMIS2,PERMIS3,PERMIS4,PERMIS5,PERMIS6,PERMIS7,PERMIS8,PERMIS9,ANPERMIS1,ANPERMIS6,ANPERMIS7,ANPERMIS2,ANPERMIS3,ANPERMIS8,ANPERMIS9,ANPERMIS4,ANPERMIS5,,,
848,4307,250,1,0,4,,,,,,0,5,,,,,,0,4,,,,,,0,4,,,,,,0,3,,,,,,0,4,,,,,,0,4,,,,,,0,4,,,,,,1,4,1981,,,,,0,4,,,,,,0,4,,,,,,0,3,,,,,,0,3,,,,,,0,4,,,,,,1,1,2,NSP,,,,,Perpignan,,,,,"En dernière position et à l'arrêt dans une file immobilisée, et percuté par l'arrière par le véhicule me suivant.",,,,,0,0,2,2,37,1,71,15,,Perpignan,-1,Autre(s) type(s) d'accident(s).,3,,,,,,,"Attendant dans une file, j'ai été percuté par l'arrière par une voiture. C'était le soir, pas de circonstances météo particulières, pour autant que je me souvienne. J'ai en tendu le crissement des pneus, et me suis retrouvé par terre sans comprendre ce qui m'arrivait, coincé par ma moto qui n'a pas calé. Le choc, bien que suffisant à me mettre à terre en déséquilibrant le binôme moto-pilote, n'a pas causé de blessures ni de gros dégâts, hormis une grosse frayeur rétrospective sur les deux conducteurs et quelques dégâts sur l'avant de la voiture ! Dire que le ""remonte-files"" n'est pas autorisé ! Ce soir là j'aurais mieux fait de remonter la file avec prudence et faible vitesse, comme je le fais d'habitude.",Le choc par l'arrière.,"Je n'ai d'abord pas compris comment je pouvais me retrouver par terre, étant à l'arrêt et en attente dans une file de circulation. Je ne me suis pas relevé tout seul car j'étais coincé sous ma moto qui n'avait pas calé. C'est le conducteur de la voiture heurtante qui m'a aidé à me relever.",2,0,,,Il s'est écoulé une fraction de seconde entre le moment où j'ai entendu le crissement des pneus de la voiture qui freinait et le moment où je me suis retrouvé par terre.,2,1,1,1,NSP,2,"Cette personne m'a aidé à me relever, a été très courtoise et soucieuse de mon sort. Cette personne est également motard.",9,,,,,,"Je n'ai rien ressenti car je n'ai pas eu le temps d'éprouver quoi que se soit. Bien qu'ayant entendu, l'espace de temps entre l'audition et le choc fut trop bref.",,,,,,,1,Trop peu de temps entre l'audition et le choc.,4,4,,,1,1,4,4,1,1,1,1,2,2,4,4,4,10,,,,,,,,,2,,,,,,,,,2,2,,2,1,2,1,0,100,0,0,0,NSP,,,,,,4,1,,,,1,,,,,,,,,,,1,1,2,,0,0,1,10,2,3,4,,,,,,4,4,4,4,4,4,BMW,850,R850R,ROADSTER,2,1,1,1,1,1,1,1,1,1,1,NSP,12,4,1,SUZUKI,750,GSX INAZUMA,ROADSTER,2,4,4,15JUN1959,7,1,3,2,3,4,1,NRP,,,,1,0,0,1,0,1,BMW,850,R850R,ROADSTER,2,2000,37,1,2,13000,7,,,,,,,,,,,,,,,,,,,,,,,,,,,,,,,,,,,,,,,,,,,,,13000,3,4,,,,,,,,NRP,NRP,NRP,NRP,1978,NRP,NRP,1977,NRP,,,
32,4311,,0,,,,,,,,,,,,,,,,,,,,,,,,,,,,,,,,,,,,,,,,,,,,,,,,,,,,,,,,,,,,,,,,,,,,,,,,,,,,,,,,,,,,,,,,,,,,,,,,,,,,,,,,,,,,,,,,,,,,,,,,,,,,,,,,,,,,,,,,,,,,,,,,,,,,,,,,,,,,,,,,,,,,,,,,,,,,,,,,,,,,,,,,,,,,,,,,,,,,,,,,,,,,,,,,,,,,,,,,,,,,,,,,,,,,,,,,,,,,,,,,,,,,,,,,,,,,,,,,,,,,,,,,,,,,,,,,,,,,,,,,,,,16MAY1981,7,1,3,2,1,1,,NRP,,,,1,0,0,1,0,1,HONDA,500,CB500T,ROADSTER,2,2001,37,3,1,4000,7,,,,,,,,,,,,,,,,,,,,,,,,,,,,,,,,,,,,,,,,,,,,,4000,3,4,,,,,,,,NRP,NRP,NRP,NRP,2010,NRP,NRP,2000,NRP,,,
637,4312,,1,0,5,,,,,,0,4,,,,,,0,4,,,,,,0,5,,,,,,2,6,2006,2010,,,,0,4,,,,,,0,3,,,,,,0,3,,,,,,0,4,,,,,,0,3,,,,,,0,5,,,,,,0,3,,,,,,0,3,,,,,,0,1,,,,,,0,,2,,,,,,,,,,,,,,,,,,0,3,9,1,21,5,2006,,,,,,,,,,,,,,,,,,,,,,,,,,,,,,,,,,,,,,,,,,,,,,,,,,,,,,,,,,,,,,,,,,,,,,,,,,,,,,,,,,,,,,,,,,,,,,,,,,,,,,,,,,,,,,,,,,,,,,,,,,,,,,,,,,,,,,,,,,,,,,,,,,,,,,,,,,,,,,06MAR1986,5,1,3,2,1,1,,NRP,,,,0,0,0,1,0,1,HONDA,600,CBR 600F C-ABS,Routière / GT,2,2011,37,2,1,10000,7,,,,,,,,,,,,,,,,,,,,,,,,,,,,,,,,,,,,,,,,,,,,,10000,3,4,,,,,,,,NRP,NRP,NRP,NRP,2005,NRP,NRP,2004,NRP,,,
1826,4313,,1,0,4,,,,,,0,6,,,,,,2,6,1990,1994,,,,0,3,,,,,,0,4,,,,,,0,4,,,,,,0,4,,,,,,0,4,,,,,,1,5,1990,,,,,0,6,,,,,,0,4,,,,,,0,3,,,,,,0,4,,,,,,0,5,,,,,,0,,3,,,,,,,,,,,,,,,,,,30,1,29,1,12,3,1994,,,,,,,,,,,,,,,,,,,,,,,,,,,,,,,,,,,,,,,,,,,,,,,,,,,,,,,,,,,,,,,,,,,,,,,,,,,,,,,,,,,,,,,,,,,,,,,,,,,,,,,,,,,,,,,,,,,,,,,,,,,,,,,,,,,,,,,,,,,,,,,,,,,,,,,,,,,,,,26MAY1956,9,1,3,2,2,3,,NRP,,,,2,0,0,1,0,1,YAMAHA,1300,FJR ABS,Routière / GT,2,2006,37,2,1,5000,7,,,,,,,,,,,,,,,,,,,,,,,,,,,,,,,,,,,,,,,,,,,,,5000,3,4,,,,,,,,NRP,NRP,NRP,NRP,1979,NRP,NRP,1976,NRP,,,
1493,4315,,1,1,3,2012,,,,,0,4,,,,,,0,4,,,,,,0,4,,,,,,0,3,,,,,,0,4,,,,,,0,2,,,,,,0,1,,,,,,0,3,,,,,,0,4,,,,,,1,4,1998,,,,,0,2,,,,,,0,2,,,,,,0,4,,,,,,0,,2,,,,,,,,,,,,,,,,,,2,0,37,0,,NRP,,,,,,,,,,,,,,,,,,,,,,,,,,,,,,,,,,,,,,,,,,,,,,,,,,,,,,,,,,,,,,,,,,,,,,,,,,,,,,,,,,,,,,,,,,,,,,,,,,,,,,,,,,,,,,,,,,,,,,,,,,,,,,,,,,,,,,,,,,,,,,,,,,,,,,,,,,,,,,,19FEB1959,7,2,3,2,1,1,,NRP,,,,1,0,0,1,0,1,SUZUKI,1250,BANDIT-S,ROADSTER,2,2010,29,2,2,6000,4,,,,,,,,,,,,,,,,,,,,,,,,,,,,,,,,,,,,,,,,,,,,,6000,3,4,,,,,,,,NRP,NRP,NRP,NRP,1978,NRP,NRP,1977,NRP,,,
2085,4316,,1,0,3,,,,,,0,4,,,,,,0,6,,,,,,0,5,,,,,,0,6,,,,,,0,1,,,,,,0,2,,,,,,1,6,2005,,,,,1,5,2005,,,,,0,6,,,,,,0,3,,,,,,0,2,,,,,,0,4,,,,,,0,5,,,,,,1,1,3,2011,,,,,Lisbonne,,,,,Je roulais sur la file de droite du périphérique. J'aime été particulièrement l'arrière part un véhicule qui changeait de files pourquoi sortir,,,,,0,0,1,5,13,1,71,15,2011,Lisbonne,,,,,,,,,,,,,,,,,,,,,,,,,,,,,,,,,,,,,,,,,,,,,,,,,,,,,,,,,,,,,,,,,,,,,,,,,,,,,,,,,,,,,,,,,,,,,,,,,,,,,,,,,,,,,,,,,,,,,,,,,,,,,,,,,,,,,,,,,,,,,,,,,,,,,,,,,,,,,17JUL1959,7,1,3,2,1,1,,NRP,,,,1,0,0,2,0,2,SUZUKI,125,TU125XT SUPER CLASSIC,ROADSTER,2,2000,37,1,2,10000,7,HONDA,500,CB,ROADSTER,2,2003,37,3,1,10000,7,,,,,,,,,,,,,,,,,,,,,,,,,,,,,,,,,,20000,3,4,,,,,,,,NRP,NRP,NRP,NRP,2003,NRP,NRP,1979,NRP,,,
1759,4318,,1,0,2,,,,,,0,4,,,,,,0,4,,,,,,0,4,,,,,,1,5,1980,,,,,0,4,,,,,,0,4,,,,,,0,3,,,,,,0,4,,,,,,0,4,,,,,,0,4,,,,,,0,5,,,,,,0,3,,,,,,0,4,,,,,,0,,1,,,,,,,,,,,,,,,,,,10,2,17,1,21,5,1980,,,,,,,,,,,,,,,,,,,,,,,,,,,,,,,,,,,,,,,,,,,,,,,,,,,,,,,,,,,,,,,,,,,,,,,,,,,,,,,,,,,,,,,,,,,,,,,,,,,,,,,,,,,,,,,,,,,,,,,,,,,,,,,,,,,,,,,,,,,,,,,,,,,,,,,,,,,,,,09MAY1962,6,2,3,2,3,4,1,NRP,,,,2,0,0,2,0,2,BMW,800,F800R ABS,ROADSTER,2,2012,28,3,1,3000,7,HONDA,500,CX,ROADSTER,2,1979,28,3,1,2000,7,,,,,,,,,,,,,,,,,,,,,,,,,,,,,,,,,,5000,4,3,,,,,,,,NRP,NRP,NRP,NRP,1997,NRP,NRP,1981,NRP,,,
1608,4320,,1,1,4,NSP,,,,,0,5,,,,,,1,5,NSP,,,,,0,3,,,,,,1,4,1991,,,,,0,2,,,,,,0,4,,,,,,0,4,,,,,,0,3,,,,,,0,4,,,,,,1,4,NSP,,,,,0,3,,,,,,0,3,,,,,,1,4,1995,,,,,1,1,6,NSP,,,,,a la campagne,,,,,"J'ai ralenti à une priorité à droite et le véhicule derrière moi ( un ami, à moto!!! ) ne m'a pas vu ralentir et m'a percuté.",,,,,0,0,0,1,25,1,66,14,1995,,,,,,,,,,,,,,,,,,,,,,,,,,,,,,,,,,,,,,,,,,,,,,,,,,,,,,,,,,,,,,,,,,,,,,,,,,,,,,,,,,,,,,,,,,,,,,,,,,,,,,,,,,,,,,,,,,,,,,,,,,,,,,,,,,,,,,,,,,,,,,,,,,,,,,,,,,,,,,17JUL1961,7,2,3,2,1,1,,NRP,,,,1,0,0,1,0,1,YAMAHA,600,XJ6 DIVERSION-F,ROADSTER,2,2011,29,3,1,12,7,,,,,,,,,,,,,,,,,,,,,,,,,,,,,,,,,,,,,,,,,,,,,12,3,4,,,,,,,,NRP,NRP,NRP,NRP,1990,NRP,NRP,1979,NRP,,,
1256,4322,448,1,0,4,,,,,,0,4,,,,,,0,4,,,,,,0,4,,,,,,0,4,,,,,,0,3,,,,,,0,4,,,,,,0,4,,,,,,3,4,1979,1979,1981,,,0,4,,,,,,0,3,,,,,,0,3,,,,,,0,4,,,,,,0,3,,,,,,1,1,4,1987,,,,,flines lez mort,,,,,un camion est sorti d'une voie de garage à ma droite sans me voir. Je me suis déporté sur la gauche pour l'éviter et j'ai heurté la roue tournée d'une voiture en stationnement avec mo pare carter.,,,,,0,0,5,4,12,1,71,15,1987,flines lez mort,1987,Autre(s) type(s) d'accident(s).,4,5,,,,,,"à la sortie d'un virage, un camion s'engageait sur la route, je me suis déporté sur la gauche pour l'éviter mais j'ai percuté la roue d'une voiture en stationnement avec mon part cylindre. Je n'ai pu éviter la chute, une plaie au genou et au tibia sans gravité et la moto alternateur arraché et phare explosé. Le chauffeur du camion n'a pas voulu faire de constat car je ne l'avais pas touché; ma jeunesse a fait que je n'ai pas pensé à appeler les gendarmes étant à 200 m de chez moi je n'ai pensé qu'à rentrer.","j'ai vu la voiture en stationnement et j'ai pensé l'éviter mais la roue avant était braquée et j'ai accroché le part cylindre, si la roue avait été droite ça passait !","je n'ai eu aucune réaction sur les commandes à part un évitement, j'étais persuadé que ça passait",2,0,,,ça va tellement vite,2,1,2,,"le camion ne m'a pas vu arriver, à sa droite un mur empêchant la visibilité et à sa gauche un virage duquel j'arrivai",2,"pas aggraver mais si le chauffeur s'était fait guider, le guide m'aurait vu arriver et aurait signalé ma présence pour éviter l'accident",1,6,,,,,,2,,,,,1,,la perte du contole,2,1,2,,3,1,3,3,NSP,1,1,1,3,3,4,4,4,1,,,,,,,,,1,2,,,,,,,,2,2,,2,1,1,1,10,90,0,0,0,2,,,,,,2,1,,,,2,1,7,,,,,,,0,,1,AUT|au village,3,,0,70,1,10,2,5,,,,,,,4,4,4,4,4,4,HONDA,650,CB650,ROADSTER,2,1,1,1,1,1,1,1,1,1,1,25000,NSP,4,1,MOTOBECANE,50,51 COOPER BLACK,ROADSTER,2,4,4,25OCT1964,6,2,3,2,4,4,2,NRP,,,,2,1,0,1,0,1,HONDA,650,DEAUVILLE,Routière / GT,2,2005,31,3,1,2500,7,,,,,,,,,,,,,,,,,,,,,,,,,,,,,,,,,,,,,,,,,,,,,2500,4,9,,,,,,,,NRP,NRP,NRP,NRP,NRP,NRP,1983,1985,NRP,,,
222,4323,402,1,0,4,,,,,,0,4,,,,,,0,4,,,,,,0,3,,,,,,0,5,,,,,,0,3,,,,,,0,4,,,,,,0,4,,,,,,1,5,2006,,,,,0,3,,,,,,0,5,,,,,,0,2,,,,,,0,4,,,,,,0,3,,,,,,1,1,2,2009,,,,,Rase campagne,,,,,Chute et glissade sans rien percuter après avoir heurté un animal sauvage (chevreuil).,,,,,0,0,4,0,32,1,71,15,2009,Rase campagne,2009,Autre(s) type(s) d'accident(s).,1,2,4,,,,,"J'ai percuté un chevreuil qui traversait la route en venant de la gauche. G croisé une moto, me suis retourné pour voir ce que c'était et en reprenant ma position normale j'ai aperçu le chevreuil qui était sur le bas coté, j'ai freiné mais il à traversé, je l'ai percuté et suis tombé.","Sans doute une vitesse trop grande,doublée d'un moment d'inattention.","Faute d'inattention, puis gros freinage mais insuffisant lorsque j'ai vu le chevreuil qui traversait.",NRP,1,Etre plus attentif,"ça, ça s'appelle prédire le passé!!",,2,0,,,,,,1,2,6,,,,,1,3,,,,2,,Je me suit dit que j'allais me faire très mal en tombant,2,1,3,,1,3,3,3,1,1,1,1,4,3,4,4,4,1,4,,,,,,,,2,,,,,,,,,2,2,,2,1,1,1,30,0,70,0,0,2,,,,,,1,1,,,,2,1,4,7,,,,,,1,0,1,2,3,,0,120,1,2,4,,,,,,,,3,3,3,2,3,3,BMW,1150,R1150GS ABS,TRAIL / SUPERMOTARD,2,0,0,1,1,1,1,1,1,1,1,45000,12,3,1,APRILIA,1000,SL-V FALCO,SPORTIVE,2,4,3,04FEB1965,5,2,3,2,3,4,1,NRP,,,,2,0,0,1,0,1,MOTO MORINI,1200,GRANDPASSO,TRAIL / SUPERMOTARD,2,2010,29,2,1,5000,7,,,,,,,,,,,,,,,,,,,,,,,,,,,,,,,,,,,,,,,,,,,,,5000,3,4,,,,,,,,NRP,NRP,NRP,NRP,1983,NRP,NRP,1983,NRP,,,
697,4324,,0,,,,,,,,,,,,,,,,,,,,,,,,,,,,,,,,,,,,,,,,,,,,,,,,,,,,,,,,,,,,,,,,,,,,,,,,,,,,,,,,,,,,,,,,,,,,,,,,,,,,,,,,,,,,,,,,,,,,,,,,,,,,,,,,,,,,,,,,,,,,,,,,,,,,,,,,,,,,,,,,,,,,,,,,,,,,,,,,,,,,,,,,,,,,,,,,,,,,,,,,,,,,,,,,,,,,,,,,,,,,,,,,,,,,,,,,,,,,,,,,,,,,,,,,,,,,,,,,,,,,,,,,,,,,,,,,,,,,,,,,,,,07OCT1970,7,1,3,2,4,4,2,NRP,,,,2,0,0,2,1,3,DUCATI,1000,SS DS,Routière / GT,2,2005,37,2,2,3000,7,YAMAHA,600,FZS FAZER,ROADSTER,1,2000,37,2,2,3000,7,BMW,800,F800ST,Routière / GT,2,2008,37,4,2,500,7,,,,,,,,,,,,,,,,,,,,,,,6500,3,4,,,,,,,,NRP,NRP,NRP,NRP,1992,NRP,NRP,1988,NRP,,,
258,4326,34,1,0,4,,,,,,0,4,,,,,,0,4,,,,,,1,2,2006,,,,,0,6,,,,,,0,3,,,,,,0,5,,,,,,0,4,,,,,,3,5,2000,2008,2013,,,0,2,,,,,,0,5,,,,,,0,1,,,,,,0,3,,,,,,1,4,2004,,,,,1,1,6,2014,,,,,saint laurent,,,,,"remonté de file a vitesse reduite, un conducteur à fait un ecart pour eviter un scoot qui remonté la file par la droite à grande vitesse. Ma poignet à heurter le retro de la voiture et j'ai gouté au bitume.",,,,,0,0,0,14,0,1,16,4,2006,,2006,Vous circuliez derrière un véhicule. Vous avez entrepris de dépasser ce véhicule par la droite et celui-ci vous a coupé la route en tournant à droite.,6,,,,,,,"même si le conducteur devant vous se porte sur la gauche, met son clignotant à gauche (sisi ca arrive que les conducteur mette leurs cligo...) il ne faut pas  tenté le dépassemtn sans s'assuré que le conducteur vous ai vu","je pense que c'est le caractère improbable qu'un vehicule se deportant sur la gauche de la chaussé , avec un clignotant a gauche tourne finalement à droite",j'ai régit d'instinct en visant un espace disponible entre 2 bite d'acier pour diriger la moto malgré le choc. mais le trotoir était un peu haut 30cm environ et je n'ai pas put retenir la moto,NRP,1,ne pas faire le dépassement.,je n'avais pas conscience que m^me les choses improbable peuvent survenir,,2,1,2,,il ne m'a pas vu,1,"la positions sur la chaussé n'indiquait pas correctement son choix de direction , ainsi que son utilisation peu orthodoxe du clignotant",1,2,3,,,,,3,2,1,,,,,la situation était trop improbable pour être vrai,3,3,,,1,3,3,3,2,1,2,3,2,2,4,4,4,5,,,,,,,,,1,4,,,,,,,,2,2,,2,1,1,1,10,80,0,10,0,NSP,,,,,,2,1,,,,2,1,7,,,,,,,0,,1,1,1,2,0,30,1,10,2,3,4,,,,,,4,4,4,4,4,4,HONDA,125,VARADERO,TRAIL / SUPERMOTARD,2,1,1,1,1,1,1,1,1,1,1,25000,12,4,1,HONDA,125,VARADERO,TRAIL / SUPERMOTARD,2,4,4,21JUN1976,5,2,3,2,3,4,1,NRP,,,,2,0,0,1,0,1,HONDA,125,VARADERO LIMITED EDITION,TRAIL / SUPERMOTARD,2,2007,31,1,2,6000,4,,,,,,,,,,,,,,,,,,,,,,,,,,,,,,,,,,,,,,,,,,,,,6000,4,,,,,,,,,NRP,NRP,NRP,NRP,NRP,NRP,NRP,1998,NRP,,,
1405,4327,,1,0,6,,,,,,0,5,,,,,,0,5,,,,,,0,3,,,,,,0,6,,,,,,0,5,,,,,,0,4,,,,,,0,3,,,,,,0,3,,,,,,0,5,,,,,,1,5,1985,,,,,0,2,,,,,,0,3,,,,,,0,4,,,,,,0,,1,,,,,,,,,,,,,,,,,,5,0,15,1,51,11,1985,,,,,,,,,,,,,,,,,,,,,,,,,,,,,,,,,,,,,,,,,,,,,,,,,,,,,,,,,,,,,,,,,,,,,,,,,,,,,,,,,,,,,,,,,,,,,,,,,,,,,,,,,,,,,,,,,,,,,,,,,,,,,,,,,,,,,,,,,,,,,,,,,,,,,,,,,,,,,,14FEB1965,5,1,3,2,5,4,3,NRP,,,,2,0,0,1,0,1,YAMAHA,550,XJ,ROADSTER,2,1983,37,4,1,1000,7,,,,,,,,,,,,,,,,,,,,,,,,,,,,,,,,,,,,,,,,,,,,,1000,4,3,,,,,,,,NRP,NRP,NRP,NRP,1988,NRP,NRP,1983,NRP,,,
484,4329,,0,,,,,,,,,,,,,,,,,,,,,,,,,,,,,,,,,,,,,,,,,,,,,,,,,,,,,,,,,,,,,,,,,,,,,,,,,,,,,,,,,,,,,,,,,,,,,,,,,,,,,,,,,,,,,,,,,,,,,,,,,,,,,,,,,,,,,,,,,,,,,,,,,,,,,,,,,,,,,,,,,,,,,,,,,,,,,,,,,,,,,,,,,,,,,,,,,,,,,,,,,,,,,,,,,,,,,,,,,,,,,,,,,,,,,,,,,,,,,,,,,,,,,,,,,,,,,,,,,,,,,,,,,,,,,,,,,,,,,,,,,,,04AUG1971,5,2,3,2,2,3,,NRP,,,,2,0,0,1,0,1,SUZUKI,125,DR-SM,TRAIL / SUPERMOTARD,2,2010,28,2,2,11000,7,,,,,,,,,,,,,,,,,,,,,,,,,,,,,,,,,,,,,,,,,,,,,11000,3,4,,,,,,,,NRP,NRP,NRP,NRP,1996,NRP,NRP,1990,NRP,,,
429,4330,372,1,0,6,,,,,,0,4,,,,,,0,5,,,,,,0,1,,,,,,0,2,,,,,,0,3,,,,,,0,4,,,,,,0,4,,,,,,1,5,2013,,,,,0,1,,,,,,0,6,,,,,,0,1,,,,,,0,4,,,,,,0,2,,,,,,0,,1,,,,,,,,,,,,,,,,,,2,2,29,1,41,9,2013,,2013,"Vous avez fait une sortie de route, une perte de contrôle ou une glissade sans rien percuter.",1,,,,,,,"Petite route départemental sous la pluie à faible allure (50 km/h), sortie de courbe et perte d'adhérence de la roue avant sans possibilité de récupération.  Route extrêmement glissante sur une partie de goudron totalement lisse.",Perte d'adhérence de la roue avant de façon immédiate sans action possible pour récupérer,Ma fille était avec moi.  Reflexe de vouloir la protéger. Nous nous sommes retrouvés tous les 2 sur le dos à glisser derrière la moto pour finir dans le fossé.,AUT|Perte d'adhérence subite,0,,,"Malgré la vitesse modérée, la perte d'adhérence a été trop soudaine",3,0,,,,,,6,,,,,,,,,,,,1,,Moto de suite en position couchée ...,4,3,,,1,3,3,3,1,1,1,1,1,3,4,4,4,10,,,,,,,,,1,3,,,,,,,,2,2,,2,3,1,2,30,0,0,40,30,2,,,,,,1,2,,,,1,,,,,,,,,,,3,2,3,,1,50,1,2,3,4,7,9,,,,,4,4,4,3,3,4,HONDA,1200,CROSSTOURER (VFR-X) TRAVEL ED',TRAIL / SUPERMOTARD,2,0,0,0,1,1,1,1,0,1,1,14000,9,4,1,HONDA,1000,VARADERO IE,TRAIL / SUPERMOTARD,2,4,4,02OCT1967,5,2,3,2,5,4,3,NRP,,,,2,0,0,2,0,2,HONDA,1200,CROSSTOURER,TRAIL / SUPERMOTARD,2,2012,29,2,1,10000,7,HONDA,1000,VARADERO,TRAIL / SUPERMOTARD,2,2006,29,3,1,5000,7,,,,,,,,,,,,,,,,,,,,,,,,,,,,,,,,,,15000,2,3,4,,,,,,,NRP,NRP,NRP,1983,1985,NRP,NRP,1985,NRP,,,