Ligne,Ligne Q qualif,Ligne approfondissement Accident,ACCIDENT,NBACC1,ACCFREQUENCE1,ANNEEACC1_1,ANNEEACC1_2,ANNEEACC1_3,ANNEEACC1_4,ANNEEACC1_5,NBACC2,ACCFREQUENCE2,ANNEEACC2_1,ANNEEACC2_2,ANNEEACC2_3,ANNEEACC2_4,ANNEEACC2_5,NBACC3,ACCFREQUENCE3,ANNEEACC3_1,ANNEEACC3_2,ANNEEACC3_3,ANNEEACC3_4,ANNEEACC3_5,NBACC4,ACCFREQUENCE4,ANNEEACC4_1,ANNEEACC4_2,ANNEEACC4_3,ANNEEACC4_4,ANNEEACC4_5,NBACC5,ACCFREQUENCE5,ANNEEACC5_1,ANNEEACC5_2,ANNEEACC5_3,ANNEEACC5_4,ANNEEACC5_5,NBACC6,ACCFREQUENCE6,ANNEEACC6_1,ANNEEACC6_2,ANNEEACC6_3,ANNEEACC6_4,ANNEEACC6_5,NBACC7,ACCFREQUENCE7,ANNEEACC7_1,ANNEEACC7_2,ANNEEACC7_3,ANNEEACC7_4,ANNEEACC7_5,NBACC8,ACCFREQUENCE8,ANNEEACC8_1,ANNEEACC8_2,ANNEEACC8_3,ANNEEACC8_4,ANNEEACC8_5,NBACC9,ACCFREQUENCE9,ANNEEACC9_1,ANNEEACC9_2,ANNEEACC9_3,ANNEEACC9_4,ANNEEACC9_5,NBACC10,ACCFREQUENCE10,ANNEEACC10_1,ANNEEACC10_2,ANNEEACC10_3,ANNEEACC10_4,ANNEEACC10_5,NBACC11,ACCFREQUENCE11,ANNEEACC11_1,ANNEEACC11_2,ANNEEACC11_3,ANNEEACC11_4,ANNEEACC11_5,NBACC12,ACCFREQUENCE12,ANNEEACC12_1,ANNEEACC12_2,ANNEEACC12_3,ANNEEACC12_4,ANNEEACC12_5,NBACC13,ACCFREQUENCE13,ANNEEACC13_1,ANNEEACC13_2,ANNEEACC13_3,ANNEEACC13_4,ANNEEACC13_5,NBACC14,ACCFREQUENCE14,ANNEEACC14_1,ANNEEACC14_2,ANNEEACC14_3,ANNEEACC14_4,ANNEEACC14_5,AUTRESACC,NBAUTRESACC,TOTAL_AC,ANNEEAUTREACC1,ANNEEAUTREACC2,ANNEEAUTREACC3,ANNEEAUTREACC4,ANNEEAUTREACC5,LIEUAUTREACC1,LIEUAUTREACC2,LIEUAUTREACC3,LIEUAUTREACC4,LIEUAUTREACC5,DESCRIPTIONAUTRESACC1,DESCRIPTIONAUTRESACC2,DESCRIPTIONAUTRESACC3,DESCRIPTIONAUTRESACC4,DESCRIPTIONAUTRESACC5,NBAUTRESACCCIRCUIT,NBAUTRESTOUTTERRAIN,EXPCYCLO,EXP125,EXPSUP125,ACCORDNEXTQ,CHOIXACC,RGPMTACC,RECUPANNEE,RECUPLIEU,RECUPANNE,RGPMTAC,CHOIX1,CHOIX2,CHOIX3,CHOIX4,CHOIX5,CHOIX6,CHOIX7,DESCRIPTION,RUPTURE,FAITS,ABS_REACTION,AUTRE_REACTION,PRECISIONREACTIONOUI,RECUL,PRECISIONREACTIONNON,IMPACTCOMPORTEMENT,AUTREUSAGER,REACTIONAUTREUSAGER,CONNAISSANCEREACTIONUSAGER,DIFFICULTES,AGGRAVATION,DIFFICULTES2,EMOTIONS1,EMOTIONS2,EMOTIONS3,EMOTIONS4,EMOTIONS5,EMOTIONS6,AUTRESENTIMENT,CLASSEMENTEMOTIONS1,CLASSEMENTEMOTIONS,CLASSEMENTEMOTIONS5,CLASSEMENTEMOTIONS6,CLASSEMENTEMOTIONS7,CLASSEMENTEMOTIONS8,CLASSEMENTEMOTIONS9,EXPLICATIONRESSENTI,BIENEQUIPE,ALLURE,ALLUREVITEDETAIL,ALLURELENTEDETAIL,SITUATIONPRESSE,SITUATIONDISTRAIT,SITUATIONCONFIANT,SITUATIONCONTROLE,SITUATIONLUDIQUE,SITUATIONPERF,SITUATIONSTRESS,SITUATIONFATIGUE,HUMEURNEUTRE,HUMEURGAI,HUMEURMECONTENT,HUMEURTRISTE,HUMEURCOLERE,CONTRIBUTION1,CONTRIBUTION2,CONTRIBUTION3,CONTRIBUTION4,CONTRIBUTION5,CONTRIBUTION6,CONTRIBUTION7,CONTRIBUTION8,CONTRIBUTION9,ROLEINFRA,ELEMENTINFRA1,ELEMENTINFRA2,ELEMENTINFRA3,ELEMENTINFRA4,ELEMENTINFRA5,ELEMENTINFRA6,ELEMENTINFRA7,ELEMENTINFRA8,ELEMENTINFRA9,ALCOOL,TXALCOOL,STUP,SEMAINE,MOMENTJOURNEE,TEMPS,CAUSEACC1,CAUSEACC2,CAUSEACC3,CAUSEACC4,CAUSEACC5,FORMATIONCAUSE,FORMATION1,FORMATION2,FORMATION3,FORMATION4,FORMATION5,TRAFIC,CHAUSSEE1,CHAUSSEE2,CHAUSSEE3,CHAUSSEE4,TYPEACC,BLESSURE,TETE,COU,THORAX,MEMBRESSUP,COLONNE,BASSIN,MEMBRESINF,HOPITAL,PLUS24H,TRAJET,TYPEROUTE,MOTIF,SENSTRAJET,PASSAGER,VITESSE,DESCEQ1,DESCEQ2,DESCEQ3,DESCEQ4,DESCEQ5,DESCEQ6,DESCEQ7,DESCEQ8,DESCEQ9,DESCEQ10,VEHICULEETE,VEHICULEAUTOMNE,VEHICULEPRINTEMPS,VEHICULEHIVER,VEHICULESEMAINE,VEHICULEWE,VEHMARQUE,VEHCYLINDREE,VEHMODELE,VEHSEGMENT,VEHSIDE,EQ2RMABS,EQ2RMCBS,EQ2RMABSCBS,EQ2RMREGULATEUR,EQ2RMLIMITEUR,EQ2RMPHARESDIRECT,EQ2RMCOUPURE,EQ2RMANTIPATINAGE,EQ2RMANTIXHEELING,EQ2RMSTABILILTE,VEHKM,POINTS,DUREE,AUTRE2RM,VEHPRECMARQUE,VEHPRECCYLINDREE,VEHPRECMODELE,VEHPRECSEGMENT,VEHPRECSIDE,TEMPS2RMPREC,FREQVEHPREC,DATE_NAISS,CSP,SOCIETAIRE,SALARIE,SECTEUR2RM,NBPERSFOYER,SITFAM,NBENF,TRNBENF1,TRNBENF2,TRNBENF3,TRNBENF4,NBAUTOFOYER,NBCYCLOFOYER,NBSCOOTFOYER,NBMOTOFOYER,NBTRIKEFOYER,NB2RMCONDUIT,MARQUE1,CYLINDREE1,MODELE1,SEGMENT1,SIDE1,ANMISECIRCU1,ASS1,FREQ1,USAGE1,NBKM1,GARAGE1,MARQUE2,CYLINDREE2,MODELE2,SEGMENT2,SIDE2,ANMISECIRCU2,ASS2,FREQ2,USAGE2,NBKM2,GARAGE2,MARQUE3,CYLINDREE3,MODELE3,SEGMENT3,SIDE3,ANMISECIRCU3,ASS3,FREQ3,USAGE3,NBKM3,GARAGE3,MARQUE4,CYLINDREE4,MODELE4,SEGMENT4,SIDE4,ANMISECIRCU4,ASS4,FREQ4,USAGE4,NBKM4,GARAGE4,MARQUE5,CYLINDREE5,MODELE5,SEGMENT5,SIDE5,ANMISECIRCU5,ASS5,FREQ5,USAGE5,NBKM5,GARAGE5,NBKMTOT,PERMIS1,PERMIS2,PERMIS3,PERMIS4,PERMIS5,PERMIS6,PERMIS7,PERMIS8,PERMIS9,ANPERMIS1,ANPERMIS6,ANPERMIS7,ANPERMIS2,ANPERMIS3,ANPERMIS8,ANPERMIS9,ANPERMIS4,ANPERMIS5,,,
1205,4331,222,1,0,5,,,,,,0,4,,,,,,0,4,,,,,,0,2,,,,,,0,4,,,,,,0,4,,,,,,0,4,,,,,,0,3,,,,,,1,3,1990,,,,,0,4,,,,,,0,4,,,,,,0,3,,,,,,0,3,,,,,,0,2,,,,,,1,0,1,,,,,,,,,,,,,,,,0,0,3,1,24,1,41,9,1990,,1990,"Vous avez fait une sortie de route, une perte de contrôle ou une glissade sans rien percuter.",1,,,,,,,"Dans un virage, en montagne, sans visibilité, sur toute petite route, j'ai percuté une voiture de chantier de face. Elle s'était déportée au milieu de la route pour prendre un chemin sur sa droite. J'ai essayé de passer à gauche de la voiture mais il était trop tard. Je suis passé par dessus la voiture en faisant un saut périlleux. J'ai eu beaucoup de chance car je n'ai eu qu'un choc à la jambe gauche qui a du se coincer entre la calandre et la moto. Jambe raide pendant une semaine. La moto, une honda 125 cb k5, a eu la fourche pliée.",Penché dans un virage sans visibilité j'ai juste eu le temps de redresser la moto pour tenter de passer à gauche mais c'était trop tard.,Redresser la moto. Je ne pense pas avoir eu le temps de freiner. Ca a été très vite du fait d'une visibilité nulle.,NRP,1,NRP,NRP,,2,1,2,,il n'a pas eu le temps de réagir,1,Il était responsable de l'accident car de mon coté,2,,,,,,,,1,,,,,,la voiture ne devait pas être là et je n'avais aucune visibilité.,2,1,3,,3,1,4,3,2,1,2,3,1,4,4,4,4,1,3,5,,,,,,,2,,,,,,,,,2,2,,2,1,1,1,30,50,0,20,0,2,,,,,,1,1,7,,,2,1,7,,,,,,,1,0,1,2,1,1,0,50,1,2,5,,,,,,,,4,3,4,3,3,4,HONDA,125,CB-K5,ROADSTER,2,1,1,1,1,1,1,1,1,1,1,NSP,NSP,2,1,PEUGEOT,50,103,ROADSTER,null,4,4,14OCT1973,5,1,3,2,6,4,4,NRP,,,,9,2,0,2,0,2,YAMAHA,1300,FJR,Routière / GT,2,2001,37,3,1,4000,7,YAMAHA,600,SRX,ROADSTER,2,1988,37,4,1,500,7,,,,,,,,,,,,,,,,,,,,,,,,,,,,,,,,,,4500,2,3,4,,,,,,,NRP,NRP,NRP,1990,1994,NRP,NRP,1992,NRP,,,
2135,4332,,0,,,,,,,,,,,,,,,,,,,,,,,,,,,,,,,,,,,,,,,,,,,,,,,,,,,,,,,,,,,,,,,,,,,,,,,,,,,,,,,,,,,,,,,,,,,,,,,,,,,,,,,,,,,,,,,,,,,,,,,,,,,,,,,,,,,,,,,,,,,,,,,,,,,,,,,,,,,,,,,,,,,,,,,,,,,,,,,,,,,,,,,,,,,,,,,,,,,,,,,,,,,,,,,,,,,,,,,,,,,,,,,,,,,,,,,,,,,,,,,,,,,,,,,,,,,,,,,,,,,,,,,,,,,,,,,,,,,,,,,,,,,20MAY1968,7,1,3,2,2,3,,NRP,,,,4,0,0,3,0,3,BUELL,1200,X1 LIGHTNING,ROADSTER,2,2000,37,3,1,3000,7,BUELL,1125,1125-R,SPORTIVE,2,2009,37,2,1,3000,7,YAMAHA,1200,V-MAX,CUSTOM,2,1989,18,4,1,1500,7,,,,,,,,,,,,,,,,,,,,,,,7500,3,,,,,,,,,NRP,NRP,NRP,NRP,2001,NRP,NRP,NRP,NRP,,,
602,4335,,0,,,,,,,,,,,,,,,,,,,,,,,,,,,,,,,,,,,,,,,,,,,,,,,,,,,,,,,,,,,,,,,,,,,,,,,,,,,,,,,,,,,,,,,,,,,,,,,,,,,,,,,,,,,,,,,,,,,,,,,,,,,,,,,,,,,,,,,,,,,,,,,,,,,,,,,,,,,,,,,,,,,,,,,,,,,,,,,,,,,,,,,,,,,,,,,,,,,,,,,,,,,,,,,,,,,,,,,,,,,,,,,,,,,,,,,,,,,,,,,,,,,,,,,,,,,,,,,,,,,,,,,,,,,,,,,,,,,,,,,,,,,12DEC1985,7,2,3,2,3,4,1,NRP,,,,2,0,0,1,0,1,SUZUKI,1200,BANDIT-S,ROADSTER,2,2004,2,2,1,6500,7,,,,,,,,,,,,,,,,,,,,,,,,,,,,,,,,,,,,,,,,,,,,,6500,2,3,4,,,,,,,NRP,NRP,NRP,2004,2007,NRP,NRP,2004,NRP,,,
1240,4338,,0,,,,,,,,,,,,,,,,,,,,,,,,,,,,,,,,,,,,,,,,,,,,,,,,,,,,,,,,,,,,,,,,,,,,,,,,,,,,,,,,,,,,,,,,,,,,,,,,,,,,,,,,,,,,,,,,,,,,,,,,,,,,,,,,,,,,,,,,,,,,,,,,,,,,,,,,,,,,,,,,,,,,,,,,,,,,,,,,,,,,,,,,,,,,,,,,,,,,,,,,,,,,,,,,,,,,,,,,,,,,,,,,,,,,,,,,,,,,,,,,,,,,,,,,,,,,,,,,,,,,,,,,,,,,,,,,,,,,,,,,,,,09MAR1984,5,2,3,2,2,3,,NRP,,,,3,0,0,2,0,2,HONDA,700,NC700X (52CV),ROADSTER,2,2012,15,3,1,10000,7,HONDA,125,NSR,SPORTIVE,2,1990,15,4,1,1500,7,,,,,,,,,,,,,,,,,,,,,,,,,,,,,,,,,,11500,3,4,,,,,,,,NRP,NRP,NRP,NRP,2009,NRP,NRP,2002,NRP,,,
779,4340,,1,2,3,1984,1986,,,,0,3,,,,,,0,3,,,,,,0,3,,,,,,1,4,1987,,,,,0,3,,,,,,1,2,1978,,,,,1,3,1987,,,,,1,3,NSP,,,,,0,3,,,,,,0,4,,,,,,0,2,,,,,,0,2,,,,,,0,2,,,,,,0,,6,,,,,,,,,,,,,,,,,,5,10,37,1,21,5,1987,,,,,,,,,,,,,,,,,,,,,,,,,,,,,,,,,,,,,,,,,,,,,,,,,,,,,,,,,,,,,,,,,,,,,,,,,,,,,,,,,,,,,,,,,,,,,,,,,,,,,,,,,,,,,,,,,,,,,,,,,,,,,,,,,,,,,,,,,,,,,,,,,,,,,,,,,,,,,,21MAR1958,5,1,3,2,4,4,2,NRP,,,,2,0,0,3,0,3,BMW,1200,K1200RS,Routière / GT,2,1997,37,1,2,4000,7,HONDA,125,CB-S3,ROADSTER,2,1975,37,3,2,1000,7,SUZUKI,125,GN125D,CUSTOM,2,1989,37,3,2,2000,7,,,,,,,,,,,,,,,,,,,,,,,7000,3,4,,,,,,,,NRP,NRP,NRP,NRP,1978,NRP,NRP,1985,NRP,,,
830,4341,52,1,0,5,,,,,,0,3,,,,,,0,4,,,,,,0,1,,,,,,1,6,1994,,,,,0,2,,,,,,0,4,,,,,,0,4,,,,,,0,4,,,,,,0,5,,,,,,0,1,,,,,,0,2,,,,,,0,2,,,,,,0,6,,,,,,0,,1,,,,,,,,,,,,,,,,,,7,2,23,1,21,5,1994,,1994,Vous circuliez sur un axe prioritaire. Un véhicule venant dun axe non prioritaire vous a coupé la route.,1,,,,,,,"un automobiliste n'a pas respecté son feu rouge. Malgré un freinage d'urgence je me suis arrêté dans sa portière. N'étant pas en règle, l'automobiliste ne voulait pas remplir le constat amiable. J'ai du faire intervenir la police.","le voyant débouler devant moi alors que mon feu était vert, il n'y avait pas assez de distance pour s'arrêter.","quand j'ai arriver l'auto, j'ai bloqué les 2 roues et attendu que ""ça se passe"".",NRP,0,,,d'un côté il y avait un terre plein central et de l'autre l'avant du véhicule.,2,0,,,,,,1,,,,,,,1,,,,,,,"j'ai eu peur de l'impact et des éventuelles conséquences qu'il y aurait pu avoir (traumatisme, blessures graves etc.)",4,3,,,1,1,4,4,1,1,1,1,3,3,4,4,4,10,,,,,,,,,2,,,,,,,,,2,2,,2,2,1,1,0,100,0,0,0,2,,,,,,1,1,,,,1,,,,,,,,,,,1,1,3,,0,30,1,10,2,3,4,,,,,,4,4,4,3,4,4,HONDA,500,CB,ROADSTER,2,1,1,1,1,1,1,1,1,1,1,8000,12,2,1,YAMAHA,750,XTZ SUPER TENERE,TRAIL / SUPERMOTARD,2,4,4,25AUG1967,7,2,3,2,4,4,2,NRP,,,,3,0,0,1,0,1,YAMAHA,750,SUPER TENERE (XTZ),TRAIL / SUPERMOTARD,2,1996,31,2,1,6000,7,,,,,,,,,,,,,,,,,,,,,,,,,,,,,,,,,,,,,,,,,,,,,6000,2,3,4,,,,,,,NRP,NRP,NRP,1987,1989,NRP,NRP,1987,NRP,,,
1842,4342,,0,,,,,,,,,,,,,,,,,,,,,,,,,,,,,,,,,,,,,,,,,,,,,,,,,,,,,,,,,,,,,,,,,,,,,,,,,,,,,,,,,,,,,,,,,,,,,,,,,,,,,,,,,,,,,,,,,,,,,,,,,,,,,,,,,,,,,,,,,,,,,,,,,,,,,,,,,,,,,,,,,,,,,,,,,,,,,,,,,,,,,,,,,,,,,,,,,,,,,,,,,,,,,,,,,,,,,,,,,,,,,,,,,,,,,,,,,,,,,,,,,,,,,,,,,,,,,,,,,,,,,,,,,,,,,,,,,,,,,,,,,,,19OCT1967,7,2,3,2,4,4,2,NRP,,,,2,0,0,1,0,1,TRIUMPH,1050,SPRINT GT,Routière / GT,2,2011,9,2,1,16000,4,,,,,,,,,,,,,,,,,,,,,,,,,,,,,,,,,,,,,,,,,,,,,16000,3,4,,,,,,,,NRP,NRP,NRP,NRP,2009,NRP,NRP,1985,NRP,,,
1687,4343,,1,0,4,,,,,,1,4,1998,,,,,1,4,1991,,,,,0,2,,,,,,1,4,1982,,,,,0,3,,,,,,0,4,,,,,,1,4,1984,,,,,0,5,,,,,,0,5,,,,,,0,5,,,,,,0,3,,,,,,0,4,,,,,,1,3,1990,,,,,0,,5,,,,,,,,,,,,,,,,,,2,3,32,1,6,2,1998,,,,,,,,,,,,,,,,,,,,,,,,,,,,,,,,,,,,,,,,,,,,,,,,,,,,,,,,,,,,,,,,,,,,,,,,,,,,,,,,,,,,,,,,,,,,,,,,,,,,,,,,,,,,,,,,,,,,,,,,,,,,,,,,,,,,,,,,,,,,,,,,,,,,,,,,,,,,,,01JAN1960,7,1,3,2,2,3,,NRP,,,,1,0,0,4,0,2,BMW,1200,HP2 SPORT,SPORTIVE,2,2010,37,3,1,8000,7,SUZUKI,650,SV-S,Routière / GT,2,2000,37,4,1,5000,7,,,,,,,,,,,,,,,,,,,,,,,,,,,,,,,,,,13000,2,3,4,,,,,,,NRP,NRP,NRP,1976,1979,NRP,NRP,1979,NRP,,,
118,4344,,1,1,4,2004,,,,,0,5,,,,,,0,3,,,,,,0,4,,,,,,0,4,,,,,,0,2,,,,,,0,2,,,,,,0,4,,,,,,0,2,,,,,,0,3,,,,,,0,4,,,,,,0,4,,,,,,0,4,,,,,,0,5,,,,,,0,,1,,,,,,,,,,,,,,,,,,3,1,14,1,1,1,2004,,,,,,,,,,,,,,,,,,,,,,,,,,,,,,,,,,,,,,,,,,,,,,,,,,,,,,,,,,,,,,,,,,,,,,,,,,,,,,,,,,,,,,,,,,,,,,,,,,,,,,,,,,,,,,,,,,,,,,,,,,,,,,,,,,,,,,,,,,,,,,,,,,,,,,,,,,,,,,25JUL1963,5,2,3,2,1,1,,NRP,,,,1,0,0,1,0,1,BMW,1200,R1200R ABS,ROADSTER,2,2008,9,3,1,6000,7,,,,,,,,,,,,,,,,,,,,,,,,,,,,,,,,,,,,,,,,,,,,,6000,4,3,,,,,,,,NRP,NRP,NRP,NRP,2001,NRP,NRP,1981,NRP,,,
883,4345,324,1,0,3,,,,,,0,4,,,,,,0,1,,,,,,0,2,,,,,,1,4,1982,,,,,0,1,,,,,,0,3,,,,,,0,4,,,,,,1,4,1982,,,,,0,2,,,,,,0,2,,,,,,0,1,,,,,,0,3,,,,,,0,2,,,,,,0,,2,,,,,,,,,,,,,,,,,,0,3,8,1,21,5,1982,,1982,Vous circuliez sur un axe prioritaire. Un véhicule venant dun axe non prioritaire vous a coupé la route.,1,,,,,,,le véhicule ne m'a pas vu et a franchi la ligne du stop. rien a ajouter.,"nuit, entrée d'usines.",j'ai juste pensé à sauter de la moto pour que l'auto ne me roule pas dessus.,NRP,0,,,"je ne voie pas ce que j'aurai pu faire d'autre. j'étais à 4/5 m, j'ai vu bouger l'auto du coin de l'il.",3,0,,,,,,2,3,6,,,,,,1,2,,,3,,"pourquoi cet auto démarre, je ne suis pas passé!",4,3,,,1,1,4,4,1,1,1,1,1,2,4,4,4,10,,,,,,,,,2,,,,,,,,,2,2,,2,1,3,1,0,100,0,0,0,2,,,,,,1,1,,,,1,,,,,,,,,,,1,2,1,1,0,50,1,10,2,3,5,,,,,,4,4,4,4,4,4,SUZUKI,125,TS,TRAIL / SUPERMOTARD,2,1,1,1,1,1,1,2,1,1,1,50000,12,4,1,SUZUKI,125,GT,ROADSTER,2,3,4,14AUG1958,7,2,3,2,3,4,1,NRP,,,,3,0,0,1,0,1,SUZUKI,650,V-STROM ABS,TRAIL / SUPERMOTARD,2,2009,28,2,1,8400,7,,,,,,,,,,,,,,,,,,,,,,,,,,,,,,,,,,,,,,,,,,,,,8400,3,4,,,,,,,,NRP,NRP,NRP,NRP,1979,NRP,NRP,1977,NRP,,,
287,4347,,0,,,,,,,,,,,,,,,,,,,,,,,,,,,,,,,,,,,,,,,,,,,,,,,,,,,,,,,,,,,,,,,,,,,,,,,,,,,,,,,,,,,,,,,,,,,,,,,,,,,,,,,,,,,,,,,,,,,,,,,,,,,,,,,,,,,,,,,,,,,,,,,,,,,,,,,,,,,,,,,,,,,,,,,,,,,,,,,,,,,,,,,,,,,,,,,,,,,,,,,,,,,,,,,,,,,,,,,,,,,,,,,,,,,,,,,,,,,,,,,,,,,,,,,,,,,,,,,,,,,,,,,,,,,,,,,,,,,,,,,,,,,03MAY1969,7,1,3,2,3,4,1,NRP,,,,2,1,1,0,0,2,YAMAHA,125,MAJESTY,SCOOTER,2,2010,37,1,2,15000,7,QINGQI,50,SCOOTER QT-6,SCOOTER,2,2007,37,1,2,10000,7,,,,,,,,,,,,,,,,,,,,,,,,,,,,,,,,,,25000,4,,,,,,,,,NRP,NRP,NRP,NRP,NRP,NRP,NRP,1990,NRP,,,
449,4348,,0,,,,,,,,,,,,,,,,,,,,,,,,,,,,,,,,,,,,,,,,,,,,,,,,,,,,,,,,,,,,,,,,,,,,,,,,,,,,,,,,,,,,,,,,,,,,,,,,,,,,,,,,,,,,,,,,,,,,,,,,,,,,,,,,,,,,,,,,,,,,,,,,,,,,,,,,,,,,,,,,,,,,,,,,,,,,,,,,,,,,,,,,,,,,,,,,,,,,,,,,,,,,,,,,,,,,,,,,,,,,,,,,,,,,,,,,,,,,,,,,,,,,,,,,,,,,,,,,,,,,,,,,,,,,,,,,,,,,,,,,,,,08MAY1966,3,2,3,2,3,4,1,NRP,,,,3,0,0,1,0,1,BMW,1300,K1300GT,Routière / GT,2,2009,28,2,1,13000,7,,,,,,,,,,,,,,,,,,,,,,,,,,,,,,,,,,,,,,,,,,,,,13000,3,4,,,,,,,,NRP,NRP,NRP,NRP,1986,NRP,NRP,1984,NRP,,,
1246,4349,,0,,,,,,,,,,,,,,,,,,,,,,,,,,,,,,,,,,,,,,,,,,,,,,,,,,,,,,,,,,,,,,,,,,,,,,,,,,,,,,,,,,,,,,,,,,,,,,,,,,,,,,,,,,,,,,,,,,,,,,,,,,,,,,,,,,,,,,,,,,,,,,,,,,,,,,,,,,,,,,,,,,,,,,,,,,,,,,,,,,,,,,,,,,,,,,,,,,,,,,,,,,,,,,,,,,,,,,,,,,,,,,,,,,,,,,,,,,,,,,,,,,,,,,,,,,,,,,,,,,,,,,,,,,,,,,,,,,,,,,,,,,,27SEP1957,5,2,3,2,4,4,2,NRP,,,,2,0,0,1,0,1,HONDA,1000,CB-F,ROADSTER,2,2011,29,2,1,6000,7,,,,,,,,,,,,,,,,,,,,,,,,,,,,,,,,,,,,,,,,,,,,,6000,3,4,,,,,,,,NRP,NRP,NRP,NRP,1981,NRP,NRP,2009,NRP,,,
382,4353,300,1,0,5,,,,,,1,5,2014,,,,,0,5,,,,,,0,5,,,,,,1,6,2014,,,,,0,4,,,,,,0,4,,,,,,0,5,,,,,,1,4,1985,,,,,0,3,,,,,,0,5,,,,,,0,2,,,,,,0,5,,,,,,0,4,,,,,,0,,3,,,,,,,,,,,,,,,,,,4,0,33,1,6,2,2014,,2014,Vous circuliez derrière un véhicule. Ce véhicule a ralenti. Vous avez entrepris de dépasser ce véhicule par la gauche et celui-ci vous a coupé la route en tournant à gauche (ou en effectuant un œ tour,1,5,,,,,,"Je pense que le conducteur ne m'a pas vu, pourtant nous le suivions depuis un bon moment, ma plus grande peur fut pour ma compagne, qui a déjà été opéré du dos et donc un énorme risque de handicap",et bien un seul éviter le pire et aller taper dans la voiture,"le véhicule s'est déporté à gauche totalement, a marqué un temps d'arrêt, je me suis engagé pour le dépasser par la droite en restant dans ma voie, j'ai vu la roue avant droite se braquer et il me reste l'image de la main sur le levier de vitesse en train de passer la première. A partir de la j'ai évité le véhicule et stoppé, mais vu la déclivité de la route, il m'a été impossible de retenir ma moto. D'ou la chute à l'arrêt.",NRP,0,,,il semblait logique que le conducteur stationne son véhicule et ne fasse pas une telle manoeuvre,3,1,2,,NSP,1,"il en est la cause, et aujourd'hui c'est moi qui me retrouve avec mon assurance à la hausse",1,,,,,,,1,,,,,,,la peur du choc.....et en corse,4,3,,,1,4,4,4,4,1,1,1,4,1,4,4,4,10,,,,,,,,,2,,,,,,,,,2,2,,2,2,1,1,0,100,0,0,0,NSP,,,,,,1,1,7,,,2,1,4,,,,,,,0,,3,1,3,,1,20,1,2,3,4,9,,,,,,4,4,4,4,2,4,BMW,1300,K1300S PACK S,Routière / GT,2,0,0,0,1,1,1,0,0,1,1,13000,12,3,1,HONDA,800,VFR-F V-TEC ABS,Routière / GT,2,4,4,27AUG1961,5,2,3,2,2,2,1,NRP,,,,1,0,0,2,0,2,HONDA,800,VFR-F V-TEC ABS,Routière / GT,2,2010,10,2,1,15000,7,YAMAHA,250,TY,"TOUT TERRAIN (TRIAL, ENDURO, CROSS)",2,1989,10,3,1,1000,7,,,,,,,,,,,,,,,,,,,,,,,,,,,,,,,,,,16000,2,3,4,8,9,,,,,NRP,NRP,NRP,1979,1980,1980,1980,1980,NRP,,,
281,4354,383,1,0,4,,,,,,0,5,,,,,,0,4,,,,,,0,2,,,,,,1,5,1989,,,,,0,4,,,,,,1,2,1985,,,,,0,5,,,,,,0,4,,,,,,0,5,,,,,,0,5,,,,,,0,2,,,,,,0,4,,,,,,0,4,,,,,,1,3,5,1985,1989,2004,,,Marseille,Aix en provence,Martigues,,,"Un véhicule a coupé un virage sans visibilité, arrivé en face, j'ai freiné, ai perdu le contrôle de la moto et ai percuté la voiture qui roulait à contre sens sur ma voie.","Un véhicule a grillé un feu. Me voyant arriver, il s'est arrêté au milieu de la route. Je l'ai percuté.","En m'arrêtant au feu, derrière une file de voitures, je me suis fait percuter par l'arrière par le véhicule qui me suivait.",,,0,0,5,0,18,1,72,15,1989,Aix en provence,1989,Autre(s) type(s) d'accident(s).,AUT|Stupide.,,,,,,,"J'essayais une moto, prêtée par un concessionnaire. Pour sortir de la ville, j'emprunte une artère bouchée. Je remonte la file de voiture à l'arrêt, note que le feu passe au vert alors que j'étais à une vingtaine de mètres du feu et décide de mettre un coup de gaz pour doubler le bus qui attendait de démarrer.  L'accélération a été suffisante pour me permettre de doubler tous les véhicules et je passe le feu en premier: j'estime ma vitesse à 60; 70 km/h.  Un véhicule de transport de malade (Sans gyrophare ni sirène) grille le feu et se présente de manière perpendiculaire à ma route. Il me restait moins de 10m à parcourir... J'étais alors au niveau du feu. Le conducteur m'a vu et a stoppé plutôt que de tenter de dégager le passage. J'ai couché la moto, voulant éviter l'impact frontal. J'ai glissé au sol avec la moto jusqu'au choc. Ce dernier a été assez violent pour décoller le haut de la portière du pavillon de plus de 30 cm alors que la moto a heurté les bas de caisse.  Je me suis relevé instantanément, sonné et choqué.  Le chauffeur m'a recueilli et m'a accompagné à l'hôpital après que nous ayons contacté le concessionnaire:c( J'ai eu une fracture de l'auriculaire gauche,une entorse du pouce de la même main, une entorse du genou droit, une belle plaie à ce même genou (un trou de deux cm de diamètre) qui a masqué un tendon rompu à 85% et de nombreuses contusions.  L'ambulancier a été reconnu responsable à 100%. toutefois, avec le recul, j'estime avoir commis plusieurs erreurs.  La première a été de doubler au niveau d'une intersection. La seconde aura été de rouler un peu trop vite.  Et enfin, mon freinage aurait pu être beaucoup plus propre.","Premier élément: la vitesse un peu trop élevée. Deuxième élément: on ne double pas sur une intersection! La difficulté rencontrée réside dans un freinage mal maîtrisé, je crois que j'aurais pu m'arrêter en restant sur mes roues.","Lorsque j'ai été confronté à la situation, à savoir l'arrivée intempestive d'un véhicule qui stoppe sur ma trajectoire, j'ai voulu coucher la moto. J'ai donc bloqué le frein arrière mais n'ai pas eu le temps de me dégager de la moto lorsqu'elle a chuté.  Je n'ai pas assez insisté sur l'avant.",NRP,1,Une vitesse mieux maîtrisée et surtout ne pas doubler à un carrefour. La vitesse plus faible aurait permis un freinage court et suffisant.  Ne pas doubler aurait simplement évité l'accident.,"Manque d'expérience, méconnaissance de la moto et insouciance de l'âge. (J'avais 25 ans à l'époque.)",,2,1,2,,"Me voyant, il a stoppé son véhicule en plein sur ma trajectoire au lieu d'accélérer et de s'enlever du milieu.",1,Il aurait pu éviter l'accident en ne grillant pas le feu et en tentant de sortir de l'axe de ma route.,8,,,,,,,,,,,,,,,2,1,2,,1,2,1,2,NSP,3,1,1,5,3,4,4,4,1,7,9,,,,,,,1,AUT|visibilité.,,,,,,,,2,2,,2,2,1,1,30,70,0,0,0,1,4,AUT|Manque de réflexion sur les situations accidentogènes.,,,,AUT|Redémarrage au feu vert.,1,,,,2,1,4,7,,,,,,1,0,3,1,3,,0,65,1,10,2,3,4,,,,,,1,1,1,1,1,1,YAMAHA,750,XJ,ROADSTER,2,1,1,1,1,1,0,1,1,1,1,NSP,12,4,1,HONDA,250,XL-S,TRAIL / SUPERMOTARD,2,3,2,23JUL1964,5,1,3,2,4,4,2,NRP,,,,3,0,0,1,0,1,BMW,1150,R1150RT,Routière / GT,2,2003,37,2,2,10000,7,,,,,,,,,,,,,,,,,,,,,,,,,,,,,,,,,,,,,,,,,,,,,10000,3,4,,,,,,,,NRP,NRP,NRP,NRP,1985,NRP,NRP,1983,NRP,,,