Ligne,Ligne Q qualif,Ligne approfondissement Accident,ACCIDENT,NBACC1,ACCFREQUENCE1,ANNEEACC1_1,ANNEEACC1_2,ANNEEACC1_3,ANNEEACC1_4,ANNEEACC1_5,NBACC2,ACCFREQUENCE2,ANNEEACC2_1,ANNEEACC2_2,ANNEEACC2_3,ANNEEACC2_4,ANNEEACC2_5,NBACC3,ACCFREQUENCE3,ANNEEACC3_1,ANNEEACC3_2,ANNEEACC3_3,ANNEEACC3_4,ANNEEACC3_5,NBACC4,ACCFREQUENCE4,ANNEEACC4_1,ANNEEACC4_2,ANNEEACC4_3,ANNEEACC4_4,ANNEEACC4_5,NBACC5,ACCFREQUENCE5,ANNEEACC5_1,ANNEEACC5_2,ANNEEACC5_3,ANNEEACC5_4,ANNEEACC5_5,NBACC6,ACCFREQUENCE6,ANNEEACC6_1,ANNEEACC6_2,ANNEEACC6_3,ANNEEACC6_4,ANNEEACC6_5,NBACC7,ACCFREQUENCE7,ANNEEACC7_1,ANNEEACC7_2,ANNEEACC7_3,ANNEEACC7_4,ANNEEACC7_5,NBACC8,ACCFREQUENCE8,ANNEEACC8_1,ANNEEACC8_2,ANNEEACC8_3,ANNEEACC8_4,ANNEEACC8_5,NBACC9,ACCFREQUENCE9,ANNEEACC9_1,ANNEEACC9_2,ANNEEACC9_3,ANNEEACC9_4,ANNEEACC9_5,NBACC10,ACCFREQUENCE10,ANNEEACC10_1,ANNEEACC10_2,ANNEEACC10_3,ANNEEACC10_4,ANNEEACC10_5,NBACC11,ACCFREQUENCE11,ANNEEACC11_1,ANNEEACC11_2,ANNEEACC11_3,ANNEEACC11_4,ANNEEACC11_5,NBACC12,ACCFREQUENCE12,ANNEEACC12_1,ANNEEACC12_2,ANNEEACC12_3,ANNEEACC12_4,ANNEEACC12_5,NBACC13,ACCFREQUENCE13,ANNEEACC13_1,ANNEEACC13_2,ANNEEACC13_3,ANNEEACC13_4,ANNEEACC13_5,NBACC14,ACCFREQUENCE14,ANNEEACC14_1,ANNEEACC14_2,ANNEEACC14_3,ANNEEACC14_4,ANNEEACC14_5,AUTRESACC,NBAUTRESACC,TOTAL_AC,ANNEEAUTREACC1,ANNEEAUTREACC2,ANNEEAUTREACC3,ANNEEAUTREACC4,ANNEEAUTREACC5,LIEUAUTREACC1,LIEUAUTREACC2,LIEUAUTREACC3,LIEUAUTREACC4,LIEUAUTREACC5,DESCRIPTIONAUTRESACC1,DESCRIPTIONAUTRESACC2,DESCRIPTIONAUTRESACC3,DESCRIPTIONAUTRESACC4,DESCRIPTIONAUTRESACC5,NBAUTRESACCCIRCUIT,NBAUTRESTOUTTERRAIN,EXPCYCLO,EXP125,EXPSUP125,ACCORDNEXTQ,CHOIXACC,RGPMTACC,RECUPANNEE,RECUPLIEU,RECUPANNE,RGPMTAC,CHOIX1,CHOIX2,CHOIX3,CHOIX4,CHOIX5,CHOIX6,CHOIX7,DESCRIPTION,RUPTURE,FAITS,ABS_REACTION,AUTRE_REACTION,PRECISIONREACTIONOUI,RECUL,PRECISIONREACTIONNON,IMPACTCOMPORTEMENT,AUTREUSAGER,REACTIONAUTREUSAGER,CONNAISSANCEREACTIONUSAGER,DIFFICULTES,AGGRAVATION,DIFFICULTES2,EMOTIONS1,EMOTIONS2,EMOTIONS3,EMOTIONS4,EMOTIONS5,EMOTIONS6,AUTRESENTIMENT,CLASSEMENTEMOTIONS1,CLASSEMENTEMOTIONS,CLASSEMENTEMOTIONS5,CLASSEMENTEMOTIONS6,CLASSEMENTEMOTIONS7,CLASSEMENTEMOTIONS8,CLASSEMENTEMOTIONS9,EXPLICATIONRESSENTI,BIENEQUIPE,ALLURE,ALLUREVITEDETAIL,ALLURELENTEDETAIL,SITUATIONPRESSE,SITUATIONDISTRAIT,SITUATIONCONFIANT,SITUATIONCONTROLE,SITUATIONLUDIQUE,SITUATIONPERF,SITUATIONSTRESS,SITUATIONFATIGUE,HUMEURNEUTRE,HUMEURGAI,HUMEURMECONTENT,HUMEURTRISTE,HUMEURCOLERE,CONTRIBUTION1,CONTRIBUTION2,CONTRIBUTION3,CONTRIBUTION4,CONTRIBUTION5,CONTRIBUTION6,CONTRIBUTION7,CONTRIBUTION8,CONTRIBUTION9,ROLEINFRA,ELEMENTINFRA1,ELEMENTINFRA2,ELEMENTINFRA3,ELEMENTINFRA4,ELEMENTINFRA5,ELEMENTINFRA6,ELEMENTINFRA7,ELEMENTINFRA8,ELEMENTINFRA9,ALCOOL,TXALCOOL,STUP,SEMAINE,MOMENTJOURNEE,TEMPS,CAUSEACC1,CAUSEACC2,CAUSEACC3,CAUSEACC4,CAUSEACC5,FORMATIONCAUSE,FORMATION1,FORMATION2,FORMATION3,FORMATION4,FORMATION5,TRAFIC,CHAUSSEE1,CHAUSSEE2,CHAUSSEE3,CHAUSSEE4,TYPEACC,BLESSURE,TETE,COU,THORAX,MEMBRESSUP,COLONNE,BASSIN,MEMBRESINF,HOPITAL,PLUS24H,TRAJET,TYPEROUTE,MOTIF,SENSTRAJET,PASSAGER,VITESSE,DESCEQ1,DESCEQ2,DESCEQ3,DESCEQ4,DESCEQ5,DESCEQ6,DESCEQ7,DESCEQ8,DESCEQ9,DESCEQ10,VEHICULEETE,VEHICULEAUTOMNE,VEHICULEPRINTEMPS,VEHICULEHIVER,VEHICULESEMAINE,VEHICULEWE,VEHMARQUE,VEHCYLINDREE,VEHMODELE,VEHSEGMENT,VEHSIDE,EQ2RMABS,EQ2RMCBS,EQ2RMABSCBS,EQ2RMREGULATEUR,EQ2RMLIMITEUR,EQ2RMPHARESDIRECT,EQ2RMCOUPURE,EQ2RMANTIPATINAGE,EQ2RMANTIXHEELING,EQ2RMSTABILILTE,VEHKM,POINTS,DUREE,AUTRE2RM,VEHPRECMARQUE,VEHPRECCYLINDREE,VEHPRECMODELE,VEHPRECSEGMENT,VEHPRECSIDE,TEMPS2RMPREC,FREQVEHPREC,DATE_NAISS,CSP,SOCIETAIRE,SALARIE,SECTEUR2RM,NBPERSFOYER,SITFAM,NBENF,TRNBENF1,TRNBENF2,TRNBENF3,TRNBENF4,NBAUTOFOYER,NBCYCLOFOYER,NBSCOOTFOYER,NBMOTOFOYER,NBTRIKEFOYER,NB2RMCONDUIT,MARQUE1,CYLINDREE1,MODELE1,SEGMENT1,SIDE1,ANMISECIRCU1,ASS1,FREQ1,USAGE1,NBKM1,GARAGE1,MARQUE2,CYLINDREE2,MODELE2,SEGMENT2,SIDE2,ANMISECIRCU2,ASS2,FREQ2,USAGE2,NBKM2,GARAGE2,MARQUE3,CYLINDREE3,MODELE3,SEGMENT3,SIDE3,ANMISECIRCU3,ASS3,FREQ3,USAGE3,NBKM3,GARAGE3,MARQUE4,CYLINDREE4,MODELE4,SEGMENT4,SIDE4,ANMISECIRCU4,ASS4,FREQ4,USAGE4,NBKM4,GARAGE4,MARQUE5,CYLINDREE5,MODELE5,SEGMENT5,SIDE5,ANMISECIRCU5,ASS5,FREQ5,USAGE5,NBKM5,GARAGE5,NBKMTOT,PERMIS1,PERMIS2,PERMIS3,PERMIS4,PERMIS5,PERMIS6,PERMIS7,PERMIS8,PERMIS9,ANPERMIS1,ANPERMIS6,ANPERMIS7,ANPERMIS2,ANPERMIS3,ANPERMIS8,ANPERMIS9,ANPERMIS4,ANPERMIS5,,,
436,4370,174,1,0,2,,,,,,0,2,,,,,,0,2,,,,,,0,3,,,,,,0,2,,,,,,0,2,,,,,,0,2,,,,,,1,3,1985,,,,,2,2,1983,1988,,,,0,2,,,,,,0,2,,,,,,0,2,,,,,,0,2,,,,,,0,1,,,,,,1,1,4,1988,,,,,Miramas,,,,,"Remontant 1 bouchon,1 voiture a ouvert sa portière,j'ai perdu l'avant pour l'éviter et me suis retrouvé vivant""ouf"" sous 1 semi-remorque.",,,,,0,0,3,0,31,1,71,15,1988,Miramas,1988,Autre(s) type(s) d'accident(s).,3,5,6,,,,,"Eté 1988,l'autoroute Salons-Nimes n'existait pas et toute la circulation se passait par la nationale.Je remontais 1 bouchon avant St Martin de Crau à maximum 30km/h.Je devais me rabattre car un 38 tonnes arrivait en face.C'est à ce moment là qu'1 portière c'est ouverte et en voulant l'éviter,j'ai perdu l'avant.Dans la chute,j'ai tapé la tète la 1ère et donc perte de connaissance.Quand je suis revenu à moi,mon corps était engagé de moitié sous le camion et ma tète à 20cm du pneu avant gauche.Personne ne m'avait touché me croyant sans doute mort,le routier avait tenté l'impossible pour éviter le carnage et l'avait réussi.Je n'ai jamais su qui avait ouvert la porte,avait il regardé dans le rétro ou pas? Etais-je déjà dans son angle mort? Mais j'ai toujours en mémoire""la joie nerveuse""du routier quand il a réalisé que j'étais  en vie.Hormis la perte de connaissance,je n'ai eu aucunes contusions ni blessures(merci la faible vitesse)et 3h plus tard,je repartais sur ma moto pour rentrer chez moi dans l'Hérault à 200km du lieu de l'accident.Je n'ai jamais regardais les poids lourds de travers,j'étais routier international à cette époque là mais je suis d'1 extrème prudence quand je me retrouve dans 1 situation pareille ou quand je fais de l'inter-file.",Ouverture de portière conducteur,"Je me souviens de l'ouverture de la porte à mème pas 10m devant moi,ma tentative d'évitement et l'urgence de me rabattre puis perte de connaissance.",NRP,0,,,"J'étais trop près de la porte,je risquais de percuter le conducteur et le poids lourd arrivais en face.",2,1,1,AUT|A réussi à stopper son camion,L'angoisse de provoquer la mort de quelqu'1,2,"Grace à la maitrise de son véhicule,je suis toujours en vie",1,6,,,,,,2,,,,,1,,Non maitrise de la moto par effet de surprise à faible vitesse,4,3,,,1,1,4,4,1,1,1,1,1,1,4,4,4,7,,,,,,,,,2,,,,,,,,,2,2,,2,1,1,1,25,75,0,0,0,2,,,,,,4,1,,,,1,,,,,,,,,,,2,2,1,2,0,30,1,10,2,3,5,,,,,,4,4,4,4,4,4,BMW,1000,R100RT,Routière / GT,2,1,1,1,1,1,1,1,1,1,1,15000,12,2,1,KAWASAKI,900,Z900,ROADSTER,2,4,4,16AUG1965,1,1,3,2,1,1,,NRP,,,,1,0,0,1,0,1,BMW,1000,R100RT,Routière / GT,2,1988,37,2,1,7000,7,,,,,,,,,,,,,,,,,,,,,,,,,,,,,,,,,,,,,,,,,,,,,7000,4,3,,,,,,,,NRP,NRP,NRP,NRP,1983,NRP,NRP,1983,NRP,,,
1570,4371,,0,,,,,,,,,,,,,,,,,,,,,,,,,,,,,,,,,,,,,,,,,,,,,,,,,,,,,,,,,,,,,,,,,,,,,,,,,,,,,,,,,,,,,,,,,,,,,,,,,,,,,,,,,,,,,,,,,,,,,,,,,,,,,,,,,,,,,,,,,,,,,,,,,,,,,,,,,,,,,,,,,,,,,,,,,,,,,,,,,,,,,,,,,,,,,,,,,,,,,,,,,,,,,,,,,,,,,,,,,,,,,,,,,,,,,,,,,,,,,,,,,,,,,,,,,,,,,,,,,,,,,,,,,,,,,,,,,,,,,,,,,,,07JAN1992,7,2,3,2,1,1,,NRP,,,,1,0,0,1,0,1,DUCATI,600,MONSTER,ROADSTER,2,2000,28,3,1,8000,4,,,,,,,,,,,,,,,,,,,,,,,,,,,,,,,,,,,,,,,,,,,,,8000,1,3,4,,,,,,,2006,NRP,NRP,NRP,2011,NRP,NRP,2010,NRP,,,
1886,4372,,1,0,2,,,,,,0,5,,,,,,0,5,,,,,,0,2,,,,,,1,5,1984,,,,,0,3,,,,,,0,3,,,,,,0,3,,,,,,2,6,1979,1984,,,,0,3,,,,,,0,4,,,,,,0,4,,,,,,0,2,,,,,,1,2,1982,,,,,1,1,5,2009,,,,,Beaucaire (30),,,,,"Sur une route un peu surélevée par rapport aux vignes, une voiture arrivait en face en doublant une file de véhicules ne nous a pas vu (feu de croisement allumé et vitesse modérée), choc face à face inévitable. Ma passagère et moi projetés à 15 mètres avec chacun un morceau de jambe en moins.",,,,,3,0,7,2,36,1,71,15,2009,Beaucaire (30),,,,,,,,,,,,,,,,,,,,,,,,,,,,,,,,,,,,,,,,,,,,,,,,,,,,,,,,,,,,,,,,,,,,,,,,,,,,,,,,,,,,,,,,,,,,,,,,,,,,,,,,,,,,,,,,,,,,,,,,,,,,,,,,,,,,,,,,,,,,,,,,,,,,,,,,,,,,,29NOV1959,9,2,3,2,2,3,,NRP,,,,1,0,0,1,0,1,BMW,1150,R1150R,ROADSTER,1,2004,29,3,1,10000,7,,,,,,,,,,,,,,,,,,,,,,,,,,,,,,,,,,,,,,,,,,,,,10000,3,4,,,,,,,,NRP,NRP,NRP,NRP,1977,NRP,NRP,1978,NRP,,,
1989,4375,,1,0,4,,,,,,0,5,,,,,,1,6,1978,,,,,0,3,,,,,,1,5,2013,,,,,0,6,,,,,,0,2,,,,,,0,3,,,,,,2,4,1986,2003,,,,0,2,,,,,,0,5,,,,,,0,2,,,,,,0,4,,,,,,0,4,,,,,,1,1,5,2010,,,,,Rognes,,,,,"De nuit sur route de campagne, un sanglier est sorti au galop d'une vigne sur ma droite à quelques mètres devant moi, je roulais aux environs de 100km/h, pas eu le temps de prendre les freins, il a heurté ma roue avant, ma moto s'est couchée j'ai glissé sur plusieurs mètres, équipé tout cuir je me suis juste tordu le petit doigt, j'ai rien touché. Lui par contre était bien sonné.Tellement content de rien avoir, je n'ai même pas pensé à le déclarer à la Mut' bien qu'assuré ts risques et avec témoin svp !!! Je suis content j'ai rien eu !",,,,,0,0,3,4,31,1,11,3,1978,,,,,,,,,,,,,,,,,,,,,,,,,,,,,,,,,,,,,,,,,,,,,,,,,,,,,,,,,,,,,,,,,,,,,,,,,,,,,,,,,,,,,,,,,,,,,,,,,,,,,,,,,,,,,,,,,,,,,,,,,,,,,,,,,,,,,,,,,,,,,,,,,,,,,,,,,,,,,,23MAR1960,5,1,3,2,4,4,2,NRP,,,,2,0,0,2,0,2,BMW,1150,R1150GS,TRAIL / SUPERMOTARD,2,2003,37,3,2,2000,7,MOTO GUZZI,1200,SPORT,ROADSTER,2,2010,37,2,2,10000,7,,,,,,,,,,,,,,,,,,,,,,,,,,,,,,,,,,12000,4,3,2,,,,,,,NRP,NRP,NRP,1977,1984,NRP,NRP,1979,NRP,,,
1305,4377,,0,,,,,,,,,,,,,,,,,,,,,,,,,,,,,,,,,,,,,,,,,,,,,,,,,,,,,,,,,,,,,,,,,,,,,,,,,,,,,,,,,,,,,,,,,,,,,,,,,,,,,,,,,,,,,,,,,,,,,,,,,,,,,,,,,,,,,,,,,,,,,,,,,,,,,,,,,,,,,,,,,,,,,,,,,,,,,,,,,,,,,,,,,,,,,,,,,,,,,,,,,,,,,,,,,,,,,,,,,,,,,,,,,,,,,,,,,,,,,,,,,,,,,,,,,,,,,,,,,,,,,,,,,,,,,,,,,,,,,,,,,,,21NOV1975,7,2,3,2,3,2,2,NRP,,,,2,0,0,1,0,1,YAMAHA,1000,FZS FAZER,ROADSTER,2,2001,18,2,1,5000,7,,,,,,,,,,,,,,,,,,,,,,,,,,,,,,,,,,,,,,,,,,,,,5000,7,4,3,2,,,,,,NRP,NRP,1995,1995,1999,NRP,NRP,1995,NRP,,,
1312,4378,286,1,0,4,,,,,,0,4,,,,,,1,5,1984,,,,,0,2,,,,,,0,5,,,,,,0,4,,,,,,0,4,,,,,,0,5,,,,,,1,4,1986,,,,,0,4,,,,,,0,4,,,,,,0,2,,,,,,0,3,,,,,,0,4,,,,,,1,2,4,1983,2009,,,,montpellier,rennes,,,,un vehicule reculait sans voir que je passais derriere lui,"arrété à un feu tricolore , je me suis fait percuté par un vehicule qui n'a pas pu s'arrêter.",,,,0,0,4,3,29,1,41,9,1986,,1986,"Vous avez fait une sortie de route, une perte de contrôle ou une glissade sans rien percuter.",5,,,,,,,"Je circulais sur une route de campagne avec de jolis virages, de nuit, à une heure très tardive. Lorsque dans un virage à gauche, l'arrière de la moto s'est dérobé. Je tiens à préciser que compte tenu de mon accuité visuelle ,de nuit je ne roule pas vite. J'ai été éjecté de la moto, pour me retrouver dans un fossé avec la moto en travers au dessus de moi. Avec du recul, je me suis rendu compte que j'avais eu beaucoup de chance, la moto aurait pu être dans le fossé, sur moi. Ma chute est due à la fatigue, mais aussi aux gravillons répandus  sur la chaussée qui se sont retrouvés en partie etérieure. Depuis: - j'améliore l'éclairage de mes motos, - J'évite de rouler trop à droite.  Quelle trouille, le fait d'y repenser me donne la chair de poule.","Lorsque la moto s'est dérobée, je ne maitrisait plus rien.",NRP,2,0,,,la glissade était inéluctable,2,0,,,,,,6,,,,,,,,,,,,1,,ne rien pouvoir faire pour éviter  ou rattraper la chute,4,3,,,2,1,2,2,2,1,1,4,4,3,4,4,4,7,8,,,,,,,,1,5,,,,,,,,2,1,1,2,1,2,1,50,0,0,0,50,2,,,,,,1,4,,,,1,,,,,,,,,,,3,2,3,,0,50,1,2,3,4,9,,,,,,4,4,4,4,4,4,KAWASAKI,400,GPZ400ZX,Routière / GT,2,1,1,1,1,1,1,1,1,1,1,NSP,NSP,3,1,HONDA,125,CB-N,ROADSTER,2,4,4,22AUG1962,7,1,3,2,4,4,2,NRP,,,,1,0,0,1,0,1,HONDA,1000,CBF-F C-ABS,ROADSTER,2,2013,37,2,1,20000,7,,,,,,,,,,,,,,,,,,,,,,,,,,,,,,,,,,,,,,,,,,,,,20000,2,3,,,,,,,,NRP,NRP,NRP,1980,1984,NRP,NRP,NRP,NRP,,,
251,4379,210,1,0,6,,,,,,0,5,,,,,,0,5,,,,,,0,4,,,,,,0,6,,,,,,0,5,,,,,,0,5,,,,,,0,5,,,,,,0,5,,,,,,0,6,,,,,,0,6,,,,,,0,3,,,,,,1,3,2000,,,,,0,3,,,,,,0,,1,,,,,,,,,,,,,,,,,,0,17,14,1,61,13,2000,,2000,Vous circuliez derrière un véhicule. Ce véhicule a freiné ou a ralenti et vous lavez percuté par larrière.,2,,,,,,,"La voiture à freiner, je ne respectais pas les distance de sécurité ...  PAF.",Non respect distance de sécu.,J'ai freiné mais trop tard.,NRP,1,un peu plus de distance en moi et le véhicule me précédant.,Erreur de Jeunesse.,,2,1,2,,NSP,2,NRP,6,9,,,,,Trop tard...,,,,,,2,1,NRP,4,3,,,2,1,4,3,NSP,NSP,1,1,3,4,4,4,4,5,,,,,,,,,2,,,,,,,,,2,2,,2,2,1,1,100,0,0,0,0,2,,,,,,AUT|Circulation très ralentie,1,,,,1,,,,,,,,,,,3,AUT|route de campagne/montagne,3,,0,30,1,10,2,3,4,7,,,,,4,4,4,4,4,4,YAMAHA,500,XT,TRAIL / SUPERMOTARD,2,1,1,1,1,1,1,1,1,1,1,50000,12,3,1,CAGIVA,125,ROADSTER,ROADSTER,2,3,4,09OCT1978,7,1,3,2,2,3,,NRP,,,,2,0,0,2,0,2,KTM,990,ADVENTURE ABS,TRAIL / SUPERMOTARD,2,2012,37,2,1,10000,7,SUZUKI,125,DF,TRAIL / SUPERMOTARD,2,1999,37,1,2,10000,7,,,,,,,,,,,,,,,,,,,,,,,,,,,,,,,,,,20000,3,4,,,,,,,,NRP,NRP,NRP,NRP,2000,NRP,NRP,1997,NRP,,,
2134,4380,,1,0,5,,,,,,1,5,2014,,,,,0,6,,,,,,0,3,,,,,,0,6,,,,,,0,5,,,,,,0,4,,,,,,0,5,,,,,,0,4,,,,,,0,6,,,,,,1,6,2014,,,,,0,4,,,,,,0,5,,,,,,1,6,2013,,,,,0,,3,,,,,,,,,,,,,,,,,,0,2,7,1,51,11,2014,,,,,,,,,,,,,,,,,,,,,,,,,,,,,,,,,,,,,,,,,,,,,,,,,,,,,,,,,,,,,,,,,,,,,,,,,,,,,,,,,,,,,,,,,,,,,,,,,,,,,,,,,,,,,,,,,,,,,,,,,,,,,,,,,,,,,,,,,,,,,,,,,,,,,,,,,,,,,,22JUL1967,7,2,3,2,5,4,3,NRP,,,,2,0,0,1,0,1,YAMAHA,600,FZS FAZER,ROADSTER,2,1998,18,2,1,4500,7,,,,,,,,,,,,,,,,,,,,,,,,,,,,,,,,,,,,,,,,,,,,,4500,3,4,,,,,,,,NRP,NRP,NRP,NRP,2008,NRP,NRP,1986,NRP,,,
1946,4381,,1,0,5,,,,,,0,4,,,,,,0,5,,,,,,0,4,,,,,,0,3,,,,,,0,3,,,,,,0,3,,,,,,0,4,,,,,,0,4,,,,,,0,4,,,,,,1,6,2008,,,,,0,3,,,,,,0,4,,,,,,0,3,,,,,,0,,1,,,,,,,,,,,,,,,,,,2,2,20,1,51,11,2008,,,,,,,,,,,,,,,,,,,,,,,,,,,,,,,,,,,,,,,,,,,,,,,,,,,,,,,,,,,,,,,,,,,,,,,,,,,,,,,,,,,,,,,,,,,,,,,,,,,,,,,,,,,,,,,,,,,,,,,,,,,,,,,,,,,,,,,,,,,,,,,,,,,,,,,,,,,,,,07DEC1968,7,1,3,2,3,4,1,NRP,,,,2,0,0,2,0,2,SUZUKI,1100,GSX-R,SPORTIVE,2,1991,37,3,1,3000,6,KAWASAKI,1100,ZZR,Routière / GT,2,1994,37,1,2,5000,6,,,,,,,,,,,,,,,,,,,,,,,,,,,,,,,,,,8000,2,3,4,,,,,,,NRP,NRP,NRP,1984,1987,NRP,NRP,1986,NRP,,,
1049,4382,,0,,,,,,,,,,,,,,,,,,,,,,,,,,,,,,,,,,,,,,,,,,,,,,,,,,,,,,,,,,,,,,,,,,,,,,,,,,,,,,,,,,,,,,,,,,,,,,,,,,,,,,,,,,,,,,,,,,,,,,,,,,,,,,,,,,,,,,,,,,,,,,,,,,,,,,,,,,,,,,,,,,,,,,,,,,,,,,,,,,,,,,,,,,,,,,,,,,,,,,,,,,,,,,,,,,,,,,,,,,,,,,,,,,,,,,,,,,,,,,,,,,,,,,,,,,,,,,,,,,,,,,,,,,,,,,,,,,,,,,,,,,,22JUL1961,7,1,3,2,4,4,2,NRP,,,,1,0,1,0,0,1,APRILIA,125,ATLANTIC,SCOOTER,2,2011,37,1,2,12000,7,,,,,,,,,,,,,,,,,,,,,,,,,,,,,,,,,,,,,,,,,,,,,12000,4,,,,,,,,,NRP,NRP,NRP,NRP,NRP,NRP,NRP,1981,NRP,,,
1546,4383,,1,0,4,,,,,,0,4,,,,,,0,6,,,,,,0,3,,,,,,1,5,2014,,,,,0,5,,,,,,0,2,,,,,,0,2,,,,,,0,3,,,,,,0,4,,,,,,0,5,,,,,,0,3,,,,,,0,4,,,,,,0,3,,,,,,0,,1,,,,,,,,,,,,,,,,,,0,0,5,1,21,5,2014,,,,,,,,,,,,,,,,,,,,,,,,,,,,,,,,,,,,,,,,,,,,,,,,,,,,,,,,,,,,,,,,,,,,,,,,,,,,,,,,,,,,,,,,,,,,,,,,,,,,,,,,,,,,,,,,,,,,,,,,,,,,,,,,,,,,,,,,,,,,,,,,,,,,,,,,,,,,,,15OCT1987,5,2,3,2,1,1,,NRP,,,,1,0,0,1,0,1,HARLEY-DAVIDSON,883,SPORTSTER-R,ROADSTER,2,2009,29,3,1,10000,7,,,,,,,,,,,,,,,,,,,,,,,,,,,,,,,,,,,,,,,,,,,,,10000,3,4,,,,,,,,NRP,NRP,NRP,NRP,2006,NRP,NRP,2010,NRP,,,
105,4384,224,1,0,4,,,,,,2,2,1993,1998,,,,0,4,,,,,,0,3,,,,,,0,4,,,,,,1,4,1998,,,,,0,3,,,,,,0,4,,,,,,0,4,,,,,,0,4,,,,,,0,4,,,,,,0,3,,,,,,0,3,,,,,,0,4,,,,,,1,1,4,1993,,,,,marlens,,,,,"j'ai percuté une moto venant en sens inverse ayant effectué un depassement et ayant perdu le controle de sa moto, a chuté et j'ai donsc percuté la moto qui était en glissade ainsi que le pilote que j'ai évité",,,,,0,0,1,30,8,1,26,6,1998,,1998,Vous remontiez une file de véhicules par la gauche. Un véhicule de la file a laissé passer un autre véhicule venant dun autre axe non prioritaire. Ce dernier vous a coupé la route.,3,4,6,,,,,"l'accident s'est produit sur une 3 voies à l'entrée d'une commune les 2 voies était dans le sens d'entrée et toujours bouchonnée vers 17h la queue se faisait sur 1 voie et gare aux voitures qui ne voulait pas respecter la règle (déboitement sauvage ,barrage de la voie de dépassement) A moto je n'avait pas de problème pour dépasser mais je restait méfiant car un déboitement était toujours possible. Ce soir là un automobiliste lassé de faire la queue a décidé de faire demi tour qu'il a effectué sur le coté droit lorsque la voie de face s'est libéré il s'est élancé sans se préoccuper d'un éventuel dépassement sur la 2° voie la voiture a surgit devant moi le temps de penser 'ce c'.. me barre la route' et j'étais dans les airs les secours ont du être rapides la gendarmerie n'étant qu'à 400m . Le trou noir sauf qq souvenir de mon arrivée à l'hospital. Bilan: avant bras droit et poignée fracassé, fémur droit fracassé au dessus du genoux et des petits os du pied et des mains cassées et la moto foutue. La conductrice un peu secouée une nuit en observation pour moi 20 mois et des séquelles au poignet et au genoux. Je refait de la moto mais je ne peut pas prendre n'importe laquelle a cause du genoux",la voiture s'est trouvée en travers de ma voie en un instant à une distance de 2 voitures à l'arrêt ma vitesse étant de 70km/h ~ je ne pense pas avoir eu le temps de freiner,je n'ai eu que le temps de penser une phrase l'autre conducteur  'est rendu compte de l'accident à l'impact,AUT|et je surveillai les véhicules arrêté en cas de déboitement intempestif,0,,,pas de temps,2,1,2,,il ne m'a pas vu avant l'impact,1,s'il avait pris la précaution de regarder des 2 cotés avant de s'élancer,2,3,6,,,,,,1,2,,,3,,la situation était inattendue,4,1,2,,1,1,4,4,1,1,1,NSP,3,3,4,4,4,1,,,,,,,,,1,AUT|le bouchon était récurent et aucun amménagement n'avait était entrepris pour le résorber,,,,,,,,2,2,,2,1,3,1,10,90,0,0,0,NSP,,,,,,4,1,,,,2,1,4,7,,,,,,1,1,1,1,1,2,0,70,1,10,2,3,5,,,,,,2,4,4,3,4,2,HONDA,125,NX (TRANSCITY),TRAIL / SUPERMOTARD,2,1,1,1,1,1,1,1,1,1,1,10000,12,3,1,KAWASAKI,125,KMX-B,TRAIL / SUPERMOTARD,2,3,3,03SEP1953,5,1,3,2,2,3,,NRP,,,,2,0,0,2,0,2,HONDA,600,TRANSALP,TRAIL / SUPERMOTARD,2,1993,37,1,2,4000,7,HONDA,125,VT SHADOW,CUSTOM,2,2000,37,3,1,1000,7,,,,,,,,,,,,,,,,,,,,,,,,,,,,,,,,,,5000,3,4,,,,,,,,NRP,NRP,NRP,NRP,2007,NRP,NRP,1973,NRP,,,
1911,4386,,0,,,,,,,,,,,,,,,,,,,,,,,,,,,,,,,,,,,,,,,,,,,,,,,,,,,,,,,,,,,,,,,,,,,,,,,,,,,,,,,,,,,,,,,,,,,,,,,,,,,,,,,,,,,,,,,,,,,,,,,,,,,,,,,,,,,,,,,,,,,,,,,,,,,,,,,,,,,,,,,,,,,,,,,,,,,,,,,,,,,,,,,,,,,,,,,,,,,,,,,,,,,,,,,,,,,,,,,,,,,,,,,,,,,,,,,,,,,,,,,,,,,,,,,,,,,,,,,,,,,,,,,,,,,,,,,,,,,,,,,,,,,10DEC1957,9,1,3,2,4,4,2,NRP,,,,3,0,0,1,0,1,BMW,1200,R1200GS,TRAIL / SUPERMOTARD,2,2009,37,2,1,7000,7,,,,,,,,,,,,,,,,,,,,,,,,,,,,,,,,,,,,,,,,,,,,,7000,4,3,,,,,,,,NRP,NRP,NRP,NRP,1981,NRP,NRP,1976,NRP,,,
825,4387,,1,0,3,,,,,,1,3,1989,,,,,0,4,,,,,,0,4,,,,,,0,5,,,,,,0,5,,,,,,0,4,,,,,,0,3,,,,,,0,5,,,,,,1,5,1989,,,,,0,4,,,,,,0,3,,,,,,0,4,,,,,,0,3,,,,,,0,,2,,,,,,,,,,,,,,,,,,4,0,20,1,46,10,1989,,,,,,,,,,,,,,,,,,,,,,,,,,,,,,,,,,,,,,,,,,,,,,,,,,,,,,,,,,,,,,,,,,,,,,,,,,,,,,,,,,,,,,,,,,,,,,,,,,,,,,,,,,,,,,,,,,,,,,,,,,,,,,,,,,,,,,,,,,,,,,,,,,,,,,,,,,,,,,26DEC1963,8,2,3,2,5,4,3,NRP,,,,2,1,0,1,0,1,BMW,1200,R1200ST,Routière / GT,2,2005,18,2,1,9000,7,,,,,,,,,,,,,,,,,,,,,,,,,,,,,,,,,,,,,,,,,,,,,9000,3,4,,,,,,,,NRP,NRP,NRP,NRP,1988,NRP,NRP,1982,NRP,,,