Ligne,Ligne Q qualif,Ligne approfondissement Accident,ACCIDENT,NBACC1,ACCFREQUENCE1,ANNEEACC1_1,ANNEEACC1_2,ANNEEACC1_3,ANNEEACC1_4,ANNEEACC1_5,NBACC2,ACCFREQUENCE2,ANNEEACC2_1,ANNEEACC2_2,ANNEEACC2_3,ANNEEACC2_4,ANNEEACC2_5,NBACC3,ACCFREQUENCE3,ANNEEACC3_1,ANNEEACC3_2,ANNEEACC3_3,ANNEEACC3_4,ANNEEACC3_5,NBACC4,ACCFREQUENCE4,ANNEEACC4_1,ANNEEACC4_2,ANNEEACC4_3,ANNEEACC4_4,ANNEEACC4_5,NBACC5,ACCFREQUENCE5,ANNEEACC5_1,ANNEEACC5_2,ANNEEACC5_3,ANNEEACC5_4,ANNEEACC5_5,NBACC6,ACCFREQUENCE6,ANNEEACC6_1,ANNEEACC6_2,ANNEEACC6_3,ANNEEACC6_4,ANNEEACC6_5,NBACC7,ACCFREQUENCE7,ANNEEACC7_1,ANNEEACC7_2,ANNEEACC7_3,ANNEEACC7_4,ANNEEACC7_5,NBACC8,ACCFREQUENCE8,ANNEEACC8_1,ANNEEACC8_2,ANNEEACC8_3,ANNEEACC8_4,ANNEEACC8_5,NBACC9,ACCFREQUENCE9,ANNEEACC9_1,ANNEEACC9_2,ANNEEACC9_3,ANNEEACC9_4,ANNEEACC9_5,NBACC10,ACCFREQUENCE10,ANNEEACC10_1,ANNEEACC10_2,ANNEEACC10_3,ANNEEACC10_4,ANNEEACC10_5,NBACC11,ACCFREQUENCE11,ANNEEACC11_1,ANNEEACC11_2,ANNEEACC11_3,ANNEEACC11_4,ANNEEACC11_5,NBACC12,ACCFREQUENCE12,ANNEEACC12_1,ANNEEACC12_2,ANNEEACC12_3,ANNEEACC12_4,ANNEEACC12_5,NBACC13,ACCFREQUENCE13,ANNEEACC13_1,ANNEEACC13_2,ANNEEACC13_3,ANNEEACC13_4,ANNEEACC13_5,NBACC14,ACCFREQUENCE14,ANNEEACC14_1,ANNEEACC14_2,ANNEEACC14_3,ANNEEACC14_4,ANNEEACC14_5,AUTRESACC,NBAUTRESACC,TOTAL_AC,ANNEEAUTREACC1,ANNEEAUTREACC2,ANNEEAUTREACC3,ANNEEAUTREACC4,ANNEEAUTREACC5,LIEUAUTREACC1,LIEUAUTREACC2,LIEUAUTREACC3,LIEUAUTREACC4,LIEUAUTREACC5,DESCRIPTIONAUTRESACC1,DESCRIPTIONAUTRESACC2,DESCRIPTIONAUTRESACC3,DESCRIPTIONAUTRESACC4,DESCRIPTIONAUTRESACC5,NBAUTRESACCCIRCUIT,NBAUTRESTOUTTERRAIN,EXPCYCLO,EXP125,EXPSUP125,ACCORDNEXTQ,CHOIXACC,RGPMTACC,RECUPANNEE,RECUPLIEU,RECUPANNE,RGPMTAC,CHOIX1,CHOIX2,CHOIX3,CHOIX4,CHOIX5,CHOIX6,CHOIX7,DESCRIPTION,RUPTURE,FAITS,ABS_REACTION,AUTRE_REACTION,PRECISIONREACTIONOUI,RECUL,PRECISIONREACTIONNON,IMPACTCOMPORTEMENT,AUTREUSAGER,REACTIONAUTREUSAGER,CONNAISSANCEREACTIONUSAGER,DIFFICULTES,AGGRAVATION,DIFFICULTES2,EMOTIONS1,EMOTIONS2,EMOTIONS3,EMOTIONS4,EMOTIONS5,EMOTIONS6,AUTRESENTIMENT,CLASSEMENTEMOTIONS1,CLASSEMENTEMOTIONS,CLASSEMENTEMOTIONS5,CLASSEMENTEMOTIONS6,CLASSEMENTEMOTIONS7,CLASSEMENTEMOTIONS8,CLASSEMENTEMOTIONS9,EXPLICATIONRESSENTI,BIENEQUIPE,ALLURE,ALLUREVITEDETAIL,ALLURELENTEDETAIL,SITUATIONPRESSE,SITUATIONDISTRAIT,SITUATIONCONFIANT,SITUATIONCONTROLE,SITUATIONLUDIQUE,SITUATIONPERF,SITUATIONSTRESS,SITUATIONFATIGUE,HUMEURNEUTRE,HUMEURGAI,HUMEURMECONTENT,HUMEURTRISTE,HUMEURCOLERE,CONTRIBUTION1,CONTRIBUTION2,CONTRIBUTION3,CONTRIBUTION4,CONTRIBUTION5,CONTRIBUTION6,CONTRIBUTION7,CONTRIBUTION8,CONTRIBUTION9,ROLEINFRA,ELEMENTINFRA1,ELEMENTINFRA2,ELEMENTINFRA3,ELEMENTINFRA4,ELEMENTINFRA5,ELEMENTINFRA6,ELEMENTINFRA7,ELEMENTINFRA8,ELEMENTINFRA9,ALCOOL,TXALCOOL,STUP,SEMAINE,MOMENTJOURNEE,TEMPS,CAUSEACC1,CAUSEACC2,CAUSEACC3,CAUSEACC4,CAUSEACC5,FORMATIONCAUSE,FORMATION1,FORMATION2,FORMATION3,FORMATION4,FORMATION5,TRAFIC,CHAUSSEE1,CHAUSSEE2,CHAUSSEE3,CHAUSSEE4,TYPEACC,BLESSURE,TETE,COU,THORAX,MEMBRESSUP,COLONNE,BASSIN,MEMBRESINF,HOPITAL,PLUS24H,TRAJET,TYPEROUTE,MOTIF,SENSTRAJET,PASSAGER,VITESSE,DESCEQ1,DESCEQ2,DESCEQ3,DESCEQ4,DESCEQ5,DESCEQ6,DESCEQ7,DESCEQ8,DESCEQ9,DESCEQ10,VEHICULEETE,VEHICULEAUTOMNE,VEHICULEPRINTEMPS,VEHICULEHIVER,VEHICULESEMAINE,VEHICULEWE,VEHMARQUE,VEHCYLINDREE,VEHMODELE,VEHSEGMENT,VEHSIDE,EQ2RMABS,EQ2RMCBS,EQ2RMABSCBS,EQ2RMREGULATEUR,EQ2RMLIMITEUR,EQ2RMPHARESDIRECT,EQ2RMCOUPURE,EQ2RMANTIPATINAGE,EQ2RMANTIXHEELING,EQ2RMSTABILILTE,VEHKM,POINTS,DUREE,AUTRE2RM,VEHPRECMARQUE,VEHPRECCYLINDREE,VEHPRECMODELE,VEHPRECSEGMENT,VEHPRECSIDE,TEMPS2RMPREC,FREQVEHPREC,DATE_NAISS,CSP,SOCIETAIRE,SALARIE,SECTEUR2RM,NBPERSFOYER,SITFAM,NBENF,TRNBENF1,TRNBENF2,TRNBENF3,TRNBENF4,NBAUTOFOYER,NBCYCLOFOYER,NBSCOOTFOYER,NBMOTOFOYER,NBTRIKEFOYER,NB2RMCONDUIT,MARQUE1,CYLINDREE1,MODELE1,SEGMENT1,SIDE1,ANMISECIRCU1,ASS1,FREQ1,USAGE1,NBKM1,GARAGE1,MARQUE2,CYLINDREE2,MODELE2,SEGMENT2,SIDE2,ANMISECIRCU2,ASS2,FREQ2,USAGE2,NBKM2,GARAGE2,MARQUE3,CYLINDREE3,MODELE3,SEGMENT3,SIDE3,ANMISECIRCU3,ASS3,FREQ3,USAGE3,NBKM3,GARAGE3,MARQUE4,CYLINDREE4,MODELE4,SEGMENT4,SIDE4,ANMISECIRCU4,ASS4,FREQ4,USAGE4,NBKM4,GARAGE4,MARQUE5,CYLINDREE5,MODELE5,SEGMENT5,SIDE5,ANMISECIRCU5,ASS5,FREQ5,USAGE5,NBKM5,GARAGE5,NBKMTOT,PERMIS1,PERMIS2,PERMIS3,PERMIS4,PERMIS5,PERMIS6,PERMIS7,PERMIS8,PERMIS9,ANPERMIS1,ANPERMIS6,ANPERMIS7,ANPERMIS2,ANPERMIS3,ANPERMIS8,ANPERMIS9,ANPERMIS4,ANPERMIS5,,,
193,4411,291,1,0,4,,,,,,0,6,,,,,,0,5,,,,,,0,3,,,,,,0,6,,,,,,0,5,,,,,,0,2,,,,,,1,2,1983,,,,,1,3,NSP,,,,,0,6,,,,,,0,6,,,,,,0,4,,,,,,0,4,,,,,,1,6,1992,,,,,0,,3,,,,,,,,,,,,,,,,,,0,0,34,1,66,14,1992,,1992,"Alors que vous étiez en train de rouler, un piéton a traversé devant vous.",2,4,6,,,,,demarrant d un feux vert j ai traversé à vitesse modérée un croisement sur saint cloud  sur le trottoir de droite dans la direction ou je me rendais un piéton marche en me tournant le dos  arrivé à sa hauteur il tourne sur la gauche et traverse sur les clous sans regarder arrivant à vitesse modérée (+ - 50 km/h) je fais une manoeuvre d'évitement mais mon pot d'échappement la heurte et je lui casse une jambe  dans un premier temps des témoins attestent de ma version et la victime reconnait ne pas avoir regardé ( car je suis passé la voir à l'hopital   le soir même pour m'excuser ) les policiers me confirment qu'ils ont 2 témoignages allant dans le même sens que moi    problème : devant les tribunaux la version de la victime change (elle regardait et je n ai pas ralenti) un témoignage (un automobiliste arrivant en sens inverse et ayant tout vu de la scène ) a disparu et l'avocat de mon assureur( maaf)  n'a même pas consulté mon dossier ni contacté certains témoins alors que je lui ai fourni les coordonnées  après recherche la victime est l'épouse d'un politique   bilan une amende , 3 mois de retrait et 6 mois de prison avec sursit et un avocat qui me déclare qu'il ne sert à rien de me défendre,un règlement que donne toujours raison aux pietons et rend leur conduite laxiste,1) freinage d'urgence  2) tentative d'évitement en jetant la moto sur la gauche   1) la victime ne regardant pas elle ne m'a détectée que lorsque j'étais sur elle,NRP,0,,,je roulais doucement et surveillais les voitures sur le croisement  l'action de traverser etait imprévisible,2,1,2,,NSP,1,le code de la route ne recommande t il pas aux pietons de regarder avant de traverser,1,2,6,,,,,2,3,,,,1,,constatant que j allais la heurter je ne pouvais rien faire d'autre,2,3,,,2,3,3,3,2,1,2,1,1,4,4,4,4,1,,,,,,,,,2,,,,,,,,,2,2,,2,1,1,1,20,80,0,0,0,2,,,,,,2,1,,,,2,0,,,,,,,,,,1,1,1,1,0,50,1,10,2,5,,,,,,,4,4,4,4,4,4,KAWASAKI,500,Z500GPZ,ROADSTER,2,1,1,1,1,1,1,1,1,1,1,40000,12,4,1,KAWASAKI,900,GPZ-R NINJA,Routière / GT,2,4,4,26JUL1963,5,2,3,2,4,4,2,NRP,,,,3,1,0,1,0,2,YAMAHA,50,DT-R 'SM',TRAIL / SUPERMOTARD,2,2003,9,3,1,80000,7,BMW,1200,R1200RT,Routière / GT,2,2010,9,3,1,8000,7,,,,,,,,,,,,,,,,,,,,,,,,,,,,,,,,,,88000,3,4,,,,,,,,NRP,NRP,NRP,NRP,1982,NRP,NRP,1985,NRP,,
1649,4412,,1,0,5,,,,,,0,4,,,,,,0,4,,,,,,0,3,,,,,,0,5,,,,,,0,3,,,,,,0,3,,,,,,0,4,,,,,,2,5,1980,NSP,,,,0,4,,,,,,0,4,,,,,,0,5,,,,,,0,4,,,,,,0,2,,,,,,0,,2,,,,,,,,,,,,,,,,,,2,3,27,1,42,9,0,,,,,,,,,,,,,,,,,,,,,,,,,,,,,,,,,,,,,,,,,,,,,,,,,,,,,,,,,,,,,,,,,,,,,,,,,,,,,,,,,,,,,,,,,,,,,,,,,,,,,,,,,,,,,,,,,,,,,,,,,,,,,,,,,,,,,,,,,,,,,,,,,,,,,,,,,,,,,,18MAY1962,7,2,3,2,4,4,2,NRP,,,,2,0,0,2,0,2,BMW,1200,R1200GS ABS,TRAIL / SUPERMOTARD,2,2005,28,2,1,11000,7,KAWASAKI,650,ER-6  F  ABS,Routière / GT,2,2006,28,3,1,6000,7,,,,,,,,,,,,,,,,,,,,,,,,,,,,,,,,,,17000,2,3,4,,,,,,,NRP,NRP,NRP,1980,1988,NRP,NRP,1980,NRP,,,
138,4414,,0,,,,,,,,,,,,,,,,,,,,,,,,,,,,,,,,,,,,,,,,,,,,,,,,,,,,,,,,,,,,,,,,,,,,,,,,,,,,,,,,,,,,,,,,,,,,,,,,,,,,,,,,,,,,,,,,,,,,,,,,,,,,,,,,,,,,,,,,,,,,,,,,,,,,,,,,,,,,,,,,,,,,,,,,,,,,,,,,,,,,,,,,,,,,,,,,,,,,,,,,,,,,,,,,,,,,,,,,,,,,,,,,,,,,,,,,,,,,,,,,,,,,,,,,,,,,,,,,,,,,,,,,,,,,,,,,,,,,,,,,,,,05DEC1970,7,2,3,2,2,3,,NRP,,,,2,0,0,1,0,1,BMW,1200,R1200GS ABS,TRAIL / SUPERMOTARD,2,2004,10,1,2,20000,4,,,,,,,,,,,,,,,,,,,,,,,,,,,,,,,,,,,,,,,,,,,,,20000,3,,,,,,,,,NRP,NRP,NRP,NRP,1995,NRP,NRP,NRP,NRP,,,
2186,4416,,1,0,6,,,,,,0,6,,,,,,0,5,,,,,,0,6,,,,,,0,5,,,,,,0,6,,,,,,0,3,,,,,,0,5,,,,,,1,5,2009,,,,,0,4,,,,,,0,4,,,,,,1,5,1982,,,,,0,4,,,,,,0,4,,,,,,0,,2,,,,,,,,,,,,,,,,,,1,2,9,1,56,12,1982,,,,,,,,,,,,,,,,,,,,,,,,,,,,,,,,,,,,,,,,,,,,,,,,,,,,,,,,,,,,,,,,,,,,,,,,,,,,,,,,,,,,,,,,,,,,,,,,,,,,,,,,,,,,,,,,,,,,,,,,,,,,,,,,,,,,,,,,,,,,,,,,,,,,,,,,,,,,,,29JAN1967,6,1,3,2,2,2,1,NRP,,,,1,0,0,1,0,1,YAMAHA,1300,FJR ABS,Routière / GT,2,2006,37,1,2,12000,7,,,,,,,,,,,,,,,,,,,,,,,,,,,,,,,,,,,,,,,,,,,,,12000,3,4,,,,,,,,NRP,NRP,NRP,NRP,2006,NRP,NRP,1987,NRP,,,
2199,4418,,1,0,5,,,,,,0,6,,,,,,0,6,,,,,,0,5,,,,,,1,5,NSP,,,,,0,5,,,,,,0,4,,,,,,0,4,,,,,,1,5,NSP,,,,,0,4,,,,,,0,2,,,,,,0,2,,,,,,0,3,,,,,,0,1,,,,,,1,0,2,,,,,,,,,,,,,,,,0,0,2,1,21,1,41,9,0,,,,,,,,,,,,,,,,,,,,,,,,,,,,,,,,,,,,,,,,,,,,,,,,,,,,,,,,,,,,,,,,,,,,,,,,,,,,,,,,,,,,,,,,,,,,,,,,,,,,,,,,,,,,,,,,,,,,,,,,,,,,,,,,,,,,,,,,,,,,,,,,,,,,,,,,,,,,,,05APR1975,4,1,3,2,1,1,,NRP,,,,1,0,0,3,0,3,YAMAHA,500,SR,ROADSTER,2,1994,37,1,2,5000,4,BMW,650,F650 FUNDURO,TRAIL / SUPERMOTARD,2,1994,37,2,1,5000,4,TRIUMPH,955,SPEED TRIPLE,ROADSTER,2,1998,37,4,1,5000,4,,,,,,,,,,,,,,,,,,,,,,,15000,3,4,,,,,,,,NRP,NRP,NRP,NRP,1993,NRP,NRP,1995,NRP,,,
194,4420,463,1,1,6,2008,,,,,0,4,,,,,,0,4,,,,,,0,4,,,,,,0,5,,,,,,0,4,,,,,,0,3,,,,,,0,3,,,,,,0,2,,,,,,0,5,,,,,,0,5,,,,,,0,3,,,,,,0,4,,,,,,0,3,,,,,,1,2,3,2008,2006,,,,Lyon,Lyon,,,,"Sur une 2x2 voies sans séparation de voie, un vendredi soir bien chargé avec un déluge si s'abat sur la ville. Je suis voie de gauche, premier arrêté au feu. Vert, j'avance (très tranquillement, vu la pluie qui tombe). A peine après avoir traversé l'intersection, je vois un véhicule, en face, qui franchit la ligne continu et me viens en face. Je m'arrête immédiatement, klaxon, appel de phares... Une camionnette a côté de moi fait de même. Finalement, la voiture force le passage, au pas. Moto à terre, je me ""soulage"" sur son rétroviseur (fracture du métacarpe, on m'y reprendra...) Pris dans les embouteillages, un autre conducteur le sort ""manu militari"" de son véhicule. La pluie aidant, tout le monde se calme, constat.","Rue relativement étroite, je remonte la file de véhicules au ralenti. A une quinzaine de véhicules devant, un camion de chantier fait mine de sortir de son chantier. Je me glisse derrière la seconde voiture (en partant du camion donc), en travers, pour ne pas genet le passage du camion. La première voiture fait une légère marche arrière pour laisser le camion manuvrer tranquillement. Le second véhicule (derrière lequel je le suis réfugiée) enclenché aussitôt sa marche arrière et commence à reculer. Moto très récente, gants neuf et bien rigides, je n'ose essayer de trouver le klaxon, la première vitesse étant engagée. La moto est légèrement poussée sur le votre côté de la fourche, moto à terre. Douleur au genou en tapant en la relevant, et passagère se fait mal au dis en même temps (elle a essayé de la tirer d'un bras, quand je la relevait...)",,,,0,0,0,2,10,1,1,1,2008,,2008,Vous circuliez sur un axe prioritaire. Un autre véhicule arrivant sur le même axe en sens opposé vous a coupé la route en tournant à gauche.,3,4,6,,,,,"Un vendredi soir de Juin, vers 18h, après une semaine de formation professionnelle, je rentre chez moi, trajet dans Lyon, sur ma 600CBF. Ce soir, c'est match de foot à Gerland et concert à la Halle Tony Garnier, il y a une circulation très intense. Un orage d'été survient, la visibilité est grandement réduite. Au début de la 2x2 voies (sans séparation) qui permet de remonter le Rhône, feu rouge, je suis sur la voie de gauche, arrêté. Une camionnette sur ma droite, de nombreux véhicules derrière. Les voies d'en face sont bloquées sur pas loin de 400m environ. ""Mon"" feu passe au vert, j'enclenche la 1° et démarre ""sur des oeufs"" (il pleut des cordes!). Après avoir à peine traverser le carrefour, j'aperçois une voiture sur la voie d'en face mettre son clignotant, franchir la ligne blanche continue et se mettre sur ""ma"" voie. Avec la pluie je n'ose pas tenter d'évitement (avec de nombreux véhicules derrière et peut-être à côté de moi). Je m'arrête au milieu de ""ma"" voie, klaxon + appel de phare. Le conducteur continue d'avancer, me regardant droit dans les yeux genre ""bouge toi"". Les véhicules klaxon de toutes parts (contre ""mon"" automobiliste je pense), mais seul un conducteur ouvre sa fenêtre (sous la pluie battante) pour dire à ""mon"" automobiliste de faire attention. Le voyant insister, et me sachant beaucoup plus vulnérable que son Velsatis de fonction, je me met à reculer tant bien que mal (les véhicules derrière moi arrivent à se glisser sur la voie de droite et continuer leur périple). Trouvant que je ne suis pas assez rapide à son goût, il continue à avancer, jusqu'à pousser de son pare-choc ma roue avant. Je continue à klaxonner, appel de phare, crier son mon casque, taper sur son capot du plat de la main (des fois qu'il ne m'ai toujours pas remarqué?). Je ne suis pas encore totalement ""dégagé"", qu'il force encore le passage (en regardant la camionnette qu'il est en train d'accrocher en se rabattant sur ""sa"" voie), continue à pousser ma moto. C'est lorsque je ma jambe gauche est coincée entre ma moto et sa roue avant que je laisse tomber ma moto sur le côté droit et laisse parler mon adrénaline sur son rétroviseur et la vitre conducteur. Ce monsieur semble alors horrifié, et profite que je sois à pied pour continuer sa route...  Je relève ma moto, la gare sur le côté. C'est alors qu'une personne vient prendre de mes nouvelles et me dire que son collègue a rattrapé le fuyard (enfin, il n'avait pas fait 20m, dans les bouchons monstre qu'il y avait ce soir là). Nous avons finalement fait un constat, et je suis rentré chez moi. Devant être de sortie le soir même, j'ai finalement commencé par une radio aux urgences: fracture de la base du 5° métacarpe droit (je n'ai jamais fait de boxe ni de sports de combat, ça les a bien amusé, à l'hôpital). 3 broches et 3 mois d'arrêt de travail... Le mardi, après avoir raconté en long et en large mes aventures, un ami (commissaire de police à l'autre bout du pays) me dit qu'il lui semble y avoir matière à pénal. Je me rend donc au commissariat dont je dépend. Je suis reçu par une dame, qui travail à la ""déliquance routière"" (je n'ai plus le nom du service...), qui me répond que la justice, ce n'est pas comme ça, ce n'est pas parce que mon assureur ne veut pas prendre en charge le sinistre, que c'est pour ma pomme, etc... Comme j'ai du élever un peu la voix, devant ce que je trouvais être une mauvaise fois flagrante, 2 de ses collègues (armoires à glace...) se sont placé devant les portes du bureau. J'ai donc écourté l'entretien, et continué mes démarche auprès du commissariat dont dépend le lieux du sinistre. L'acceuil y a été bien meilleur, j'ai pu y être entendu, le conducteur de la camionnette qui a aussi été accroché, ainsi qu'un témoin. Par contre, aucune idée de la suite qui a pu être donnée à cette histoire...","lorsque le conducteur d'en face a délibérément avancer alors que je me signalais, et que de nombreux autres automobilistes klaxonnaient aussi","freinage jusqu'à l'arrêt, je suis resté en 1°. Doigts sur le frein, klaxon et appel de phare difficile avec l'embrayage actionné. Recul de la moto en vérifiant dans les rétroviseurs (klaxon et phare, peut-être feux de détresse aussi) Jusqu'à ce que je coupe le circuit, j'ai du garder la 1° enclenchée...",NRP,1,"j'aurais du essayer un évitement. Même à l'arrêt, avec la crainte que l'automobiliste ne force réellement le passage (en utilisant vraiment son moteur pour me renverser), j'aurais du tenter de le laisser passer","Ma compagne était enceinte de notre premier enfant (né 2 mois plus tard), et je rêvais d'un monde de justice et de tolérance.  Je me suis dit ""c'est un c**, comment lui faire comprendre qu'il fait n'importe quoi?""",,2,1,2,,"il s'agissait d'un chef d'entreprise de 75 ans, dans un véhicule de fonction, sous une pluie battante, dans des embouteillages monstre...",1,Il aurait suffit qu'il me laisse me reculer suffisement,1,2,3,,,,,3,2,1,,,,,pourquoi se lancer dans une telle manoeuvre impossible à réaliser?,3,3,,,1,1,3,4,1,1,3,2,1,3,4,4,4,6,,,,,,,,,1,1,4,,,,,,,2,2,,2,1,1,2,5,85,0,5,5,2,,,,,,4,2,,,,2,1,4,,,,,,,1,0,2,1,1,2,0,1,1,10,2,3,4,,,,,,4,3,3,2,3,3,HONDA,600,CB-F ABS,ROADSTER,2,0,1,1,1,1,1,1,1,1,1,10000,12,4,1,SUZUKI,125,DR-SE,TRAIL / SUPERMOTARD,2,4,4,18MAR1980,7,1,3,2,4,4,2,NRP,,,,1,0,0,1,0,1,BMW,1200,R1200GS ABS,TRAIL / SUPERMOTARD,2,2004,37,1,2,8000,7,,,,,,,,,,,,,,,,,,,,,,,,,,,,,,,,,,,,,,,,,,,,,8000,4,3,,,,,,,,NRP,NRP,NRP,NRP,2004,NRP,NRP,1999,NRP,,,
1226,4421,288,1,0,5,,,,,,1,6,1989,,,,,1,5,1993,,,,,0,4,,,,,,1,5,2000,,,,,0,2,,,,,,0,1,,,,,,0,5,,,,,,0,4,,,,,,0,5,,,,,,0,5,,,,,,0,2,,,,,,0,1,,,,,,0,3,,,,,,0,,3,,,,,,,,,,,,,,,,,,4,0,12,1,6,2,1989,,1989,Vous circuliez derrière un véhicule. Ce véhicule a ralenti. Vous avez entrepris de dépasser ce véhicule par la gauche et celui-ci vous a coupé la route en tournant à gauche (ou en effectuant un œ tour,6,,,,,,,"Il pleuvait, les voitures étaient arrêtées, ou presque, j'ai doublé à allure faible, quand un véhicule a déboité pour se dégager du bouchon. J'ai freiné comme un fou, je suis parti en glissade de la roue avant et ai percuté la voiture. Le conducteur s'est de suite arrêté pour s'enquérir de mon état...",La route était mouillée et pas d'abs.,freinage d'urgence de ma part. choc contre l'autre véhicule et chute. L'autre s'est de suite arrêté.,NRP,1,Prévoir le déboitement et freiner moins fort!,Manque d'expérience.,,2,0,,,,,,2,,,,,,,,1,,,,,,Surprise du déboitement de l'autre véhicule.,1,1,1,,2,2,4,3,2,1,1,1,1,2,4,4,4,7,,,,,,,,,2,,,,,,,,,2,2,,2,1,2,2,10,90,0,0,0,2,,,,,,4,2,,,,1,,,,,,,,,,,1,1,3,,0,30,1,11,2,,,,,,,,4,1,4,1,4,4,YAMAHA,350,TT,TOUT TERRAIN (TRIAL / ENDURO / CROSS),2,1,1,1,1,1,1,1,1,1,1,NSP,12,3,0,,,,,,,,19AUG1964,2,1,3,2,2,2,1,NRP,,,,1,0,0,1,0,1,HONDA,700,TRANSALP ABS,TRAIL / SUPERMOTARD,2,2008,37,3,1,5000,7,,,,,,,,,,,,,,,,,,,,,,,,,,,,,,,,,,,,,,,,,,,,,5000,4,9,,,,,,,,NRP,NRP,NRP,NRP,NRP,NRP,1987,1982,NRP,,,
568,4424,,0,,,,,,,,,,,,,,,,,,,,,,,,,,,,,,,,,,,,,,,,,,,,,,,,,,,,,,,,,,,,,,,,,,,,,,,,,,,,,,,,,,,,,,,,,,,,,,,,,,,,,,,,,,,,,,,,,,,,,,,,,,,,,,,,,,,,,,,,,,,,,,,,,,,,,,,,,,,,,,,,,,,,,,,,,,,,,,,,,,,,,,,,,,,,,,,,,,,,,,,,,,,,,,,,,,,,,,,,,,,,,,,,,,,,,,,,,,,,,,,,,,,,,,,,,,,,,,,,,,,,,,,,,,,,,,,,,,,,,,,,,,,04MAR1965,5,1,3,2,5,4,3,NRP,,,,4,0,0,1,0,1,BMW,1200,R1200GS,TRAIL / SUPERMOTARD,2,2004,37,1,2,8000,7,,,,,,,,,,,,,,,,,,,,,,,,,,,,,,,,,,,,,,,,,,,,,8000,3,4,,,,,,,,NRP,NRP,NRP,NRP,2007,NRP,NRP,1986,NRP,,,
23,4427,,0,,,,,,,,,,,,,,,,,,,,,,,,,,,,,,,,,,,,,,,,,,,,,,,,,,,,,,,,,,,,,,,,,,,,,,,,,,,,,,,,,,,,,,,,,,,,,,,,,,,,,,,,,,,,,,,,,,,,,,,,,,,,,,,,,,,,,,,,,,,,,,,,,,,,,,,,,,,,,,,,,,,,,,,,,,,,,,,,,,,,,,,,,,,,,,,,,,,,,,,,,,,,,,,,,,,,,,,,,,,,,,,,,,,,,,,,,,,,,,,,,,,,,,,,,,,,,,,,,,,,,,,,,,,,,,,,,,,,,,,,,,,24SEP1953,5,2,3,2,2,3,,NRP,,,,2,0,0,1,0,1,KAWASAKI,1000,VERSYS,ROADSTER,2,2012,31,1,2,1600,7,,,,,,,,,,,,,,,,,,,,,,,,,,,,,,,,,,,,,,,,,,,,,1600,3,4,,,,,,,,NRP,NRP,NRP,NRP,2007,NRP,NRP,1972,NRP,,,