Ligne,Ligne Q qualif,Ligne approfondissement Accident,ACCIDENT,NBACC1,ACCFREQUENCE1,ANNEEACC1_1,ANNEEACC1_2,ANNEEACC1_3,ANNEEACC1_4,ANNEEACC1_5,NBACC2,ACCFREQUENCE2,ANNEEACC2_1,ANNEEACC2_2,ANNEEACC2_3,ANNEEACC2_4,ANNEEACC2_5,NBACC3,ACCFREQUENCE3,ANNEEACC3_1,ANNEEACC3_2,ANNEEACC3_3,ANNEEACC3_4,ANNEEACC3_5,NBACC4,ACCFREQUENCE4,ANNEEACC4_1,ANNEEACC4_2,ANNEEACC4_3,ANNEEACC4_4,ANNEEACC4_5,NBACC5,ACCFREQUENCE5,ANNEEACC5_1,ANNEEACC5_2,ANNEEACC5_3,ANNEEACC5_4,ANNEEACC5_5,NBACC6,ACCFREQUENCE6,ANNEEACC6_1,ANNEEACC6_2,ANNEEACC6_3,ANNEEACC6_4,ANNEEACC6_5,NBACC7,ACCFREQUENCE7,ANNEEACC7_1,ANNEEACC7_2,ANNEEACC7_3,ANNEEACC7_4,ANNEEACC7_5,NBACC8,ACCFREQUENCE8,ANNEEACC8_1,ANNEEACC8_2,ANNEEACC8_3,ANNEEACC8_4,ANNEEACC8_5,NBACC9,ACCFREQUENCE9,ANNEEACC9_1,ANNEEACC9_2,ANNEEACC9_3,ANNEEACC9_4,ANNEEACC9_5,NBACC10,ACCFREQUENCE10,ANNEEACC10_1,ANNEEACC10_2,ANNEEACC10_3,ANNEEACC10_4,ANNEEACC10_5,NBACC11,ACCFREQUENCE11,ANNEEACC11_1,ANNEEACC11_2,ANNEEACC11_3,ANNEEACC11_4,ANNEEACC11_5,NBACC12,ACCFREQUENCE12,ANNEEACC12_1,ANNEEACC12_2,ANNEEACC12_3,ANNEEACC12_4,ANNEEACC12_5,NBACC13,ACCFREQUENCE13,ANNEEACC13_1,ANNEEACC13_2,ANNEEACC13_3,ANNEEACC13_4,ANNEEACC13_5,NBACC14,ACCFREQUENCE14,ANNEEACC14_1,ANNEEACC14_2,ANNEEACC14_3,ANNEEACC14_4,ANNEEACC14_5,AUTRESACC,NBAUTRESACC,TOTAL_AC,ANNEEAUTREACC1,ANNEEAUTREACC2,ANNEEAUTREACC3,ANNEEAUTREACC4,ANNEEAUTREACC5,LIEUAUTREACC1,LIEUAUTREACC2,LIEUAUTREACC3,LIEUAUTREACC4,LIEUAUTREACC5,DESCRIPTIONAUTRESACC1,DESCRIPTIONAUTRESACC2,DESCRIPTIONAUTRESACC3,DESCRIPTIONAUTRESACC4,DESCRIPTIONAUTRESACC5,NBAUTRESACCCIRCUIT,NBAUTRESTOUTTERRAIN,EXPCYCLO,EXP125,EXPSUP125,ACCORDNEXTQ,CHOIXACC,RGPMTACC,RECUPANNEE,RECUPLIEU,RECUPANNE,RGPMTAC,CHOIX1,CHOIX2,CHOIX3,CHOIX4,CHOIX5,CHOIX6,CHOIX7,DESCRIPTION,RUPTURE,FAITS,ABS_REACTION,AUTRE_REACTION,PRECISIONREACTIONOUI,RECUL,PRECISIONREACTIONNON,IMPACTCOMPORTEMENT,AUTREUSAGER,REACTIONAUTREUSAGER,CONNAISSANCEREACTIONUSAGER,DIFFICULTES,AGGRAVATION,DIFFICULTES2,EMOTIONS1,EMOTIONS2,EMOTIONS3,EMOTIONS4,EMOTIONS5,EMOTIONS6,AUTRESENTIMENT,CLASSEMENTEMOTIONS1,CLASSEMENTEMOTIONS,CLASSEMENTEMOTIONS5,CLASSEMENTEMOTIONS6,CLASSEMENTEMOTIONS7,CLASSEMENTEMOTIONS8,CLASSEMENTEMOTIONS9,EXPLICATIONRESSENTI,BIENEQUIPE,ALLURE,ALLUREVITEDETAIL,ALLURELENTEDETAIL,SITUATIONPRESSE,SITUATIONDISTRAIT,SITUATIONCONFIANT,SITUATIONCONTROLE,SITUATIONLUDIQUE,SITUATIONPERF,SITUATIONSTRESS,SITUATIONFATIGUE,HUMEURNEUTRE,HUMEURGAI,HUMEURMECONTENT,HUMEURTRISTE,HUMEURCOLERE,CONTRIBUTION1,CONTRIBUTION2,CONTRIBUTION3,CONTRIBUTION4,CONTRIBUTION5,CONTRIBUTION6,CONTRIBUTION7,CONTRIBUTION8,CONTRIBUTION9,ROLEINFRA,ELEMENTINFRA1,ELEMENTINFRA2,ELEMENTINFRA3,ELEMENTINFRA4,ELEMENTINFRA5,ELEMENTINFRA6,ELEMENTINFRA7,ELEMENTINFRA8,ELEMENTINFRA9,ALCOOL,TXALCOOL,STUP,SEMAINE,MOMENTJOURNEE,TEMPS,CAUSEACC1,CAUSEACC2,CAUSEACC3,CAUSEACC4,CAUSEACC5,FORMATIONCAUSE,FORMATION1,FORMATION2,FORMATION3,FORMATION4,FORMATION5,TRAFIC,CHAUSSEE1,CHAUSSEE2,CHAUSSEE3,CHAUSSEE4,TYPEACC,BLESSURE,TETE,COU,THORAX,MEMBRESSUP,COLONNE,BASSIN,MEMBRESINF,HOPITAL,PLUS24H,TRAJET,TYPEROUTE,MOTIF,SENSTRAJET,PASSAGER,VITESSE,DESCEQ1,DESCEQ2,DESCEQ3,DESCEQ4,DESCEQ5,DESCEQ6,DESCEQ7,DESCEQ8,DESCEQ9,DESCEQ10,VEHICULEETE,VEHICULEAUTOMNE,VEHICULEPRINTEMPS,VEHICULEHIVER,VEHICULESEMAINE,VEHICULEWE,VEHMARQUE,VEHCYLINDREE,VEHMODELE,VEHSEGMENT,VEHSIDE,EQ2RMABS,EQ2RMCBS,EQ2RMABSCBS,EQ2RMREGULATEUR,EQ2RMLIMITEUR,EQ2RMPHARESDIRECT,EQ2RMCOUPURE,EQ2RMANTIPATINAGE,EQ2RMANTIXHEELING,EQ2RMSTABILILTE,VEHKM,POINTS,DUREE,AUTRE2RM,VEHPRECMARQUE,VEHPRECCYLINDREE,VEHPRECMODELE,VEHPRECSEGMENT,VEHPRECSIDE,TEMPS2RMPREC,FREQVEHPREC,DATE_NAISS,CSP,SOCIETAIRE,SALARIE,SECTEUR2RM,NBPERSFOYER,SITFAM,NBENF,TRNBENF1,TRNBENF2,TRNBENF3,TRNBENF4,NBAUTOFOYER,NBCYCLOFOYER,NBSCOOTFOYER,NBMOTOFOYER,NBTRIKEFOYER,NB2RMCONDUIT,MARQUE1,CYLINDREE1,MODELE1,SEGMENT1,SIDE1,ANMISECIRCU1,ASS1,FREQ1,USAGE1,NBKM1,GARAGE1,MARQUE2,CYLINDREE2,MODELE2,SEGMENT2,SIDE2,ANMISECIRCU2,ASS2,FREQ2,USAGE2,NBKM2,GARAGE2,MARQUE3,CYLINDREE3,MODELE3,SEGMENT3,SIDE3,ANMISECIRCU3,ASS3,FREQ3,USAGE3,NBKM3,GARAGE3,MARQUE4,CYLINDREE4,MODELE4,SEGMENT4,SIDE4,ANMISECIRCU4,ASS4,FREQ4,USAGE4,NBKM4,GARAGE4,MARQUE5,CYLINDREE5,MODELE5,SEGMENT5,SIDE5,ANMISECIRCU5,ASS5,FREQ5,USAGE5,NBKM5,GARAGE5,NBKMTOT,PERMIS1,PERMIS2,PERMIS3,PERMIS4,PERMIS5,PERMIS6,PERMIS7,PERMIS8,PERMIS9,ANPERMIS1,ANPERMIS6,ANPERMIS7,ANPERMIS2,ANPERMIS3,ANPERMIS8,ANPERMIS9,ANPERMIS4,ANPERMIS5,,,
110,4459,150,1,0,5,,,,,,1,3,1972,,,,,0,4,,,,,,0,4,,,,,,0,3,,,,,,0,4,,,,,,0,3,,,,,,0,3,,,,,,1,3,1973,,,,,0,4,,,,,,0,5,,,,,,0,2,,,,,,0,4,,,,,,0,6,,,,,,0,,2,,,,,,,,,,,,,,,,,,6,1,41,1,6,2,1972,,1972,Vous circuliez derrière un véhicule. Ce véhicule a ralenti. Vous avez entrepris de dépasser ce véhicule par la gauche et celui-ci vous a coupé la route en tournant à gauche (ou en effectuant un œ tour,2,6,,,,,,"Tout première fois,emporté par la fougue et la nervosité d'une 125 légère. Mais oubli complet du regard vers le clignotant du véhicule qui me précède; Un rappel à l'ordre sans grosse conséquence (en ville à vitesse pas trés élévée). Cela m'a beaucoup servi depuis.","Vouloir à tout pris doubler un véhicule paraissant plus lent,Mais qui ralentissait pour bifurquer à gauche.",j'ai choisi de tourner avec l'auto.,1,1,Attendre et regarder m'aurait évité l'accrochage.,"Trop jeune et sans expérience, sans connaissance des limites.",,2,1,NSP,,Ne m'a pas vu arriver.,NSP,N'a peut-être pas regardé le rétro extérieur.,6,8,,,,,,,,,,,1,,inévitable au moment de l'impact.,3,1,3,,1,3,4,4,1,3,1,1,4,1,4,4,4,1,4,5,9,,,,,,2,,,,,,,,,2,2,,2,1,1,1,90,10,0,0,0,1,1,3,4,,,1,1,,,,1,,,,,,,,,,,1,1,3,,1,65,1,2,5,,,,,,,,4,4,4,4,4,4,SUZUKI,125,T125 FLYING LEOPARD,ROADSTER,2,1,1,1,1,1,1,1,1,1,1,25000,12,1,1,FLANDRIA,50,COMET4 (MTL),ROADSTER,2,3,4,29SEP1953,8,2,3,2,2,3,,NRP,,,,2,0,0,1,0,1,BMW,1000,R100RT,Routière / GT,2,1992,23,2,2,6000,7,,,,,,,,,,,,,,,,,,,,,,,,,,,,,,,,,,,,,,,,,,,,,6000,4,3,,,,,,,,NRP,NRP,NRP,NRP,1972,NRP,NRP,1973,NRP,,,
1603,4462,,1,0,2,,,,,,0,5,,,,,,0,3,,,,,,0,1,,,,,,1,4,2011,,,,,0,2,,,,,,0,3,,,,,,0,2,,,,,,0,4,,,,,,0,4,,,,,,0,4,,,,,,0,3,,,,,,0,4,,,,,,0,5,,,,,,1,2,3,2011,2013,,,,correze,tulle,,,,je circulai sur une petite départementale et un véhicule s'est engagé sur la route en sortant d'un chemin sans regarder à sa droite,"je doublai un camion qui s'était serré à droite. il a accéléré et est revenu dans la voie, me coupant la route et me tapant par l'arrière",,,,0,0,0,3,4,1,72,15,2013,tulle,,,,,,,,,,,,,,,,,,,,,,,,,,,,,,,,,,,,,,,,,,,,,,,,,,,,,,,,,,,,,,,,,,,,,,,,,,,,,,,,,,,,,,,,,,,,,,,,,,,,,,,,,,,,,,,,,,,,,,,,,,,,,,,,,,,,,,,,,,,,,,,,,,,,,,,,,,,,,24JUN1962,4,1,3,2,3,2,2,NRP,,,,2,0,0,4,0,4,BMW,800,F800R,ROADSTER,2,2011,37,2,2,11000,7,SUZUKI,125,DR-SM,TRAIL / SUPERMOTARD,2,2009,37,2,1,2000,7,YAMAHA,125,YZ,"TOUT TERRAIN (TRIAL, ENDURO, CROSS)",2,2008,37,2,1,8000,7,SHERCO,125,CITYCORP SM,TRAIL / SUPERMOTARD,2,2008,37,3,1,6000,7,,,,,,,,,,,,27000,2,3,4,,,,,,,NRP,NRP,NRP,1980,2011,NRP,NRP,1980,NRP,,,
2137,4463,,1,0,5,,,,,,0,4,,,,,,0,5,,,,,,0,2,,,,,,0,4,,,,,,1,3,1997,,,,,0,3,,,,,,0,3,,,,,,0,3,,,,,,0,4,,,,,,0,5,,,,,,0,2,,,,,,0,4,,,,,,0,4,,,,,,0,,1,,,,,,,,,,,,,,,,,,2,0,20,1,26,6,1997,,,,,,,,,,,,,,,,,,,,,,,,,,,,,,,,,,,,,,,,,,,,,,,,,,,,,,,,,,,,,,,,,,,,,,,,,,,,,,,,,,,,,,,,,,,,,,,,,,,,,,,,,,,,,,,,,,,,,,,,,,,,,,,,,,,,,,,,,,,,,,,,,,,,,,,,,,,,,,02MAR1968,5,2,3,2,4,4,2,NRP,,,,2,0,0,2,0,2,KAWASAKI,600,ZZR,Routière / GT,2,1998,10,2,1,4500,7,KAWASAKI,500,GPZ-S,Routière / GT,2,1997,10,4,1,1500,7,,,,,,,,,,,,,,,,,,,,,,,,,,,,,,,,,,6000,3,4,,,,,,,,NRP,NRP,NRP,NRP,1995,NRP,NRP,1986,NRP,,,
153,4464,,1,0,5,,,,,,0,3,,,,,,4,6,2013,2014,2014,NSP,,0,2,,,,,,1,5,2013,,,,,0,3,,,,,,0,2,,,,,,0,1,,,,,,0,2,,,,,,4,6,2014,2014,2014,2014,,0,5,,,,,,0,2,,,,,,0,3,,,,,,0,6,,,,,,0,,9,,,,,,,,,,,,,,,,,,4,0,0,1,21,5,2013,,,,,,,,,,,,,,,,,,,,,,,,,,,,,,,,,,,,,,,,,,,,,,,,,,,,,,,,,,,,,,,,,,,,,,,,,,,,,,,,,,,,,,,,,,,,,,,,,,,,,,,,,,,,,,,,,,,,,,,,,,,,,,,,,,,,,,,,,,,,,,,,,,,,,,,,,,,,,,25DEC1981,7,1,3,2,2,3,,NRP,,,,1,2,0,2,0,2,SUZUKI,600,GSR,ROADSTER,2,2012,37,1,2,2303,2,HONDA,600,HORNET,ROADSTER,2,2008,37,1,2,20490,2,,,,,,,,,,,,,,,,,,,,,,,,,,,,,,,,,,22793,4,3,,,,,,,,NRP,NRP,NRP,NRP,2011,NRP,NRP,2004,NRP,,,
334,4465,273,1,0,2,,,,,,0,1,,,,,,1,5,2014,,,,,0,2,,,,,,0,3,,,,,,0,3,,,,,,0,2,,,,,,0,3,,,,,,1,3,2013,,,,,0,3,,,,,,0,3,,,,,,0,3,,,,,,0,3,,,,,,0,3,,,,,,1,1,3,2012,,,,,Draveil,,,,,j'étais arrêté à un feux. le véhicule arrêté devant à reculé et m'a percuté.,,,,,0,0,2,2,12,1,41,9,2013,,2013,"Vous avez fait une sortie de route, une perte de contrôle ou une glissade sans rien percuter.",1,,,,,,,"j'ai glissé sur une plaque de verglas. dans une légère courbe. la moto à glissé sur quelques dizaines de mètres. je n'ai eu aucune blessure ni traumatisme surement grace à mon équipement. en revanche, la moto ayant glissée longuement à été fortement endommagée.",je n'ai rien vu venir. cette plaque de verglas ne m'est apparue qu'en me relavant suite à la chute. la luminosité du petit matin ne m'avait pas permis de voir ce danger. ce n'est qu'en cours de glissage que j'ai compris que j'étais tombé.,"avant la chute, je n'ai rien fait puisque je n'ai pas vu le danger. juste après la chute, alors que je glissais sur la route, j'ai vu ma moto s'éloigner dans un gerbe d'étincelle. la voiture qui circulait derrière moi sur la route s'est arrêtée. je suis allé à la rencontre de la femme qui conduisait pour la rassurer sur mon état. elle était en grande surprise (voire panique). le sol était complètement gelé et j'avais du mal à rester debout. je me suis donc mis sur le bord de la route, en herbe, auprès de la moto pour appeler l'assistance.",2,1,"ce matin là, je n'aurai pas dû prendre la moto. le risque de verglas était fort.","depuis, en cas de risque de verglas, la moto reste au garage.",,2,0,,,,,,2,6,,,,,,,1,,,,2,,je ne m'attendais pas à tomber sur cette route que je connais très bien alors que je n'avais vu aucun danger.,4,3,,,1,1,3,3,1,1,1,1,1,4,4,4,4,10,,,,,,,,,1,AUT|la plaque de verglas s'était formée à l'endroit d'un pont.,,,,,,,,2,2,,2,1,3,1,0,0,0,30,70,2,,,,,,1,3,,,,1,,,,,,,,,,,1,4,1,1,0,70,1,2,3,4,9,,,,,,4,4,4,4,4,2,HONDA,1200,VFR-F,Routière / GT,2,0,0,0,1,1,1,2,1,1,2,24000,12,4,1,HONDA,1000,CBF ABS,ROADSTER,2,3,4,25DEC1965,5,2,3,2,3,4,1,NRP,,,,2,0,0,1,0,1,HONDA,1200,VFR-F,Routière / GT,2,2013,22,1,3,12000,7,,,,,,,,,,,,,,,,,,,,,,,,,,,,,,,,,,,,,,,,,,,,,12000,3,4,,,,,,,,NRP,NRP,NRP,NRP,2003,NRP,NRP,1984,NRP,,,
1147,4467,,0,,,,,,,,,,,,,,,,,,,,,,,,,,,,,,,,,,,,,,,,,,,,,,,,,,,,,,,,,,,,,,,,,,,,,,,,,,,,,,,,,,,,,,,,,,,,,,,,,,,,,,,,,,,,,,,,,,,,,,,,,,,,,,,,,,,,,,,,,,,,,,,,,,,,,,,,,,,,,,,,,,,,,,,,,,,,,,,,,,,,,,,,,,,,,,,,,,,,,,,,,,,,,,,,,,,,,,,,,,,,,,,,,,,,,,,,,,,,,,,,,,,,,,,,,,,,,,,,,,,,,,,,,,,,,,,,,,,,,,,,,,,10JUL1978,7,2,3,2,4,4,2,NRP,,,,1,0,0,1,0,1,SUZUKI,650,BANDIT-N,ROADSTER,2,2005,28,1,2,7000,6,,,,,,,,,,,,,,,,,,,,,,,,,,,,,,,,,,,,,,,,,,,,,7000,3,4,,,,,,,,NRP,NRP,NRP,NRP,2004,NRP,NRP,1996,NRP,,,
1556,4469,,0,,,,,,,,,,,,,,,,,,,,,,,,,,,,,,,,,,,,,,,,,,,,,,,,,,,,,,,,,,,,,,,,,,,,,,,,,,,,,,,,,,,,,,,,,,,,,,,,,,,,,,,,,,,,,,,,,,,,,,,,,,,,,,,,,,,,,,,,,,,,,,,,,,,,,,,,,,,,,,,,,,,,,,,,,,,,,,,,,,,,,,,,,,,,,,,,,,,,,,,,,,,,,,,,,,,,,,,,,,,,,,,,,,,,,,,,,,,,,,,,,,,,,,,,,,,,,,,,,,,,,,,,,,,,,,,,,,,,,,,,,,,14FEB1969,7,2,3,2,2,3,,NRP,,,,1,0,0,1,0,1,HONDA,600,CB-F  S  IE ABS,ROADSTER,2,2005,10,1,2,8000,2,,,,,,,,,,,,,,,,,,,,,,,,,,,,,,,,,,,,,,,,,,,,,8000,3,4,,,,,,,,NRP,NRP,NRP,NRP,2011,NRP,NRP,1989,NRP,,,
302,4470,119,1,0,2,,,,,,0,3,,,,,,0,3,,,,,,0,3,,,,,,1,3,2000,,,,,0,2,,,,,,0,3,,,,,,3,4,1998,2000,2000,,,2,3,1998,2000,,,,0,4,,,,,,0,5,,,,,,0,2,,,,,,0,4,,,,,,0,3,,,,,,0,,6,,,,,,,,,,,,,,,,,,1,2,20,1,21,5,2000,,2000,Vous circuliez sur un axe prioritaire. Un véhicule venant dun axe non prioritaire vous a coupé la route.,3,,,,,,,"Le conducteur (80 ans) ramenait son épouse chez lui alors qu'elle venait de faire un malaise au restaurant . Il lui demande si la route est libre pour sortir du parking du restau elle repond par l'affirmative . IL s'engage au moment ou j'arrive ,me coupe la route ,je freine sur le mouillé ,il pleuvait , Je perds l'avant la moto se couche et va percuter la voiture moi je glisse sans dommage ,j'étais à 90-100 en 1100 paneuropean .La personne  a voulu repartir sans faire le constat ,ne reconnaissant pas ces torts .Vu son age je l'ai bloqué, énervé mais sans violence ,et j'ai appelé la gendarmerie . Son épouse avoue le malaise dit ne pas m'avoir vu ,la pauvre n'était pas en état et s'excuse ,le conducteur qui lui a démarré sans regarder ne voulait rien savoir : je roulais trop vite !!!Heureusement un témoin qui à fait demi-tour vient déposer en ma faveur .Résultat j'ai eu gain de cause auprés des assurances et des gendarmes ,la moto avait le coté gauche completemnt h.s et mon cuir etait rapé .",Le conducteur n'a pas regardé avant de s'engager faisant confiance en l'appreciation de son passager .   La pluie a transformé le freinage brutal en glissade .,"Etant complétement surpris par la manoeuvre totalement inattendu j'ai tout bloqué, sans abs la sanction a était brutale . Lors de ma glissade les voitures en sens inverse m'ont évité d'autres se sont arrete . Je me suis maintenu  allongé sur le dos en me stabilisant avec les mains sur la route .   Le fautif a stoppé suite au choc de la moto contre son pare choc .",NRP,0,,,J'étais pratiquement sur la voiture ou je freinais à fond ou je m'encastrais dedans .Pas de possibilité d'évitement en plus sur le mouillé !,3,1,1,3,NSP,2,"Les voitures  venaient en sens inverse ,le premier a évité la voiture par l'arriere les autres sont passé sans probléme .",2,3,6,,,,,,1,2,,,3,,La manoeuvre de la voiture était totalement suicidaire,3,3,,,1,1,4,4,1,1,1,1,1,4,4,4,4,5,,,,,,,,,2,,,,,,,,,2,2,,2,2,1,2,0,90,0,0,10,NSP,,,,,,2,2,,,,2,1,6,7,,,,,,0,,2,2,3,,0,100,1,2,3,4,9,,,,,,4,4,4,4,4,4,HONDA,1100,PAN EUROPEAN,Routière / GT,2,1,0,1,1,1,1,1,1,1,1,50000,12,3,1,YAMAHA,900,XJ,ROADSTER,2,4,4,04JAN1952,9,2,3,2,2,3,,NRP,,,,2,0,0,2,0,2,BMW,1200,R1200RT,Routière / GT,2,2008,29,2,1,20000,7,YAMAHA,600,XT,TRAIL / SUPERMOTARD,2,1992,29,1,1,5000,7,,,,,,,,,,,,,,,,,,,,,,,,,,,,,,,,,,25000,2,3,4,,,,,,,NRP,NRP,NRP,1972,1972,NRP,NRP,1972,NRP,,,
1693,4471,,1,0,4,,,,,,0,4,,,,,,1,4,2010,,,,,0,2,,,,,,0,3,,,,,,0,1,,,,,,0,4,,,,,,0,4,,,,,,0,4,,,,,,0,6,,,,,,0,5,,,,,,0,2,,,,,,1,4,1982,,,,,0,3,,,,,,0,,2,,,,,,,,,,,,,,,,,,35,0,35,1,11,3,2010,,,,,,,,,,,,,,,,,,,,,,,,,,,,,,,,,,,,,,,,,,,,,,,,,,,,,,,,,,,,,,,,,,,,,,,,,,,,,,,,,,,,,,,,,,,,,,,,,,,,,,,,,,,,,,,,,,,,,,,,,,,,,,,,,,,,,,,,,,,,,,,,,,,,,,,,,,,,,,28JUN1960,5,1,3,2,6,4,4,NRP,,,,2,0,0,1,0,1,BMW,1200,R1200RT,Routière / GT,2,2009,37,1,2,15000,4,,,,,,,,,,,,,,,,,,,,,,,,,,,,,,,,,,,,,,,,,,,,,15000,2,3,4,,,,,,,NRP,NRP,NRP,1979,1979,NRP,NRP,1979,NRP,,,
1592,4473,,1,0,3,,,,,,0,3,,,,,,0,4,,,,,,0,4,,,,,,1,4,2009,,,,,0,3,,,,,,0,3,,,,,,0,3,,,,,,1,4,1975,,,,,0,3,,,,,,0,5,,,,,,0,3,,,,,,0,2,,,,,,0,3,,,,,,0,,2,,,,,,,,,,,,,,,,,,2,2,43,1,21,5,2009,,,,,,,,,,,,,,,,,,,,,,,,,,,,,,,,,,,,,,,,,,,,,,,,,,,,,,,,,,,,,,,,,,,,,,,,,,,,,,,,,,,,,,,,,,,,,,,,,,,,,,,,,,,,,,,,,,,,,,,,,,,,,,,,,,,,,,,,,,,,,,,,,,,,,,,,,,,,,,17NOV1953,5,2,3,2,2,3,,NRP,,,,1,0,0,1,0,1,HONDA,700,DEAUVILLE ABS,Routière / GT,2,2009,33,3,1,6000,7,,,,,,,,,,,,,,,,,,,,,,,,,,,,,,,,,,,,,,,,,,,,,6000,2,3,4,,,,,,,NRP,NRP,NRP,1970,1972,NRP,NRP,1972,NRP,,,