Ligne,Ligne Q qualif,Ligne approfondissement Accident,ACCIDENT,NBACC1,ACCFREQUENCE1,ANNEEACC1_1,ANNEEACC1_2,ANNEEACC1_3,ANNEEACC1_4,ANNEEACC1_5,NBACC2,ACCFREQUENCE2,ANNEEACC2_1,ANNEEACC2_2,ANNEEACC2_3,ANNEEACC2_4,ANNEEACC2_5,NBACC3,ACCFREQUENCE3,ANNEEACC3_1,ANNEEACC3_2,ANNEEACC3_3,ANNEEACC3_4,ANNEEACC3_5,NBACC4,ACCFREQUENCE4,ANNEEACC4_1,ANNEEACC4_2,ANNEEACC4_3,ANNEEACC4_4,ANNEEACC4_5,NBACC5,ACCFREQUENCE5,ANNEEACC5_1,ANNEEACC5_2,ANNEEACC5_3,ANNEEACC5_4,ANNEEACC5_5,NBACC6,ACCFREQUENCE6,ANNEEACC6_1,ANNEEACC6_2,ANNEEACC6_3,ANNEEACC6_4,ANNEEACC6_5,NBACC7,ACCFREQUENCE7,ANNEEACC7_1,ANNEEACC7_2,ANNEEACC7_3,ANNEEACC7_4,ANNEEACC7_5,NBACC8,ACCFREQUENCE8,ANNEEACC8_1,ANNEEACC8_2,ANNEEACC8_3,ANNEEACC8_4,ANNEEACC8_5,NBACC9,ACCFREQUENCE9,ANNEEACC9_1,ANNEEACC9_2,ANNEEACC9_3,ANNEEACC9_4,ANNEEACC9_5,NBACC10,ACCFREQUENCE10,ANNEEACC10_1,ANNEEACC10_2,ANNEEACC10_3,ANNEEACC10_4,ANNEEACC10_5,NBACC11,ACCFREQUENCE11,ANNEEACC11_1,ANNEEACC11_2,ANNEEACC11_3,ANNEEACC11_4,ANNEEACC11_5,NBACC12,ACCFREQUENCE12,ANNEEACC12_1,ANNEEACC12_2,ANNEEACC12_3,ANNEEACC12_4,ANNEEACC12_5,NBACC13,ACCFREQUENCE13,ANNEEACC13_1,ANNEEACC13_2,ANNEEACC13_3,ANNEEACC13_4,ANNEEACC13_5,NBACC14,ACCFREQUENCE14,ANNEEACC14_1,ANNEEACC14_2,ANNEEACC14_3,ANNEEACC14_4,ANNEEACC14_5,AUTRESACC,NBAUTRESACC,TOTAL_AC,ANNEEAUTREACC1,ANNEEAUTREACC2,ANNEEAUTREACC3,ANNEEAUTREACC4,ANNEEAUTREACC5,LIEUAUTREACC1,LIEUAUTREACC2,LIEUAUTREACC3,LIEUAUTREACC4,LIEUAUTREACC5,DESCRIPTIONAUTRESACC1,DESCRIPTIONAUTRESACC2,DESCRIPTIONAUTRESACC3,DESCRIPTIONAUTRESACC4,DESCRIPTIONAUTRESACC5,NBAUTRESACCCIRCUIT,NBAUTRESTOUTTERRAIN,EXPCYCLO,EXP125,EXPSUP125,ACCORDNEXTQ,CHOIXACC,RGPMTACC,RECUPANNEE,RECUPLIEU,RECUPANNE,RGPMTAC,CHOIX1,CHOIX2,CHOIX3,CHOIX4,CHOIX5,CHOIX6,CHOIX7,DESCRIPTION,RUPTURE,FAITS,ABS_REACTION,AUTRE_REACTION,PRECISIONREACTIONOUI,RECUL,PRECISIONREACTIONNON,IMPACTCOMPORTEMENT,AUTREUSAGER,REACTIONAUTREUSAGER,CONNAISSANCEREACTIONUSAGER,DIFFICULTES,AGGRAVATION,DIFFICULTES2,EMOTIONS1,EMOTIONS2,EMOTIONS3,EMOTIONS4,EMOTIONS5,EMOTIONS6,AUTRESENTIMENT,CLASSEMENTEMOTIONS1,CLASSEMENTEMOTIONS,CLASSEMENTEMOTIONS5,CLASSEMENTEMOTIONS6,CLASSEMENTEMOTIONS7,CLASSEMENTEMOTIONS8,CLASSEMENTEMOTIONS9,EXPLICATIONRESSENTI,BIENEQUIPE,ALLURE,ALLUREVITEDETAIL,ALLURELENTEDETAIL,SITUATIONPRESSE,SITUATIONDISTRAIT,SITUATIONCONFIANT,SITUATIONCONTROLE,SITUATIONLUDIQUE,SITUATIONPERF,SITUATIONSTRESS,SITUATIONFATIGUE,HUMEURNEUTRE,HUMEURGAI,HUMEURMECONTENT,HUMEURTRISTE,HUMEURCOLERE,CONTRIBUTION1,CONTRIBUTION2,CONTRIBUTION3,CONTRIBUTION4,CONTRIBUTION5,CONTRIBUTION6,CONTRIBUTION7,CONTRIBUTION8,CONTRIBUTION9,ROLEINFRA,ELEMENTINFRA1,ELEMENTINFRA2,ELEMENTINFRA3,ELEMENTINFRA4,ELEMENTINFRA5,ELEMENTINFRA6,ELEMENTINFRA7,ELEMENTINFRA8,ELEMENTINFRA9,ALCOOL,TXALCOOL,STUP,SEMAINE,MOMENTJOURNEE,TEMPS,CAUSEACC1,CAUSEACC2,CAUSEACC3,CAUSEACC4,CAUSEACC5,FORMATIONCAUSE,FORMATION1,FORMATION2,FORMATION3,FORMATION4,FORMATION5,TRAFIC,CHAUSSEE1,CHAUSSEE2,CHAUSSEE3,CHAUSSEE4,TYPEACC,BLESSURE,TETE,COU,THORAX,MEMBRESSUP,COLONNE,BASSIN,MEMBRESINF,HOPITAL,PLUS24H,TRAJET,TYPEROUTE,MOTIF,SENSTRAJET,PASSAGER,VITESSE,DESCEQ1,DESCEQ2,DESCEQ3,DESCEQ4,DESCEQ5,DESCEQ6,DESCEQ7,DESCEQ8,DESCEQ9,DESCEQ10,VEHICULEETE,VEHICULEAUTOMNE,VEHICULEPRINTEMPS,VEHICULEHIVER,VEHICULESEMAINE,VEHICULEWE,VEHMARQUE,VEHCYLINDREE,VEHMODELE,VEHSEGMENT,VEHSIDE,EQ2RMABS,EQ2RMCBS,EQ2RMABSCBS,EQ2RMREGULATEUR,EQ2RMLIMITEUR,EQ2RMPHARESDIRECT,EQ2RMCOUPURE,EQ2RMANTIPATINAGE,EQ2RMANTIXHEELING,EQ2RMSTABILILTE,VEHKM,POINTS,DUREE,AUTRE2RM,VEHPRECMARQUE,VEHPRECCYLINDREE,VEHPRECMODELE,VEHPRECSEGMENT,VEHPRECSIDE,TEMPS2RMPREC,FREQVEHPREC,DATE_NAISS,CSP,SOCIETAIRE,SALARIE,SECTEUR2RM,NBPERSFOYER,SITFAM,NBENF,TRNBENF1,TRNBENF2,TRNBENF3,TRNBENF4,NBAUTOFOYER,NBCYCLOFOYER,NBSCOOTFOYER,NBMOTOFOYER,NBTRIKEFOYER,NB2RMCONDUIT,MARQUE1,CYLINDREE1,MODELE1,SEGMENT1,SIDE1,ANMISECIRCU1,ASS1,FREQ1,USAGE1,NBKM1,GARAGE1,MARQUE2,CYLINDREE2,MODELE2,SEGMENT2,SIDE2,ANMISECIRCU2,ASS2,FREQ2,USAGE2,NBKM2,GARAGE2,MARQUE3,CYLINDREE3,MODELE3,SEGMENT3,SIDE3,ANMISECIRCU3,ASS3,FREQ3,USAGE3,NBKM3,GARAGE3,MARQUE4,CYLINDREE4,MODELE4,SEGMENT4,SIDE4,ANMISECIRCU4,ASS4,FREQ4,USAGE4,NBKM4,GARAGE4,MARQUE5,CYLINDREE5,MODELE5,SEGMENT5,SIDE5,ANMISECIRCU5,ASS5,FREQ5,USAGE5,NBKM5,GARAGE5,NBKMTOT,PERMIS1,PERMIS2,PERMIS3,PERMIS4,PERMIS5,PERMIS6,PERMIS7,PERMIS8,PERMIS9,ANPERMIS1,ANPERMIS6,ANPERMIS7,ANPERMIS2,ANPERMIS3,ANPERMIS8,ANPERMIS9,ANPERMIS4,ANPERMIS5,,,
2016,4476,,1,0,6,,,,,,0,6,,,,,,0,5,,,,,,0,6,,,,,,0,3,,,,,,0,3,,,,,,0,3,,,,,,0,5,,,,,,2,5,1985,1994,,,,0,2,,,,,,0,3,,,,,,0,3,,,,,,0,5,,,,,,0,2,,,,,,0,,2,,,,,,,,,,,,,,,,,,2,2,37,1,42,9,1994,,,,,,,,,,,,,,,,,,,,,,,,,,,,,,,,,,,,,,,,,,,,,,,,,,,,,,,,,,,,,,,,,,,,,,,,,,,,,,,,,,,,,,,,,,,,,,,,,,,,,,,,,,,,,,,,,,,,,,,,,,,,,,,,,,,,,,,,,,,,,,,,,,,,,,,,,,,,,,17SEP1959,8,2,3,2,2,2,1,NRP,,,,1,0,0,2,0,2,KAWASAKI,500,ER-5,ROADSTER,2,1997,29,1,2,10000,7,YAMAHA,800,FAZER8,ROADSTER,2,2011,29,2,1,8000,7,,,,,,,,,,,,,,,,,,,,,,,,,,,,,,,,,,18000,2,3,4,,,,,,,NRP,NRP,NRP,1976,1978,NRP,NRP,1978,NRP,,,
85,4484,,1,0,5,,,,,,0,2,,,,,,0,3,,,,,,0,2,,,,,,0,5,,,,,,0,3,,,,,,0,3,,,,,,0,3,,,,,,0,4,,,,,,1,5,2008,,,,,1,5,2009,,,,,0,4,,,,,,0,4,,,,,,0,4,,,,,,0,,2,,,,,,,,,,,,,,,,,,0,0,10,1,51,11,2009,,,,,,,,,,,,,,,,,,,,,,,,,,,,,,,,,,,,,,,,,,,,,,,,,,,,,,,,,,,,,,,,,,,,,,,,,,,,,,,,,,,,,,,,,,,,,,,,,,,,,,,,,,,,,,,,,,,,,,,,,,,,,,,,,,,,,,,,,,,,,,,,,,,,,,,,,,,,,,15JUN1975,7,2,3,2,3,4,1,NRP,,,,2,0,0,1,0,1,TRIUMPH,1050,SPEED TRIPLE,ROADSTER,2,2007,28,2,2,5000,4,,,,,,,,,,,,,,,,,,,,,,,,,,,,,,,,,,,,,,,,,,,,,5000,3,4,,,,,,,,NRP,NRP,NRP,NRP,1993,NRP,NRP,2005,NRP,,,
2006,4485,,1,0,4,,,,,,1,4,2005,,,,,0,4,,,,,,0,4,,,,,,0,4,,,,,,1,4,2014,,,,,0,2,,,,,,0,3,,,,,,1,4,NSP,,,,,0,4,,,,,,0,4,,,,,,0,1,,,,,,0,2,,,,,,1,4,2005,,,,,0,,4,,,,,,,,,,,,,,,,,,6,2,22,1,6,2,2005,,,,,,,,,,,,,,,,,,,,,,,,,,,,,,,,,,,,,,,,,,,,,,,,,,,,,,,,,,,,,,,,,,,,,,,,,,,,,,,,,,,,,,,,,,,,,,,,,,,,,,,,,,,,,,,,,,,,,,,,,,,,,,,,,,,,,,,,,,,,,,,,,,,,,,,,,,,,,,29APR1975,6,1,3,2,4,4,2,NRP,,,,2,0,0,2,0,2,BMW,750,K75,ROADSTER,2,1994,37,4,1,500,7,SUZUKI,500,GS-E,ROADSTER,2,1993,37,4,1,500,7,,,,,,,,,,,,,,,,,,,,,,,,,,,,,,,,,,1000,2,3,4,,,,,,,NRP,NRP,NRP,1992,1994,NRP,NRP,1993,NRP,,,
1444,4487,,1,1,3,NSP,,,,,0,4,,,,,,0,4,,,,,,0,4,,,,,,1,3,NSP,,,,,1,4,NSP,,,,,0,3,,,,,,0,5,,,,,,1,5,NSP,,,,,0,3,,,,,,0,3,,,,,,0,2,,,,,,0,3,,,,,,0,2,,,,,,1,1,5,NSP,,,,,Strasbourg,,,,,Un cycliste qui circulais sur la voie de droite ( 3 voie ) et moi voie de gauche quand le cycliste à tourner a gauche en coupant toute les voie .J'ai couché la moto mais dans la glissade ma moto a touche le cycliste a l'arriere .,,,,,0,0,2,0,29,1,26,6,0,,,,,,,,,,,,,,,,,,,,,,,,,,,,,,,,,,,,,,,,,,,,,,,,,,,,,,,,,,,,,,,,,,,,,,,,,,,,,,,,,,,,,,,,,,,,,,,,,,,,,,,,,,,,,,,,,,,,,,,,,,,,,,,,,,,,,,,,,,,,,,,,,,,,,,,,,,,,,,10OCT1967,8,2,3,2,2,3,,NRP,,,,3,0,0,2,0,2,HONDA,700,NC700X C-ABS DTC,ROADSTER,2,2012,9,2,2,10000,7,HONDA,1800,GOLD WING,Routière / GT,2,2011,9,2,1,15000,7,,,,,,,,,,,,,,,,,,,,,,,,,,,,,,,,,,25000,4,3,,,,,,,,NRP,NRP,NRP,NRP,1988,NRP,NRP,1987,NRP,,,
2111,4489,,1,0,3,,,,,,0,3,,,,,,0,4,,,,,,0,5,,,,,,0,4,,,,,,0,4,,,,,,0,2,,,,,,0,1,,,,,,0,2,,,,,,0,2,,,,,,0,5,,,,,,0,3,,,,,,0,4,,,,,,0,4,,,,,,1,1,1,2013,,,,,Rueil Malmaison,,,,,"En sortie de rond point, je me suis arreté devant un passage clouté pour laisser passer un pietion déjà engagé. L'automobiliste qui me suivait, et sortait donc tout juste du rond point ne m'a pas vu et m'a heurté par l'arrière.",,,,,0,0,4,2,14,1,71,15,2013,Rueil Malmaison,,,,,,,,,,,,,,,,,,,,,,,,,,,,,,,,,,,,,,,,,,,,,,,,,,,,,,,,,,,,,,,,,,,,,,,,,,,,,,,,,,,,,,,,,,,,,,,,,,,,,,,,,,,,,,,,,,,,,,,,,,,,,,,,,,,,,,,,,,,,,,,,,,,,,,,,,,,,,13JUL1980,5,1,3,2,4,4,2,NRP,,,,1,0,0,2,0,2,BMW,1200,R1200RT,Routière / GT,2,2010,37,1,2,15000,7,HONDA,800,VFR-F V-TEC ABS,Routière / GT,2,2003,37,2,2,10000,7,,,,,,,,,,,,,,,,,,,,,,,,,,,,,,,,,,25000,4,3,,,,,,,,NRP,NRP,NRP,NRP,2001,NRP,NRP,1998,NRP,,,
2069,4492,,0,,,,,,,,,,,,,,,,,,,,,,,,,,,,,,,,,,,,,,,,,,,,,,,,,,,,,,,,,,,,,,,,,,,,,,,,,,,,,,,,,,,,,,,,,,,,,,,,,,,,,,,,,,,,,,,,,,,,,,,,,,,,,,,,,,,,,,,,,,,,,,,,,,,,,,,,,,,,,,,,,,,,,,,,,,,,,,,,,,,,,,,,,,,,,,,,,,,,,,,,,,,,,,,,,,,,,,,,,,,,,,,,,,,,,,,,,,,,,,,,,,,,,,,,,,,,,,,,,,,,,,,,,,,,,,,,,,,,,,,,,,,12JUL1975,7,2,3,2,2,3,,NRP,,,,2,1,1,0,0,1,PIAGGIO,300,MP3 LT YOURBAN,SIDE-CAR / TRIKE,2,2011,18,2,2,5000,7,,,,,,,,,,,,,,,,,,,,,,,,,,,,,,,,,,,,,,,,,,,,,5000,4,,,,,,,,,NRP,NRP,NRP,NRP,NRP,NRP,NRP,1994,NRP,,,
386,4493,,1,2,4,NSP,NSP,,,,0,2,,,,,,1,3,NSP,,,,,1,3,2005,,,,,3,4,NSP,NSP,NSP,,,1,3,NSP,,,,,0,2,,,,,,0,2,,,,,,0,2,,,,,,5,5,NSP,NSP,NSP,NSP,NSP,5,5,NSP,NSP,NSP,NSP,NSP,0,2,,,,,,1,2,2012,,,,,2,4,NSP,NSP,,,,0,,21,,,,,,,,,,,,,,,,,,3,2,32,0,,NRP,,,,,,,,,,,,,,,,,,,,,,,,,,,,,,,,,,,,,,,,,,,,,,,,,,,,,,,,,,,,,,,,,,,,,,,,,,,,,,,,,,,,,,,,,,,,,,,,,,,,,,,,,,,,,,,,,,,,,,,,,,,,,,,,,,,,,,,,,,,,,,,,,,,,,,,,,,,,,,,26NOV1963,5,2,3,2,3,4,1,NRP,,,,1,0,0,1,1,2,HONDA,1300,PAN EUROPEAN C-ABS,Routière / GT,2,2011,29,1,2,20000,7,BMW,1000,K100LT,Routière / GT,1,1989,29,4,1,1000,7,,,,,,,,,,,,,,,,,,,,,,,,,,,,,,,,,,21000,2,3,4,,,,,,,NRP,NRP,NRP,1980,1985,NRP,NRP,1981,NRP,,,
1374,4494,,1,0,3,,,,,,1,3,1990,,,,,0,4,,,,,,0,3,,,,,,0,4,,,,,,0,2,,,,,,0,4,,,,,,0,4,,,,,,1,4,2007,,,,,0,3,,,,,,0,3,,,,,,0,2,,,,,,1,4,1994,,,,,1,3,1982,,,,,1,1,5,1980,,,,,Algérie,,,,,j'ai percuté un troupeau de moutons qui a coupé le route,,,,,0,0,1,3,37,1,61,13,1994,,,,,,,,,,,,,,,,,,,,,,,,,,,,,,,,,,,,,,,,,,,,,,,,,,,,,,,,,,,,,,,,,,,,,,,,,,,,,,,,,,,,,,,,,,,,,,,,,,,,,,,,,,,,,,,,,,,,,,,,,,,,,,,,,,,,,,,,,,,,,,,,,,,,,,,,,,,,,,24SEP1957,4,2,3,2,3,4,1,NRP,,,,1,0,0,1,0,1,BMW,800,F800R,ROADSTER,2,2009,29,3,1,10000,6,,,,,,,,,,,,,,,,,,,,,,,,,,,,,,,,,,,,,,,,,,,,,10000,3,4,,,,,,,,NRP,NRP,NRP,NRP,1978,NRP,NRP,1978,NRP,,,
249,4495,,0,,,,,,,,,,,,,,,,,,,,,,,,,,,,,,,,,,,,,,,,,,,,,,,,,,,,,,,,,,,,,,,,,,,,,,,,,,,,,,,,,,,,,,,,,,,,,,,,,,,,,,,,,,,,,,,,,,,,,,,,,,,,,,,,,,,,,,,,,,,,,,,,,,,,,,,,,,,,,,,,,,,,,,,,,,,,,,,,,,,,,,,,,,,,,,,,,,,,,,,,,,,,,,,,,,,,,,,,,,,,,,,,,,,,,,,,,,,,,,,,,,,,,,,,,,,,,,,,,,,,,,,,,,,,,,,,,,,,,,,,,,,02JUN1964,7,1,3,2,2,3,,NRP,,,,1,0,0,2,0,2,TRIUMPH,1050,SPEED TRIPLE,ROADSTER,2,2011,37,2,1,6000,7,YAMAHA,600,FZ6-N,ROADSTER,2,2008,37,2,2,6000,7,,,,,,,,,,,,,,,,,,,,,,,,,,,,,,,,,,12000,4,3,,,,,,,,NRP,NRP,NRP,NRP,1983,NRP,NRP,1982,NRP,,,
969,4497,,0,,,,,,,,,,,,,,,,,,,,,,,,,,,,,,,,,,,,,,,,,,,,,,,,,,,,,,,,,,,,,,,,,,,,,,,,,,,,,,,,,,,,,,,,,,,,,,,,,,,,,,,,,,,,,,,,,,,,,,,,,,,,,,,,,,,,,,,,,,,,,,,,,,,,,,,,,,,,,,,,,,,,,,,,,,,,,,,,,,,,,,,,,,,,,,,,,,,,,,,,,,,,,,,,,,,,,,,,,,,,,,,,,,,,,,,,,,,,,,,,,,,,,,,,,,,,,,,,,,,,,,,,,,,,,,,,,,,,,,,,,,,11APR1981,8,2,3,2,4,4,2,NRP,,,,2,0,0,2,0,2,SUZUKI,650,BANDIT-S,ROADSTER,2,2007,16,1,2,8000,5,YAMAHA,600,XJ6 DIVERSION,ROADSTER,2,1994,16,3,1,2000,5,,,,,,,,,,,,,,,,,,,,,,,,,,,,,,,,,,10000,3,4,,,,,,,,NRP,NRP,NRP,NRP,2010,NRP,NRP,2011,NRP,,,
1743,4499,,0,,,,,,,,,,,,,,,,,,,,,,,,,,,,,,,,,,,,,,,,,,,,,,,,,,,,,,,,,,,,,,,,,,,,,,,,,,,,,,,,,,,,,,,,,,,,,,,,,,,,,,,,,,,,,,,,,,,,,,,,,,,,,,,,,,,,,,,,,,,,,,,,,,,,,,,,,,,,,,,,,,,,,,,,,,,,,,,,,,,,,,,,,,,,,,,,,,,,,,,,,,,,,,,,,,,,,,,,,,,,,,,,,,,,,,,,,,,,,,,,,,,,,,,,,,,,,,,,,,,,,,,,,,,,,,,,,,,,,,,,,,,16MAR1958,5,1,3,2,2,3,,NRP,,,,3,0,0,4,0,4,APRILIA,1000,RS-T FUTURA,Routière / GT,2,2001,9,3,1,6000,7,YAMAHA,125,XV VIRAGO,CUSTOM,2,2000,10,3,1,2500,7,GAS GAS,250,PAMPERA TRIAL,"TOUT TERRAIN (TRIAL, ENDURO, CROSS)",2,1997,37,3,1,2500,7,YAMAHA,125,TY,"TOUT TERRAIN (TRIAL, ENDURO, CROSS)",2,1976,10,4,1,500,7,,,,,,,,,,,,11500,3,4,,,,,,,,NRP,NRP,NRP,NRP,1998,NRP,NRP,1976,NRP,,,
183,4500,,1,1,5,2006,,,,,0,6,,,,,,0,6,,,,,,0,4,,,,,,0,6,,,,,,0,6,,,,,,0,3,,,,,,0,3,,,,,,5,4,2014,2014,2013,2013,2012,0,6,,,,,,0,6,,,,,,0,1,,,,,,0,3,,,,,,0,4,,,,,,0,,6,,,,,,,,,,,,,,,,,,4,10,9,1,1,1,2006,,,,,,,,,,,,,,,,,,,,,,,,,,,,,,,,,,,,,,,,,,,,,,,,,,,,,,,,,,,,,,,,,,,,,,,,,,,,,,,,,,,,,,,,,,,,,,,,,,,,,,,,,,,,,,,,,,,,,,,,,,,,,,,,,,,,,,,,,,,,,,,,,,,,,,,,,,,,,,18SEP1975,7,2,3,2,4,4,2,NRP,,,,2,0,0,1,0,2,BMW,1300,K1300R,ROADSTER,2,2012,10,2,1,12000,7,MOTO GUZZI,1100,V11 SPORT NAKED,Routière / GT,2,2002,37,3,1,2000,7,,,,,,,,,,,,,,,,,,,,,,,,,,,,,,,,,,14000,3,4,,,,,,,,NRP,NRP,NRP,NRP,1994,NRP,NRP,2006,NRP,,,
1489,4504,,1,1,4,1974,,,,,0,4,,,,,,0,2,,,,,,0,2,,,,,,0,3,,,,,,0,2,,,,,,0,2,,,,,,1,4,1970,,,,,1,4,1972,,,,,0,2,,,,,,1,3,1971,,,,,0,2,,,,,,1,3,1972,,,,,0,2,,,,,,0,,5,,,,,,,,,,,,,,,,,,2,2,46,1,1,1,1974,,,,,,,,,,,,,,,,,,,,,,,,,,,,,,,,,,,,,,,,,,,,,,,,,,,,,,,,,,,,,,,,,,,,,,,,,,,,,,,,,,,,,,,,,,,,,,,,,,,,,,,,,,,,,,,,,,,,,,,,,,,,,,,,,,,,,,,,,,,,,,,,,,,,,,,,,,,,,,04MAY1951,9,1,3,2,2,3,,NRP,,,,1,0,0,2,0,2,ROYAL ENFIELD,500,BULLET DELUXE,ROADSTER,2,2006,37,2,1,10000,7,KAWASAKI,650,W650,ROADSTER,2,1999,37,2,1,10000,7,,,,,,,,,,,,,,,,,,,,,,,,,,,,,,,,,,20000,2,3,4,,,,,,,NRP,NRP,NRP,1968,1968,NRP,NRP,1969,NRP,,,
1108,4505,,1,0,3,,,,,,0,5,,,,,,1,5,2011,,,,,1,2,1978,,,,,0,3,,,,,,0,3,,,,,,0,2,,,,,,0,5,,,,,,1,3,1982,,,,,0,4,,,,,,0,3,,,,,,0,2,,,,,,0,2,,,,,,0,2,,,,,,1,1,4,1976,,,,,Montauban,,,,,J'ai percuté un véhicule qui sortait de sa place de stationnement.,,,,,0,0,2,3,35,1,11,3,2011,,,,,,,,,,,,,,,,,,,,,,,,,,,,,,,,,,,,,,,,,,,,,,,,,,,,,,,,,,,,,,,,,,,,,,,,,,,,,,,,,,,,,,,,,,,,,,,,,,,,,,,,,,,,,,,,,,,,,,,,,,,,,,,,,,,,,,,,,,,,,,,,,,,,,,,,,,,,,,27APR1960,5,1,3,2,2,3,,NRP,,,,1,0,0,2,0,2,TRIUMPH,955,SPRINT RS,Routière / GT,2,2001,37,2,2,10000,7,YAMAHA,125,DTMX,TRAIL / SUPERMOTARD,2,1986,37,4,1,1000,7,,,,,,,,,,,,,,,,,,,,,,,,,,,,,,,,,,11000,2,3,4,,,,,,,NRP,NRP,NRP,1976,1978,NRP,NRP,1979,NRP,,,
2172,4507,,1,0,6,,,,,,0,3,,,,,,0,4,,,,,,0,1,,,,,,0,5,,,,,,0,5,,,,,,0,2,,,,,,1,5,1986,,,,,1,5,1986,,,,,0,5,,,,,,0,5,,,,,,0,1,,,,,,0,4,,,,,,1,5,1986,,,,,0,,3,,,,,,,,,,,,,,,,,,2,0,30,1,66,14,1986,,,,,,,,,,,,,,,,,,,,,,,,,,,,,,,,,,,,,,,,,,,,,,,,,,,,,,,,,,,,,,,,,,,,,,,,,,,,,,,,,,,,,,,,,,,,,,,,,,,,,,,,,,,,,,,,,,,,,,,,,,,,,,,,,,,,,,,,,,,,,,,,,,,,,,,,,,,,,,19DEC1966,7,2,3,2,4,4,2,NRP,,,,2,0,0,2,0,2,SUZUKI,650,GSX-F,Routière / GT,2,2009,10,1,2,12000,AUT|sous un apenti attenant à la maison,APRILIA,750,SHIVER,ROADSTER,2,2010,28,2,1,6500,AUT|apenti attenant à la maison,,,,,,,,,,,,,,,,,,,,,,,,,,,,,,,,,,18500,3,4,9,,,,,,,NRP,NRP,NRP,NRP,1985,NRP,1985,1986,NRP,,,
1125,4508,394,1,0,1,,,,,,0,2,,,,,,0,3,,,,,,0,2,,,,,,0,2,,,,,,0,3,,,,,,0,1,,,,,,0,3,,,,,,1,3,2004,,,,,0,4,,,,,,0,3,,,,,,0,2,,,,,,0,2,,,,,,1,3,2005,,,,,0,,2,,,,,,,,,,,,,,,,,,2,0,12,1,41,9,2004,,2004,"Vous avez fait une sortie de route, une perte de contrôle ou une glissade sans rien percuter.",5,,,,,,,"En hiver, après des chutes de neiges, première partie du parcours parfaitement déneigée, principalement sur l'A16, vitesse environ 90 km/h sur l'autoroute humide, puis l'autoroute devient nationale et celle-ci n'a pas été traitée. Il y a une épaisseur de neige fondu qui est devenu verglas qui apparait en quelques mètres. Une voiture freine devant, ce qui ne laisse pas d'autre choix que freiner à mon tour. Mon Zephyr de l'époque n'a pas d'ABS, et c'est la perte de l'avant. Je glisse avec la moto sur 50 mètres, tout en surveillant qu'un autre véhicule n'arrive pas derrière moi.",Le verglas sur la route alors qu'elle était parfaitement déneigée quelques mètres avant. Et le véhicule devant qui freine ne donnant pas la possibilité de laissé la moto ralentir tranquillement afin de reprendre une allure plus adaptée à la situation.,Décélération Freinage Perte de l'avant,NRP,0,,,Enchainement imprévisible.,2,0,,,,,,2,3,6,,,,,,1,3,,,2,,Du verglas sous mes roues en quelques mètres,4,3,,,2,1,3,4,1,1,2,1,1,4,4,4,4,1,5,,,,,,,,1,3,7,AUT|Chaussée non traitée,,,,,,2,2,,2,1,2,3,15,5,0,30,50,2,,,,,,2,2,3,,,1,,,,,,,,,,,1,3,1,1,0,70,1,2,3,4,9,,,,,,4,4,4,4,4,4,KAWASAKI,750,ZEPHYR,ROADSTER,2,1,1,1,1,1,1,1,1,1,1,35000,12,4,0,,,,,,,,14NOV1974,5,2,3,2,3,4,1,NRP,,,,2,0,1,1,0,1,HONDA,1200,VFR-F,Routière / GT,2,2011,22,1,2,16000,7,,,,,,,,,,,,,,,,,,,,,,,,,,,,,,,,,,,,,,,,,,,,,16000,4,3,,,,,,,,NRP,NRP,NRP,NRP,1997,NRP,NRP,1994,NRP,,,
2110,4509,,1,0,3,,,,,,0,5,,,,,,0,3,,,,,,0,2,,,,,,0,3,,,,,,0,2,,,,,,0,3,,,,,,0,3,,,,,,1,4,1973,,,,,0,5,,,,,,0,4,,,,,,0,2,,,,,,0,5,,,,,,0,3,,,,,,1,1,2,2013,,,,,Saint Jean (31),,,,,"Feu rouge avec un tourne à gauche, la voie de droite sert à aller tout droit et à tourner à droite. Le véhicule arrêté sur le tourne à gauche a mis son clignotant gauche. Je suis sur la file de droite derrière une automobile arrêtée et je transporte mon épouse. Le feu passe au vert, je suis le véhicule qui me précède et qui démarre très calmement. Soudain le véhicule qui était sur la gauche me coupe la route et me serre contre le trottoir droit au moment ou je venais de remettre mon pied gauche sur le repose pied. Pas de chute, pas de blessé mais beaucoup de tôle pliée et du plastique cassé et une très grosse frayeur. Morale de l'histoire, la personne rentrait chez elle sur le coté gauche, elle avait oublié le pain et la boulangerie était du coté droit !",,,,,0,0,10,8,43,1,71,15,2013,Saint Jean (31),,,,,,,,,,,,,,,,,,,,,,,,,,,,,,,,,,,,,,,,,,,,,,,,,,,,,,,,,,,,,,,,,,,,,,,,,,,,,,,,,,,,,,,,,,,,,,,,,,,,,,,,,,,,,,,,,,,,,,,,,,,,,,,,,,,,,,,,,,,,,,,,,,,,,,,,,,,,,19FEB1952,5,1,3,2,2,3,,NRP,,,,2,0,0,3,0,3,SUZUKI,125,GT,ROADSTER,2,1976,37,3,1,1000,4,MOTO GUZZI,1000,SP,Routière / GT,2,1980,37,3,1,3000,4,YAMAHA,1300,FJR,Routière / GT,2,2003,37,3,1,8000,4,,,,,,,,,,,,,,,,,,,,,,,12000,2,3,4,,,,,,,NRP,NRP,NRP,1969,1972,NRP,NRP,1970,NRP,,,
1448,4510,,1,0,4,,,,,,0,5,,,,,,0,5,,,,,,0,3,,,,,,1,5,1978,,,,,0,3,,,,,,0,3,,,,,,0,4,,,,,,1,4,1983,,,,,0,3,,,,,,0,3,,,,,,0,3,,,,,,0,4,,,,,,0,3,,,,,,0,,2,,,,,,,,,,,,,,,,,,3,4,30,1,41,9,1983,,,,,,,,,,,,,,,,,,,,,,,,,,,,,,,,,,,,,,,,,,,,,,,,,,,,,,,,,,,,,,,,,,,,,,,,,,,,,,,,,,,,,,,,,,,,,,,,,,,,,,,,,,,,,,,,,,,,,,,,,,,,,,,,,,,,,,,,,,,,,,,,,,,,,,,,,,,,,,27MAR1961,7,1,3,2,3,4,1,NRP,,,,2,1,0,1,0,1,HONDA,1100,CBR-XX SUPER BLACKBIRD,Routière / GT,2,1999,37,1,2,13000,7,,,,,,,,,,,,,,,,,,,,,,,,,,,,,,,,,,,,,,,,,,,,,13000,2,3,4,,,,,,,NRP,NRP,NRP,1977,1979,NRP,NRP,1980,NRP,,,
2096,4511,,1,0,4,,,,,,0,4,,,,,,0,5,,,,,,0,3,,,,,,0,5,,,,,,0,4,,,,,,0,6,,,,,,0,5,,,,,,0,2,,,,,,0,6,,,,,,0,6,,,,,,0,2,,,,,,1,5,2012,,,,,0,4,,,,,,0,,1,,,,,,,,,,,,,,,,,,0,0,10,1,61,13,2012,,,,,,,,,,,,,,,,,,,,,,,,,,,,,,,,,,,,,,,,,,,,,,,,,,,,,,,,,,,,,,,,,,,,,,,,,,,,,,,,,,,,,,,,,,,,,,,,,,,,,,,,,,,,,,,,,,,,,,,,,,,,,,,,,,,,,,,,,,,,,,,,,,,,,,,,,,,,,,27SEP1967,5,1,3,2,3,2,2,NRP,,,,1,0,0,2,0,2,SUZUKI,650,V-STROM,TRAIL / SUPERMOTARD,2,2008,31,2,2,5000,7,KAWASAKI,650,ER-6  N,ROADSTER,2,2006,37,4,1,800,7,,,,,,,,,,,,,,,,,,,,,,,,,,,,,,,,,,5800,3,4,,,,,,,,NRP,NRP,NRP,NRP,1996,NRP,NRP,1985,NRP,,,
297,4512,,0,,,,,,,,,,,,,,,,,,,,,,,,,,,,,,,,,,,,,,,,,,,,,,,,,,,,,,,,,,,,,,,,,,,,,,,,,,,,,,,,,,,,,,,,,,,,,,,,,,,,,,,,,,,,,,,,,,,,,,,,,,,,,,,,,,,,,,,,,,,,,,,,,,,,,,,,,,,,,,,,,,,,,,,,,,,,,,,,,,,,,,,,,,,,,,,,,,,,,,,,,,,,,,,,,,,,,,,,,,,,,,,,,,,,,,,,,,,,,,,,,,,,,,,,,,,,,,,,,,,,,,,,,,,,,,,,,,,,,,,,,,,23DEC1980,7,1,3,2,3,4,1,NRP,,,,1,0,0,1,0,1,YAMAHA,1000,FZ-R EXUP,SPORTIVE,2,2005,37,2,1,7000,5,,,,,,,,,,,,,,,,,,,,,,,,,,,,,,,,,,,,,,,,,,,,,7000,3,4,,,,,,,,NRP,NRP,NRP,NRP,2009,NRP,NRP,1999,NRP,,,