Ligne,Ligne Q qualif,Ligne approfondissement Accident,ACCIDENT,NBACC1,ACCFREQUENCE1,ANNEEACC1_1,ANNEEACC1_2,ANNEEACC1_3,ANNEEACC1_4,ANNEEACC1_5,NBACC2,ACCFREQUENCE2,ANNEEACC2_1,ANNEEACC2_2,ANNEEACC2_3,ANNEEACC2_4,ANNEEACC2_5,NBACC3,ACCFREQUENCE3,ANNEEACC3_1,ANNEEACC3_2,ANNEEACC3_3,ANNEEACC3_4,ANNEEACC3_5,NBACC4,ACCFREQUENCE4,ANNEEACC4_1,ANNEEACC4_2,ANNEEACC4_3,ANNEEACC4_4,ANNEEACC4_5,NBACC5,ACCFREQUENCE5,ANNEEACC5_1,ANNEEACC5_2,ANNEEACC5_3,ANNEEACC5_4,ANNEEACC5_5,NBACC6,ACCFREQUENCE6,ANNEEACC6_1,ANNEEACC6_2,ANNEEACC6_3,ANNEEACC6_4,ANNEEACC6_5,NBACC7,ACCFREQUENCE7,ANNEEACC7_1,ANNEEACC7_2,ANNEEACC7_3,ANNEEACC7_4,ANNEEACC7_5,NBACC8,ACCFREQUENCE8,ANNEEACC8_1,ANNEEACC8_2,ANNEEACC8_3,ANNEEACC8_4,ANNEEACC8_5,NBACC9,ACCFREQUENCE9,ANNEEACC9_1,ANNEEACC9_2,ANNEEACC9_3,ANNEEACC9_4,ANNEEACC9_5,NBACC10,ACCFREQUENCE10,ANNEEACC10_1,ANNEEACC10_2,ANNEEACC10_3,ANNEEACC10_4,ANNEEACC10_5,NBACC11,ACCFREQUENCE11,ANNEEACC11_1,ANNEEACC11_2,ANNEEACC11_3,ANNEEACC11_4,ANNEEACC11_5,NBACC12,ACCFREQUENCE12,ANNEEACC12_1,ANNEEACC12_2,ANNEEACC12_3,ANNEEACC12_4,ANNEEACC12_5,NBACC13,ACCFREQUENCE13,ANNEEACC13_1,ANNEEACC13_2,ANNEEACC13_3,ANNEEACC13_4,ANNEEACC13_5,NBACC14,ACCFREQUENCE14,ANNEEACC14_1,ANNEEACC14_2,ANNEEACC14_3,ANNEEACC14_4,ANNEEACC14_5,AUTRESACC,NBAUTRESACC,TOTAL_AC,ANNEEAUTREACC1,ANNEEAUTREACC2,ANNEEAUTREACC3,ANNEEAUTREACC4,ANNEEAUTREACC5,LIEUAUTREACC1,LIEUAUTREACC2,LIEUAUTREACC3,LIEUAUTREACC4,LIEUAUTREACC5,DESCRIPTIONAUTRESACC1,DESCRIPTIONAUTRESACC2,DESCRIPTIONAUTRESACC3,DESCRIPTIONAUTRESACC4,DESCRIPTIONAUTRESACC5,NBAUTRESACCCIRCUIT,NBAUTRESTOUTTERRAIN,EXPCYCLO,EXP125,EXPSUP125,ACCORDNEXTQ,CHOIXACC,RGPMTACC,RECUPANNEE,RECUPLIEU,RECUPANNE,RGPMTAC,CHOIX1,CHOIX2,CHOIX3,CHOIX4,CHOIX5,CHOIX6,CHOIX7,DESCRIPTION,RUPTURE,FAITS,ABS_REACTION,AUTRE_REACTION,PRECISIONREACTIONOUI,RECUL,PRECISIONREACTIONNON,IMPACTCOMPORTEMENT,AUTREUSAGER,REACTIONAUTREUSAGER,CONNAISSANCEREACTIONUSAGER,DIFFICULTES,AGGRAVATION,DIFFICULTES2,EMOTIONS1,EMOTIONS2,EMOTIONS3,EMOTIONS4,EMOTIONS5,EMOTIONS6,AUTRESENTIMENT,CLASSEMENTEMOTIONS1,CLASSEMENTEMOTIONS,CLASSEMENTEMOTIONS5,CLASSEMENTEMOTIONS6,CLASSEMENTEMOTIONS7,CLASSEMENTEMOTIONS8,CLASSEMENTEMOTIONS9,EXPLICATIONRESSENTI,BIENEQUIPE,ALLURE,ALLUREVITEDETAIL,ALLURELENTEDETAIL,SITUATIONPRESSE,SITUATIONDISTRAIT,SITUATIONCONFIANT,SITUATIONCONTROLE,SITUATIONLUDIQUE,SITUATIONPERF,SITUATIONSTRESS,SITUATIONFATIGUE,HUMEURNEUTRE,HUMEURGAI,HUMEURMECONTENT,HUMEURTRISTE,HUMEURCOLERE,CONTRIBUTION1,CONTRIBUTION2,CONTRIBUTION3,CONTRIBUTION4,CONTRIBUTION5,CONTRIBUTION6,CONTRIBUTION7,CONTRIBUTION8,CONTRIBUTION9,ROLEINFRA,ELEMENTINFRA1,ELEMENTINFRA2,ELEMENTINFRA3,ELEMENTINFRA4,ELEMENTINFRA5,ELEMENTINFRA6,ELEMENTINFRA7,ELEMENTINFRA8,ELEMENTINFRA9,ALCOOL,TXALCOOL,STUP,SEMAINE,MOMENTJOURNEE,TEMPS,CAUSEACC1,CAUSEACC2,CAUSEACC3,CAUSEACC4,CAUSEACC5,FORMATIONCAUSE,FORMATION1,FORMATION2,FORMATION3,FORMATION4,FORMATION5,TRAFIC,CHAUSSEE1,CHAUSSEE2,CHAUSSEE3,CHAUSSEE4,TYPEACC,BLESSURE,TETE,COU,THORAX,MEMBRESSUP,COLONNE,BASSIN,MEMBRESINF,HOPITAL,PLUS24H,TRAJET,TYPEROUTE,MOTIF,SENSTRAJET,PASSAGER,VITESSE,DESCEQ1,DESCEQ2,DESCEQ3,DESCEQ4,DESCEQ5,DESCEQ6,DESCEQ7,DESCEQ8,DESCEQ9,DESCEQ10,VEHICULEETE,VEHICULEAUTOMNE,VEHICULEPRINTEMPS,VEHICULEHIVER,VEHICULESEMAINE,VEHICULEWE,VEHMARQUE,VEHCYLINDREE,VEHMODELE,VEHSEGMENT,VEHSIDE,EQ2RMABS,EQ2RMCBS,EQ2RMABSCBS,EQ2RMREGULATEUR,EQ2RMLIMITEUR,EQ2RMPHARESDIRECT,EQ2RMCOUPURE,EQ2RMANTIPATINAGE,EQ2RMANTIXHEELING,EQ2RMSTABILILTE,VEHKM,POINTS,DUREE,AUTRE2RM,VEHPRECMARQUE,VEHPRECCYLINDREE,VEHPRECMODELE,VEHPRECSEGMENT,VEHPRECSIDE,TEMPS2RMPREC,FREQVEHPREC,DATE_NAISS,CSP,SOCIETAIRE,SALARIE,SECTEUR2RM,NBPERSFOYER,SITFAM,NBENF,TRNBENF1,TRNBENF2,TRNBENF3,TRNBENF4,NBAUTOFOYER,NBCYCLOFOYER,NBSCOOTFOYER,NBMOTOFOYER,NBTRIKEFOYER,NB2RMCONDUIT,MARQUE1,CYLINDREE1,MODELE1,SEGMENT1,SIDE1,ANMISECIRCU1,ASS1,FREQ1,USAGE1,NBKM1,GARAGE1,MARQUE2,CYLINDREE2,MODELE2,SEGMENT2,SIDE2,ANMISECIRCU2,ASS2,FREQ2,USAGE2,NBKM2,GARAGE2,MARQUE3,CYLINDREE3,MODELE3,SEGMENT3,SIDE3,ANMISECIRCU3,ASS3,FREQ3,USAGE3,NBKM3,GARAGE3,MARQUE4,CYLINDREE4,MODELE4,SEGMENT4,SIDE4,ANMISECIRCU4,ASS4,FREQ4,USAGE4,NBKM4,GARAGE4,MARQUE5,CYLINDREE5,MODELE5,SEGMENT5,SIDE5,ANMISECIRCU5,ASS5,FREQ5,USAGE5,NBKM5,GARAGE5,NBKMTOT,PERMIS1,PERMIS2,PERMIS3,PERMIS4,PERMIS5,PERMIS6,PERMIS7,PERMIS8,PERMIS9,ANPERMIS1,ANPERMIS6,ANPERMIS7,ANPERMIS2,ANPERMIS3,ANPERMIS8,ANPERMIS9,ANPERMIS4,ANPERMIS5,,,
181,4514,,0,,,,,,,,,,,,,,,,,,,,,,,,,,,,,,,,,,,,,,,,,,,,,,,,,,,,,,,,,,,,,,,,,,,,,,,,,,,,,,,,,,,,,,,,,,,,,,,,,,,,,,,,,,,,,,,,,,,,,,,,,,,,,,,,,,,,,,,,,,,,,,,,,,,,,,,,,,,,,,,,,,,,,,,,,,,,,,,,,,,,,,,,,,,,,,,,,,,,,,,,,,,,,,,,,,,,,,,,,,,,,,,,,,,,,,,,,,,,,,,,,,,,,,,,,,,,,,,,,,,,,,,,,,,,,,,,,,,,,,,,,,,05FEB1958,7,1,3,2,1,1,,NRP,,,,1,1,1,0,0,1,HONDA,125,"SH ""SCOOPY""",SCOOTER,2,2007,37,2,1,6000,7,,,,,,,,,,,,,,,,,,,,,,,,,,,,,,,,,,,,,,,,,,,,,6000,4,3,,,,,,,,NRP,NRP,NRP,NRP,1977,NRP,NRP,1977,NRP,,,
478,4515,,1,0,5,,,,,,0,5,,,,,,0,5,,,,,,0,4,,,,,,1,5,2011,,,,,0,5,,,,,,0,4,,,,,,0,3,,,,,,1,5,2010,,,,,0,4,,,,,,0,3,,,,,,0,6,,,,,,2,6,2010,2011,,,,0,3,,,,,,0,,4,,,,,,,,,,,,,,,,,,0,2,27,1,21,5,2011,,,,,,,,,,,,,,,,,,,,,,,,,,,,,,,,,,,,,,,,,,,,,,,,,,,,,,,,,,,,,,,,,,,,,,,,,,,,,,,,,,,,,,,,,,,,,,,,,,,,,,,,,,,,,,,,,,,,,,,,,,,,,,,,,,,,,,,,,,,,,,,,,,,,,,,,,,,,,,25MAR1966,6,2,3,2,3,4,1,NRP,,,,1,0,0,1,0,1,HONDA,1000,VARADERO,TRAIL / SUPERMOTARD,2,1997,2,2,1,15000,4,,,,,,,,,,,,,,,,,,,,,,,,,,,,,,,,,,,,,,,,,,,,,15000,2,3,4,,,,,,,NRP,NRP,NRP,1984,1988,NRP,NRP,1984,NRP,,,
1279,4516,160,1,0,4,,,,,,1,4,2002,,,,,0,4,,,,,,0,1,,,,,,0,5,,,,,,0,3,,,,,,0,4,,,,,,0,3,,,,,,1,5,2007,,,,,0,2,,,,,,0,5,,,,,,0,2,,,,,,0,2,,,,,,0,2,,,,,,1,2,4,1993,2004,,,,aulnay sous boi,campagne auverg,,,,"Je démarrais au feu vert, une ambulance a grillé le feu rouge et m'a percutée. Elle était à vide, le conducteur était juste pressé d'aller déjeuner. Il n'a mis la sirène qu'après m'avoir percutée.",J'ai freiné très fort pour éviter un chien errant et j'ai chuté. Traumatisme crânien avec perte de connaissance et les deux genoux ouverts.,,,,10,0,2,0,35,1,6,2,2002,,2002,Vous circuliez derrière un véhicule. Ce véhicule a ralenti. Vous avez entrepris de dépasser ce véhicule par la gauche et celui-ci vous a coupé la route en tournant à gauche (ou en effectuant un œ tour,6,,,,,,,"Je circulais sur la deuxième voie, lorsqu'un camion qui se trouvait sur la première voie a brusquement fait demi-tour sans vérifier l'absence de véhicule, et alors que c'était interdit à cet endroit.   J'ai été percutée, ma tête a heurté la bordure de trottoir et j'ai été assommée.  J'ai eu la chance que des témoins aient assisté à la scène car le chauffeur de camion a déclaré qu'il ne m'avait pas vue mais que j'arrivais beaucoup trop vite. Très fort de savoir que je roulais vite alors même qu'il ne m'avait pas vue ! Et dans le coma bien sûr je ne pouvais pas me défendre.","L'élément c'est ce camion, je ne m'attendais pas du tout à cette manoeuvre et je n'ai pas pu l'éviter.","Je me souviens juste avoir essayé un évitement lorsque le camion m'a percutée. Après j'étais dans le coma, je me suis réveillée à l'hôpital.",NRP,0,,,"Lorsque vous vous trouvez à côté d'un énorme camion qui fait brutalement demi-tour, il est impossible d'éviter l'accident !",3,1,2,,"Il ne m'a pas vue c'est certain, il a dû juste regarder dans son rétro (et encore pas sûr) alors que je me trouvais a côté de lui",1,Il n'avait pas le droit d'effectuer un demi-tour à cet endroit. Il n'a pas vérifié si quelqu'un se trouvait là lorsqu'il a coupé les voies,3,6,,,,,,,,2,,,1,,Impossible d'effectuer un évitement dans cette situation puisque le véhicule vous coupe carrément la route.,4,3,,,1,1,4,4,1,1,1,1,1,4,4,4,4,10,,,,,,,,,2,,,,,,,,,2,2,,2,1,1,1,0,100,0,0,0,2,,,,,,2,1,,,,2,1,1,7,,,,,,1,1,1,1,1,1,0,40,1,10,2,3,4,7,,,,,4,4,4,4,4,4,HONDA,1100,PAN EUROPEAN ABS-TCS,Routière / GT,2,0,0,0,1,1,1,1,0,1,1,30000,12,4,1,HONDA,650,DOMINATOR,TRAIL / SUPERMOTARD,null,4,4,27NOV1961,7,1,3,1,3,4,1,NRP,,,,2,0,0,1,0,1,HONDA,650,FMX SM,TRAIL / SUPERMOTARD,2,2006,37,3,2,4000,7,,,,,,,,,,,,,,,,,,,,,,,,,,,,,,,,,,,,,,,,,,,,,4000,3,4,,,,,,,,NRP,NRP,NRP,NRP,1979,NRP,NRP,1988,NRP,,,
2071,4518,,0,,,,,,,,,,,,,,,,,,,,,,,,,,,,,,,,,,,,,,,,,,,,,,,,,,,,,,,,,,,,,,,,,,,,,,,,,,,,,,,,,,,,,,,,,,,,,,,,,,,,,,,,,,,,,,,,,,,,,,,,,,,,,,,,,,,,,,,,,,,,,,,,,,,,,,,,,,,,,,,,,,,,,,,,,,,,,,,,,,,,,,,,,,,,,,,,,,,,,,,,,,,,,,,,,,,,,,,,,,,,,,,,,,,,,,,,,,,,,,,,,,,,,,,,,,,,,,,,,,,,,,,,,,,,,,,,,,,,,,,,,,,19JUL1964,8,1,3,2,4,4,2,NRP,,,,3,0,0,2,0,1,KAWASAKI,750,Z 750-N IE,ROADSTER,2,2011,37,2,1,9000,4,,,,,,,,,,,,,,,,,,,,,,,,,,,,,,,,,,,,,,,,,,,,,9000,3,4,,,,,,,,NRP,NRP,NRP,NRP,2011,NRP,NRP,1982,NRP,,,
173,4521,,0,,,,,,,,,,,,,,,,,,,,,,,,,,,,,,,,,,,,,,,,,,,,,,,,,,,,,,,,,,,,,,,,,,,,,,,,,,,,,,,,,,,,,,,,,,,,,,,,,,,,,,,,,,,,,,,,,,,,,,,,,,,,,,,,,,,,,,,,,,,,,,,,,,,,,,,,,,,,,,,,,,,,,,,,,,,,,,,,,,,,,,,,,,,,,,,,,,,,,,,,,,,,,,,,,,,,,,,,,,,,,,,,,,,,,,,,,,,,,,,,,,,,,,,,,,,,,,,,,,,,,,,,,,,,,,,,,,,,,,,,,,,01FEB1966,7,2,3,2,5,4,3,NRP,,,,2,2,0,1,0,1,YAMAHA,850,TDM,ROADSTER,2,1992,40,3,2,6000,7,,,,,,,,,,,,,,,,,,,,,,,,,,,,,,,,,,,,,,,,,,,,,6000,3,4,,,,,,,,NRP,NRP,NRP,NRP,2003,NRP,NRP,1985,NRP,,,
1071,4522,,1,0,5,,,,,,0,3,,,,,,0,5,,,,,,0,2,,,,,,0,5,,,,,,0,2,,,,,,0,3,,,,,,0,4,,,,,,1,4,NSP,,,,,0,3,,,,,,0,5,,,,,,0,5,,,,,,0,5,,,,,,2,4,NSP,2013,,,,1,1,4,2008,,,,,perpignan,,,,,Arrêtée au feu tricolore rouge et percutée par l'arrière par un 4 X 4,,,,,0,0,0,0,36,0,,NRP,,,,,,,,,,,,,,,,,,,,,,,,,,,,,,,,,,,,,,,,,,,,,,,,,,,,,,,,,,,,,,,,,,,,,,,,,,,,,,,,,,,,,,,,,,,,,,,,,,,,,,,,,,,,,,,,,,,,,,,,,,,,,,,,,,,,,,,,,,,,,,,,,,,,,,,,,,,,,,,23APR1958,7,1,3,2,2,3,,NRP,,,,1,0,0,2,0,2,DUCATI,1100,MONSTER EVO,ROADSTER,2,2012,37,1,1,10000,7,DUCATI,796,MONSTER,ROADSTER,2,2010,37,1,1,10000,7,,,,,,,,,,,,,,,,,,,,,,,,,,,,,,,,,,20000,3,4,,,,,,,,NRP,NRP,NRP,NRP,1978,NRP,NRP,1994,NRP,,,
425,4527,331,1,1,3,1991,,,,,0,2,,,,,,0,2,,,,,,0,1,,,,,,0,1,,,,,,0,2,,,,,,0,2,,,,,,0,4,,,,,,1,5,1990,,,,,0,1,,,,,,0,2,,,,,,0,1,,,,,,1,3,1989,,,,,0,2,,,,,,0,,3,,,,,,,,,,,,,,,,,,1,0,25,1,61,13,1989,,1989,Vous circuliez derrière un véhicule. Ce véhicule a freiné ou a ralenti et vous lavez percuté par larrière.,2,,,,,,,"C'est pour moi un accident de manque d'expérience : circulation très dense en voie de gauche sur périph', tunnel, freinage car accident déjà existant sur voie centrale (suite à freinage auparavant entre 2 voitures...), donc réduction des distances de sécurité par effet accordéon, puis 2e freinage de la voiture devant moi (pour mieux regarder l'accident sur la file à droite ?) mais je me suis fait surprendre et touché l'arrière de la voiture avec la roue avant, et instantanément par terre, puis glissade... et fuite de la voiture alors même qu'il n'était pas en tort... mais m'a-t-il même senti ? Donc toujours surveiller ce qui nous entoure !!!","manque de distance et de vigilance sur le freinage devant moi (trop ""habitué"" aux distances courtes à Paris) et sans doute aussi manque d'expérience pour rattraper un déséquilibre...","J'ai vu les stops s'allumer devant moi et tenté de freiner mais trop court et petit choc de ma roue avant dans le pare choc de la voiture devant, puis glissade au sol jusqu'au rail de sécurité. La voiture incriminée est partie mais je bloquais ma voie donc les 2 suivants m'ont aidé à me relever ainsi que la moto. Je me suis mis sur la voie centrale déjà bloquée, détordue la pédale de frein, regardé les dégâts puis reparti... Tout pour moi a priori, je n'avais même pas fait jouer d'assurance, pourtant sur une moto neuve (2-3mois)",NRP,1,"mieux surveiller la voiture devant car plus de distance de sécurité, et reprendre plus vite cette distance de sécurité et donc avoir le temps de ralentir assez. Peut-être aussi rouler décaler et pas au milieu de la voie pour tenter un évitement ?","manque d'expérience, avant que ça n'arrive, je n'avais pas intégré que ça pouvait se passer comme ça (pas assez méfiant des ""autres"", je n'imaginais pas un 2e freinage) et qu'on pouvait aussi rattraper qqchose... mais dans la même situation aujourd'hui je ne sais pas si je pourrai tenir la moto !",,2,1,2,,il devait aussi être peu concentré et regarder l'accident sur la fil de droite,NSP,avait-il la capacité à moins ralentir ? ou moins brusquement ? Je ne me rappelle pas (ou ne pouvait pas voir) ce qui se passait devant lui !,2,6,,,,,,,1,,,,2,,"plutôt stupeur, mais simplement parce que je ne m'attendais pas à ce qui est arrivé (le 2e freinage)",3,3,,,2,3,4,3,1,1,1,1,1,4,4,4,4,4,5,7,,,,,,,2,,,,,,,,,2,2,,2,1,1,1,90,10,0,0,0,1,1,4,"AUT|peu de circulation en ""bouchon""",,,3,1,,,,2,1,7,,,,,,,0,,1,4,1,1,0,20,1,10,2,4,,,,,,,4,4,4,4,4,4,YAMAHA,750,XTZ SUPER TENERE,TRAIL / SUPERMOTARD,2,1,1,1,1,1,1,1,1,1,1,5000,12,1,0,,,,,,,,02FEB1969,4,1,3,2,3,4,1,NRP,,,,3,0,0,9,0,8,YAMAHA,1200,XTZ SUPER TENERE,TRAIL / SUPERMOTARD,2,2010,37,3,1,10000,4,YAMAHA,750,SUPER TENERE (XTZ),TRAIL / SUPERMOTARD,2,1989,37,4,1,1000,7,YAMAHA,600,XTZ TENERE,TRAIL / SUPERMOTARD,2,1986,37,4,1,2500,7,YAMAHA,450,WR-F,"TOUT TERRAIN (TRIAL, ENDURO, CROSS)",2,2003,37,4,1,0,7,HRD,250,ENDURO,"TOUT TERRAIN (TRIAL, ENDURO, CROSS)",2,2000,37,4,1,200,7,13700,2,3,4,,,,,,,NRP,NRP,NRP,1988,1988,NRP,NRP,1987,NRP,,,
899,4528,,0,,,,,,,,,,,,,,,,,,,,,,,,,,,,,,,,,,,,,,,,,,,,,,,,,,,,,,,,,,,,,,,,,,,,,,,,,,,,,,,,,,,,,,,,,,,,,,,,,,,,,,,,,,,,,,,,,,,,,,,,,,,,,,,,,,,,,,,,,,,,,,,,,,,,,,,,,,,,,,,,,,,,,,,,,,,,,,,,,,,,,,,,,,,,,,,,,,,,,,,,,,,,,,,,,,,,,,,,,,,,,,,,,,,,,,,,,,,,,,,,,,,,,,,,,,,,,,,,,,,,,,,,,,,,,,,,,,,,,,,,,,,20FEB1966,7,1,3,1,5,4,3,NRP,,,,3,0,0,2,0,2,YAMAHA,600,XTZ TENERE,TRAIL / SUPERMOTARD,2,1988,37,2,2,5500,7,HONDA,125,CBR,Routière / GT,2,2004,37,3,1,7500,7,,,,,,,,,,,,,,,,,,,,,,,,,,,,,,,,,,13000,4,9,,,,,,,,NRP,NRP,NRP,NRP,NRP,NRP,1984,1984,NRP,,,
1774,4529,,1,0,4,,,,,,0,5,,,,,,0,4,,,,,,0,2,,,,,,0,5,,,,,,0,3,,,,,,0,4,,,,,,0,5,,,,,,1,4,2010,,,,,0,4,,,,,,0,5,,,,,,0,4,,,,,,0,1,,,,,,1,4,2012,,,,,0,,2,,,,,,,,,,,,,,,,,,78,0,21,1,41,9,2010,,,,,,,,,,,,,,,,,,,,,,,,,,,,,,,,,,,,,,,,,,,,,,,,,,,,,,,,,,,,,,,,,,,,,,,,,,,,,,,,,,,,,,,,,,,,,,,,,,,,,,,,,,,,,,,,,,,,,,,,,,,,,,,,,,,,,,,,,,,,,,,,,,,,,,,,,,,,,,04JAN1965,8,2,3,2,2,3,,NRP,,,,2,0,0,1,0,1,DUCATI,1100,MULTISTRADA S,ROADSTER,2,2009,33,2,1,5000,7,,,,,,,,,,,,,,,,,,,,,,,,,,,,,,,,,,,,,,,,,,,,,5000,2,3,4,,,,,,,NRP,NRP,NRP,1994,1994,NRP,NRP,1983,NRP,,,
2122,4530,,1,0,2,,,,,,0,4,,,,,,0,2,,,,,,0,3,,,,,,0,5,,,,,,0,4,,,,,,0,2,,,,,,0,3,,,,,,0,4,,,,,,0,3,,,,,,0,3,,,,,,0,3,,,,,,0,4,,,,,,0,3,,,,,,1,1,1,2012,,,,,à la campagne,,,,,le motard que je suivais a été surpris par l'arrivée sur un stop et a tout pilé 50m avant le stop. Je l'ai évité mais me suis pris le bas-côté car pas assez de place pour passer.,,,,,0,0,4,2,5,1,71,15,2012,à la campagne,,,,,,,,,,,,,,,,,,,,,,,,,,,,,,,,,,,,,,,,,,,,,,,,,,,,,,,,,,,,,,,,,,,,,,,,,,,,,,,,,,,,,,,,,,,,,,,,,,,,,,,,,,,,,,,,,,,,,,,,,,,,,,,,,,,,,,,,,,,,,,,,,,,,,,,,,,,,,03JAN1966,7,1,3,2,2,3,,NRP,,,,2,0,0,2,0,1,KAWASAKI,650,VERSYS,ROADSTER,2,2007,37,2,1,5000,7,,,,,,,,,,,,,,,,,,,,,,,,,,,,,,,,,,,,,,,,,,,,,5000,3,4,,,,,,,,NRP,NRP,NRP,NRP,2010,NRP,NRP,1984,NRP,,,
2132,4531,,1,1,4,2011,,,,,0,4,,,,,,0,4,,,,,,0,4,,,,,,0,4,,,,,,0,4,,,,,,0,3,,,,,,0,3,,,,,,0,2,,,,,,0,4,,,,,,0,5,,,,,,0,4,,,,,,0,4,,,,,,0,2,,,,,,1,2,3,1979,2011,,,,ne sait pas,Perpignan,,,,voiture arrétée sur le bas côté d'une route nationale qui m'a brusquement coupé la route en effectuant un demi tour non autorisé,déjà décrit dans le questionnaire,,,,7,0,4,2,35,1,1,1,2011,,,,,,,,,,,,,,,,,,,,,,,,,,,,,,,,,,,,,,,,,,,,,,,,,,,,,,,,,,,,,,,,,,,,,,,,,,,,,,,,,,,,,,,,,,,,,,,,,,,,,,,,,,,,,,,,,,,,,,,,,,,,,,,,,,,,,,,,,,,,,,,,,,,,,,,,,,,,,,16SEP1962,5,1,3,2,3,4,1,NRP,,,,2,0,0,1,0,1,HONDA,1000,CB-F,ROADSTER,2,2011,37,1,2,6000,7,,,,,,,,,,,,,,,,,,,,,,,,,,,,,,,,,,,,,,,,,,,,,6000,3,4,,,,,,,,NRP,NRP,NRP,NRP,1980,NRP,NRP,1980,NRP,,,
973,4532,,1,0,3,,,,,,0,2,,,,,,0,5,,,,,,0,2,,,,,,0,3,,,,,,0,2,,,,,,0,2,,,,,,0,4,,,,,,1,4,1998,,,,,1,4,2005,,,,,0,5,,,,,,0,3,,,,,,0,3,,,,,,0,3,,,,,,1,1,3,1998,,,,,paris,,,,,arreté au feu rouge un vehicule m'a percuté par l arrière,,,,,0,0,0,0,20,0,,NRP,,,,,,,,,,,,,,,,,,,,,,,,,,,,,,,,,,,,,,,,,,,,,,,,,,,,,,,,,,,,,,,,,,,,,,,,,,,,,,,,,,,,,,,,,,,,,,,,,,,,,,,,,,,,,,,,,,,,,,,,,,,,,,,,,,,,,,,,,,,,,,,,,,,,,,,,,,,,,,,30MAY1971,5,1,3,2,4,4,2,NRP,,,,2,2,0,2,0,2,APRILIA,1000,TUONO STREET FIGHTER,ROADSTER,2,2003,37,3,1,5000,7,BMW,1000,R100RT,Routière / GT,2,1991,37,2,2,5000,7,,,,,,,,,,,,,,,,,,,,,,,,,,,,,,,,,,10000,3,4,,,,,,,,NRP,NRP,NRP,NRP,1995,NRP,NRP,1989,NRP,,,
1003,4535,145,1,0,4,,,,,,0,5,,,,,,0,6,,,,,,0,1,,,,,,0,5,,,,,,0,3,,,,,,0,5,,,,,,1,6,1989,,,,,2,6,1990,2000,,,,0,1,,,,,,0,5,,,,,,0,1,,,,,,0,4,,,,,,0,4,,,,,,0,,3,,,,,,,,,,,,,,,,,,26,0,0,1,36,8,1989,,1989,"Vous avez fait une sortie de route, une perte de contrôle ou une glissade puis avez percuté un obstacle fixe (panneau, arbre poteau ).",2,,,,,,,Sortie d'un virage. Ralentissement de la voiture devant moi. Freinage et blocage de la roue arrière. Déport sur la bas-côté de la route puis dans le fossé. Percussion du pont d'accès au champ sur le côté. Passage par-dessus la moto et atterrissage sur les fesses après un saut périlleux.,Freinage d'urgence et blocage de la roue arrière.,"Action qui se déroule très rapidement : Freinage d'urgence, puis déport dans le fossé et heurt du pont, puis je me retrouve en position assise par terre après avoir été éjecté de la moto. Les conducteurs des véhicules à l'arrêt à cause du ralentissement qui a occasionné mon freinage d'urgence viennent à mes côtés.",1,0,,,Laps de temps très court entre la détection de la situation d'uragence et la fin de l'action,2,0,,,,,,1,6,,,,,,2,,,,,1,,Situation incontrôlable. Rien à faire qui puisse modifier le déroulement de l'action en cours.,1,1,2,,1,2,3,2,3,1,1,1,3,3,4,4,4,1,4,5,7,8,,,,,2,,,,,,,,,2,2,,2,1,1,1,100,0,0,0,0,2,,,,,,3,1,,,,1,,,,,,,,,,,2,2,1,2,0,70,1,10,2,5,,,,,,,4,4,4,4,4,4,HONDA,500,XL-R,TRAIL / SUPERMOTARD,2,1,1,1,1,1,1,1,1,1,1,50000,12,3,0,,,,,,,,09MAR1970,5,2,3,2,5,4,3,NRP,,,,2,0,0,2,1,2,TRIUMPH,1050,TIGER ABS,ROADSTER,2,2009,28,2,2,10000,7,SUZUKI,650,SV-S,Routière / GT,2,2003,10,4,1,500,7,,,,,,,,,,,,,,,,,,,,,,,,,,,,,,,,,,10500,3,4,,,,,,,,NRP,NRP,NRP,NRP,1988,NRP,NRP,1990,NRP,,,
28,4536,,0,,,,,,,,,,,,,,,,,,,,,,,,,,,,,,,,,,,,,,,,,,,,,,,,,,,,,,,,,,,,,,,,,,,,,,,,,,,,,,,,,,,,,,,,,,,,,,,,,,,,,,,,,,,,,,,,,,,,,,,,,,,,,,,,,,,,,,,,,,,,,,,,,,,,,,,,,,,,,,,,,,,,,,,,,,,,,,,,,,,,,,,,,,,,,,,,,,,,,,,,,,,,,,,,,,,,,,,,,,,,,,,,,,,,,,,,,,,,,,,,,,,,,,,,,,,,,,,,,,,,,,,,,,,,,,,,,,,,,,,,,,,31DEC1977,5,1,3,2,1,1,,NRP,,,,1,0,0,3,0,3,SUZUKI,650,SV-N,ROADSTER,2,2001,37,3,1,3000,7,SCORPA,250,SY,"TOUT TERRAIN (TRIAL, ENDURO, CROSS)",2,2001,37,4,1,100,7,BUELL,1125,1125 CR,ROADSTER,2,2009,37,3,1,10000,7,,,,,,,,,,,,,,,,,,,,,,,13100,3,4,,,,,,,,NRP,NRP,NRP,NRP,2001,NRP,NRP,1996,NRP,,,