Ligne,Ligne Q qualif,Ligne approfondissement Accident,ACCIDENT,NBACC1,ACCFREQUENCE1,ANNEEACC1_1,ANNEEACC1_2,ANNEEACC1_3,ANNEEACC1_4,ANNEEACC1_5,NBACC2,ACCFREQUENCE2,ANNEEACC2_1,ANNEEACC2_2,ANNEEACC2_3,ANNEEACC2_4,ANNEEACC2_5,NBACC3,ACCFREQUENCE3,ANNEEACC3_1,ANNEEACC3_2,ANNEEACC3_3,ANNEEACC3_4,ANNEEACC3_5,NBACC4,ACCFREQUENCE4,ANNEEACC4_1,ANNEEACC4_2,ANNEEACC4_3,ANNEEACC4_4,ANNEEACC4_5,NBACC5,ACCFREQUENCE5,ANNEEACC5_1,ANNEEACC5_2,ANNEEACC5_3,ANNEEACC5_4,ANNEEACC5_5,NBACC6,ACCFREQUENCE6,ANNEEACC6_1,ANNEEACC6_2,ANNEEACC6_3,ANNEEACC6_4,ANNEEACC6_5,NBACC7,ACCFREQUENCE7,ANNEEACC7_1,ANNEEACC7_2,ANNEEACC7_3,ANNEEACC7_4,ANNEEACC7_5,NBACC8,ACCFREQUENCE8,ANNEEACC8_1,ANNEEACC8_2,ANNEEACC8_3,ANNEEACC8_4,ANNEEACC8_5,NBACC9,ACCFREQUENCE9,ANNEEACC9_1,ANNEEACC9_2,ANNEEACC9_3,ANNEEACC9_4,ANNEEACC9_5,NBACC10,ACCFREQUENCE10,ANNEEACC10_1,ANNEEACC10_2,ANNEEACC10_3,ANNEEACC10_4,ANNEEACC10_5,NBACC11,ACCFREQUENCE11,ANNEEACC11_1,ANNEEACC11_2,ANNEEACC11_3,ANNEEACC11_4,ANNEEACC11_5,NBACC12,ACCFREQUENCE12,ANNEEACC12_1,ANNEEACC12_2,ANNEEACC12_3,ANNEEACC12_4,ANNEEACC12_5,NBACC13,ACCFREQUENCE13,ANNEEACC13_1,ANNEEACC13_2,ANNEEACC13_3,ANNEEACC13_4,ANNEEACC13_5,NBACC14,ACCFREQUENCE14,ANNEEACC14_1,ANNEEACC14_2,ANNEEACC14_3,ANNEEACC14_4,ANNEEACC14_5,AUTRESACC,NBAUTRESACC,TOTAL_AC,ANNEEAUTREACC1,ANNEEAUTREACC2,ANNEEAUTREACC3,ANNEEAUTREACC4,ANNEEAUTREACC5,LIEUAUTREACC1,LIEUAUTREACC2,LIEUAUTREACC3,LIEUAUTREACC4,LIEUAUTREACC5,DESCRIPTIONAUTRESACC1,DESCRIPTIONAUTRESACC2,DESCRIPTIONAUTRESACC3,DESCRIPTIONAUTRESACC4,DESCRIPTIONAUTRESACC5,NBAUTRESACCCIRCUIT,NBAUTRESTOUTTERRAIN,EXPCYCLO,EXP125,EXPSUP125,ACCORDNEXTQ,CHOIXACC,RGPMTACC,RECUPANNEE,RECUPLIEU,RECUPANNE,RGPMTAC,CHOIX1,CHOIX2,CHOIX3,CHOIX4,CHOIX5,CHOIX6,CHOIX7,DESCRIPTION,RUPTURE,FAITS,ABS_REACTION,AUTRE_REACTION,PRECISIONREACTIONOUI,RECUL,PRECISIONREACTIONNON,IMPACTCOMPORTEMENT,AUTREUSAGER,REACTIONAUTREUSAGER,CONNAISSANCEREACTIONUSAGER,DIFFICULTES,AGGRAVATION,DIFFICULTES2,EMOTIONS1,EMOTIONS2,EMOTIONS3,EMOTIONS4,EMOTIONS5,EMOTIONS6,AUTRESENTIMENT,CLASSEMENTEMOTIONS1,CLASSEMENTEMOTIONS,CLASSEMENTEMOTIONS5,CLASSEMENTEMOTIONS6,CLASSEMENTEMOTIONS7,CLASSEMENTEMOTIONS8,CLASSEMENTEMOTIONS9,EXPLICATIONRESSENTI,BIENEQUIPE,ALLURE,ALLUREVITEDETAIL,ALLURELENTEDETAIL,SITUATIONPRESSE,SITUATIONDISTRAIT,SITUATIONCONFIANT,SITUATIONCONTROLE,SITUATIONLUDIQUE,SITUATIONPERF,SITUATIONSTRESS,SITUATIONFATIGUE,HUMEURNEUTRE,HUMEURGAI,HUMEURMECONTENT,HUMEURTRISTE,HUMEURCOLERE,CONTRIBUTION1,CONTRIBUTION2,CONTRIBUTION3,CONTRIBUTION4,CONTRIBUTION5,CONTRIBUTION6,CONTRIBUTION7,CONTRIBUTION8,CONTRIBUTION9,ROLEINFRA,ELEMENTINFRA1,ELEMENTINFRA2,ELEMENTINFRA3,ELEMENTINFRA4,ELEMENTINFRA5,ELEMENTINFRA6,ELEMENTINFRA7,ELEMENTINFRA8,ELEMENTINFRA9,ALCOOL,TXALCOOL,STUP,SEMAINE,MOMENTJOURNEE,TEMPS,CAUSEACC1,CAUSEACC2,CAUSEACC3,CAUSEACC4,CAUSEACC5,FORMATIONCAUSE,FORMATION1,FORMATION2,FORMATION3,FORMATION4,FORMATION5,TRAFIC,CHAUSSEE1,CHAUSSEE2,CHAUSSEE3,CHAUSSEE4,TYPEACC,BLESSURE,TETE,COU,THORAX,MEMBRESSUP,COLONNE,BASSIN,MEMBRESINF,HOPITAL,PLUS24H,TRAJET,TYPEROUTE,MOTIF,SENSTRAJET,PASSAGER,VITESSE,DESCEQ1,DESCEQ2,DESCEQ3,DESCEQ4,DESCEQ5,DESCEQ6,DESCEQ7,DESCEQ8,DESCEQ9,DESCEQ10,VEHICULEETE,VEHICULEAUTOMNE,VEHICULEPRINTEMPS,VEHICULEHIVER,VEHICULESEMAINE,VEHICULEWE,VEHMARQUE,VEHCYLINDREE,VEHMODELE,VEHSEGMENT,VEHSIDE,EQ2RMABS,EQ2RMCBS,EQ2RMABSCBS,EQ2RMREGULATEUR,EQ2RMLIMITEUR,EQ2RMPHARESDIRECT,EQ2RMCOUPURE,EQ2RMANTIPATINAGE,EQ2RMANTIXHEELING,EQ2RMSTABILILTE,VEHKM,POINTS,DUREE,AUTRE2RM,VEHPRECMARQUE,VEHPRECCYLINDREE,VEHPRECMODELE,VEHPRECSEGMENT,VEHPRECSIDE,TEMPS2RMPREC,FREQVEHPREC,DATE_NAISS,CSP,SOCIETAIRE,SALARIE,SECTEUR2RM,NBPERSFOYER,SITFAM,NBENF,TRNBENF1,TRNBENF2,TRNBENF3,TRNBENF4,NBAUTOFOYER,NBCYCLOFOYER,NBSCOOTFOYER,NBMOTOFOYER,NBTRIKEFOYER,NB2RMCONDUIT,MARQUE1,CYLINDREE1,MODELE1,SEGMENT1,SIDE1,ANMISECIRCU1,ASS1,FREQ1,USAGE1,NBKM1,GARAGE1,MARQUE2,CYLINDREE2,MODELE2,SEGMENT2,SIDE2,ANMISECIRCU2,ASS2,FREQ2,USAGE2,NBKM2,GARAGE2,MARQUE3,CYLINDREE3,MODELE3,SEGMENT3,SIDE3,ANMISECIRCU3,ASS3,FREQ3,USAGE3,NBKM3,GARAGE3,MARQUE4,CYLINDREE4,MODELE4,SEGMENT4,SIDE4,ANMISECIRCU4,ASS4,FREQ4,USAGE4,NBKM4,GARAGE4,MARQUE5,CYLINDREE5,MODELE5,SEGMENT5,SIDE5,ANMISECIRCU5,ASS5,FREQ5,USAGE5,NBKM5,GARAGE5,NBKMTOT,PERMIS1,PERMIS2,PERMIS3,PERMIS4,PERMIS5,PERMIS6,PERMIS7,PERMIS8,PERMIS9,ANPERMIS1,ANPERMIS6,ANPERMIS7,ANPERMIS2,ANPERMIS3,ANPERMIS8,ANPERMIS9,ANPERMIS4,ANPERMIS5,,,
1988,4540,,1,0,1,,,,,,1,5,1986,,,,,0,3,,,,,,0,2,,,,,,0,6,,,,,,0,4,,,,,,0,2,,,,,,0,5,,,,,,0,2,,,,,,0,5,,,,,,0,5,,,,,,0,1,,,,,,0,5,,,,,,0,4,,,,,,0,,1,,,,,,,,,,,,,,,,,,6,0,30,0,,NRP,,,,,,,,,,,,,,,,,,,,,,,,,,,,,,,,,,,,,,,,,,,,,,,,,,,,,,,,,,,,,,,,,,,,,,,,,,,,,,,,,,,,,,,,,,,,,,,,,,,,,,,,,,,,,,,,,,,,,,,,,,,,,,,,,,,,,,,,,,,,,,,,,,,,,,,,,,,,,,,15OCT1957,5,2,3,2,4,4,2,NRP,,,,3,0,0,2,0,2,GAS GAS,250,TRIAL,"TOUT TERRAIN (TRIAL, ENDURO, CROSS)",2,2005,31,3,1,200,7,BMW,1200,R1200GS ADVENTURE ABS,TRAIL / SUPERMOTARD,2,2007,31,2,1,15000,7,,,,,,,,,,,,,,,,,,,,,,,,,,,,,,,,,,15200,3,4,,,,,,,,NRP,NRP,NRP,NRP,1986,NRP,NRP,1977,NRP,,,
1084,4543,296,1,0,5,,,,,,0,5,,,,,,0,5,,,,,,0,2,,,,,,0,4,,,,,,0,5,,,,,,1,2,1981,,,,,0,3,,,,,,0,5,,,,,,0,2,,,,,,0,3,,,,,,0,1,,,,,,1,4,2010,,,,,0,4,,,,,,1,1,3,1977,,,,,FONTAINEBLEAU,,,,,Route moitié sur terrain militaire et moitié sur zone publique. Virage en grande courbe à la nuit tombante : Grille sur roue fermée dans le virage.,,,,,0,0,16,1,15,1,61,13,2010,,2010,Vous circuliez derrière un véhicule. Ce véhicule a freiné ou a ralenti et vous lavez percuté par larrière.,3,6,,,,,,"Retour d'une balade d'une journée.Environ 280 kms en routes viroleuses (Jura). J'arrive dans mon village, en fin de journée. Je ralentissais car une voiture devant moi semblait ralentir. J'ai ""profité"" de ce moment pour manipuler le bouton me permettant d'avoir accès à un des trip journalier pour voir précisément combien de kms nous avions fait. En vision périphérique, j'ai vu du rouge et me suis précipité sur mes freins, mais un poil trop tard : je percute la voiture sur l'arrière. La moto monte sur la roue avant (genre stoppy) puis revient sur ces 2 roues en restant dans l'axe. Je perd l'appui pied gauche et tombe latéralement. Fourche tordue, carénage abimé, rétro cassé. Quant à moi, juste une grosse frayeur. Si je parle de cette accident, c'est que je fais le lien avec le téléphone portable au volant. Une seconde pour appuyer sur le bouton du trip et c'est là que la voiture freine.","Distance de sécurité insuffisante, car j'avais ""perçu"" le rouge que j'ai immédiatement associé au stop de la voiture. Non distrait, je me serais arrêté, mais la seconde était de trop. (15 m à 50 km/h).","Précipitation sur les freins (AR & AV), verrouillage des bras pour rester dans l'axe : ce qui s'est produit. Pare-choc AR de la voiture enfoncé.Pas de personnes atteintes par ailleurs. La moto est revenue sur ses 2 roues. Je n'ai pas pu posé le pied correctement par terre, elle est donc tombée latéralement, moi avec mais sans mal.",NRP,0,,,"Distance de sécurité insuffisante, j'ai réagi dans l'ordre mais le manque de temps ne permettait pas de trouver d'autres solutions.",2,1,2,,S'arrête car un bus s'arrête devant lui et il ne m'a pas vu arrivé.,2,NRP,2,4,,,,,,,1,,2,,,,"Parce que je ne pensais pas ""voir"" la voiture si près de moi, ou plutôt moi si près de la voiture. J'ai eu le sentiment que la situation s'accélérait à la vision de la voiture.",4,3,,,1,4,3,4,1,1,1,2,1,4,4,4,4,4,,,,,,,,,2,,,,,,,,,2,2,,2,2,1,1,100,0,0,0,0,2,,,,,,2,1,,,,1,,,,,,,,,,,2,1,3,,0,40,1,2,3,4,9,,,,,,3,3,3,2,3,4,YAMAHA,1300,FJR ABS,Routière / GT,2,0,0,1,1,1,1,1,1,1,1,NSP,12,4,1,YAMAHA,1200,FJ,Routière / GT,2,3,3,25MAR1953,6,1,3,2,2,3,,NRP,,,,2,0,0,1,0,1,YAMAHA,1300,FJR,Routière / GT,2,2006,37,2,1,12000,7,,,,,,,,,,,,,,,,,,,,,,,,,,,,,,,,,,,,,,,,,,,,,12000,3,4,,,,,,,,NRP,NRP,NRP,NRP,1974,NRP,NRP,1972,NRP,,,
2148,4550,,0,,,,,,,,,,,,,,,,,,,,,,,,,,,,,,,,,,,,,,,,,,,,,,,,,,,,,,,,,,,,,,,,,,,,,,,,,,,,,,,,,,,,,,,,,,,,,,,,,,,,,,,,,,,,,,,,,,,,,,,,,,,,,,,,,,,,,,,,,,,,,,,,,,,,,,,,,,,,,,,,,,,,,,,,,,,,,,,,,,,,,,,,,,,,,,,,,,,,,,,,,,,,,,,,,,,,,,,,,,,,,,,,,,,,,,,,,,,,,,,,,,,,,,,,,,,,,,,,,,,,,,,,,,,,,,,,,,,,,,,,,,,02APR1966,7,2,3,2,3,4,1,NRP,,,,2,0,0,1,0,1,HONDA,1300,PAN EUROPEAN C-ABS,Routière / GT,2,2004,2,2,1,10000,7,,,,,,,,,,,,,,,,,,,,,,,,,,,,,,,,,,,,,,,,,,,,,10000,4,3,,,,,,,,NRP,NRP,NRP,NRP,1987,NRP,NRP,1984,NRP,,,
865,4551,142,1,0,6,,,,,,0,6,,,,,,0,6,,,,,,0,4,,,,,,0,6,,,,,,0,4,,,,,,0,6,,,,,,0,5,,,,,,2,6,1984,1992,,,,0,4,,,,,,0,6,,,,,,0,6,,,,,,0,5,,,,,,0,5,,,,,,1,1,3,1993,,,,,LYON,,,,,J'ai heurté par l'arrière un véhicule qui était mal placé dans un rond point.,,,,,2,0,38,36,35,1,41,9,1984,,1984,"Vous avez fait une sortie de route, une perte de contrôle ou une glissade sans rien percuter.",3,,,,,,,glissade sur un sol mouillié,Mauvaise adhérence. Freinage non maîtrisé.,J'ai freiné je suis tombé.,NRP,1,Mieux doser mon freinage. Augmenter ma distance de sécurité.,Manque de concentration.,,2,0,,,,,,2,,,,,,,,1,,,,,,NRP,4,1,2,,1,3,3,1,1,1,1,1,1,4,4,4,4,1,4,,,,,,,,1,3,,,,,,,,2,2,,2,1,1,2,80,0,0,10,10,2,,,,,,3,2,,,,1,,,,,,,,,,,1,2,3,,0,40,1,2,3,5,,,,,,,4,4,4,2,4,4,YAMAHA,350,RDLC,Routière / GT,2,1,1,1,1,1,1,1,1,1,1,12000,12,3,1,YAMAHA,500,XT,TRAIL / SUPERMOTARD,2,4,4,02FEB1961,7,2,3,1,2,3,,NRP,,,,1,0,0,1,0,4,KAWASAKI,1400,GTR,Routière / GT,2,2011,28,2,1,12000,7,KAWASAKI,650,ER-6  N,ROADSTER,2,2011,23,1,3,3000,7,YAMAHA,600,XJ6,ROADSTER,2,2011,23,1,3,3000,7,KAWASAKI,125,KLX,TRAIL / SUPERMOTARD,2,2010,23,2,3,1000,7,,,,,,,,,,,,19000,3,4,,,,,,,,NRP,NRP,NRP,NRP,1980,NRP,NRP,1979,NRP,,,
314,4552,482,1,1,3,1997,,,,,0,5,,,,,,0,6,,,,,,0,3,,,,,,1,6,2003,,,,,0,4,,,,,,0,3,,,,,,0,5,,,,,,0,4,,,,,,0,3,,,,,,0,6,,,,,,0,1,,,,,,0,2,,,,,,0,1,,,,,,1,1,3,2002,,,,,grabels,,,,,"dans une residence, voie de circulation principale, avec plusieurs voies perdendiculaires desservant des zones de parking, une voiture est sortie en marche arriere de sa place de parking et a continuer de reculer pour rejoindre et s'inserer sur la voie principale sur laquelle je circulais, me reculant litterralement dessus",,,,,4,0,2,8,10,1,21,5,2003,,2003,Vous circuliez sur un axe prioritaire. Un véhicule venant dun axe non prioritaire vous a coupé la route.,2,,,,,,,"Je partais au travail, dans une residence fermee aevc une voie principale et des voies perpendiculaires où se trouvent les places de parkings. Je circulais sur la voie centrale lorsqu'une voiture (genre express) est sortie d'une de ces voies pernediculaires EN MARCHE ARRIERE (à noter que les vitres arrieres etaient recouvertes d'un film blanc). Je n'ai pas pu eviter le choc. Heureusement etant dans une voie de circulation de residence fermee, je circulais a allure reduite et le choc ne fut pas tres violent. Quelques douleurs sur le coup, osculté dans la minute par le medecin qui habitait dans la residence, rien ne necessitant de soins particulier. La femme qui conduisait à tout de suite reconnu ses tords sans discuter; et heureusement car comme bien souvent le code de la route aurait pu jouer en ma defaveur du fait qu'elle faisait marche arriere et donc que j'ai percute l'arriere de son vehicule. Au pire il y avait un pieton qui aurait pu temoigner de la scene. Bref, j'ai eu de la chance en soi, mais cela aurait pu etre bien plus grave et tout simplement parce que quelqu'un n'a pas pris la peine d'etre responsable au volant (reculer sans vision et sans y preter attention).","comme dit dans le descriptif precedant: inconscience de la personne a reculer sans vision et sans attention, comme si elle etait seule au monde","des que j'ai vu la voiture s'engager sur la voie principale, j'ai freiné le plus fort possible. la voiture n'a arrete sa manoeuvre que lorsqu'elle a entendu le choc.",NRP,0,,,"la voiture est sortie sur la voie principale a quelques metres devant moi, a part de m'arreter SUR PLACE, le choc etait inevitable, et encore vu que la voiture manoeuvrait en marche arriere et ne s'est arretait qu'en entendant le choc, dans quelle mesure ne serait elle pas remonter jusqu'a ma hauteur",2,0,,,,,,6,9,,,,,de la colere face a l'inconscience de la personne,,,,,,1,2,"quoi que je fasse, le sort en etait jete",3,3,,,1,1,4,4,1,1,1,1,1,4,4,4,4,10,,,,,,,,,2,,,,,,,,,2,2,,2,1,1,1,0,100,0,0,0,2,,,,,,1,1,,,,2,1,4,7,,,,,,0,,1,AUT|dans une residence fermee,1,1,0,30,1,10,2,5,,,,,,,4,4,4,4,4,4,YAMAHA,125,DTLC,TRAIL / SUPERMOTARD,2,1,1,1,1,1,1,1,1,1,1,NSP,12,4,1,MZ,125,125 ETS,ROADSTER,2,2,4,18NOV1979,7,1,3,2,4,4,2,NRP,,,,2,0,0,2,0,2,YAMAHA,1000,R1 (YZF-R1),SPORTIVE,2,2004,37,2,2,4000,7,YAMAHA,1000,R1 (YZF-R1),SPORTIVE,2,2004,37,3,1,3000,7,,,,,,,,,,,,,,,,,,,,,,,,,,,,,,,,,,7000,2,3,4,,,,,,,NRP,NRP,NRP,1997,2004,NRP,NRP,1997,NRP,,,
1221,4554,,1,0,3,,,,,,0,3,,,,,,0,6,,,,,,0,3,,,,,,1,4,2013,,,,,1,4,2013,,,,,0,4,,,,,,0,3,,,,,,1,3,2008,,,,,1,5,2007,,,,,1,5,2007,,,,,0,4,,,,,,1,3,2013,,,,,0,4,,,,,,0,,6,,,,,,,,,,,,,,,,,,0,4,5,1,26,6,2013,,,,,,,,,,,,,,,,,,,,,,,,,,,,,,,,,,,,,,,,,,,,,,,,,,,,,,,,,,,,,,,,,,,,,,,,,,,,,,,,,,,,,,,,,,,,,,,,,,,,,,,,,,,,,,,,,,,,,,,,,,,,,,,,,,,,,,,,,,,,,,,,,,,,,,,,,,,,,,30AUG1981,5,2,3,2,4,4,2,NRP,,,,1,0,1,0,0,1,PIAGGIO,300,MP3 LT,SCOOTER,2,2010,31,1,2,15000,1,,,,,,,,,,,,,,,,,,,,,,,,,,,,,,,,,,,,,,,,,,,,,15000,4,,,,,,,,,NRP,NRP,NRP,NRP,NRP,NRP,NRP,1999,NRP,,,
2198,4556,,1,0,5,,,,,,0,4,,,,,,0,4,,,,,,0,3,,,,,,0,5,,,,,,0,2,,,,,,0,5,,,,,,0,6,,,,,,0,6,,,,,,0,2,,,,,,0,2,,,,,,0,2,,,,,,0,3,,,,,,1,3,2006,,,,,1,2,3,2014,2014,,,,givors.69,vienne.38,,,,"Je me suis arrèté a un feu tricolor orange et le véhicule qui me suivait m""a percuté par l'arrière.","je circulais sur une route nationnale et un véhicule venant en sens inverse a perdu le control,sous la pluie,et s'ai déporté sur la gauche et m'a percuté",,,,0,0,4,0,20,1,72,15,2014,vienne.38,,,,,,,,,,,,,,,,,,,,,,,,,,,,,,,,,,,,,,,,,,,,,,,,,,,,,,,,,,,,,,,,,,,,,,,,,,,,,,,,,,,,,,,,,,,,,,,,,,,,,,,,,,,,,,,,,,,,,,,,,,,,,,,,,,,,,,,,,,,,,,,,,,,,,,,,,,,,,30JUN1968,5,2,3,2,2,3,,NRP,,,,1,0,0,1,0,1,BMW,1200,R1200GS ADVENTURE ABS,TRAIL / SUPERMOTARD,2,2011,29,1,2,20000,7,,,,,,,,,,,,,,,,,,,,,,,,,,,,,,,,,,,,,,,,,,,,,20000,2,3,4,,,,,,,NRP,NRP,NRP,1986,1988,NRP,NRP,1986,NRP,,,
1816,4557,,0,,,,,,,,,,,,,,,,,,,,,,,,,,,,,,,,,,,,,,,,,,,,,,,,,,,,,,,,,,,,,,,,,,,,,,,,,,,,,,,,,,,,,,,,,,,,,,,,,,,,,,,,,,,,,,,,,,,,,,,,,,,,,,,,,,,,,,,,,,,,,,,,,,,,,,,,,,,,,,,,,,,,,,,,,,,,,,,,,,,,,,,,,,,,,,,,,,,,,,,,,,,,,,,,,,,,,,,,,,,,,,,,,,,,,,,,,,,,,,,,,,,,,,,,,,,,,,,,,,,,,,,,,,,,,,,,,,,,,,,,,,,06JUL1981,5,1,3,2,1,1,,NRP,,,,1,0,0,1,0,1,HONDA,800,VFR-F V-TEC ABS,Routière / GT,2,2009,37,3,1,4000,4,,,,,,,,,,,,,,,,,,,,,,,,,,,,,,,,,,,,,,,,,,,,,4000,3,4,,,,,,,,NRP,NRP,NRP,NRP,2006,NRP,NRP,1999,NRP,,,
1394,4558,,1,0,3,,,,,,0,6,,,,,,0,6,,,,,,0,3,,,,,,1,4,2011,,,,,0,5,,,,,,0,2,,,,,,0,2,,,,,,0,4,,,,,,0,4,,,,,,0,6,,,,,,0,2,,,,,,0,3,,,,,,0,5,,,,,,0,,1,,,,,,,,,,,,,,,,,,3,4,14,1,21,5,2011,,,,,,,,,,,,,,,,,,,,,,,,,,,,,,,,,,,,,,,,,,,,,,,,,,,,,,,,,,,,,,,,,,,,,,,,,,,,,,,,,,,,,,,,,,,,,,,,,,,,,,,,,,,,,,,,,,,,,,,,,,,,,,,,,,,,,,,,,,,,,,,,,,,,,,,,,,,,,,21JUN1956,5,1,3,2,2,3,,NRP,,,,1,0,1,0,0,1,PIAGGIO,400,MP3 LT (TM),SIDE-CAR / TRIKE,2,2011,37,2,1,3000,2,,,,,,,,,,,,,,,,,,,,,,,,,,,,,,,,,,,,,,,,,,,,,3000,2,3,4,,,,,,,NRP,NRP,NRP,1975,2000,NRP,NRP,1975,NRP,,,
1432,4559,,1,0,5,,,,,,0,2,,,,,,0,3,,,,,,0,2,,,,,,0,4,,,,,,1,5,2005,,,,,0,3,,,,,,0,3,,,,,,0,3,,,,,,0,2,,,,,,0,5,,,,,,1,4,2005,,,,,0,4,,,,,,1,4,NSP,,,,,0,,3,,,,,,,,,,,,,,,,,,34,7,20,1,56,12,2005,,,,,,,,,,,,,,,,,,,,,,,,,,,,,,,,,,,,,,,,,,,,,,,,,,,,,,,,,,,,,,,,,,,,,,,,,,,,,,,,,,,,,,,,,,,,,,,,,,,,,,,,,,,,,,,,,,,,,,,,,,,,,,,,,,,,,,,,,,,,,,,,,,,,,,,,,,,,,,10NOV1959,7,2,3,2,3,4,1,NRP,,,,3,0,0,1,0,1,YAMAHA,900,XJS DIVERSION FREEWAY 97,Routière / GT,2,2003,28,3,1,4000,7,,,,,,,,,,,,,,,,,,,,,,,,,,,,,,,,,,,,,,,,,,,,,4000,4,3,,,,,,,,NRP,NRP,NRP,NRP,1998,NRP,NRP,1978,NRP,,,
997,4560,,0,,,,,,,,,,,,,,,,,,,,,,,,,,,,,,,,,,,,,,,,,,,,,,,,,,,,,,,,,,,,,,,,,,,,,,,,,,,,,,,,,,,,,,,,,,,,,,,,,,,,,,,,,,,,,,,,,,,,,,,,,,,,,,,,,,,,,,,,,,,,,,,,,,,,,,,,,,,,,,,,,,,,,,,,,,,,,,,,,,,,,,,,,,,,,,,,,,,,,,,,,,,,,,,,,,,,,,,,,,,,,,,,,,,,,,,,,,,,,,,,,,,,,,,,,,,,,,,,,,,,,,,,,,,,,,,,,,,,,,,,,,,22SEP1965,8,1,3,2,3,4,1,NRP,,,,3,0,0,2,0,2,KAWASAKI,1000,Z 1000 IE SX,Routière / GT,2,2011,37,2,2,5000,7,BETAMOTOR,250,ALP,"TOUT TERRAIN (TRIAL, ENDURO, CROSS)",2,1998,37,3,1,1000,7,,,,,,,,,,,,,,,,,,,,,,,,,,,,,,,,,,6000,3,4,,,,,,,,NRP,NRP,NRP,NRP,2004,NRP,NRP,1983,NRP,,,
2184,4561,,1,0,4,,,,,,0,4,,,,,,0,2,,,,,,0,1,,,,,,0,5,,,,,,0,3,,,,,,0,2,,,,,,1,4,2013,,,,,0,2,,,,,,0,3,,,,,,0,3,,,,,,0,3,,,,,,1,3,2012,,,,,0,2,,,,,,0,,2,,,,,,,,,,,,,,,,,,4,2,8,1,61,13,2012,,,,,,,,,,,,,,,,,,,,,,,,,,,,,,,,,,,,,,,,,,,,,,,,,,,,,,,,,,,,,,,,,,,,,,,,,,,,,,,,,,,,,,,,,,,,,,,,,,,,,,,,,,,,,,,,,,,,,,,,,,,,,,,,,,,,,,,,,,,,,,,,,,,,,,,,,,,,,,03FEB1960,9,2,3,2,2,3,,NRP,,,,2,0,0,3,0,2,SUZUKI,650,BANDIT-N,ROADSTER,2,2008,25,1,3,16000,7,HONDA,125,CM-C,CUSTOM,2,1989,25,3,3,900,7,,,,,,,,,,,,,,,,,,,,,,,,,,,,,,,,,,16900,3,4,,,,,,,,NRP,NRP,NRP,NRP,2008,NRP,NRP,1978,NRP,,,
1192,4562,,0,,,,,,,,,,,,,,,,,,,,,,,,,,,,,,,,,,,,,,,,,,,,,,,,,,,,,,,,,,,,,,,,,,,,,,,,,,,,,,,,,,,,,,,,,,,,,,,,,,,,,,,,,,,,,,,,,,,,,,,,,,,,,,,,,,,,,,,,,,,,,,,,,,,,,,,,,,,,,,,,,,,,,,,,,,,,,,,,,,,,,,,,,,,,,,,,,,,,,,,,,,,,,,,,,,,,,,,,,,,,,,,,,,,,,,,,,,,,,,,,,,,,,,,,,,,,,,,,,,,,,,,,,,,,,,,,,,,,,,,,,,,18JAN1962,5,2,3,2,4,4,2,NRP,,,,2,0,0,1,0,1,DUCATI,1100,MONSTER EVO,ROADSTER,2,2011,28,3,1,10000,7,,,,,,,,,,,,,,,,,,,,,,,,,,,,,,,,,,,,,,,,,,,,,10000,2,3,4,,,,,,,NRP,NRP,NRP,1980,2000,NRP,NRP,1980,NRP,,,
347,4563,333,1,0,3,,,,,,0,5,,,,,,0,5,,,,,,0,1,,,,,,0,3,,,,,,0,4,,,,,,0,4,,,,,,0,4,,,,,,0,1,,,,,,0,2,,,,,,0,3,,,,,,0,2,,,,,,0,3,,,,,,0,2,,,,,,1,2,2,2006,2012,,,,moncé en belin,ruaudin,,,,Alors que j'étais à l'arrêt derrière une voiture et attendant mon tour de passer dans le rond point un automobiliste m'a percuté à l'arrière et projeté dans le véhicule devant moi. Faible vitesse pas de dégâts corporels.,"Percuté par un chevreuil, sortant d'un champ, en pleine roue avant et par le travers. Chute et glissade sans obstacle à 60-70km/H. Dermabrasions sur genou gauche.",,,,0,0,1,1,34,1,72,15,2012,ruaudin,2012,Autre(s) type(s) d'accident(s).,2,,,,,,,"J'étais à l'approche d'un grand rond point, il faisait nuit, nous étions en décembre. La circulation était très dense dans les deux sens. Les véhicules sortant du rond point arrivaient rapidement, donc plutôt que de remonter ma file, je me suis arrêté derrière le véhicule qui me précédait. Alors que je posais les pieds à terre, le véhicule derrière moi m'a percuté à une vitesse que j'estime être à environ 10 km/h, me projetant contre l'arrière du véhicule devant moi. Pas de bobos, sauf une douleur aux cervicales. La moto a frisé l'épave. J'étais vêtu de tout l'équipement du motard: bottes, pantalon avec coques, blouson avec dorsale, gants hiver, et casque. Dans le choc, mes jambes se sont levées, et j'ai percuté avec le genou gauche le guidon. Remplissant les constats avec l'une et l'autre conductrice et en attendant la dépanneuse, j'ai pu voir sur le siège de la voiture de la conductrice qui m'avait percuté un téléphone portable et des papiers...était ce la raison de sa distraction? Je n'en saurais jamais rien. Mais la nuit était  tombée, le temps était sec. Elle ne m'avait pas vu. As-t-elle confondu mon feu stop avec le troisième feu stop d'une voiture? Il est vrai que j'étais tout de noir vêtu sur une moto noire :-)","C'est paradoxal, mais cette fin de journée là, et à cet endroit là compte tenu de la circulation en sens inverse, je me suis dit qu'il ne fallait pas remonter la file...Si je l'avais fait...Mais avec des si. L'élément qui a réellement fait basculer est la distraction de  la conductrice.","Quand j'ai ressenti le choc arrière, je suis parti aussi en arrière, et c'est le top-case qui m'a ramené en avant, j'ai tenté de reprendre le guidon pour freiner, mais trop tard j'étais déjà propulsé contre le véhicule qui me précédait et qui était à l'arrêt. Bien entendu,je n'ai rien vu arriver. Compte tenu de la vitesse à laquelle roulait la file, je ne m'attendais vraiment pas à ce que le véhicule qui me suivait ne s'arrête pas.",NRP,0,,,"Choc arrière, dans le contexte précédemment décrit.",3,1,2,,Distraction liée à l'usage d'un téléphone. la nuit était tombée. Perte d'attention du fait que la file avançait doucement et régulièrement?,NSP,NSP,7,,,,,,,,,,,,,,,4,4,,,1,1,3,4,1,1,1,1,1,4,4,4,4,10,,,,,,,,,2,,,,,,,,,2,2,,2,1,2,1,0,100,0,0,0,2,,,,,,4,1,,,,1,,,,,,,,,,,1,4,3,,0,0,1,2,3,4,7,9,,,,,4,4,4,4,4,4,HONDA,700,DEAUVILLE C-ABS,Routière / GT,2,1,1,0,1,1,1,1,1,1,1,22000,12,3,1,HONDA,500,CX,ROADSTER,2,4,4,14JAN1962,5,2,3,2,4,4,2,NRP,,,,1,0,0,1,0,1,HONDA,1000,VARADERO IE ABS,TRAIL / SUPERMOTARD,2,2006,34,1,2,16000,7,,,,,,,,,,,,,,,,,,,,,,,,,,,,,,,,,,,,,,,,,,,,,16000,3,4,,,,,,,,NRP,NRP,NRP,NRP,1982,NRP,NRP,1986,NRP,,,