Ligne,Ligne Q qualif,Ligne approfondissement Accident,ACCIDENT,NBACC1,ACCFREQUENCE1,ANNEEACC1_1,ANNEEACC1_2,ANNEEACC1_3,ANNEEACC1_4,ANNEEACC1_5,NBACC2,ACCFREQUENCE2,ANNEEACC2_1,ANNEEACC2_2,ANNEEACC2_3,ANNEEACC2_4,ANNEEACC2_5,NBACC3,ACCFREQUENCE3,ANNEEACC3_1,ANNEEACC3_2,ANNEEACC3_3,ANNEEACC3_4,ANNEEACC3_5,NBACC4,ACCFREQUENCE4,ANNEEACC4_1,ANNEEACC4_2,ANNEEACC4_3,ANNEEACC4_4,ANNEEACC4_5,NBACC5,ACCFREQUENCE5,ANNEEACC5_1,ANNEEACC5_2,ANNEEACC5_3,ANNEEACC5_4,ANNEEACC5_5,NBACC6,ACCFREQUENCE6,ANNEEACC6_1,ANNEEACC6_2,ANNEEACC6_3,ANNEEACC6_4,ANNEEACC6_5,NBACC7,ACCFREQUENCE7,ANNEEACC7_1,ANNEEACC7_2,ANNEEACC7_3,ANNEEACC7_4,ANNEEACC7_5,NBACC8,ACCFREQUENCE8,ANNEEACC8_1,ANNEEACC8_2,ANNEEACC8_3,ANNEEACC8_4,ANNEEACC8_5,NBACC9,ACCFREQUENCE9,ANNEEACC9_1,ANNEEACC9_2,ANNEEACC9_3,ANNEEACC9_4,ANNEEACC9_5,NBACC10,ACCFREQUENCE10,ANNEEACC10_1,ANNEEACC10_2,ANNEEACC10_3,ANNEEACC10_4,ANNEEACC10_5,NBACC11,ACCFREQUENCE11,ANNEEACC11_1,ANNEEACC11_2,ANNEEACC11_3,ANNEEACC11_4,ANNEEACC11_5,NBACC12,ACCFREQUENCE12,ANNEEACC12_1,ANNEEACC12_2,ANNEEACC12_3,ANNEEACC12_4,ANNEEACC12_5,NBACC13,ACCFREQUENCE13,ANNEEACC13_1,ANNEEACC13_2,ANNEEACC13_3,ANNEEACC13_4,ANNEEACC13_5,NBACC14,ACCFREQUENCE14,ANNEEACC14_1,ANNEEACC14_2,ANNEEACC14_3,ANNEEACC14_4,ANNEEACC14_5,AUTRESACC,NBAUTRESACC,TOTAL_AC,ANNEEAUTREACC1,ANNEEAUTREACC2,ANNEEAUTREACC3,ANNEEAUTREACC4,ANNEEAUTREACC5,LIEUAUTREACC1,LIEUAUTREACC2,LIEUAUTREACC3,LIEUAUTREACC4,LIEUAUTREACC5,DESCRIPTIONAUTRESACC1,DESCRIPTIONAUTRESACC2,DESCRIPTIONAUTRESACC3,DESCRIPTIONAUTRESACC4,DESCRIPTIONAUTRESACC5,NBAUTRESACCCIRCUIT,NBAUTRESTOUTTERRAIN,EXPCYCLO,EXP125,EXPSUP125,ACCORDNEXTQ,CHOIXACC,RGPMTACC,RECUPANNEE,RECUPLIEU,RECUPANNE,RGPMTAC,CHOIX1,CHOIX2,CHOIX3,CHOIX4,CHOIX5,CHOIX6,CHOIX7,DESCRIPTION,RUPTURE,FAITS,ABS_REACTION,AUTRE_REACTION,PRECISIONREACTIONOUI,RECUL,PRECISIONREACTIONNON,IMPACTCOMPORTEMENT,AUTREUSAGER,REACTIONAUTREUSAGER,CONNAISSANCEREACTIONUSAGER,DIFFICULTES,AGGRAVATION,DIFFICULTES2,EMOTIONS1,EMOTIONS2,EMOTIONS3,EMOTIONS4,EMOTIONS5,EMOTIONS6,AUTRESENTIMENT,CLASSEMENTEMOTIONS1,CLASSEMENTEMOTIONS,CLASSEMENTEMOTIONS5,CLASSEMENTEMOTIONS6,CLASSEMENTEMOTIONS7,CLASSEMENTEMOTIONS8,CLASSEMENTEMOTIONS9,EXPLICATIONRESSENTI,BIENEQUIPE,ALLURE,ALLUREVITEDETAIL,ALLURELENTEDETAIL,SITUATIONPRESSE,SITUATIONDISTRAIT,SITUATIONCONFIANT,SITUATIONCONTROLE,SITUATIONLUDIQUE,SITUATIONPERF,SITUATIONSTRESS,SITUATIONFATIGUE,HUMEURNEUTRE,HUMEURGAI,HUMEURMECONTENT,HUMEURTRISTE,HUMEURCOLERE,CONTRIBUTION1,CONTRIBUTION2,CONTRIBUTION3,CONTRIBUTION4,CONTRIBUTION5,CONTRIBUTION6,CONTRIBUTION7,CONTRIBUTION8,CONTRIBUTION9,ROLEINFRA,ELEMENTINFRA1,ELEMENTINFRA2,ELEMENTINFRA3,ELEMENTINFRA4,ELEMENTINFRA5,ELEMENTINFRA6,ELEMENTINFRA7,ELEMENTINFRA8,ELEMENTINFRA9,ALCOOL,TXALCOOL,STUP,SEMAINE,MOMENTJOURNEE,TEMPS,CAUSEACC1,CAUSEACC2,CAUSEACC3,CAUSEACC4,CAUSEACC5,FORMATIONCAUSE,FORMATION1,FORMATION2,FORMATION3,FORMATION4,FORMATION5,TRAFIC,CHAUSSEE1,CHAUSSEE2,CHAUSSEE3,CHAUSSEE4,TYPEACC,BLESSURE,TETE,COU,THORAX,MEMBRESSUP,COLONNE,BASSIN,MEMBRESINF,HOPITAL,PLUS24H,TRAJET,TYPEROUTE,MOTIF,SENSTRAJET,PASSAGER,VITESSE,DESCEQ1,DESCEQ2,DESCEQ3,DESCEQ4,DESCEQ5,DESCEQ6,DESCEQ7,DESCEQ8,DESCEQ9,DESCEQ10,VEHICULEETE,VEHICULEAUTOMNE,VEHICULEPRINTEMPS,VEHICULEHIVER,VEHICULESEMAINE,VEHICULEWE,VEHMARQUE,VEHCYLINDREE,VEHMODELE,VEHSEGMENT,VEHSIDE,EQ2RMABS,EQ2RMCBS,EQ2RMABSCBS,EQ2RMREGULATEUR,EQ2RMLIMITEUR,EQ2RMPHARESDIRECT,EQ2RMCOUPURE,EQ2RMANTIPATINAGE,EQ2RMANTIXHEELING,EQ2RMSTABILILTE,VEHKM,POINTS,DUREE,AUTRE2RM,VEHPRECMARQUE,VEHPRECCYLINDREE,VEHPRECMODELE,VEHPRECSEGMENT,VEHPRECSIDE,TEMPS2RMPREC,FREQVEHPREC,DATE_NAISS,CSP,SOCIETAIRE,SALARIE,SECTEUR2RM,NBPERSFOYER,SITFAM,NBENF,TRNBENF1,TRNBENF2,TRNBENF3,TRNBENF4,NBAUTOFOYER,NBCYCLOFOYER,NBSCOOTFOYER,NBMOTOFOYER,NBTRIKEFOYER,NB2RMCONDUIT,MARQUE1,CYLINDREE1,MODELE1,SEGMENT1,SIDE1,ANMISECIRCU1,ASS1,FREQ1,USAGE1,NBKM1,GARAGE1,MARQUE2,CYLINDREE2,MODELE2,SEGMENT2,SIDE2,ANMISECIRCU2,ASS2,FREQ2,USAGE2,NBKM2,GARAGE2,MARQUE3,CYLINDREE3,MODELE3,SEGMENT3,SIDE3,ANMISECIRCU3,ASS3,FREQ3,USAGE3,NBKM3,GARAGE3,MARQUE4,CYLINDREE4,MODELE4,SEGMENT4,SIDE4,ANMISECIRCU4,ASS4,FREQ4,USAGE4,NBKM4,GARAGE4,MARQUE5,CYLINDREE5,MODELE5,SEGMENT5,SIDE5,ANMISECIRCU5,ASS5,FREQ5,USAGE5,NBKM5,GARAGE5,NBKMTOT,PERMIS1,PERMIS2,PERMIS3,PERMIS4,PERMIS5,PERMIS6,PERMIS7,PERMIS8,PERMIS9,ANPERMIS1,ANPERMIS6,ANPERMIS7,ANPERMIS2,ANPERMIS3,ANPERMIS8,ANPERMIS9,ANPERMIS4,ANPERMIS5,,,
271,4564,71,1,1,5,2002,,,,,0,5,,,,,,0,4,,,,,,0,3,,,,,,0,5,,,,,,0,4,,,,,,0,4,,,,,,0,4,,,,,,1,4,1998,,,,,0,4,,,,,,0,4,,,,,,0,2,,,,,,0,2,,,,,,0,3,,,,,,0,,2,,,,,,,,,,,,,,,,,,3,3,17,1,1,1,2002,,2002,Vous circuliez sur un axe prioritaire. Un autre véhicule arrivant sur le même axe en sens opposé vous a coupé la route en tournant à gauche.,1,4,5,6,,,,"je circulais sur une voie prioritaire (vitesse estimé 50 km/h lors de l'impact) la voiture a tourné devant moi avec pour elle une interdiction de tourner à gauche, ce qui m'a vraiment énervé à ce moment, la personne en cause a dit qu'elle ne m'a pas vu car pour elle je suis arrivé trop vite et avait grillé le feu rouge, ce qui fut faux au vu du constat de police (vitesse estimé par le service de police 40 km/h, et d'aprés les témoins le feu était vert.","l'inattention du conducteur de la voiture, non respect de la signialisation","juste eu le temps de freiné et encore il me semble que cela n'a servi a rien car déjà encastré dans la voiture, l'autre véhicule ne s'est pas arrété de suite mais 3 m plus loin de l'impact, la moto retrouvé sur le trottoir et ma passagère et moi éjecté environs à 5 m du lieu de l'impact",NRP,0,,,"cela est arrivé en quelque seconde, pour moi la voiture n'aurai pas du tourné",2,1,NSP,,NSP,NSP,NSP,1,6,,,,,,2,,,,,1,,"j'ai ressenti de l'impuiussance car je me suis rendu compte que le choc aurait lieu, de ne pouvoir plus rien faire",3,3,,,1,2,3,4,3,1,1,1,1,3,4,4,4,5,,,,,,,,,1,2,4,,,,,,,2,2,,2,1,3,1,5,90,0,5,0,2,,,,,,3,1,,,,2,1,4,,,,,,,1,1,2,1,3,,1,50,1,10,2,3,4,7,,,,,4,4,4,4,4,4,YAMAHA,1300,XJR,ROADSTER,2,1,1,1,1,1,1,1,1,1,1,4000,12,2,1,SUZUKI,600,BANDIT-S,ROADSTER,2,4,4,05APR1976,8,1,3,2,1,1,,NRP,,,,1,0,0,1,0,1,BMW,1100,R1100S,Routière / GT,2,2002,37,2,1,2000,7,,,,,,,,,,,,,,,,,,,,,,,,,,,,,,,,,,,,,,,,,,,,,2000,3,4,,,,,,,,NRP,NRP,NRP,NRP,1996,NRP,NRP,1994,NRP,,,
2011,4565,,1,0,4,,,,,,1,5,2010,,,,,0,5,,,,,,0,3,,,,,,1,5,1997,,,,,0,4,,,,,,0,3,,,,,,0,4,,,,,,0,4,,,,,,0,5,,,,,,0,5,,,,,,0,4,,,,,,0,3,,,,,,0,3,,,,,,0,,2,,,,,,,,,,,,,,,,,,0,0,18,1,21,5,1997,,,,,,,,,,,,,,,,,,,,,,,,,,,,,,,,,,,,,,,,,,,,,,,,,,,,,,,,,,,,,,,,,,,,,,,,,,,,,,,,,,,,,,,,,,,,,,,,,,,,,,,,,,,,,,,,,,,,,,,,,,,,,,,,,,,,,,,,,,,,,,,,,,,,,,,,,,,,,,10MAY1954,5,1,3,2,5,5,0,NRP,,,,4,0,0,1,0,1,HONDA,1200,VFR-F,Routière / GT,2,2012,37,1,2,8000,7,,,,,,,,,,,,,,,,,,,,,,,,,,,,,,,,,,,,,,,,,,,,,8000,4,3,,,,,,,,NRP,NRP,NRP,NRP,1997,NRP,NRP,1973,NRP,,,
918,4568,252,1,0,4,,,,,,0,2,,,,,,0,3,,,,,,0,4,,,,,,0,5,,,,,,0,4,,,,,,0,2,,,,,,0,2,,,,,,0,3,,,,,,0,3,,,,,,0,3,,,,,,0,3,,,,,,0,2,,,,,,0,3,,,,,,1,1,1,2012,,,,,pessac,,,,,une voiture s'est engagée sur un rond point alors que j'y circulait.,,,,,0,0,4,4,0,1,71,15,2012,pessac,2012,Autre(s) type(s) d'accident(s).,1,2,3,,,,,"J'étais engagé sur un rond point quand le conducteur d'une voiture ne m'ayant pas vu (nuit tombante et mon code allumé), a heurté ma roue AV.  La personne était désolé et a reconnue tout de suite ne pas m'avoir vu... je me demande si il n'était pas occupé à autre chose qu'à sa conduite... réglage radio, téléphone, ou autre !","Uniquement le fait qu'il ne se soit pas arrêté, car nous roulions très lentement et son regard était dans ma direction.","Etant persuadé qu'il allait s'arrêter, j'ai continué mon chemin jusqu'à ce qu'il heurte ma roue AV (je ne m'attendais vraiment pas à ce qu'il continu, car je pensais qu'il m'avait vu)",2,0,,,"Parce que pour moi, il m'avait vu.",3,0,,,,,,3,6,,,,,,,,2,,,1,,"Etant engagé dans un rond point, sur l'angle à moins de 10 Km/h, que pouvais-je faire???",3,3,,,2,1,4,4,2,1,1,1,1,4,4,4,4,10,,,,,,,,,2,,,,,,,,,2,2,,2,1,3,1,0,100,0,0,0,2,,,,,,1,1,,,,1,,,,,,,,,,,1,1,1,1,0,10,1,2,3,4,7,,,,,,4,4,4,4,4,4,YAMAHA,125,YB-R,ROADSTER,2,1,1,1,1,1,1,1,1,1,1,30000,12,4,0,,,,,,,,30NOV1964,7,2,3,2,4,4,2,NRP,,,,1,1,0,2,0,2,YAMAHA,125,YB-R,ROADSTER,2,2007,33,1,2,5000,7,CAGIVA,125,ROADSTER,ROADSTER,2,1994,33,4,1,1000,7,,,,,,,,,,,,,,,,,,,,,,,,,,,,,,,,,,6000,2,4,,,,,,,,NRP,NRP,NRP,1983,NRP,NRP,NRP,1983,NRP,,,
773,4569,280,1,0,5,,,,,,0,6,,,,,,0,3,,,,,,0,3,,,,,,0,5,,,,,,0,4,,,,,,0,2,,,,,,0,4,,,,,,0,3,,,,,,0,3,,,,,,0,4,,,,,,0,4,,,,,,0,2,,,,,,0,3,,,,,,1,2,2,NSP,NSP,,,,La barque,Marseille,,,,Percuté par l'arrière au péage d'autoroute,"Accroché latéralement, étant à l'arrêt, par un véhicule changeant de file",,,,0,0,1,0,36,1,71,15,,La barque,-1,Autre(s) type(s) d'accident(s).,6,,,,,,,"J'étais arrêté au péage quand j'ai entendu le bruit (interminable) du crissement des pneus d'un voiture qui freinait. Celle-ci a percuté la voiture arrêtée derrière moi qui, a son tour, ma percuté projetant ma moto sous la barrière de péage.",Le responsable de l'accident ne s'était pas rendu compte qu'il était si près du péage...,"J'étais en train de régler le péage. J'ai entendu le freinage et j'ai compris la situation (je n'osais pas regarder dans mes rétros). Quand j'ai entendu que la voiture derrière moi était percutée j'ai décollé mes pieds du sol, basculé ma tête en avant et me suis contracté en attendant le choc (20 ans de rugby laissent des réactions...) Quand j'ai été percuté je me suis laissé porter vers lavant en essayant de me dégager ver un côté (gauche).",NRP,1,Je ne sais pas... Il y a toujours plus de solutions que de problèmes ! J'aurais pu avoir tendance a sauter de la moto ou a essayer d'avancer mais je ne sais pas si j'aurais eu le temps.,"Mon cerveau a ""découpé"" très vite la situation, je pense encore que c'était une bonne façon de réagir.",,3,1,NSP,,NSP,NSP,"Tout c'est passé derrière moi, je n'ai pas été ""témoin oculaire""",1,4,6,,,,,2,,,3,,1,,"J'ai compris la situation par l'ouie sans voir ce qui ce passait, c'est comme quand on vous crie ""attention"" sans que vous puissiez agir en conséquence par manque d'information.",3,4,,,1,1,3,3,3,1,1,1,1,1,4,4,4,10,,,,,,,,,2,,,,,,,,,2,2,,2,1,1,1,0,100,0,0,0,NSP,,,,,,2,1,,,,1,,,,,,,,,,,2,3,3,,0,0,1,10,2,3,4,7,,,,,4,4,4,4,4,4,SUZUKI,400,DR,TRAIL / SUPERMOTARD,2,1,1,1,1,1,1,1,1,1,1,40000,12,4,1,HONDA,400,CB-N,ROADSTER,2,3,4,05FEB1960,5,1,3,2,5,4,3,NRP,,,,1,0,0,1,0,1,HONDA,700,NC700S,ROADSTER,2,2012,37,1,2,10000,7,,,,,,,,,,,,,,,,,,,,,,,,,,,,,,,,,,,,,,,,,,,,,10000,3,4,,,,,,,,NRP,NRP,NRP,NRP,1978,NRP,NRP,1978,NRP,,,
218,4571,,1,0,6,,,,,,0,4,,,,,,0,4,,,,,,0,4,,,,,,0,6,,,,,,0,4,,,,,,0,4,,,,,,0,5,,,,,,0,5,,,,,,0,4,,,,,,0,6,,,,,,0,2,,,,,,0,4,,,,,,0,5,,,,,,1,1,1,1980,,,,,Chalon/Saône,,,,,"Véhicule sortant d'un stationnement, sans clignotant pour avertir de sa manuvre et qui a coupé ma route.",,,,,0,0,2,2,35,1,71,15,1980,Chalon/Saône,,,,,,,,,,,,,,,,,,,,,,,,,,,,,,,,,,,,,,,,,,,,,,,,,,,,,,,,,,,,,,,,,,,,,,,,,,,,,,,,,,,,,,,,,,,,,,,,,,,,,,,,,,,,,,,,,,,,,,,,,,,,,,,,,,,,,,,,,,,,,,,,,,,,,,,,,,,,,21FEB1959,6,2,3,2,3,4,1,NRP,,,,1,0,0,1,0,1,KAWASAKI,650,VERSYS,ROADSTER,2,2010,29,2,2,5000,7,,,,,,,,,,,,,,,,,,,,,,,,,,,,,,,,,,,,,,,,,,,,,5000,3,4,,,,,,,,NRP,NRP,NRP,NRP,1979,NRP,NRP,1977,NRP,,,
1450,4574,,1,0,3,,,,,,0,3,,,,,,0,3,,,,,,0,2,,,,,,0,4,,,,,,0,3,,,,,,0,5,,,,,,0,5,,,,,,0,5,,,,,,0,4,,,,,,0,3,,,,,,1,4,NSP,,,,,0,3,,,,,,0,3,,,,,,0,,1,,,,,,,,,,,,,,,,,,2,0,4,1,56,12,0,,,,,,,,,,,,,,,,,,,,,,,,,,,,,,,,,,,,,,,,,,,,,,,,,,,,,,,,,,,,,,,,,,,,,,,,,,,,,,,,,,,,,,,,,,,,,,,,,,,,,,,,,,,,,,,,,,,,,,,,,,,,,,,,,,,,,,,,,,,,,,,,,,,,,,,,,,,,,,12MAR1989,8,1,3,2,5,5,0,NRP,,,,2,0,0,2,0,1,HONDA,600,HORNET,ROADSTER,2,2005,37,2,1,3000,7,,,,,,,,,,,,,,,,,,,,,,,,,,,,,,,,,,,,,,,,,,,,,3000,4,3,,,,,,,,NRP,NRP,NRP,NRP,2010,NRP,NRP,2007,NRP,,,
405,4578,,1,0,3,,,,,,0,3,,,,,,0,3,,,,,,1,3,NSP,,,,,1,4,NSP,,,,,0,3,,,,,,0,3,,,,,,1,4,NSP,,,,,3,3,NSP,NSP,NSP,,,0,3,,,,,,0,4,,,,,,0,2,,,,,,0,3,,,,,,0,2,,,,,,1,1,7,NSP,,,,,Gourdon,,,,,Percuté par l'arrière par un autre véhicule qui n'avait pas vue que je freinais,,,,,0,0,2,5,15,1,71,15,,Gourdon,,,,,,,,,,,,,,,,,,,,,,,,,,,,,,,,,,,,,,,,,,,,,,,,,,,,,,,,,,,,,,,,,,,,,,,,,,,,,,,,,,,,,,,,,,,,,,,,,,,,,,,,,,,,,,,,,,,,,,,,,,,,,,,,,,,,,,,,,,,,,,,,,,,,,,,,,,,,,28OCT1963,6,1,3,2,2,3,,NRP,,,,2,1,0,2,0,1,SUZUKI,1000,GSX-R IE,SPORTIVE,2,2007,37,2,1,20000,4,,,,,,,,,,,,,,,,,,,,,,,,,,,,,,,,,,,,,,,,,,,,,20000,2,3,4,,,,,,,NRP,NRP,NRP,1979,2000,NRP,NRP,1981,NRP,,,
1580,4580,,1,0,5,,,,,,0,4,,,,,,0,2,,,,,,0,2,,,,,,0,2,,,,,,0,2,,,,,,0,3,,,,,,0,6,,,,,,0,6,,,,,,0,3,,,,,,0,4,,,,,,0,2,,,,,,0,2,,,,,,0,5,,,,,,1,1,1,1976,,,,,paris,,,,,"Je voulais m'arreter à un feu qui passait au rouge, j'ai été percuté par l'arrière",,,,,0,0,0,2,35,1,71,15,1976,paris,,,,,,,,,,,,,,,,,,,,,,,,,,,,,,,,,,,,,,,,,,,,,,,,,,,,,,,,,,,,,,,,,,,,,,,,,,,,,,,,,,,,,,,,,,,,,,,,,,,,,,,,,,,,,,,,,,,,,,,,,,,,,,,,,,,,,,,,,,,,,,,,,,,,,,,,,,,,,16FEB1950,9,1,3,2,1,1,,NRP,,,,1,1,0,1,0,1,SUZUKI,1100,GS1100G,ROADSTER,2,1991,29,3,1,15000,7,,,,,,,,,,,,,,,,,,,,,,,,,,,,,,,,,,,,,,,,,,,,,15000,3,4,,,,,,,,NRP,NRP,NRP,NRP,1977,NRP,NRP,1971,NRP,,,
240,4581,,0,,,,,,,,,,,,,,,,,,,,,,,,,,,,,,,,,,,,,,,,,,,,,,,,,,,,,,,,,,,,,,,,,,,,,,,,,,,,,,,,,,,,,,,,,,,,,,,,,,,,,,,,,,,,,,,,,,,,,,,,,,,,,,,,,,,,,,,,,,,,,,,,,,,,,,,,,,,,,,,,,,,,,,,,,,,,,,,,,,,,,,,,,,,,,,,,,,,,,,,,,,,,,,,,,,,,,,,,,,,,,,,,,,,,,,,,,,,,,,,,,,,,,,,,,,,,,,,,,,,,,,,,,,,,,,,,,,,,,,,,,,,30NOV1978,7,2,3,2,1,1,,NRP,,,,1,0,0,2,0,2,KAWASAKI,1000,Z 1000 IE SX ABS,Routière / GT,2,2012,10,1,2,6500,6,HONDA,500,CB,ROADSTER,2,1996,41,4,1,1000,6,,,,,,,,,,,,,,,,,,,,,,,,,,,,,,,,,,7500,3,4,,,,,,,,NRP,NRP,NRP,NRP,1999,NRP,NRP,1999,NRP,,,
381,4583,,1,0,2,,,,,,2,5,2009,2013,,,,0,5,,,,,,0,3,,,,,,1,3,1997,,,,,0,3,,,,,,4,5,1997,2009,2009,2013,,0,4,,,,,,0,4,,,,,,0,3,,,,,,0,3,,,,,,0,4,,,,,,0,4,,,,,,0,3,,,,,,1,1,8,2009,,,,,Saint cloud,,,,,"En dépassement à basse vitesse, le véhicule doublé tourne brutalement à gauche pour prendre une place de parking",,,,,0,1,2,2,34,1,21,5,1997,,,,,,,,,,,,,,,,,,,,,,,,,,,,,,,,,,,,,,,,,,,,,,,,,,,,,,,,,,,,,,,,,,,,,,,,,,,,,,,,,,,,,,,,,,,,,,,,,,,,,,,,,,,,,,,,,,,,,,,,,,,,,,,,,,,,,,,,,,,,,,,,,,,,,,,,,,,,,,13OCT1962,5,1,3,1,4,4,2,NRP,,,,1,0,0,5,0,2,HONDA,600,CB-F  S  ABS,ROADSTER,2,2008,37,1,3,13000,7,DUCATI,600,MONSTER,ROADSTER,2,1997,28,3,1,3000,7,,,,,,,,,,,,,,,,,,,,,,,,,,,,,,,,,,16000,2,3,4,,,,,,,NRP,NRP,NRP,1978,1982,NRP,NRP,1980,NRP,,,
846,4587,5,1,1,5,1980,,,,,0,5,,,,,,0,5,,,,,,0,3,,,,,,0,4,,,,,,1,4,1983,,,,,0,2,,,,,,0,3,,,,,,0,5,,,,,,0,4,,,,,,0,5,,,,,,0,2,,,,,,1,5,2010,,,,,0,2,,,,,,0,,3,,,,,,,,,,,,,,,,,,5,2,35,1,1,1,1980,,1980,Vous circuliez sur un axe prioritaire. Un autre véhicule arrivant sur le même axe en sens opposé vous a coupé la route en tournant à gauche.,4,,,,,,,"Je venais d'acheter la moto la veille, une occasion, CB350Four. En banlieue parisienne, sur une nationale, un automobiliste venant d'en face m'a brutalement coupé la route en tournant sur sa gauche. Je n'ai pas eu le temps de réagir, j'ai tapé dans le tas. Trauma crânien avec perte de connaissance. Je ne me rappelle de rien. 7 fractures au total. 35 ans après, je me souviens encore du nom du gars Allega Etoundi Emmanuel, Camerounais. Non assuré...","Le fait que le gars me coupe la route, sans cligno, bien sûr.","Ma moto a été quasi pulvérisée. Moi aussi. Je ne me rappelle de rien, ma passagère a eu beaucoup de chance. Vol plané par dessus la voiture et atterrissage sur la chaussée sans aucune blessure ! C'est elle qui m'a tout raconté. Alors que j'étais à terre et totalement inconscient, la femme du gars m'a injurié et me criait dessus parce que j'avais abimé s voiture.","AUT|perte de connaissance, aucun souvenir",0,,,NRP,2,1,2,,NSP,NSP,NRP,7,,,,,,,,,,,,,,,3,3,,,2,2,4,4,1,1,2,2,3,4,4,4,4,10,,,,,,,,,2,,,,,,,,,2,2,,2,2,2,1,0,100,0,0,0,2,,,,,,1,1,,,,2,1,1,4,7,,,,,1,1,1,1,3,,1,60,1,10,2,5,,,,,,,1,1,1,1,1,1,HONDA,350,CB350F,ROADSTER,2,1,1,1,1,1,1,1,1,1,1,NSP,NSP,1,1,SUZUKI,125,GT,ROADSTER,2,3,3,22APR1958,5,1,3,2,2,2,1,NRP,,,,1,0,0,1,0,1,SUZUKI,650,BANDIT-S,ROADSTER,2,2010,37,3,1,4500,"AUT|abri de jardin, non clos.",,,,,,,,,,,,,,,,,,,,,,,,,,,,,,,,,,,,,,,,,,,,,4500,4,3,,,,,,,,NRP,NRP,NRP,NRP,1980,NRP,NRP,1977,NRP,,,
2176,4589,,1,1,5,2002,,,,,1,3,2005,,,,,0,3,,,,,,0,3,,,,,,1,5,2002,,,,,0,4,,,,,,0,3,,,,,,0,3,,,,,,1,3,2004,,,,,0,3,,,,,,0,3,,,,,,0,4,,,,,,0,3,,,,,,0,3,,,,,,0,,4,,,,,,,,,,,,,,,,,,0,0,13,0,,NRP,,,,,,,,,,,,,,,,,,,,,,,,,,,,,,,,,,,,,,,,,,,,,,,,,,,,,,,,,,,,,,,,,,,,,,,,,,,,,,,,,,,,,,,,,,,,,,,,,,,,,,,,,,,,,,,,,,,,,,,,,,,,,,,,,,,,,,,,,,,,,,,,,,,,,,,,,,,,,,,20JUL1976,7,1,3,2,4,4,2,NRP,,,,2,0,0,1,0,1,YAMAHA,900,XJS DIVERSION,Routière / GT,2,1997,37,3,2,1000,7,,,,,,,,,,,,,,,,,,,,,,,,,,,,,,,,,,,,,,,,,,,,,1000,3,4,,,,,,,,NRP,NRP,NRP,NRP,2002,NRP,NRP,1994,NRP,,,
1779,4590,,1,0,3,,,,,,0,3,,,,,,0,4,,,,,,0,4,,,,,,0,5,,,,,,0,3,,,,,,0,4,,,,,,0,4,,,,,,1,3,NSP,,,,,0,5,,,,,,0,4,,,,,,0,2,,,,,,0,4,,,,,,0,4,,,,,,0,,1,,,,,,,,,,,,,,,,,,5,8,34,1,41,9,0,,,,,,,,,,,,,,,,,,,,,,,,,,,,,,,,,,,,,,,,,,,,,,,,,,,,,,,,,,,,,,,,,,,,,,,,,,,,,,,,,,,,,,,,,,,,,,,,,,,,,,,,,,,,,,,,,,,,,,,,,,,,,,,,,,,,,,,,,,,,,,,,,,,,,,,,,,,,,,21MAY1960,8,2,3,2,2,3,,NRP,,,,2,0,0,3,0,2,TRIUMPH,900,TRIDENT,ROADSTER,2,1995,24,4,1,2000,7,SUZUKI,125,GN125D,CUSTOM,2,1998,24,2,2,1000,7,,,,,,,,,,,,,,,,,,,,,,,,,,,,,,,,,,3000,3,4,,,,,,,,NRP,NRP,NRP,NRP,1981,NRP,NRP,1978,NRP,,,