Ligne,Ligne Q qualif,Ligne approfondissement Accident,ACCIDENT,NBACC1,ACCFREQUENCE1,ANNEEACC1_1,ANNEEACC1_2,ANNEEACC1_3,ANNEEACC1_4,ANNEEACC1_5,NBACC2,ACCFREQUENCE2,ANNEEACC2_1,ANNEEACC2_2,ANNEEACC2_3,ANNEEACC2_4,ANNEEACC2_5,NBACC3,ACCFREQUENCE3,ANNEEACC3_1,ANNEEACC3_2,ANNEEACC3_3,ANNEEACC3_4,ANNEEACC3_5,NBACC4,ACCFREQUENCE4,ANNEEACC4_1,ANNEEACC4_2,ANNEEACC4_3,ANNEEACC4_4,ANNEEACC4_5,NBACC5,ACCFREQUENCE5,ANNEEACC5_1,ANNEEACC5_2,ANNEEACC5_3,ANNEEACC5_4,ANNEEACC5_5,NBACC6,ACCFREQUENCE6,ANNEEACC6_1,ANNEEACC6_2,ANNEEACC6_3,ANNEEACC6_4,ANNEEACC6_5,NBACC7,ACCFREQUENCE7,ANNEEACC7_1,ANNEEACC7_2,ANNEEACC7_3,ANNEEACC7_4,ANNEEACC7_5,NBACC8,ACCFREQUENCE8,ANNEEACC8_1,ANNEEACC8_2,ANNEEACC8_3,ANNEEACC8_4,ANNEEACC8_5,NBACC9,ACCFREQUENCE9,ANNEEACC9_1,ANNEEACC9_2,ANNEEACC9_3,ANNEEACC9_4,ANNEEACC9_5,NBACC10,ACCFREQUENCE10,ANNEEACC10_1,ANNEEACC10_2,ANNEEACC10_3,ANNEEACC10_4,ANNEEACC10_5,NBACC11,ACCFREQUENCE11,ANNEEACC11_1,ANNEEACC11_2,ANNEEACC11_3,ANNEEACC11_4,ANNEEACC11_5,NBACC12,ACCFREQUENCE12,ANNEEACC12_1,ANNEEACC12_2,ANNEEACC12_3,ANNEEACC12_4,ANNEEACC12_5,NBACC13,ACCFREQUENCE13,ANNEEACC13_1,ANNEEACC13_2,ANNEEACC13_3,ANNEEACC13_4,ANNEEACC13_5,NBACC14,ACCFREQUENCE14,ANNEEACC14_1,ANNEEACC14_2,ANNEEACC14_3,ANNEEACC14_4,ANNEEACC14_5,AUTRESACC,NBAUTRESACC,TOTAL_AC,ANNEEAUTREACC1,ANNEEAUTREACC2,ANNEEAUTREACC3,ANNEEAUTREACC4,ANNEEAUTREACC5,LIEUAUTREACC1,LIEUAUTREACC2,LIEUAUTREACC3,LIEUAUTREACC4,LIEUAUTREACC5,DESCRIPTIONAUTRESACC1,DESCRIPTIONAUTRESACC2,DESCRIPTIONAUTRESACC3,DESCRIPTIONAUTRESACC4,DESCRIPTIONAUTRESACC5,NBAUTRESACCCIRCUIT,NBAUTRESTOUTTERRAIN,EXPCYCLO,EXP125,EXPSUP125,ACCORDNEXTQ,CHOIXACC,RGPMTACC,RECUPANNEE,RECUPLIEU,RECUPANNE,RGPMTAC,CHOIX1,CHOIX2,CHOIX3,CHOIX4,CHOIX5,CHOIX6,CHOIX7,DESCRIPTION,RUPTURE,FAITS,ABS_REACTION,AUTRE_REACTION,PRECISIONREACTIONOUI,RECUL,PRECISIONREACTIONNON,IMPACTCOMPORTEMENT,AUTREUSAGER,REACTIONAUTREUSAGER,CONNAISSANCEREACTIONUSAGER,DIFFICULTES,AGGRAVATION,DIFFICULTES2,EMOTIONS1,EMOTIONS2,EMOTIONS3,EMOTIONS4,EMOTIONS5,EMOTIONS6,AUTRESENTIMENT,CLASSEMENTEMOTIONS1,CLASSEMENTEMOTIONS,CLASSEMENTEMOTIONS5,CLASSEMENTEMOTIONS6,CLASSEMENTEMOTIONS7,CLASSEMENTEMOTIONS8,CLASSEMENTEMOTIONS9,EXPLICATIONRESSENTI,BIENEQUIPE,ALLURE,ALLUREVITEDETAIL,ALLURELENTEDETAIL,SITUATIONPRESSE,SITUATIONDISTRAIT,SITUATIONCONFIANT,SITUATIONCONTROLE,SITUATIONLUDIQUE,SITUATIONPERF,SITUATIONSTRESS,SITUATIONFATIGUE,HUMEURNEUTRE,HUMEURGAI,HUMEURMECONTENT,HUMEURTRISTE,HUMEURCOLERE,CONTRIBUTION1,CONTRIBUTION2,CONTRIBUTION3,CONTRIBUTION4,CONTRIBUTION5,CONTRIBUTION6,CONTRIBUTION7,CONTRIBUTION8,CONTRIBUTION9,ROLEINFRA,ELEMENTINFRA1,ELEMENTINFRA2,ELEMENTINFRA3,ELEMENTINFRA4,ELEMENTINFRA5,ELEMENTINFRA6,ELEMENTINFRA7,ELEMENTINFRA8,ELEMENTINFRA9,ALCOOL,TXALCOOL,STUP,SEMAINE,MOMENTJOURNEE,TEMPS,CAUSEACC1,CAUSEACC2,CAUSEACC3,CAUSEACC4,CAUSEACC5,FORMATIONCAUSE,FORMATION1,FORMATION2,FORMATION3,FORMATION4,FORMATION5,TRAFIC,CHAUSSEE1,CHAUSSEE2,CHAUSSEE3,CHAUSSEE4,TYPEACC,BLESSURE,TETE,COU,THORAX,MEMBRESSUP,COLONNE,BASSIN,MEMBRESINF,HOPITAL,PLUS24H,TRAJET,TYPEROUTE,MOTIF,SENSTRAJET,PASSAGER,VITESSE,DESCEQ1,DESCEQ2,DESCEQ3,DESCEQ4,DESCEQ5,DESCEQ6,DESCEQ7,DESCEQ8,DESCEQ9,DESCEQ10,VEHICULEETE,VEHICULEAUTOMNE,VEHICULEPRINTEMPS,VEHICULEHIVER,VEHICULESEMAINE,VEHICULEWE,VEHMARQUE,VEHCYLINDREE,VEHMODELE,VEHSEGMENT,VEHSIDE,EQ2RMABS,EQ2RMCBS,EQ2RMABSCBS,EQ2RMREGULATEUR,EQ2RMLIMITEUR,EQ2RMPHARESDIRECT,EQ2RMCOUPURE,EQ2RMANTIPATINAGE,EQ2RMANTIXHEELING,EQ2RMSTABILILTE,VEHKM,POINTS,DUREE,AUTRE2RM,VEHPRECMARQUE,VEHPRECCYLINDREE,VEHPRECMODELE,VEHPRECSEGMENT,VEHPRECSIDE,TEMPS2RMPREC,FREQVEHPREC,DATE_NAISS,CSP,SOCIETAIRE,SALARIE,SECTEUR2RM,NBPERSFOYER,SITFAM,NBENF,TRNBENF1,TRNBENF2,TRNBENF3,TRNBENF4,NBAUTOFOYER,NBCYCLOFOYER,NBSCOOTFOYER,NBMOTOFOYER,NBTRIKEFOYER,NB2RMCONDUIT,MARQUE1,CYLINDREE1,MODELE1,SEGMENT1,SIDE1,ANMISECIRCU1,ASS1,FREQ1,USAGE1,NBKM1,GARAGE1,MARQUE2,CYLINDREE2,MODELE2,SEGMENT2,SIDE2,ANMISECIRCU2,ASS2,FREQ2,USAGE2,NBKM2,GARAGE2,MARQUE3,CYLINDREE3,MODELE3,SEGMENT3,SIDE3,ANMISECIRCU3,ASS3,FREQ3,USAGE3,NBKM3,GARAGE3,MARQUE4,CYLINDREE4,MODELE4,SEGMENT4,SIDE4,ANMISECIRCU4,ASS4,FREQ4,USAGE4,NBKM4,GARAGE4,MARQUE5,CYLINDREE5,MODELE5,SEGMENT5,SIDE5,ANMISECIRCU5,ASS5,FREQ5,USAGE5,NBKM5,GARAGE5,NBKMTOT,PERMIS1,PERMIS2,PERMIS3,PERMIS4,PERMIS5,PERMIS6,PERMIS7,PERMIS8,PERMIS9,ANPERMIS1,ANPERMIS6,ANPERMIS7,ANPERMIS2,ANPERMIS3,ANPERMIS8,ANPERMIS9,ANPERMIS4,ANPERMIS5,,,
195,4592,48,1,0,3,,,,,,0,4,,,,,,0,4,,,,,,0,2,,,,,,1,5,2009,,,,,1,4,2010,,,,,0,3,,,,,,0,3,,,,,,1,4,2008,,,,,0,5,,,,,,0,3,,,,,,0,2,,,,,,0,4,,,,,,0,5,,,,,,0,,3,,,,,,,,,,,,,,,,,,3,2,7,1,26,6,2010,,2010,Vous remontiez une file de véhicules par la gauche. Un véhicule de la file a laissé passer un autre véhicule venant dun autre axe non prioritaire. Ce dernier vous a coupé la route.,1,,,,,,,"Lors d'une remontée de file jusqu'à un feu rouge par la gauche tout en étant à peu près dans ma voie, une voiture a laissé passer une autre voiture sortant d'un chemin privé. (Vendeur de voiture). Le soleil était assez bas (fin de journée) et éblouissait beaucoup le champ de vision, ce qui fait que je n'ai pas du tout vu et n'ai pas pu anticiper cette voiture. Je ne roulais pas vite à moins de 50 km/h.  J'ai vu le capot sortir et juste eu le temps de tenter un évitement, mais la voiture avançait et m'a percuté sur le côté. Cela a eu pour incidence de me projeter sur la voie opposée. Par chance, il n'y avait personne qui roulait dans le sens inverse. Je ne m'en serais peut être pas sorti si cela avait été le cas. Je pensais être en bonne forme après cette accident, cependant, au bout de 30 min, je ne pouvais plus lever mon bras et les contusions commençait à se faire sentir sur tout mon côté droit. Je tiens à dire que je roulais en blouson cuir + protection, gants en cuir, bottes moto en cuir, ce qui m'a surement protégé de brûlures et de plus grosses ecchimoses.",voir question précédente,"J'ai tenté un évitement mais bien trop tard malheureusement, la voiture continuant d'avancer, le choc fut inévitable.",2,0,,,"soleil dans les yeux, et cachée par une autre voiture, je n'ai pas pu voir la voiture avant qu'elle ne soit devant moi.",2,1,2,,"sortant entre les voiture, il n'a pu également me voir.",2,"Je n'aurais pas du remonter la file avec le handicap du soleil à cette vitesse (moins de 50 km/h environ), mais plus à 20/30 kmh comme les voitures étaient toutes arrêtées au feu.",1,6,,,,,,2,,,,,1,,?!,4,1,2,,1,1,3,4,1,1,1,2,1,4,4,4,4,1,5,,,,,,,,1,"AUT|feu temporaire pour travaux, l'intersection n'était pas aménagée pour un feu + bouchon.",,,,,,,,2,2,,2,1,1,1,30,60,0,10,0,2,,,,,,4,1,,,,2,1,4,6,,,,,,1,0,1,2,1,2,0,45,1,10,2,3,4,,,,,,4,4,4,4,4,4,TRIUMPH,675,DAYTONA,SPORTIVE,2,1,1,1,1,1,1,1,1,1,1,1000,12,1,1,SUZUKI,600,BANDIT-S,ROADSTER,2,4,4,17MAY1982,5,2,3,2,3,4,1,NRP,,,,2,0,0,1,0,1,TRIUMPH,1050,SPEED TRIPLE,ROADSTER,2,2012,28,1,2,7000,7,,,,,,,,,,,,,,,,,,,,,,,,,,,,,,,,,,,,,,,,,,,,,7000,3,4,,,,,,,,NRP,NRP,NRP,NRP,2008,NRP,NRP,2000,NRP,,,
509,4593,304,1,0,3,,,,,,0,4,,,,,,0,4,,,,,,0,4,,,,,,0,4,,,,,,0,4,,,,,,0,2,,,,,,0,4,,,,,,1,4,1995,,,,,0,3,,,,,,0,5,,,,,,0,2,,,,,,0,4,,,,,,0,4,,,,,,0,,1,,,,,,,,,,,,,,,,,,0,1,28,1,41,9,1995,,1995,"Vous avez fait une sortie de route, une perte de contrôle ou une glissade sans rien percuter.",4,,,,,,,"balade moto, les 2 premiers ont un accident en sortie de virage. les suivants s'arrètent. un délais après un 2eme groupe dont j'etais devant arrive, on découvrent l'accident apres le virage, je vais ou y a personne c'est à dire au fossé. j'arrive la moto debout moi toujours assis dessus. donc content sauf que comme j'ai freiné , le poignet droit à pris le choc et donc les 2 os cassé. hopital, opération, rapatriement IMA. 2 mois d'arrets.",Le fait que l'accident est lieu en sortie de virage sans visibilité est que personne n'est pensé à aller le signaler,"quand j'ai découvert la situation. tout le monde etait sur la chaussé, j'ai freiné et pourqui , pourquoi le seul endroit ou il y avait personne c'etait le fossé, alors j'y suis allé",NRP,0,,,"parce que j'ai pas réfléchi, ça c'est passé trop vite.",3,1,NSP,,NSP,2,ce sont eu qu'ils l'on eu,2,,,,,,,,1,,,,,,On s'attend pas obligatoirement à découvrir un accident à la sortie d'un virage.,4,3,,,1,1,3,4,4,1,1,1,3,4,4,4,4,10,,,,,,,,,1,2,,,,,,,,2,2,,2,2,1,1,10,80,0,10,0,2,,,,,,2,1,,,,2,1,4,,,,,,,1,1,3,2,3,,0,70,1,10,2,3,5,,,,,,4,4,4,4,4,4,YAMAHA,400,XJ,ROADSTER,2,1,1,1,1,1,1,1,1,1,1,NSP,12,4,1,HONDA,125,CB-TWIN,ROADSTER,2,3,4,12MAR1966,2,1,3,2,2,3,,NRP,,,,2,0,0,1,0,1,YAMAHA,1000,FZS FAZER,ROADSTER,2,1994,37,3,1,5000,7,,,,,,,,,,,,,,,,,,,,,,,,,,,,,,,,,,,,,,,,,,,,,5000,3,4,,,,,,,,NRP,NRP,NRP,NRP,1987,NRP,NRP,1989,NRP,,,
398,4595,Pré test 7,1,0,4,,,,,,0,5,,,,,,0,6,,,,,,0,6,,,,,,0,2,,,,,,0,6,,,,,,0,5,,,,,,0,4,,,,,,0,3,,,,,,0,3,,,,,,1,6,2001,,,,,0,1,,,,,,1,4,1994,,,,,1,5,2010,,,,,1,2,5,2002,2003,,,,Paris,Paris,,,,"Perte de l'avant suite fin de freinage sous pluie sur périphérique, sans dommage pour le véhicule et le bonhomme","Perte de l'avant suite fin de freinage sous pluie sur avenue de la grande armée, sans dommage pour le bonhomme, juste un levier d'embrayage tordue pour le véhicule",,,,0,0,3,1,21,1,66,14,2010,,2010,"Alors que vous étiez en train de rouler, un piéton a traversé devant vous.",5,,,,,,,"Je roulais tranquillement en ville en respectant la vitesse limite, les abords sont dégagés, il y a un piéton sur un trottoir un peu plus loin. La rue est large. Soudain le piéton traverse la chaussée, hors d'un passage prévu pour lui. Il ne m'a pas vu, ce n'est pas possible. Tellement surpris, que je perds quelques mètres pour freiner, mon freinage est donc plus un réflexe qu'un freinage d'urgence. Je freine fort, peu être un peu trop, car je bloque la roue, et la fin de freinage se termine à un contact au sol. Le piétons lui à continuer son chemin, ne m'ayant ps vu désespérement. Le scoot est un tout petit rapé comme mon blouson, mais grosse frayeur, j'ai cru que j'allais me le manger.",La traversée du piétons non prévu car elle ne pouvait pas être prévu du tout et la situation de freinage non pas d'urgence mais de réflexe qui a entrainé le blocage de la roue avant car le scoot n'as pas d'abs.,"Roule de manière tranquille Perception du piéton loin devant sur trottoir Pas de souci tout va bien Piéton qui traverse Pas prévu On tire les leviers fort, par réflexe Blocage de l'avant On atterrit par terre Le piéton a traversé, il ne m'a même pas vu Il n'est plus la  Le piétons aurait cherché a traversé à un passage réservé pour lui, je l'aurais antcipié mais là je ne le pouvais absoluement pas",1,0,,,"Il a traversé sans regarder, sans prévenir en changeant de direction. Il fallait que je freine ou alors l'évitement mais plus assez de pratique",0,,,,,,6,,,,,,,,,,,,1,,4,3,,,1,2,4,4,1,1,1,1,1,4,4,4,4,4,5,7,,,,,,,2,2,,2,AUT|il en faut plus souvent,2,2,,,,,,,,,1,1,1,10,90,0,0,0,,1,1,,,,1,,,,,,,,,,,2,1,1,2,0,50,1,2,3,4,7,9,,,,,4,4,4,4,4,2,YAMAHA,250,X-MAX,9828,SCOOTER,"YAMAHA, 250 X-MAX",1,2,1,1,1,1,1,1,1,20000,12,4,0,,,,,,,,,,,,,28FEB1973,6,1,3,2,4,4,2,NRP,,,,1,0,2,1,0,3,YAMAHA,250,X-MAX,SCOOTER,2,2007,37,1,2,9000,4,HONDA,300,SH IE ABS,SCOOTER,2,2009,37,2,2,2000,4,DUCATI,900,SPORT IE 1/2 CARENE,Routière / GT,2,2000,37,4,1,1500,4,,,,,,,,,,,,,,,,,,,,,,,12500,3,4,,,,,,,,NRP,NRP,NRP,NRP,1992,NRP,NRP,1991,NRP,,,
1356,4602,,1,0,5,,,,,,0,5,,,,,,0,5,,,,,,0,6,,,,,,0,5,,,,,,0,4,,,,,,0,3,,,,,,0,3,,,,,,0,3,,,,,,0,5,,,,,,0,5,,,,,,0,4,,,,,,0,2,,,,,,0,4,,,,,,1,1,1,2014,,,,,Bendéjun,,,,,"Je double une file de voitures et la dernière déboite sans clignotant, sans regarder et sans m'avoir ni vu ni entendu, alors que je suis au niveau de la portière conducteur.",,,,,0,0,4,5,3,1,71,15,2014,Bendéjun,,,,,,,,,,,,,,,,,,,,,,,,,,,,,,,,,,,,,,,,,,,,,,,,,,,,,,,,,,,,,,,,,,,,,,,,,,,,,,,,,,,,,,,,,,,,,,,,,,,,,,,,,,,,,,,,,,,,,,,,,,,,,,,,,,,,,,,,,,,,,,,,,,,,,,,,,,,,,07APR1964,6,2,3,2,4,4,2,NRP,,,,2,0,0,2,0,1,HONDA,600,HORNET,ROADSTER,2,2001,33,2,2,6000,4,,,,,,,,,,,,,,,,,,,,,,,,,,,,,,,,,,,,,,,,,,,,,6000,3,4,,,,,,,,NRP,NRP,NRP,NRP,2012,NRP,NRP,1983,NRP,,,
893,4604,352,1,1,6,2013,,,,,1,5,1995,,,,,0,6,,,,,,0,4,,,,,,0,6,,,,,,0,4,,,,,,0,1,,,,,,0,3,,,,,,3,1,NSP,NSP,2013,,,0,6,,,,,,0,6,,,,,,0,1,,,,,,0,2,,,,,,0,4,,,,,,0,,5,,,,,,,,,,,,,,,,,,0,4,25,1,6,2,1995,,1995,Vous circuliez derrière un véhicule. Ce véhicule a ralenti. Vous avez entrepris de dépasser ce véhicule par la gauche et celui-ci vous a coupé la route en tournant à gauche (ou en effectuant un œ tour,5,6,,,,,,"Il faisait nuit, je quittais la province pour remonter en région parisienne où je travaillais à l'époque. C'était le 17 novembre 1995 vers 19h00, sur la RN7, non-loin de GANNAT (03). Un véhicule circulait à faible allure devant moi. Personne en face, personne devant, juste ce véhicule et moi qui arrivait derrière à 90 km/h environ. Appel de phare, petit coup de klaxon, clignotant et j'entame le dépassement. C'est alors que la conductrice tourne à gauche, sans aucune précaution ni clignotant, me coupant immédiatement la route. Le choc était inévitable et je l'ai réalisé en une fraction de seconde.  J'ai eu pas mal de chance pour plusieurs raisons :  - le point de choc a eu lieu avec la roue avant gauche du véhicule entraînant un saut par-dessus la voiture, avant de retomber plus loin sur la chaussée, sans heurter aucun autre obstacle jusqu'à mon immobilisation. Ce fut différent pour la moto qui s'arrêta net contre un candélabre. Si j'avais heurté la voiture à hauteur de l'habitacle, je ne serais probablement pas là pour raconter la scène... - c'était l'automne, il faisait nuit et frais, j'étais particulièrement bien habillé et protégé en cas de chute. Je m'en suis sorti avec un hématome sur la cuisse droite. Mais mon casque et toute ma tenue étaient HS.   Conscient, la conductrice m'a alors dit qu'elle ne m'avait pas vu. Classique, mais trop facile. Et les téléphones portables n'existaient pas encore comme aujourd'hui.   Je pense que cette dame était prise par son idée, il était un peu moins de 19h00 et cherchait à se rendre dans un magasin avant qu'il ne ferme. Elle a suivi ses pensées au détriment des précautions élémentaires de sécurité. Je revois encore son visage, elle était très embettée, sa voiture déjà ancienne (une R 11) ayant été bien abîmée sous la violence du choc...  Problème de vigilance, de sensibilisation aux 2 roues motorisés et puis et surtout, de concentration.","La conductrice m'a simplement coupé la route, soudainement, de façon totalement imprévisible, d'autant plus que juste avant d'entamer ma manoeuvre, j'ai pris des précautions pour m'assurer d'être bien vu (appel de phare, klaxon).  Il n'y avait rien d'autre à faire.","La conductrice n'a rien fait jusqu'au choc, ne m'ayant pas vu arriver. Personnellement, je me souviens n'avoir rien fait non plus, car quelle que fût ma réaction, le distance et le temps restant était infiniment trop réduits. J'ai simplement réalisé que le choc serait inévitable sans pouvoir rien faire.",AUT|voir ci-dessus (temps-distance trop courts),0,,,NRP,2,1,2,,Ne m'a pas vu.,1,Manque de vigilance et de précaution avant d'entamer sa manoeuvre de tourne à gauche<,,2,6,,,,,,,1,,,,2,,par la réaction de la conductrice alors que j'avais pris plusieurs précautions avant d'entamer ma manoeuvre.,2,3,,,1,1,4,4,1,1,1,1,1,4,4,4,4,10,,,,,,,,,2,,,,,,,,,2,2,,2,2,2,1,5,95,0,0,0,2,,,,,,1,1,,,,2,1,6,,,,,,,1,0,1,2,3,,0,90,1,10,2,3,5,,,,,,1,4,1,1,4,4,HONDA,750,"VFR-F ""CARAT""",Routière / GT,2,1,1,1,1,1,1,1,1,1,1,2300,12,1,1,HONDA,650,NTV (REVERE),ROADSTER,2,4,4,02SEP1967,5,1,3,2,6,4,4,NRP,,,,3,0,0,1,0,1,HONDA,250,CBR-R,Routière / GT,2,2011,37,1,2,10000,7,,,,,,,,,,,,,,,,,,,,,,,,,,,,,,,,,,,,,,,,,,,,,10000,3,4,,,,,,,,NRP,NRP,NRP,NRP,1985,NRP,NRP,1985,NRP,,
569,4605,182,1,0,2,,,,,,0,5,,,,,,0,6,,,,,,0,3,,,,,,0,3,,,,,,0,5,,,,,,0,4,,,,,,0,4,,,,,,0,4,,,,,,0,4,,,,,,0,5,,,,,,0,2,,,,,,0,3,,,,,,0,2,,,,,,1,1,1,2012,,,,,culoz,,,,,"J'ai percuté un sanglier à une vitesse de 100kmh environ, sur une départementale . Il y avait une battue en cours , responsabilité des chasseurs a été retenue.",,,,,0,0,4,1,20,1,71,15,2012,culoz,2012,Autre(s) type(s) d'accident(s).,1,,,,,,,"Je roulais à vitesse raisonnable(calé à 100kms/h compteur), avec une vue dégagée sur la route , par beau temps et sans circulation , en rase campagne , départementale bordée d'un côté par un talus et de l'autre côté par un bois. Je n'ai pas vu le sanglier surgir sur la route ,  je me souviens vaguement d'une tâche brunâtre à gauche sur le côté de la moto, avant le choc , dont je ne souviens pas par ailleurs... Je me suis ""réveillé"" rapidement , étendu dans le talus , à 35mètres du choc initial.Un cycliste me parlait , disait avoir entendu l'animal qui est finalement passé derrière lui (le cycliste m'a croisé juste avant l'accident) et...devant moi; Je ne me savais pas ce que je faisais ici , jusqu'à ce que je vois l'animal gisant à 4 mètres de moi, et ensuite la moto(épave) plantée dans le taillis à droite de la route. Pas de dégats corporels (un miracle) , à part un gros hématome au tibia (tibia dans le guidon lors de l'éjection)et des vertiges qui dureront tt  de même 3 semaines. Il y a eu procès verbal de gendarmerie qui notifiera qu'il y avait une battue au sanglier , proche de la route , ce jour là , ce qui dégagera ma responsabilité.Le sanglier en question était bien traqué à ce moment.",Acte de chasse sans panneautage de prévention des usagers de la route (trop) proche de la battue.,NRP,2,0,,,"Aucun signe de danger imminent ,visibilité restreinte des abords de la route (bois) l'animal étant poursuivi , il courrait à vive allure,et donc inévitable...",2,0,,,,,,7,,,,,,,,,,,,,,,3,3,,,3,2,4,4,3,1,3,2,4,4,3,4,4,3,,,,,,,,,2,,,,,,,,,2,2,,2,2,1,1,5,0,95,0,0,2,,,,,,1,1,,,,2,1,7,,,,,,,1,0,2,2,3,,0,100,1,10,2,3,4,7,,,,,3,3,3,2,2,3,BMW,1200,R1200RT PACK,Routière / GT,2,0,0,0,1,1,1,1,0,0,1,20000,12,4,1,YAMAHA,1300,FJR,Routière / GT,2,4,3,23OCT1964,5,2,3,2,5,4,3,NRP,,,,3,1,0,2,0,1,BMW,1600,K1600GT PACK 1 ET SECURITE,Routière / GT,2,2012,29,3,1,10000,7,,,,,,,,,,,,,,,,,,,,,,,,,,,,,,,,,,,,,,,,,,,,,10000,4,3,,,,,,,,NRP,NRP,NRP,NRP,1984,NRP,NRP,1982,NRP,,,