Ligne,Ligne Q qualif,Ligne approfondissement Accident,ACCIDENT,NBACC1,ACCFREQUENCE1,ANNEEACC1_1,ANNEEACC1_2,ANNEEACC1_3,ANNEEACC1_4,ANNEEACC1_5,NBACC2,ACCFREQUENCE2,ANNEEACC2_1,ANNEEACC2_2,ANNEEACC2_3,ANNEEACC2_4,ANNEEACC2_5,NBACC3,ACCFREQUENCE3,ANNEEACC3_1,ANNEEACC3_2,ANNEEACC3_3,ANNEEACC3_4,ANNEEACC3_5,NBACC4,ACCFREQUENCE4,ANNEEACC4_1,ANNEEACC4_2,ANNEEACC4_3,ANNEEACC4_4,ANNEEACC4_5,NBACC5,ACCFREQUENCE5,ANNEEACC5_1,ANNEEACC5_2,ANNEEACC5_3,ANNEEACC5_4,ANNEEACC5_5,NBACC6,ACCFREQUENCE6,ANNEEACC6_1,ANNEEACC6_2,ANNEEACC6_3,ANNEEACC6_4,ANNEEACC6_5,NBACC7,ACCFREQUENCE7,ANNEEACC7_1,ANNEEACC7_2,ANNEEACC7_3,ANNEEACC7_4,ANNEEACC7_5,NBACC8,ACCFREQUENCE8,ANNEEACC8_1,ANNEEACC8_2,ANNEEACC8_3,ANNEEACC8_4,ANNEEACC8_5,NBACC9,ACCFREQUENCE9,ANNEEACC9_1,ANNEEACC9_2,ANNEEACC9_3,ANNEEACC9_4,ANNEEACC9_5,NBACC10,ACCFREQUENCE10,ANNEEACC10_1,ANNEEACC10_2,ANNEEACC10_3,ANNEEACC10_4,ANNEEACC10_5,NBACC11,ACCFREQUENCE11,ANNEEACC11_1,ANNEEACC11_2,ANNEEACC11_3,ANNEEACC11_4,ANNEEACC11_5,NBACC12,ACCFREQUENCE12,ANNEEACC12_1,ANNEEACC12_2,ANNEEACC12_3,ANNEEACC12_4,ANNEEACC12_5,NBACC13,ACCFREQUENCE13,ANNEEACC13_1,ANNEEACC13_2,ANNEEACC13_3,ANNEEACC13_4,ANNEEACC13_5,NBACC14,ACCFREQUENCE14,ANNEEACC14_1,ANNEEACC14_2,ANNEEACC14_3,ANNEEACC14_4,ANNEEACC14_5,AUTRESACC,NBAUTRESACC,TOTAL_AC,ANNEEAUTREACC1,ANNEEAUTREACC2,ANNEEAUTREACC3,ANNEEAUTREACC4,ANNEEAUTREACC5,LIEUAUTREACC1,LIEUAUTREACC2,LIEUAUTREACC3,LIEUAUTREACC4,LIEUAUTREACC5,DESCRIPTIONAUTRESACC1,DESCRIPTIONAUTRESACC2,DESCRIPTIONAUTRESACC3,DESCRIPTIONAUTRESACC4,DESCRIPTIONAUTRESACC5,NBAUTRESACCCIRCUIT,NBAUTRESTOUTTERRAIN,EXPCYCLO,EXP125,EXPSUP125,ACCORDNEXTQ,CHOIXACC,RGPMTACC,RECUPANNEE,RECUPLIEU,RECUPANNE,RGPMTAC,CHOIX1,CHOIX2,CHOIX3,CHOIX4,CHOIX5,CHOIX6,CHOIX7,DESCRIPTION,RUPTURE,FAITS,ABS_REACTION,AUTRE_REACTION,PRECISIONREACTIONOUI,RECUL,PRECISIONREACTIONNON,IMPACTCOMPORTEMENT,AUTREUSAGER,REACTIONAUTREUSAGER,CONNAISSANCEREACTIONUSAGER,DIFFICULTES,AGGRAVATION,DIFFICULTES2,EMOTIONS1,EMOTIONS2,EMOTIONS3,EMOTIONS4,EMOTIONS5,EMOTIONS6,AUTRESENTIMENT,CLASSEMENTEMOTIONS1,CLASSEMENTEMOTIONS,CLASSEMENTEMOTIONS5,CLASSEMENTEMOTIONS6,CLASSEMENTEMOTIONS7,CLASSEMENTEMOTIONS8,CLASSEMENTEMOTIONS9,EXPLICATIONRESSENTI,BIENEQUIPE,ALLURE,ALLUREVITEDETAIL,ALLURELENTEDETAIL,SITUATIONPRESSE,SITUATIONDISTRAIT,SITUATIONCONFIANT,SITUATIONCONTROLE,SITUATIONLUDIQUE,SITUATIONPERF,SITUATIONSTRESS,SITUATIONFATIGUE,HUMEURNEUTRE,HUMEURGAI,HUMEURMECONTENT,HUMEURTRISTE,HUMEURCOLERE,CONTRIBUTION1,CONTRIBUTION2,CONTRIBUTION3,CONTRIBUTION4,CONTRIBUTION5,CONTRIBUTION6,CONTRIBUTION7,CONTRIBUTION8,CONTRIBUTION9,ROLEINFRA,ELEMENTINFRA1,ELEMENTINFRA2,ELEMENTINFRA3,ELEMENTINFRA4,ELEMENTINFRA5,ELEMENTINFRA6,ELEMENTINFRA7,ELEMENTINFRA8,ELEMENTINFRA9,ALCOOL,TXALCOOL,STUP,SEMAINE,MOMENTJOURNEE,TEMPS,CAUSEACC1,CAUSEACC2,CAUSEACC3,CAUSEACC4,CAUSEACC5,FORMATIONCAUSE,FORMATION1,FORMATION2,FORMATION3,FORMATION4,FORMATION5,TRAFIC,CHAUSSEE1,CHAUSSEE2,CHAUSSEE3,CHAUSSEE4,TYPEACC,BLESSURE,TETE,COU,THORAX,MEMBRESSUP,COLONNE,BASSIN,MEMBRESINF,HOPITAL,PLUS24H,TRAJET,TYPEROUTE,MOTIF,SENSTRAJET,PASSAGER,VITESSE,DESCEQ1,DESCEQ2,DESCEQ3,DESCEQ4,DESCEQ5,DESCEQ6,DESCEQ7,DESCEQ8,DESCEQ9,DESCEQ10,VEHICULEETE,VEHICULEAUTOMNE,VEHICULEPRINTEMPS,VEHICULEHIVER,VEHICULESEMAINE,VEHICULEWE,VEHMARQUE,VEHCYLINDREE,VEHMODELE,VEHSEGMENT,VEHSIDE,EQ2RMABS,EQ2RMCBS,EQ2RMABSCBS,EQ2RMREGULATEUR,EQ2RMLIMITEUR,EQ2RMPHARESDIRECT,EQ2RMCOUPURE,EQ2RMANTIPATINAGE,EQ2RMANTIXHEELING,EQ2RMSTABILILTE,VEHKM,POINTS,DUREE,AUTRE2RM,VEHPRECMARQUE,VEHPRECCYLINDREE,VEHPRECMODELE,VEHPRECSEGMENT,VEHPRECSIDE,TEMPS2RMPREC,FREQVEHPREC,DATE_NAISS,CSP,SOCIETAIRE,SALARIE,SECTEUR2RM,NBPERSFOYER,SITFAM,NBENF,TRNBENF1,TRNBENF2,TRNBENF3,TRNBENF4,NBAUTOFOYER,NBCYCLOFOYER,NBSCOOTFOYER,NBMOTOFOYER,NBTRIKEFOYER,NB2RMCONDUIT,MARQUE1,CYLINDREE1,MODELE1,SEGMENT1,SIDE1,ANMISECIRCU1,ASS1,FREQ1,USAGE1,NBKM1,GARAGE1,MARQUE2,CYLINDREE2,MODELE2,SEGMENT2,SIDE2,ANMISECIRCU2,ASS2,FREQ2,USAGE2,NBKM2,GARAGE2,MARQUE3,CYLINDREE3,MODELE3,SEGMENT3,SIDE3,ANMISECIRCU3,ASS3,FREQ3,USAGE3,NBKM3,GARAGE3,MARQUE4,CYLINDREE4,MODELE4,SEGMENT4,SIDE4,ANMISECIRCU4,ASS4,FREQ4,USAGE4,NBKM4,GARAGE4,MARQUE5,CYLINDREE5,MODELE5,SEGMENT5,SIDE5,ANMISECIRCU5,ASS5,FREQ5,USAGE5,NBKM5,GARAGE5,NBKMTOT,PERMIS1,PERMIS2,PERMIS3,PERMIS4,PERMIS5,PERMIS6,PERMIS7,PERMIS8,PERMIS9,ANPERMIS1,ANPERMIS6,ANPERMIS7,ANPERMIS2,ANPERMIS3,ANPERMIS8,ANPERMIS9,ANPERMIS4,ANPERMIS5,,,
634,4624,,1,0,2,,,,,,0,3,,,,,,1,3,2006,,,,,0,3,,,,,,0,4,,,,,,0,5,,,,,,0,2,,,,,,0,3,,,,,,0,5,,,,,,0,4,,,,,,0,4,,,,,,0,3,,,,,,1,2,2005,,,,,1,3,2006,,,,,0,,3,,,,,,,,,,,,,,,,,,9,2,7,1,66,14,2006,,,,,,,,,,,,,,,,,,,,,,,,,,,,,,,,,,,,,,,,,,,,,,,,,,,,,,,,,,,,,,,,,,,,,,,,,,,,,,,,,,,,,,,,,,,,,,,,,,,,,,,,,,,,,,,,,,,,,,,,,,,,,,,,,,,,,,,,,,,,,,,,,,,,,,,,,,,,,,14AUG1965,5,2,3,2,5,4,3,NRP,,,,2,0,0,1,0,1,BMW,1200,R1200R,ROADSTER,2,2006,22,1,2,9000,7,,,,,,,,,,,,,,,,,,,,,,,,,,,,,,,,,,,,,,,,,,,,,9000,4,3,,,,,,,,NRP,NRP,NRP,NRP,2007,NRP,NRP,1985,NRP,,,
1377,4625,,0,,,,,,,,,,,,,,,,,,,,,,,,,,,,,,,,,,,,,,,,,,,,,,,,,,,,,,,,,,,,,,,,,,,,,,,,,,,,,,,,,,,,,,,,,,,,,,,,,,,,,,,,,,,,,,,,,,,,,,,,,,,,,,,,,,,,,,,,,,,,,,,,,,,,,,,,,,,,,,,,,,,,,,,,,,,,,,,,,,,,,,,,,,,,,,,,,,,,,,,,,,,,,,,,,,,,,,,,,,,,,,,,,,,,,,,,,,,,,,,,,,,,,,,,,,,,,,,,,,,,,,,,,,,,,,,,,,,,,,,,,,,17NOV1960,5,1,3,2,4,4,2,NRP,,,,3,1,0,1,0,1,SUZUKI,1000,V-STROM,TRAIL / SUPERMOTARD,2,2005,37,1,1,20000,7,,,,,,,,,,,,,,,,,,,,,,,,,,,,,,,,,,,,,,,,,,,,,20000,2,3,4,,,,,,,NRP,NRP,NRP,1983,2009,NRP,NRP,1983,NRP,,,
1600,4627,,1,0,4,,,,,,0,4,,,,,,0,5,,,,,,0,5,,,,,,0,6,,,,,,0,5,,,,,,0,3,,,,,,0,3,,,,,,0,3,,,,,,0,3,,,,,,0,6,,,,,,0,3,,,,,,0,3,,,,,,0,2,,,,,,1,1,1,2010,,,,,Montpellier,,,,,Arrété au feu.  La voiture derriere moi n'a pas vu le feu précédent ni le feu où j'étais arrété ni moi. Conducteur au téléphone,,,,,0,0,0,2,10,1,71,15,2010,Montpellier,,,,,,,,,,,,,,,,,,,,,,,,,,,,,,,,,,,,,,,,,,,,,,,,,,,,,,,,,,,,,,,,,,,,,,,,,,,,,,,,,,,,,,,,,,,,,,,,,,,,,,,,,,,,,,,,,,,,,,,,,,,,,,,,,,,,,,,,,,,,,,,,,,,,,,,,,,,,,04JUN1955,5,2,3,2,2,3,,NRP,,,,1,0,0,1,0,1,BMW,1200,R1200GS,TRAIL / SUPERMOTARD,2,2011,33,1,1,15000,4,,,,,,,,,,,,,,,,,,,,,,,,,,,,,,,,,,,,,,,,,,,,,15000,3,4,,,,,,,,NRP,NRP,NRP,NRP,2000,NRP,NRP,1974,NRP,,,
564,4630,,0,,,,,,,,,,,,,,,,,,,,,,,,,,,,,,,,,,,,,,,,,,,,,,,,,,,,,,,,,,,,,,,,,,,,,,,,,,,,,,,,,,,,,,,,,,,,,,,,,,,,,,,,,,,,,,,,,,,,,,,,,,,,,,,,,,,,,,,,,,,,,,,,,,,,,,,,,,,,,,,,,,,,,,,,,,,,,,,,,,,,,,,,,,,,,,,,,,,,,,,,,,,,,,,,,,,,,,,,,,,,,,,,,,,,,,,,,,,,,,,,,,,,,,,,,,,,,,,,,,,,,,,,,,,,,,,,,,,,,,,,,,,23AUG1979,7,1,3,1,4,4,2,NRP,,,,1,0,0,1,0,1,TRIUMPH,1050,SPRINT ST ABS,Routière / GT,2,2005,37,1,2,6000,7,,,,,,,,,,,,,,,,,,,,,,,,,,,,,,,,,,,,,,,,,,,,,6000,4,3,,,,,,,,NRP,NRP,NRP,NRP,2008,NRP,NRP,1997,NRP,,,
2192,4631,,1,0,2,,,,,,2,5,2007,2011,,,,1,5,2011,,,,,0,2,,,,,,0,4,,,,,,0,3,,,,,,0,2,,,,,,0,2,,,,,,0,5,,,,,,0,2,,,,,,0,3,,,,,,0,2,,,,,,1,4,2005,,,,,0,3,,,,,,0,,4,,,,,,,,,,,,,,,,,,2,0,13,1,6,2,2007,,,,,,,,,,,,,,,,,,,,,,,,,,,,,,,,,,,,,,,,,,,,,,,,,,,,,,,,,,,,,,,,,,,,,,,,,,,,,,,,,,,,,,,,,,,,,,,,,,,,,,,,,,,,,,,,,,,,,,,,,,,,,,,,,,,,,,,,,,,,,,,,,,,,,,,,,,,,,,28AUG1977,5,1,3,2,3,4,1,NRP,,,,2,1,0,1,0,1,TRIUMPH,675,DAYTONA,SPORTIVE,2,2010,37,2,1,4000,7,,,,,,,,,,,,,,,,,,,,,,,,,,,,,,,,,,,,,,,,,,,,,4000,4,3,,,,,,,,NRP,NRP,NRP,NRP,2000,NRP,NRP,1996,NRP,,,
1733,4633,,1,1,5,1972,,,,,0,4,,,,,,0,6,,,,,,0,5,,,,,,0,6,,,,,,0,6,,,,,,1,5,1972,,,,,1,5,1971,,,,,1,6,NSP,,,,,1,6,NSP,,,,,0,5,,,,,,0,3,,,,,,0,5,,,,,,0,3,,,,,,1,2,7,1968,2014,,,,cannes,col de turini,,,,"mobylette bleue, la voiture qui arrive en face lors de mon dépassement hasardeux.","vitesse 70km/h un chevreuil debouche a droite, on se percute en s'esquivnt sans conséquence pour les deux",,,,0,2,4,0,43,1,72,15,2014,col de turini,,,,,,,,,,,,,,,,,,,,,,,,,,,,,,,,,,,,,,,,,,,,,,,,,,,,,,,,,,,,,,,,,,,,,,,,,,,,,,,,,,,,,,,,,,,,,,,,,,,,,,,,,,,,,,,,,,,,,,,,,,,,,,,,,,,,,,,,,,,,,,,,,,,,,,,,,,,,,26OCT1954,5,2,3,2,2,3,,NRP,,,,2,0,0,1,0,1,HONDA,600,CB-F  N,ROADSTER,2,2004,10,2,1,7000,5,,,,,,,,,,,,,,,,,,,,,,,,,,,,,,,,,,,,,,,,,,,,,7000,4,3,,,,,,,,NRP,NRP,NRP,NRP,1973,NRP,NRP,1978,NRP,,,
1041,4635,,1,1,4,1982,,,,,0,4,,,,,,0,5,,,,,,0,4,,,,,,1,5,1982,,,,,0,1,,,,,,0,4,,,,,,1,4,1988,,,,,1,5,2011,,,,,0,6,,,,,,0,3,,,,,,0,2,,,,,,1,3,2004,,,,,0,4,,,,,,0,,5,,,,,,,,,,,,,,,,,,4,2,31,1,1,1,1982,,,,,,,,,,,,,,,,,,,,,,,,,,,,,,,,,,,,,,,,,,,,,,,,,,,,,,,,,,,,,,,,,,,,,,,,,,,,,,,,,,,,,,,,,,,,,,,,,,,,,,,,,,,,,,,,,,,,,,,,,,,,,,,,,,,,,,,,,,,,,,,,,,,,,,,,,,,,,,24DEC1963,5,2,3,2,2,3,,NRP,,,,2,0,0,4,0,2,BMW,1200,K1200RS,Routière / GT,2,2006,29,1,2,25000,2,YAMAHA,600,FZS FAZER,ROADSTER,2,2004,40,3,1,7000,4,,,,,,,,,,,,,,,,,,,,,,,,,,,,,,,,,,32000,3,4,,,,,,,,NRP,NRP,NRP,NRP,1981,NRP,NRP,1984,NRP,,,
2197,4636,,1,0,1,,,,,,0,6,,,,,,0,4,,,,,,0,1,,,,,,0,6,,,,,,0,3,,,,,,0,3,,,,,,0,4,,,,,,2,4,2010,2013,,,,0,1,,,,,,0,5,,,,,,0,3,,,,,,0,2,,,,,,0,3,,,,,,0,,2,,,,,,,,,,,,,,,,,,8,5,3,1,41,9,2010,,,,,,,,,,,,,,,,,,,,,,,,,,,,,,,,,,,,,,,,,,,,,,,,,,,,,,,,,,,,,,,,,,,,,,,,,,,,,,,,,,,,,,,,,,,,,,,,,,,,,,,,,,,,,,,,,,,,,,,,,,,,,,,,,,,,,,,,,,,,,,,,,,,,,,,,,,,,,,16JUN1965,5,1,3,2,1,1,,NRP,,,,0,0,0,2,0,2,APRILIA,650,PEGASO IE TRAIL,TRAIL / SUPERMOTARD,2,2006,37,3,1,3000,4,SUZUKI,125,DR-SE,TRAIL / SUPERMOTARD,2,1998,37,4,1,200,4,,,,,,,,,,,,,,,,,,,,,,,,,,,,,,,,,,3200,3,4,5,,,,,,,NRP,NRP,NRP,NRP,2011,NRP,NRP,1988,2006,,,
2108,4637,,1,0,2,,,,,,0,5,,,,,,0,5,,,,,,0,2,,,,,,0,2,,,,,,0,2,,,,,,0,3,,,,,,0,3,,,,,,0,4,,,,,,0,2,,,,,,0,3,,,,,,0,2,,,,,,0,3,,,,,,0,3,,,,,,1,1,1,2011,,,,,bastia,,,,,une voiture sort d'un parking en marche arrière et nous percute,,,,,0,0,2,0,12,1,71,15,2011,bastia,,,,,,,,,,,,,,,,,,,,,,,,,,,,,,,,,,,,,,,,,,,,,,,,,,,,,,,,,,,,,,,,,,,,,,,,,,,,,,,,,,,,,,,,,,,,,,,,,,,,,,,,,,,,,,,,,,,,,,,,,,,,,,,,,,,,,,,,,,,,,,,,,,,,,,,,,,,,,02APR1956,5,1,3,2,4,4,2,NRP,,,,2,1,0,3,0,3,BMW,1200,R1200RT PACK,Routière / GT,2,2008,37,2,1,8000,4,HONDA,600,HORNET,ROADSTER,2,2010,37,2,1,9000,4,PEUGEOT,50,XP6 SUPERMOTARD,TRAIL / SUPERMOTARD,2,2003,31,2,1,4000,4,,,,,,,,,,,,,,,,,,,,,,,21000,3,4,,,,,,,,NRP,NRP,NRP,NRP,1974,NRP,NRP,1974,NRP,,,
784,4639,Pré test 6,1,1,5,1999,,,,,0,5,,,,,,0,4,,,,,,0,3,,,,,,0,3,,,,,,0,4,,,,,,0,3,,,,,,0,5,,,,,,0,3,,,,,,0,4,,,,,,0,5,,,,,,0,3,,,,,,0,3,,,,,,0,2,,,,,,0,,1,,,,,,,,,,,,,,,,,,16,3,13,1,1,1,1999,,1999,Vous circuliez sur un axe prioritaire. Un autre véhicule arrivant sur le même axe en sens opposé vous a coupé la route en tournant à gauche.,1,2,,,,,,"quand une voiture vous coupe la route, vous ne pouvez rien faire. Moi, j'ai bien freiné mais sur seulement 2mètres car très surpris de voir cette voiture devant moi. C'était un automobiliste qui voulait gagner 3 secondes et qui à perdu plus de 2heures.",Maintenant je surveille et j'essaie d'anticiper les manuvres des automobilistes que je croise et que je suis,Moi j'ai freiné mais trop tard.,1,0,,,trop surpris,1,1,,surpris lui aussi de me voir,oui trop pressé,1,7,,,,,,,,,,,,,,3,3,,,1,1,2,3,3,1,1,1,1,1,4,4,4,5,,,,,,,,,2,2,,2,2,2,2,,,,,,,,,1,1,1,0,100,0,0,0,,2,1,,,,2,1,1,7,,,,,,1,1,1,2,1,1,0,85,1,10,2,3,4,,,,,,4,4,4,NRP,4,4,YAMAHA,125,DTLC,1121,TRAIL / SUPERMOTARD,"YAMAHA, 125 DTLC",1,2,1,1,1,1,1,1,1,30000,12,1,1,PEUGEOT,50,ST,2380,SCOOTER,"PEUGEOT, 50 ST",1,null,3,,,,20JAN1981,7,1,3,2,2,3,,NRP,,,,1,1,0,1,0,1,KTM,990,SUPERDUKE R (BI PLACE),ROADSTER,2,2010,37,2,1,15000,7,,,,,,,,,,,,,,,,,,,,,,,,,,,,,,,,,,,,,,,,,,,,,15000,2,3,4,,,,,,,NRP,NRP,NRP,1998,2002,NRP,NRP,1999,NRP,,,
160,4642,,0,,,,,,,,,,,,,,,,,,,,,,,,,,,,,,,,,,,,,,,,,,,,,,,,,,,,,,,,,,,,,,,,,,,,,,,,,,,,,,,,,,,,,,,,,,,,,,,,,,,,,,,,,,,,,,,,,,,,,,,,,,,,,,,,,,,,,,,,,,,,,,,,,,,,,,,,,,,,,,,,,,,,,,,,,,,,,,,,,,,,,,,,,,,,,,,,,,,,,,,,,,,,,,,,,,,,,,,,,,,,,,,,,,,,,,,,,,,,,,,,,,,,,,,,,,,,,,,,,,,,,,,,,,,,,,,,,,,,,,,,,,,07OCT1945,9,2,3,2,2,3,,NRP,,,,2,0,0,1,0,1,HONDA,500,CB-S,ROADSTER,2,2000,28,2,1,12000,7,,,,,,,,,,,,,,,,,,,,,,,,,,,,,,,,,,,,,,,,,,,,,12000,3,4,,,,,,,,NRP,NRP,NRP,NRP,2007,NRP,NRP,1963,NRP,,,
497,4644,153,1,0,2,,,,,,0,3,,,,,,0,2,,,,,,0,3,,,,,,0,6,,,,,,0,1,,,,,,0,1,,,,,,0,5,,,,,,0,4,,,,,,0,5,,,,,,0,3,,,,,,0,3,,,,,,1,5,2014,,,,,0,4,,,,,,0,,1,,,,,,,,,,,,,,,,,,4,0,4,1,61,13,2014,,2014,Vous circuliez derrière un véhicule. Ce véhicule a freiné ou a ralenti et vous lavez percuté par larrière.,1,,,,,,,"Juste après une intersection, Jarrive sur les quais de Seine en sens unique, 3 voies,  je suis sur la voie centrale, au milieu de la voie (pas en interfile). La circulation est lente (heureusement), et il commence à pleuvoir une petite bruine. Je laisse donc une dizaine de mètre avec la voiture qui me précède. Une voiture sur ma gauche déboite subitement devant moi et pile aussitôt car devant cela freine brusquement, je freine, verglas dété, labs senclenche, autant dire plus de frein, et je finis dans le pare-chocs de cette fameuse voiture. Moralité, rouler en interfile !","Déboitement de voiture sans regarder, sans clignotant","Prise en frein avant (trop) violante. Acune réaction de l'autre usagé, il n'a rien calculé.",NRP,1,Une meilleure utilisation du frein arrière aurait limité le transfert de charge. A l'époque je l'utilisais moins qu'aujourd'hui. Sur ma moto précédente c'était une daube.,"Les mauvaises habitudes de freinage, tant que cela marche, pourquoi changer.",,2,1,2,,Sans doute encore un automobiliste atteint du torticoli chronique.,1,NRP,2,6,,,,,,,1,,,,2,,NRP,4,3,,,1,1,2,4,1,1,2,1,1,4,4,4,4,10,,,,,,,,,2,,,,,,,,,2,2,,2,1,1,2,0,50,0,0,50,2,,,,,,3,AUT|verglas d'été en formation,,,,1,,,,,,,,,,,1,1,1,2,0,30,1,2,3,4,7,,,,,,4,4,4,4,4,4,HONDA,1000,CBF-F C-ABS,ROADSTER,2,0,0,0,1,1,1,1,1,1,1,40000,11,4,1,YAMAHA,600,XJ6,ROADSTER,2,3,4,25JUL1973,5,2,3,2,2,3,,NRP,,,,2,0,0,1,0,1,HONDA,1000,CB-F ABS,ROADSTER,2,2010,31,1,2,16000,4,,,,,,,,,,,,,,,,,,,,,,,,,,,,,,,,,,,,,,,,,,,,,16000,3,4,,,,,,,,NRP,NRP,NRP,NRP,2010,NRP,NRP,1992,NRP,,,
2144,4645,,1,0,6,,,,,,0,5,,,,,,0,6,,,,,,0,2,,,,,,0,4,,,,,,0,6,,,,,,0,5,,,,,,0,5,,,,,,1,4,2014,,,,,0,1,,,,,,0,6,,,,,,0,2,,,,,,1,5,2014,,,,,0,4,,,,,,0,,2,,,,,,,,,,,,,,,,,,3,0,10,0,,NRP,,,,,,,,,,,,,,,,,,,,,,,,,,,,,,,,,,,,,,,,,,,,,,,,,,,,,,,,,,,,,,,,,,,,,,,,,,,,,,,,,,,,,,,,,,,,,,,,,,,,,,,,,,,,,,,,,,,,,,,,,,,,,,,,,,,,,,,,,,,,,,,,,,,,,,,,,,,,,,,11MAR1987,7,1,3,2,1,1,,NRP,,,,1,0,0,1,0,1,HONDA,600,HORNET,ROADSTER,2,2010,37,2,1,3000,7,,,,,,,,,,,,,,,,,,,,,,,,,,,,,,,,,,,,,,,,,,,,,3000,2,3,4,,,,,,,NRP,NRP,NRP,2005,2010,NRP,NRP,2005,NRP,,,
1625,4648,,1,0,4,,,,,,0,4,,,,,,0,3,,,,,,0,2,,,,,,0,5,,,,,,0,3,,,,,,0,3,,,,,,0,4,,,,,,1,3,2012,,,,,0,2,,,,,,0,5,,,,,,0,4,,,,,,0,4,,,,,,0,4,,,,,,0,,1,,,,,,,,,,,,,,,,,,2,0,7,1,41,9,2012,,,,,,,,,,,,,,,,,,,,,,,,,,,,,,,,,,,,,,,,,,,,,,,,,,,,,,,,,,,,,,,,,,,,,,,,,,,,,,,,,,,,,,,,,,,,,,,,,,,,,,,,,,,,,,,,,,,,,,,,,,,,,,,,,,,,,,,,,,,,,,,,,,,,,,,,,,,,,,08FEB1972,5,2,3,2,6,4,4,NRP,,,,2,0,0,1,0,1,YAMAHA,850,TDM,ROADSTER,2,1998,15,2,2,5000,7,,,,,,,,,,,,,,,,,,,,,,,,,,,,,,,,,,,,,,,,,,,,,5000,3,4,,,,,,,,NRP,NRP,NRP,NRP,2005,NRP,NRP,1990,NRP,,,
906,4649,188,1,0,6,,,,,,0,6,,,,,,0,6,,,,,,0,5,,,,,,0,5,,,,,,0,5,,,,,,0,6,,,,,,1,5,1993,,,,,0,4,,,,,,0,4,,,,,,0,5,,,,,,0,3,,,,,,0,4,,,,,,0,6,,,,,,0,,1,,,,,,,,,,,,,,,,,,3,4,22,1,36,8,1993,,1993,"Vous avez fait une sortie de route, une perte de contrôle ou une glissade puis avez percuté un obstacle fixe (panneau, arbre poteau ).",1,,,,,,,"J'étais fatigué de la veille. Pas d'alcool, mais une nuit passée chez ma petite amie de l'époque.  Comme tous les matins, bouchons sur l'autoroute entre Évry et Paris  Ça faisait plusieurs mois que je prenais cette autoroute, je le connaissais à fond! Trop bien même ! Je remontais la file de voitures arrêtées entre la file de gauche et la file centrale. Je roulais à 50 kms/h environ, ce qui était trop de différence avec les voitures. Mais au fil des mois, je prenais de lassurance et passais de plus en plus vite. Au loin, une camionnette déboite du centre, vers la voie de gauche. Jattrape le frein avant en mode réflexe. Mais je suis sur la ligne en pointillée séparant les deux voies, en plus, il a plu dans la nuit, la route est grasse (il navait pas plu depuis plusieurs jours).  Immédiatement, ma roue avant part et cest la chute ! Je glisse, tape un peu dans une voiture, la moto tape doucement dans une autre moto qui était devant (il naura absolument rien, il ne sest même pas arrêté plus de dix secondes).. Je me relève, je ne sais pas qui relève ma moto et la pousse sur la BAU. Je massois sur la BAU et regardent les morceaux de ma moto sautiller sous les voitures qui avancent un peu  Pompiers pour un bilan : juste quelques hématomes et un coup du lapin dont je garderai des douleurs durant plusieurs années. Voilà : Fatigue + trop vite + pluie + gras + marquage au sol+ trop sûr de soi = beaucoup trop pour rester sur ses deux roues :-)","je n'ai pas eu à réfléchir, j'ai attrappé la poignée de frein trop fort par rapport à l'adhérence. Immédiatement, ma roue avant s'est bloquée et j'ai chuté.","Indifférence totale des usagers sur toute la durée. le motard de devant dans lequel ma moto s'est arrétée, ne s'est pas arrété plus de dix secondes, le temps de vérifier qu'il n'avait rien.  Moi, j'ai glissé quelques mètres et me suis arrété contre une roue arrière de voiture. l'automobiliste est venu voir si ça voiture n'avait rien, je me suis levé et me suis dirigé vers la BAU et lui est aussi repartit. je me suis assis sur la BAU et ait attendu les pompiers seul ...",1,1,"Parir plus tranquillement le matin, en étant moins pressé, en roulant avec moins de différentiel avec les autres voitures. En prenant conscience que ça glissait  Je suis sûr, et ça m'est arrivé plusieurs fois depuis, que ça n'aurait été rien d'autre qu'un petit coup de frein ...","manque d'expérience, stress d'être en retard jeunesse qui fait que l'on a l'impression d'hyper bien maitriser sa moto",,2,0,,,,,,7,8,,,,,,,,,,,,,,2,1,4,,4,3,4,4,2,2,3,4,1,3,4,4,4,1,3,5,,,,,,,1,1,,,,,,,,2,2,,2,1,1,2,75,5,0,10,10,NSP,,,,,,4,2,,,,2,1,2,4,7,,,,,0,,1,3,1,1,0,50,1,10,2,3,5,,,,,,4,4,4,4,4,4,YAMAHA,600,XJ-S DIVERSION,ROADSTER,2,1,1,1,1,1,1,1,1,1,1,40000,12,3,1,YAMAHA,125,DTLC,TRAIL / SUPERMOTARD,2,4,4,21MAR1971,5,1,3,2,4,4,2,NRP,,,,2,0,0,1,0,1,SUZUKI,1000,V-STROM,TRAIL / SUPERMOTARD,2,2005,37,2,2,10000,7,,,,,,,,,,,,,,,,,,,,,,,,,,,,,,,,,,,,,,,,,,,,,10000,2,3,4,,,,,,,NRP,NRP,NRP,1988,1992,NRP,NRP,1989,NRP,,,
1711,4651,,1,0,4,,,,,,0,4,,,,,,1,5,2011,,,,,0,2,,,,,,0,4,,,,,,0,4,,,,,,0,3,,,,,,0,4,,,,,,0,3,,,,,,0,5,,,,,,0,4,,,,,,0,3,,,,,,1,4,NSP,,,,,0,2,,,,,,0,,2,,,,,,,,,,,,,,,,,,3,0,5,1,11,3,2011,,,,,,,,,,,,,,,,,,,,,,,,,,,,,,,,,,,,,,,,,,,,,,,,,,,,,,,,,,,,,,,,,,,,,,,,,,,,,,,,,,,,,,,,,,,,,,,,,,,,,,,,,,,,,,,,,,,,,,,,,,,,,,,,,,,,,,,,,,,,,,,,,,,,,,,,,,,,,,19JAN1976,6,2,3,2,4,4,2,NRP,,,,2,0,0,2,0,2,KAWASAKI,650,ER-6  F,Routière / GT,2,2007,16,3,1,2000,7,TRIUMPH,675,STREET TRIPLE,ROADSTER,2,2012,28,2,2,5500,7,,,,,,,,,,,,,,,,,,,,,,,,,,,,,,,,,,7500,3,4,,,,,,,,NRP,NRP,NRP,NRP,2010,NRP,NRP,1995,NRP,,,