Ligne,Ligne Q qualif,Ligne approfondissement Accident,ACCIDENT,NBACC1,ACCFREQUENCE1,ANNEEACC1_1,ANNEEACC1_2,ANNEEACC1_3,ANNEEACC1_4,ANNEEACC1_5,NBACC2,ACCFREQUENCE2,ANNEEACC2_1,ANNEEACC2_2,ANNEEACC2_3,ANNEEACC2_4,ANNEEACC2_5,NBACC3,ACCFREQUENCE3,ANNEEACC3_1,ANNEEACC3_2,ANNEEACC3_3,ANNEEACC3_4,ANNEEACC3_5,NBACC4,ACCFREQUENCE4,ANNEEACC4_1,ANNEEACC4_2,ANNEEACC4_3,ANNEEACC4_4,ANNEEACC4_5,NBACC5,ACCFREQUENCE5,ANNEEACC5_1,ANNEEACC5_2,ANNEEACC5_3,ANNEEACC5_4,ANNEEACC5_5,NBACC6,ACCFREQUENCE6,ANNEEACC6_1,ANNEEACC6_2,ANNEEACC6_3,ANNEEACC6_4,ANNEEACC6_5,NBACC7,ACCFREQUENCE7,ANNEEACC7_1,ANNEEACC7_2,ANNEEACC7_3,ANNEEACC7_4,ANNEEACC7_5,NBACC8,ACCFREQUENCE8,ANNEEACC8_1,ANNEEACC8_2,ANNEEACC8_3,ANNEEACC8_4,ANNEEACC8_5,NBACC9,ACCFREQUENCE9,ANNEEACC9_1,ANNEEACC9_2,ANNEEACC9_3,ANNEEACC9_4,ANNEEACC9_5,NBACC10,ACCFREQUENCE10,ANNEEACC10_1,ANNEEACC10_2,ANNEEACC10_3,ANNEEACC10_4,ANNEEACC10_5,NBACC11,ACCFREQUENCE11,ANNEEACC11_1,ANNEEACC11_2,ANNEEACC11_3,ANNEEACC11_4,ANNEEACC11_5,NBACC12,ACCFREQUENCE12,ANNEEACC12_1,ANNEEACC12_2,ANNEEACC12_3,ANNEEACC12_4,ANNEEACC12_5,NBACC13,ACCFREQUENCE13,ANNEEACC13_1,ANNEEACC13_2,ANNEEACC13_3,ANNEEACC13_4,ANNEEACC13_5,NBACC14,ACCFREQUENCE14,ANNEEACC14_1,ANNEEACC14_2,ANNEEACC14_3,ANNEEACC14_4,ANNEEACC14_5,AUTRESACC,NBAUTRESACC,TOTAL_AC,ANNEEAUTREACC1,ANNEEAUTREACC2,ANNEEAUTREACC3,ANNEEAUTREACC4,ANNEEAUTREACC5,LIEUAUTREACC1,LIEUAUTREACC2,LIEUAUTREACC3,LIEUAUTREACC4,LIEUAUTREACC5,DESCRIPTIONAUTRESACC1,DESCRIPTIONAUTRESACC2,DESCRIPTIONAUTRESACC3,DESCRIPTIONAUTRESACC4,DESCRIPTIONAUTRESACC5,NBAUTRESACCCIRCUIT,NBAUTRESTOUTTERRAIN,EXPCYCLO,EXP125,EXPSUP125,ACCORDNEXTQ,CHOIXACC,RGPMTACC,RECUPANNEE,RECUPLIEU,RECUPANNE,RGPMTAC,CHOIX1,CHOIX2,CHOIX3,CHOIX4,CHOIX5,CHOIX6,CHOIX7,DESCRIPTION,RUPTURE,FAITS,ABS_REACTION,AUTRE_REACTION,PRECISIONREACTIONOUI,RECUL,PRECISIONREACTIONNON,IMPACTCOMPORTEMENT,AUTREUSAGER,REACTIONAUTREUSAGER,CONNAISSANCEREACTIONUSAGER,DIFFICULTES,AGGRAVATION,DIFFICULTES2,EMOTIONS1,EMOTIONS2,EMOTIONS3,EMOTIONS4,EMOTIONS5,EMOTIONS6,AUTRESENTIMENT,CLASSEMENTEMOTIONS1,CLASSEMENTEMOTIONS,CLASSEMENTEMOTIONS5,CLASSEMENTEMOTIONS6,CLASSEMENTEMOTIONS7,CLASSEMENTEMOTIONS8,CLASSEMENTEMOTIONS9,EXPLICATIONRESSENTI,BIENEQUIPE,ALLURE,ALLUREVITEDETAIL,ALLURELENTEDETAIL,SITUATIONPRESSE,SITUATIONDISTRAIT,SITUATIONCONFIANT,SITUATIONCONTROLE,SITUATIONLUDIQUE,SITUATIONPERF,SITUATIONSTRESS,SITUATIONFATIGUE,HUMEURNEUTRE,HUMEURGAI,HUMEURMECONTENT,HUMEURTRISTE,HUMEURCOLERE,CONTRIBUTION1,CONTRIBUTION2,CONTRIBUTION3,CONTRIBUTION4,CONTRIBUTION5,CONTRIBUTION6,CONTRIBUTION7,CONTRIBUTION8,CONTRIBUTION9,ROLEINFRA,ELEMENTINFRA1,ELEMENTINFRA2,ELEMENTINFRA3,ELEMENTINFRA4,ELEMENTINFRA5,ELEMENTINFRA6,ELEMENTINFRA7,ELEMENTINFRA8,ELEMENTINFRA9,ALCOOL,TXALCOOL,STUP,SEMAINE,MOMENTJOURNEE,TEMPS,CAUSEACC1,CAUSEACC2,CAUSEACC3,CAUSEACC4,CAUSEACC5,FORMATIONCAUSE,FORMATION1,FORMATION2,FORMATION3,FORMATION4,FORMATION5,TRAFIC,CHAUSSEE1,CHAUSSEE2,CHAUSSEE3,CHAUSSEE4,TYPEACC,BLESSURE,TETE,COU,THORAX,MEMBRESSUP,COLONNE,BASSIN,MEMBRESINF,HOPITAL,PLUS24H,TRAJET,TYPEROUTE,MOTIF,SENSTRAJET,PASSAGER,VITESSE,DESCEQ1,DESCEQ2,DESCEQ3,DESCEQ4,DESCEQ5,DESCEQ6,DESCEQ7,DESCEQ8,DESCEQ9,DESCEQ10,VEHICULEETE,VEHICULEAUTOMNE,VEHICULEPRINTEMPS,VEHICULEHIVER,VEHICULESEMAINE,VEHICULEWE,VEHMARQUE,VEHCYLINDREE,VEHMODELE,VEHSEGMENT,VEHSIDE,EQ2RMABS,EQ2RMCBS,EQ2RMABSCBS,EQ2RMREGULATEUR,EQ2RMLIMITEUR,EQ2RMPHARESDIRECT,EQ2RMCOUPURE,EQ2RMANTIPATINAGE,EQ2RMANTIXHEELING,EQ2RMSTABILILTE,VEHKM,POINTS,DUREE,AUTRE2RM,VEHPRECMARQUE,VEHPRECCYLINDREE,VEHPRECMODELE,VEHPRECSEGMENT,VEHPRECSIDE,TEMPS2RMPREC,FREQVEHPREC,DATE_NAISS,CSP,SOCIETAIRE,SALARIE,SECTEUR2RM,NBPERSFOYER,SITFAM,NBENF,TRNBENF1,TRNBENF2,TRNBENF3,TRNBENF4,NBAUTOFOYER,NBCYCLOFOYER,NBSCOOTFOYER,NBMOTOFOYER,NBTRIKEFOYER,NB2RMCONDUIT,MARQUE1,CYLINDREE1,MODELE1,SEGMENT1,SIDE1,ANMISECIRCU1,ASS1,FREQ1,USAGE1,NBKM1,GARAGE1,MARQUE2,CYLINDREE2,MODELE2,SEGMENT2,SIDE2,ANMISECIRCU2,ASS2,FREQ2,USAGE2,NBKM2,GARAGE2,MARQUE3,CYLINDREE3,MODELE3,SEGMENT3,SIDE3,ANMISECIRCU3,ASS3,FREQ3,USAGE3,NBKM3,GARAGE3,MARQUE4,CYLINDREE4,MODELE4,SEGMENT4,SIDE4,ANMISECIRCU4,ASS4,FREQ4,USAGE4,NBKM4,GARAGE4,MARQUE5,CYLINDREE5,MODELE5,SEGMENT5,SIDE5,ANMISECIRCU5,ASS5,FREQ5,USAGE5,NBKM5,GARAGE5,NBKMTOT,PERMIS1,PERMIS2,PERMIS3,PERMIS4,PERMIS5,PERMIS6,PERMIS7,PERMIS8,PERMIS9,ANPERMIS1,ANPERMIS6,ANPERMIS7,ANPERMIS2,ANPERMIS3,ANPERMIS8,ANPERMIS9,ANPERMIS4,ANPERMIS5,,,
871,4675,384,1,0,3,,,,,,0,5,,,,,,1,5,1989,,,,,0,3,,,,,,0,5,,,,,,0,3,,,,,,1,4,1990,,,,,3,4,1990,1992,2001,,,0,3,,,,,,0,3,,,,,,0,5,,,,,,0,3,,,,,,0,3,,,,,,0,4,,,,,,0,,5,,,,,,,,,,,,,,,,,,25,1,25,1,11,3,1989,,1989,Vous remontiez une file de véhicules (à larrêt ou au ralenti) par la gauche. Un véhicule de cette file vous a coupé la route en tournant à gauche.,1,2,4,,,,,"juste un aquaplaning en rétrogradant à l'entré d'un passage à niveau , en ville , de nuit et sous une pluie battante ...mauvaise chute sur le guidon et rouler-bouler dans tout les sens .",aquaplaning,"j'ai à peine eu le temps de me dire ""merde"" dans la tete",NRP,1,etre plus souple sur les commandes au rétrogradage sous la pluie,?,,2,1,2,,NSP,2,NRP,6,,,,,,,,,,,,1,,?,4,3,,,2,1,3,3,3,1,1,2,1,3,4,4,4,10,,,,,,,,,1,2,4,,,,,,,2,1,2,2,2,2,3,10,0,0,0,90,2,,,,,,1,2,,,,2,1,5,6,7,,,,,1,1,2,1,3,,0,60,1,2,3,5,9,,,,,,1,4,3,4,4,4,YAMAHA,600,XTZ TENERE,TRAIL / SUPERMOTARD,2,1,1,1,1,1,1,1,1,1,1,50000,0,1,0,,,,,,,,15JUL1969,8,1,3,2,4,4,2,NRP,,,,3,0,0,1,0,2,KAWASAKI,650,Z650C,ROADSTER,2,1979,37,2,2,6000,7,HONDA,1000,GOLD WING,ROADSTER,1,1976,16,3,1,1000,7,,,,,,,,,,,,,,,,,,,,,,,,,,,,,,,,,,7000,3,4,,,,,,,,NRP,NRP,NRP,NRP,1989,NRP,NRP,1987,NRP,,,
431,4676,223,1,0,4,,,,,,0,4,,,,,,0,1,,,,,,0,1,,,,,,0,4,,,,,,0,2,,,,,,0,2,,,,,,0,3,,,,,,2,3,2005,2007,,,,0,3,,,,,,0,2,,,,,,0,4,,,,,,1,4,2001,,,,,0,2,,,,,,1,5,8,2001,2002,2005,2006,2007,PARIS,PARIS,ALPES,PARIS,PYRENNEES,"VEHICULE DEVANT MOI FREINE, JE BLOC LA ROUE AVANT ET JE TOMBE EN PERCUTANT LA VOITURE",SUR AVENUE SENS UNIQUE A 2 VOIES VEHICULE DE LA FILE DE GAUCHE SE RABAT DANS MA FILE (DROITE) JE BLOC LA ROUE AVANT ET CHUTE CONTRE LE TROTTOIR,"DERNIER JOUR D'UNE SEMAINE DE BALADE DANS LES ALPES, DANS UN VIRAGE A GAUCHE JE PERS LA TRAJECTOIRE ET FINI DANS LE TALUS A DROITE DE LA ROUTE","SUR VOIE RAPIDE A 3 VOIES CIRCULATION TRES DENSE ET CHAUSSEE HUMIDE, JE ME RABAT DE LA FILE DU MILIEU VERS CELLE DE DROITE POUR ALLER SUR LA BAU OU UN MOTARD EST ARRETE. JE ME FAIT PERCUTE PAR DERRIERE DANS LA FILE DE DROITE PAR UNE VOITURE QUI A BLOQUE SES ROUES","IDEM QUE LE 3 MAIS DANS LES PYRENNEES, MEME CIRCONSTANCES DE FIN DE SEMAINE DE BALADE, MEME VIRAGE A GAUCHE ET MEME R2SULTAT DANS LE FAUSSE",0,0,0,0,14,1,74,15,2006,PARIS,2006,Autre(s) type(s) d'accident(s).,4,6,,,,,,"Sur autoroute A4 à la sortie de paris avec un fort trafic au ralenti, chaussée humide mais sans pluie.  Je remonte les files entre les voies 2 et 3 et j'aperçois un motard à l'arrêt sur la BAU.  Je met mon clignotant et me rabats sur la voie du milieu. Je vois un espace pour passer sur la voie de droite et m'engage. Arrivé au milieu de cette voie la voiture derrière moi bloque ses roues et me percute. La moto me tombe sur la jambe droite et provoque une grosse plaie ouverte à travers le pantalon de pluie et le jean juste au dessus de ma botte de moto. Bilan, 2 opérations à l'hôpital, un mois d'arrêt de travail, une photo en vrac qui a failli passer épave, et un motard que je n'ai pas dépanné et qui s'est à peine soucié de moi. Pour le suivant je lui ai fait signe que je n'avait pas d'outils :-). J'ai toujours mes bottes dont celle de droite à encore des traces de sanquette, et mon pantalon de pluie avec doublure rafistolé au scotch. C'est du mon matériel même si en l'occurrence il ne m'a pas protégé.","J'aurais dû mieux contrôler la place disponible lors de mon dernier changement de voie.  S'il n'y avait pas eu se motard arrêté, il n'y aurais pas eu cet accident.","Entre ma manuvre de changement de voie et le choc il n'y a eu que le bloquage de roue de la voiture qui m'a percuté. Je n'ai pas eu de réaction. J'aurais du lever ma jambe droite pour éviter qu'elle se trouve bloquée sous la moto, mais je ne l'ai pas fait.",2,1,j'aurais du lever la jambes cela aurait éviter ma plus grosse blessure,Je n'avais pas perçu le danger,,2,1,1,1,il a bloqué ses roues,2,Le choc c'est passé à vitesse réduite,2,6,,,,,,,1,,,,2,,je ne m'attendais pas à être percuté,4,3,,,2,1,3,4,1,1,1,2,5,3,4,4,4,4,,,,,,,,,2,,,,,,,,,2,2,,2,2,1,2,45,45,0,0,10,2,,,,,,3,2,,,,2,1,7,,,,,,,1,1,2,3,3,,0,20,1,10,2,3,4,7,,,,,4,4,4,4,4,4,KAWASAKI,1200,ZRX-R,ROADSTER,2,1,1,1,1,1,1,1,1,1,1,60000,12,4,1,KAWASAKI,750,ZR-7,ROADSTER,2,3,4,03OCT1969,6,1,3,2,4,4,2,NRP,,,,2,0,1,1,0,2,KAWASAKI,1200,ZRX-R,ROADSTER,2,2002,37,1,2,10000,7,SUZUKI,400,BURGMAN,SCOOTER,2,2007,37,3,2,2000,7,,,,,,,,,,,,,,,,,,,,,,,,,,,,,,,,,,12000,3,4,,,,,,,,NRP,NRP,NRP,NRP,2001,NRP,NRP,1989,NRP,,,
1220,4677,306,1,0,4,,,,,,0,4,,,,,,0,4,,,,,,0,3,,,,,,0,4,,,,,,0,3,,,,,,0,3,,,,,,0,3,,,,,,2,4,1980,1996,,,,0,3,,,,,,1,4,2003,,,,,0,3,,,,,,0,4,,,,,,1,4,2005,,,,,0,,4,,,,,,,,,,,,,,,,,,3,10,26,1,66,14,2005,,2005,"Alors que vous étiez en train de rouler, un piéton a traversé devant vous.",3,,,,,,,"A côté de la gare d'Epinay-Villetaneuse, je remontais lentement une file de voiture arrêté au feu rouge. Arrivé à deux voitures du feu, celui ci passe au vert et j'accélère donc. Lorsque j'arrive à la hauteur de la première voiture, un monospace qui cachait ma vue sur la droite, j'apperçois un piéton venant de la droite qui traverse en poussant son vélo, voulant l'éviter je freine d'urgence et, le sol étant mouillé, je perd l'avant et me retrouve au sol, le pied droit bloqué sous l'échappement. Je n'arrivais pas à me relever. Heureusement un passant m'a aider en soulevant légèrement le scooter pour que je puisse me dégager. Je me range sur le côté pour vérifier mon état et celui de mon scooter. Le piéton, un ""papy asiatique"" qui ne parlait pas français m'a remercié de m'être ""sacrifié"" pour lui. Mon scooter, à l'époque un Yamaha Versity 300 ayant un freinage avant assez mordant ne m'a pas aidé à cette occasion. Depuis je suis passé à un Honda Sh300 bien plus sécurisant dans ce type de situation (freinage couplé et surtout ABS). A noter qu'a part un pantalon légèrement déchiré et le cache échappement de mon scooter je n'ai pas eu d'autres dommages. Le tablier anti pluie (Tucano) m'a bien protégé le genou lors de la chute à basse vitesse il est vrai (environ 20km/h). J'ai retenu également que ce n'est pas parcequ'un code de la route existe et qu'une signalisation est installée que ceux ci seront respectés. En effet le piéton traversait alors que son feu était rouge !",Piéton caché qui traverse alors que son feu est rouge. Et route humide par la pluie et manque d'ABS sur mon scooter.,"Dès que j'ai vu le piéton j'ai freiné d'urgence, frein avant et arrière et du fait du sol mouillé l'avant s'est bloqué entrainant ma chute. Le piéton s'est également arrêté.",NRP,0,,,Il aurait fallu que je freine moins fort de l'avant mais dans une situation d'urgence j'en suis bien incapable.,2,1,1,AUT|Le piéton s'est arrêté,NSP,1,Le piéton a traversé alors que son feu était rouge,2,6,,,,,,,1,,,,2,,j'ai été surpris par la présence de ce piéton sur la voie alors qu'il ne devait pas être là vu que sont feu était rouge.,3,3,,,2,1,3,3,1,1,1,1,1,4,4,4,4,7,,,,,,,,,2,,,,,,,,,2,2,,2,1,1,2,0,100,0,0,0,1,4,,,,,3,2,,,,1,,,,,,,,,,,1,1,1,1,0,20,1,10,2,3,4,,,,,,4,4,4,4,4,4,YAMAHA,300,VERSITY,SCOOTER,2,1,1,1,1,1,1,1,1,1,1,12000,12,2,1,KAWASAKI,650,W650,ROADSTER,2,4,4,08NOV1962,5,1,3,2,4,4,2,NRP,,,,2,0,1,3,0,4,BMW,1200,R1200ST,Routière / GT,2,2008,37,2,2,2000,7,HONDA,300,SH IE ABS,SCOOTER,2,2012,37,1,2,6000,7,BMW,800,R80R ROADSTER,ROADSTER,2,1992,37,3,1,1500,7,YAMAHA,600,SRX,ROADSTER,2,1989,29,4,1,300,7,,,,,,,,,,,,9800,2,3,4,,,,,,,NRP,NRP,NRP,1979,1982,NRP,NRP,1980,NRP,,,
1463,4680,,0,,,,,,,,,,,,,,,,,,,,,,,,,,,,,,,,,,,,,,,,,,,,,,,,,,,,,,,,,,,,,,,,,,,,,,,,,,,,,,,,,,,,,,,,,,,,,,,,,,,,,,,,,,,,,,,,,,,,,,,,,,,,,,,,,,,,,,,,,,,,,,,,,,,,,,,,,,,,,,,,,,,,,,,,,,,,,,,,,,,,,,,,,,,,,,,,,,,,,,,,,,,,,,,,,,,,,,,,,,,,,,,,,,,,,,,,,,,,,,,,,,,,,,,,,,,,,,,,,,,,,,,,,,,,,,,,,,,,,,,,,,,21JAN1971,5,1,3,2,2,3,,NRP,,,,2,0,0,1,0,1,HONDA,800,VFR-F V-TEC,Routière / GT,2,2002,37,2,1,10000,7,,,,,,,,,,,,,,,,,,,,,,,,,,,,,,,,,,,,,,,,,,,,,10000,3,4,,,,,,,,NRP,NRP,NRP,NRP,2010,NRP,NRP,1989,NRP,,,
1720,4685,,1,0,4,,,,,,0,4,,,,,,0,4,,,,,,0,2,,,,,,0,5,,,,,,0,4,,,,,,0,4,,,,,,0,5,,,,,,1,4,2012,,,,,0,3,,,,,,0,4,,,,,,0,2,,,,,,0,2,,,,,,0,2,,,,,,0,,1,,,,,,,,,,,,,,,,,,3,1,9,1,41,9,2012,,,,,,,,,,,,,,,,,,,,,,,,,,,,,,,,,,,,,,,,,,,,,,,,,,,,,,,,,,,,,,,,,,,,,,,,,,,,,,,,,,,,,,,,,,,,,,,,,,,,,,,,,,,,,,,,,,,,,,,,,,,,,,,,,,,,,,,,,,,,,,,,,,,,,,,,,,,,,,26APR1978,7,1,3,2,4,4,2,NRP,,,,2,0,0,3,0,1,SUZUKI,600,BANDIT-S,ROADSTER,2,2004,37,3,1,5000,7,,,,,,,,,,,,,,,,,,,,,,,,,,,,,,,,,,,,,,,,,,,,,5000,3,4,,,,,,,,NRP,NRP,NRP,NRP,2005,NRP,NRP,1996,NRP,,,
984,4687,,1,0,4,,,,,,0,3,,,,,,0,3,,,,,,0,3,,,,,,1,3,1992,,,,,0,3,,,,,,0,2,,,,,,0,3,,,,,,0,4,,,,,,0,4,,,,,,0,4,,,,,,0,4,,,,,,0,3,,,,,,0,4,,,,,,1,1,2,1989,,,,,TOULOUSE,,,,,"Circulant sur 1 rond-point par temps de pluie à faible allure, 1 auto venant d'une rue de droite s'est engagée devant moi sans ralentir, freinage glissade sans la percuter. Dégâts matériels, pas de choc, pas de blessure. le véhicule ne s'est pas arrêté.",,,,,0,0,4,5,27,1,71,15,1989,TOULOUSE,,,,,,,,,,,,,,,,,,,,,,,,,,,,,,,,,,,,,,,,,,,,,,,,,,,,,,,,,,,,,,,,,,,,,,,,,,,,,,,,,,,,,,,,,,,,,,,,,,,,,,,,,,,,,,,,,,,,,,,,,,,,,,,,,,,,,,,,,,,,,,,,,,,,,,,,,,,,,08JUL1961,6,1,3,2,5,4,3,NRP,,,,2,0,0,1,0,1,MOTO GUZZI,1100,CALIFORNIA IE AQUILA NERA,CUSTOM,2,2011,37,2,2,7000,7,,,,,,,,,,,,,,,,,,,,,,,,,,,,,,,,,,,,,,,,,,,,,7000,2,3,4,,,,,,,NRP,NRP,NRP,1980,1986,NRP,NRP,1980,NRP,,,
1573,4688,,0,,,,,,,,,,,,,,,,,,,,,,,,,,,,,,,,,,,,,,,,,,,,,,,,,,,,,,,,,,,,,,,,,,,,,,,,,,,,,,,,,,,,,,,,,,,,,,,,,,,,,,,,,,,,,,,,,,,,,,,,,,,,,,,,,,,,,,,,,,,,,,,,,,,,,,,,,,,,,,,,,,,,,,,,,,,,,,,,,,,,,,,,,,,,,,,,,,,,,,,,,,,,,,,,,,,,,,,,,,,,,,,,,,,,,,,,,,,,,,,,,,,,,,,,,,,,,,,,,,,,,,,,,,,,,,,,,,,,,,,,,,,22MAR1959,5,2,3,2,2,3,,NRP,,,,2,0,0,3,0,3,BMW,1200,R1200RT,Routière / GT,2,2006,33,1,2,15000,4,MONTESA,240,COTA 247,"TOUT TERRAIN (TRIAL, ENDURO, CROSS)",2,1975,33,4,1,150,4,YAMAHA,600,XTZ TENERE,TRAIL / SUPERMOTARD,2,1984,33,3,1,1000,4,,,,,,,,,,,,,,,,,,,,,,,16150,2,3,4,,,,,,,NRP,NRP,NRP,1975,1979,NRP,NRP,2004,NRP,,,
1291,4689,,0,,,,,,,,,,,,,,,,,,,,,,,,,,,,,,,,,,,,,,,,,,,,,,,,,,,,,,,,,,,,,,,,,,,,,,,,,,,,,,,,,,,,,,,,,,,,,,,,,,,,,,,,,,,,,,,,,,,,,,,,,,,,,,,,,,,,,,,,,,,,,,,,,,,,,,,,,,,,,,,,,,,,,,,,,,,,,,,,,,,,,,,,,,,,,,,,,,,,,,,,,,,,,,,,,,,,,,,,,,,,,,,,,,,,,,,,,,,,,,,,,,,,,,,,,,,,,,,,,,,,,,,,,,,,,,,,,,,,,,,,,,,12JUL1964,1,1,3,2,4,4,2,NRP,,,,2,0,0,1,0,1,KAWASAKI,1000,GTR,Routière / GT,2,1993,37,2,1,6500,7,,,,,,,,,,,,,,,,,,,,,,,,,,,,,,,,,,,,,,,,,,,,,6500,3,4,,,,,,,,NRP,NRP,NRP,NRP,2011,NRP,NRP,1983,NRP,,,
1296,4690,,0,,,,,,,,,,,,,,,,,,,,,,,,,,,,,,,,,,,,,,,,,,,,,,,,,,,,,,,,,,,,,,,,,,,,,,,,,,,,,,,,,,,,,,,,,,,,,,,,,,,,,,,,,,,,,,,,,,,,,,,,,,,,,,,,,,,,,,,,,,,,,,,,,,,,,,,,,,,,,,,,,,,,,,,,,,,,,,,,,,,,,,,,,,,,,,,,,,,,,,,,,,,,,,,,,,,,,,,,,,,,,,,,,,,,,,,,,,,,,,,,,,,,,,,,,,,,,,,,,,,,,,,,,,,,,,,,,,,,,,,,,,,05NOV1961,2,2,3,2,3,4,1,NRP,,,,3,1,0,1,0,2,GAS GAS,300,EC ENDUCROSS,"TOUT TERRAIN (TRIAL, ENDURO, CROSS)",2,2002,29,3,1,1000,7,GAS GAS,300,EC ENDUCROSS,"TOUT TERRAIN (TRIAL, ENDURO, CROSS)",2,2002,29,3,1,1000,7,,,,,,,,,,,,,,,,,,,,,,,,,,,,,,,,,,2000,2,3,4,,,,,,,NRP,NRP,NRP,1978,1979,NRP,NRP,1979,NRP,,,
1273,4692,110,1,0,2,,,,,,0,4,,,,,,0,4,,,,,,0,4,,,,,,0,4,,,,,,0,2,,,,,,0,2,,,,,,1,4,1991,,,,,1,3,1992,,,,,0,3,,,,,,1,4,2007,,,,,0,1,,,,,,1,2,1993,,,,,0,1,,,,,,0,,4,,,,,,,,,,,,,,,,,,6,0,23,1,36,8,1991,,1991,"Vous avez fait une sortie de route, une perte de contrôle ou une glissade puis avez percuté un obstacle fixe (panneau, arbre poteau ).",6,,,,,,,"Arrivant sur un rond point le véhicule me précédant après s'être engagé il a brutalement stoppé dans le rond point, moi derrière mon freinage appuyé c'est soldé par un blocage de la roue avant et glissade de celle-ci sur une bande blanche. Résultat la roue avant de ma moto à terminé sa course sur le parechoc arrière de la voiture me précédant.                       Depuis cette accident je me place sur la chaussée de telle façon à ne plus mettre une roue sur une bande blanche et à bien respecter les distances par rapport au véhicule me précédant.",,"Freinage appuyé sur l'avant et plus léger sur l'arrière, débrayage complet, le choc.             aucune de mes actions ont eux des conséquences sur l'autre usager.",AUT|j'ai été surpris,1,mon placement sur la chaussée pour éviter la peinture au sol et donc pas de blocage de la roue avant soit un freinage sur une plus courte distance. Une distance entre moi est le véhicule précédant plus importante donc plus d'espace pour le freinage.,Motard débutant sans experiences,,2,1,2,,il regardé devant lui et ma donc pas vu,1,si l'usager ne c'été pas arrêté dans le rond-point libre il n'y aurait pas eu l'accident.,6,,,,,,,,,,,,1,,Je freiné au maximum sans pouvoir arrêté la moto,3,3,,,1,3,3,3,1,1,1,1,3,1,4,4,4,7,,,,,,,,,1,1,,,,,,,,2,2,,2,2,1,1,20,50,0,30,0,1,2,3,4,,,2,1,,,,2,1,4,,,,,,,1,0,2,AUT|Zone commerciale,3,,0,20,1,2,3,4,7,9,,,,,4,4,4,3,3,4,HONDA,600,TRANSALP 34CV,TRAIL / SUPERMOTARD,2,1,1,1,1,1,1,1,1,1,1,10000,12,2,1,MBK,50,881M 'BLEU',ROADSTER,2,4,4,31JAN1966,6,2,3,2,2,3,,NRP,,,,3,0,0,1,0,1,HONDA,1300,PAN EUROPEAN ABS PACK,Routière / GT,2,2007,28,3,1,12000,6,,,,,,,,,,,,,,,,,,,,,,,,,,,,,,,,,,,,,,,,,,,,,12000,2,3,4,,,,,,,NRP,NRP,NRP,1984,1992,NRP,NRP,1984,NRP,,,
237,4693,,1,1,4,NSP,,,,,0,3,,,,,,0,6,,,,,,0,4,,,,,,0,2,,,,,,0,6,,,,,,0,3,,,,,,0,1,,,,,,0,2,,,,,,0,5,,,,,,0,5,,,,,,0,1,,,,,,0,2,,,,,,0,1,,,,,,0,,1,,,,,,,,,,,,,,,,,,14,1,5,1,1,1,0,,,,,,,,,,,,,,,,,,,,,,,,,,,,,,,,,,,,,,,,,,,,,,,,,,,,,,,,,,,,,,,,,,,,,,,,,,,,,,,,,,,,,,,,,,,,,,,,,,,,,,,,,,,,,,,,,,,,,,,,,,,,,,,,,,,,,,,,,,,,,,,,,,,,,,,,,,,,,,25AUG1980,7,2,3,2,3,5,0,NRP,,,,3,0,0,1,1,2,SUZUKI,600,BANDIT-N,ROADSTER,2,2004,20,1,1,10000,7,LONCIN,200,QUAD NON HOMOLOGUE,QUAD,2,2007,41,4,1,25,7,,,,,,,,,,,,,,,,,,,,,,,,,,,,,,,,,,10025,1,3,4,,,,,,,1995,NRP,NRP,NRP,2010,NRP,NRP,2008,NRP,,,
2203,4694,,1,0,3,,,,,,0,3,,,,,,0,2,,,,,,0,1,,,,,,1,6,1997,,,,,0,1,,,,,,0,2,,,,,,0,3,,,,,,1,2,1995,,,,,0,1,,,,,,0,3,,,,,,0,1,,,,,,0,2,,,,,,0,1,,,,,,0,,2,,,,,,,,,,,,,,,,,,2,0,21,1,21,5,1997,,,,,,,,,,,,,,,,,,,,,,,,,,,,,,,,,,,,,,,,,,,,,,,,,,,,,,,,,,,,,,,,,,,,,,,,,,,,,,,,,,,,,,,,,,,,,,,,,,,,,,,,,,,,,,,,,,,,,,,,,,,,,,,,,,,,,,,,,,,,,,,,,,,,,,,,,,,,,,12APR1975,6,1,3,2,4,4,2,NRP,,,,2,0,0,1,0,1,BMW,1100,R1100GS ABS,TRAIL / SUPERMOTARD,2,1997,37,1,2,10000,AUT|sous carport,,,,,,,,,,,,,,,,,,,,,,,,,,,,,,,,,,,,,,,,,,,,,10000,3,,,,,,,,,NRP,NRP,NRP,NRP,1994,NRP,NRP,NRP,NRP,,,
2068,4695,,1,0,4,,,,,,0,3,,,,,,0,5,,,,,,0,4,,,,,,0,4,,,,,,0,3,,,,,,0,5,,,,,,0,4,,,,,,0,3,,,,,,0,4,,,,,,0,4,,,,,,0,3,,,,,,0,3,,,,,,0,4,,,,,,1,1,1,2007,,,,,Montpellier,,,,,"Arrêté à un feu tricolore ; j'ai été percuté par l' arrière par un conducteur ""distrait""",,,,,0,0,2,0,45,1,71,15,2007,Montpellier,,,,,,,,,,,,,,,,,,,,,,,,,,,,,,,,,,,,,,,,,,,,,,,,,,,,,,,,,,,,,,,,,,,,,,,,,,,,,,,,,,,,,,,,,,,,,,,,,,,,,,,,,,,,,,,,,,,,,,,,,,,,,,,,,,,,,,,,,,,,,,,,,,,,,,,,,,,,,16MAR1956,9,1,3,2,3,4,1,NRP,,,,1,0,0,2,0,2,HONDA,1800,GOLD WING,Routière / GT,2,2002,28,1,1,15000,7,HONDA,1000,CBR1000F,Routière / GT,2,1991,37,2,1,4000,7,,,,,,,,,,,,,,,,,,,,,,,,,,,,,,,,,,19000,3,4,,,,,,,,NRP,NRP,NRP,NRP,1974,NRP,NRP,1974,NRP,,,