Ligne,Ligne Q qualif,Ligne approfondissement Accident,ACCIDENT,NBACC1,ACCFREQUENCE1,ANNEEACC1_1,ANNEEACC1_2,ANNEEACC1_3,ANNEEACC1_4,ANNEEACC1_5,NBACC2,ACCFREQUENCE2,ANNEEACC2_1,ANNEEACC2_2,ANNEEACC2_3,ANNEEACC2_4,ANNEEACC2_5,NBACC3,ACCFREQUENCE3,ANNEEACC3_1,ANNEEACC3_2,ANNEEACC3_3,ANNEEACC3_4,ANNEEACC3_5,NBACC4,ACCFREQUENCE4,ANNEEACC4_1,ANNEEACC4_2,ANNEEACC4_3,ANNEEACC4_4,ANNEEACC4_5,NBACC5,ACCFREQUENCE5,ANNEEACC5_1,ANNEEACC5_2,ANNEEACC5_3,ANNEEACC5_4,ANNEEACC5_5,NBACC6,ACCFREQUENCE6,ANNEEACC6_1,ANNEEACC6_2,ANNEEACC6_3,ANNEEACC6_4,ANNEEACC6_5,NBACC7,ACCFREQUENCE7,ANNEEACC7_1,ANNEEACC7_2,ANNEEACC7_3,ANNEEACC7_4,ANNEEACC7_5,NBACC8,ACCFREQUENCE8,ANNEEACC8_1,ANNEEACC8_2,ANNEEACC8_3,ANNEEACC8_4,ANNEEACC8_5,NBACC9,ACCFREQUENCE9,ANNEEACC9_1,ANNEEACC9_2,ANNEEACC9_3,ANNEEACC9_4,ANNEEACC9_5,NBACC10,ACCFREQUENCE10,ANNEEACC10_1,ANNEEACC10_2,ANNEEACC10_3,ANNEEACC10_4,ANNEEACC10_5,NBACC11,ACCFREQUENCE11,ANNEEACC11_1,ANNEEACC11_2,ANNEEACC11_3,ANNEEACC11_4,ANNEEACC11_5,NBACC12,ACCFREQUENCE12,ANNEEACC12_1,ANNEEACC12_2,ANNEEACC12_3,ANNEEACC12_4,ANNEEACC12_5,NBACC13,ACCFREQUENCE13,ANNEEACC13_1,ANNEEACC13_2,ANNEEACC13_3,ANNEEACC13_4,ANNEEACC13_5,NBACC14,ACCFREQUENCE14,ANNEEACC14_1,ANNEEACC14_2,ANNEEACC14_3,ANNEEACC14_4,ANNEEACC14_5,AUTRESACC,NBAUTRESACC,TOTAL_AC,ANNEEAUTREACC1,ANNEEAUTREACC2,ANNEEAUTREACC3,ANNEEAUTREACC4,ANNEEAUTREACC5,LIEUAUTREACC1,LIEUAUTREACC2,LIEUAUTREACC3,LIEUAUTREACC4,LIEUAUTREACC5,DESCRIPTIONAUTRESACC1,DESCRIPTIONAUTRESACC2,DESCRIPTIONAUTRESACC3,DESCRIPTIONAUTRESACC4,DESCRIPTIONAUTRESACC5,NBAUTRESACCCIRCUIT,NBAUTRESTOUTTERRAIN,EXPCYCLO,EXP125,EXPSUP125,ACCORDNEXTQ,CHOIXACC,RGPMTACC,RECUPANNEE,RECUPLIEU,RECUPANNE,RGPMTAC,CHOIX1,CHOIX2,CHOIX3,CHOIX4,CHOIX5,CHOIX6,CHOIX7,DESCRIPTION,RUPTURE,FAITS,ABS_REACTION,AUTRE_REACTION,PRECISIONREACTIONOUI,RECUL,PRECISIONREACTIONNON,IMPACTCOMPORTEMENT,AUTREUSAGER,REACTIONAUTREUSAGER,CONNAISSANCEREACTIONUSAGER,DIFFICULTES,AGGRAVATION,DIFFICULTES2,EMOTIONS1,EMOTIONS2,EMOTIONS3,EMOTIONS4,EMOTIONS5,EMOTIONS6,AUTRESENTIMENT,CLASSEMENTEMOTIONS1,CLASSEMENTEMOTIONS,CLASSEMENTEMOTIONS5,CLASSEMENTEMOTIONS6,CLASSEMENTEMOTIONS7,CLASSEMENTEMOTIONS8,CLASSEMENTEMOTIONS9,EXPLICATIONRESSENTI,BIENEQUIPE,ALLURE,ALLUREVITEDETAIL,ALLURELENTEDETAIL,SITUATIONPRESSE,SITUATIONDISTRAIT,SITUATIONCONFIANT,SITUATIONCONTROLE,SITUATIONLUDIQUE,SITUATIONPERF,SITUATIONSTRESS,SITUATIONFATIGUE,HUMEURNEUTRE,HUMEURGAI,HUMEURMECONTENT,HUMEURTRISTE,HUMEURCOLERE,CONTRIBUTION1,CONTRIBUTION2,CONTRIBUTION3,CONTRIBUTION4,CONTRIBUTION5,CONTRIBUTION6,CONTRIBUTION7,CONTRIBUTION8,CONTRIBUTION9,ROLEINFRA,ELEMENTINFRA1,ELEMENTINFRA2,ELEMENTINFRA3,ELEMENTINFRA4,ELEMENTINFRA5,ELEMENTINFRA6,ELEMENTINFRA7,ELEMENTINFRA8,ELEMENTINFRA9,ALCOOL,TXALCOOL,STUP,SEMAINE,MOMENTJOURNEE,TEMPS,CAUSEACC1,CAUSEACC2,CAUSEACC3,CAUSEACC4,CAUSEACC5,FORMATIONCAUSE,FORMATION1,FORMATION2,FORMATION3,FORMATION4,FORMATION5,TRAFIC,CHAUSSEE1,CHAUSSEE2,CHAUSSEE3,CHAUSSEE4,TYPEACC,BLESSURE,TETE,COU,THORAX,MEMBRESSUP,COLONNE,BASSIN,MEMBRESINF,HOPITAL,PLUS24H,TRAJET,TYPEROUTE,MOTIF,SENSTRAJET,PASSAGER,VITESSE,DESCEQ1,DESCEQ2,DESCEQ3,DESCEQ4,DESCEQ5,DESCEQ6,DESCEQ7,DESCEQ8,DESCEQ9,DESCEQ10,VEHICULEETE,VEHICULEAUTOMNE,VEHICULEPRINTEMPS,VEHICULEHIVER,VEHICULESEMAINE,VEHICULEWE,VEHMARQUE,VEHCYLINDREE,VEHMODELE,VEHSEGMENT,VEHSIDE,EQ2RMABS,EQ2RMCBS,EQ2RMABSCBS,EQ2RMREGULATEUR,EQ2RMLIMITEUR,EQ2RMPHARESDIRECT,EQ2RMCOUPURE,EQ2RMANTIPATINAGE,EQ2RMANTIXHEELING,EQ2RMSTABILILTE,VEHKM,POINTS,DUREE,AUTRE2RM,VEHPRECMARQUE,VEHPRECCYLINDREE,VEHPRECMODELE,VEHPRECSEGMENT,VEHPRECSIDE,TEMPS2RMPREC,FREQVEHPREC,DATE_NAISS,CSP,SOCIETAIRE,SALARIE,SECTEUR2RM,NBPERSFOYER,SITFAM,NBENF,TRNBENF1,TRNBENF2,TRNBENF3,TRNBENF4,NBAUTOFOYER,NBCYCLOFOYER,NBSCOOTFOYER,NBMOTOFOYER,NBTRIKEFOYER,NB2RMCONDUIT,MARQUE1,CYLINDREE1,MODELE1,SEGMENT1,SIDE1,ANMISECIRCU1,ASS1,FREQ1,USAGE1,NBKM1,GARAGE1,MARQUE2,CYLINDREE2,MODELE2,SEGMENT2,SIDE2,ANMISECIRCU2,ASS2,FREQ2,USAGE2,NBKM2,GARAGE2,MARQUE3,CYLINDREE3,MODELE3,SEGMENT3,SIDE3,ANMISECIRCU3,ASS3,FREQ3,USAGE3,NBKM3,GARAGE3,MARQUE4,CYLINDREE4,MODELE4,SEGMENT4,SIDE4,ANMISECIRCU4,ASS4,FREQ4,USAGE4,NBKM4,GARAGE4,MARQUE5,CYLINDREE5,MODELE5,SEGMENT5,SIDE5,ANMISECIRCU5,ASS5,FREQ5,USAGE5,NBKM5,GARAGE5,NBKMTOT,PERMIS1,PERMIS2,PERMIS3,PERMIS4,PERMIS5,PERMIS6,PERMIS7,PERMIS8,PERMIS9,ANPERMIS1,ANPERMIS6,ANPERMIS7,ANPERMIS2,ANPERMIS3,ANPERMIS8,ANPERMIS9,ANPERMIS4,ANPERMIS5,,,
1819,4722,,0,,,,,,,,,,,,,,,,,,,,,,,,,,,,,,,,,,,,,,,,,,,,,,,,,,,,,,,,,,,,,,,,,,,,,,,,,,,,,,,,,,,,,,,,,,,,,,,,,,,,,,,,,,,,,,,,,,,,,,,,,,,,,,,,,,,,,,,,,,,,,,,,,,,,,,,,,,,,,,,,,,,,,,,,,,,,,,,,,,,,,,,,,,,,,,,,,,,,,,,,,,,,,,,,,,,,,,,,,,,,,,,,,,,,,,,,,,,,,,,,,,,,,,,,,,,,,,,,,,,,,,,,,,,,,,,,,,,,,,,,,,,14MAR1956,5,1,3,2,4,4,2,NRP,,,,1,0,0,1,0,1,BMW,1100,R1100RT,Routière / GT,2,2001,37,3,1,9000,4,,,,,,,,,,,,,,,,,,,,,,,,,,,,,,,,,,,,,,,,,,,,,9000,2,3,4,,,,,,,NRP,NRP,NRP,1975,1976,NRP,NRP,1975,NRP,,,
1198,4723,,0,,,,,,,,,,,,,,,,,,,,,,,,,,,,,,,,,,,,,,,,,,,,,,,,,,,,,,,,,,,,,,,,,,,,,,,,,,,,,,,,,,,,,,,,,,,,,,,,,,,,,,,,,,,,,,,,,,,,,,,,,,,,,,,,,,,,,,,,,,,,,,,,,,,,,,,,,,,,,,,,,,,,,,,,,,,,,,,,,,,,,,,,,,,,,,,,,,,,,,,,,,,,,,,,,,,,,,,,,,,,,,,,,,,,,,,,,,,,,,,,,,,,,,,,,,,,,,,,,,,,,,,,,,,,,,,,,,,,,,,,,,,23DEC1990,5,2,3,2,3,5,0,NRP,,,,3,0,1,2,0,1,KAWASAKI,500,ER-5 (34CV),ROADSTER,2,2002,10,2,1,7000,4,,,,,,,,,,,,,,,,,,,,,,,,,,,,,,,,,,,,,,,,,,,,,7000,4,3,,,,,,,,NRP,NRP,NRP,NRP,2011,NRP,NRP,2009,NRP,,,
1732,4727,,1,0,3,,,,,,0,4,,,,,,0,5,,,,,,0,2,,,,,,0,3,,,,,,0,2,,,,,,0,4,,,,,,0,5,,,,,,0,5,,,,,,0,5,,,,,,0,4,,,,,,0,4,,,,,,0,3,,,,,,0,4,,,,,,0,,0,,,,,,,,,,,,,,,,,,2,1,7,1,,NRP,,,,,,,,,,,,,,,,,,,,,,,,,,,,,,,,,,,,,,,,,,,,,,,,,,,,,,,,,,,,,,,,,,,,,,,,,,,,,,,,,,,,,,,,,,,,,,,,,,,,,,,,,,,,,,,,,,,,,,,,,,,,,,,,,,,,,,,,,,,,,,,,,,,,,,,,,,,,,,,07AUG1982,5,2,3,2,3,5,0,NRP,,,,3,0,0,1,0,1,SUZUKI,650,SV-S,Routière / GT,2,2008,31,3,1,2000,7,,,,,,,,,,,,,,,,,,,,,,,,,,,,,,,,,,,,,,,,,,,,,2000,3,4,5,,,,,,,NRP,NRP,NRP,NRP,2007,NRP,NRP,2000,2006,,,
485,4728,,1,0,1,,,,,,0,4,,,,,,0,3,,,,,,0,1,,,,,,0,5,,,,,,0,5,,,,,,0,4,,,,,,0,4,,,,,,0,3,,,,,,0,6,,,,,,0,6,,,,,,0,1,,,,,,0,2,,,,,,0,4,,,,,,0,,0,,,,,,,,,,,,,,,,,,2,4,9,1,,NRP,,,,,,,,,,,,,,,,,,,,,,,,,,,,,,,,,,,,,,,,,,,,,,,,,,,,,,,,,,,,,,,,,,,,,,,,,,,,,,,,,,,,,,,,,,,,,,,,,,,,,,,,,,,,,,,,,,,,,,,,,,,,,,,,,,,,,,,,,,,,,,,,,,,,,,,,,,,,,,,01JAN1957,7,2,3,2,4,4,2,NRP,,,,3,1,0,1,0,1,YAMAHA,900,XJS DIVERSION FREEWAY 02/03,Routière / GT,2,2002,33,2,1,10000,7,,,,,,,,,,,,,,,,,,,,,,,,,,,,,,,,,,,,,,,,,,,,,10000,2,3,4,,,,,,,NRP,NRP,NRP,1974,2006,NRP,NRP,1976,NRP,,,
2089,4729,,1,0,6,,,,,,0,5,,,,,,0,5,,,,,,0,4,,,,,,2,6,2013,2014,,,,0,4,,,,,,0,4,,,,,,0,5,,,,,,0,5,,,,,,0,5,,,,,,0,5,,,,,,0,3,,,,,,0,6,,,,,,0,3,,,,,,1,1,3,2012,,,,,Charleville-Méz,,,,,"A l'arrêt derrière un véhicule lui aussi à l'arrêt (la chaussé étant bloqué), le véhicule devant a effectué une marche arrière et m'est rentré dedans",,,,,0,0,0,4,4,1,22,5,2014,,,,,,,,,,,,,,,,,,,,,,,,,,,,,,,,,,,,,,,,,,,,,,,,,,,,,,,,,,,,,,,,,,,,,,,,,,,,,,,,,,,,,,,,,,,,,,,,,,,,,,,,,,,,,,,,,,,,,,,,,,,,,,,,,,,,,,,,,,,,,,,,,,,,,,,,,,,,,,30APR1985,6,2,3,2,1,1,,NRP,,,,1,0,0,1,0,1,SUZUKI,650,GLADIUS,ROADSTER,2,2009,31,2,1,20000,7,,,,,,,,,,,,,,,,,,,,,,,,,,,,,,,,,,,,,,,,,,,,,20000,3,4,,,,,,,,NRP,NRP,NRP,NRP,2011,NRP,NRP,2003,NRP,,,
1474,4730,,1,0,6,,,,,,0,6,,,,,,0,6,,,,,,0,4,,,,,,0,6,,,,,,0,6,,,,,,0,4,,,,,,0,4,,,,,,0,5,,,,,,0,6,,,,,,0,6,,,,,,0,4,,,,,,1,4,1980,,,,,0,1,,,,,,1,2,3,1980,2012,,,,PARIS,SAINT-BRIEUC,,,,"J'étais passager de la moto conduite par mon frère. Sur le périphérique, un vendredi soir (18h) en remontant la file de voitures sur la gauche, une voiture à droite s'est déportée pour toucher la jambe droite de mon frère. Pas de chute mais la jambe gauche est passée dans le passage de roue de la voiture située dans la file de gauche...",Une femme en monospace m'a coupé la route alors que j'étais déjà largement engagé dans un rond-point. J'ai préféré coucher la Ducati 750 ss avant de percuter sa portière AV gauche. L'assurance m'a donné raison et remboursé les dégâts (peinture et cligno côté gauche).,,,,0,0,4,2,35,1,72,15,2012,SAINT-BRIEUC,,,,,,,,,,,,,,,,,,,,,,,,,,,,,,,,,,,,,,,,,,,,,,,,,,,,,,,,,,,,,,,,,,,,,,,,,,,,,,,,,,,,,,,,,,,,,,,,,,,,,,,,,,,,,,,,,,,,,,,,,,,,,,,,,,,,,,,,,,,,,,,,,,,,,,,,,,,,,15MAR1958,7,2,3,2,1,1,,NRP,,,,1,0,0,4,0,4,MOTO GUZZI,850,LE MANS II,Routière / GT,2,1980,29,3,1,3000,AUT|Garage sous la maison,MOTO GUZZI,1100,SPORT IE CORSA,Routière / GT,2,1998,29,4,1,0,AUT|Garage sous la maison,DUCATI,750,SUPER SPORT,Routière / GT,2,1994,29,4,1,3000,AUT|Garage sous la maison,YAMAHA,500,SR,ROADSTER,2,1979,29,2,2,3000,AUT|Garage sous la maison,,,,,,,,,,,,9000,2,3,4,,,,,,,NRP,NRP,NRP,1976,1979,NRP,NRP,1976,NRP,,,
1817,4731,,1,0,3,,,,,,0,4,,,,,,0,4,,,,,,0,4,,,,,,0,4,,,,,,0,3,,,,,,1,3,2012,,,,,0,3,,,,,,0,4,,,,,,0,3,,,,,,1,4,2009,,,,,0,2,,,,,,0,3,,,,,,0,2,,,,,,0,,2,,,,,,,,,,,,,,,,,,0,1,6,1,31,7,2012,,,,,,,,,,,,,,,,,,,,,,,,,,,,,,,,,,,,,,,,,,,,,,,,,,,,,,,,,,,,,,,,,,,,,,,,,,,,,,,,,,,,,,,,,,,,,,,,,,,,,,,,,,,,,,,,,,,,,,,,,,,,,,,,,,,,,,,,,,,,,,,,,,,,,,,,,,,,,,26JAN1981,4,2,3,2,1,1,,NRP,,,,1,0,0,1,0,1,HONDA,750,VFR-F,Routière / GT,2,1997,16,1,2,20000,5,,,,,,,,,,,,,,,,,,,,,,,,,,,,,,,,,,,,,,,,,,,,,20000,3,4,,,,,,,,NRP,NRP,NRP,NRP,2009,NRP,NRP,1999,NRP,,,
1080,4733,,1,1,5,NSP,,,,,0,4,,,,,,0,4,,,,,,1,5,2013,,,,,0,4,,,,,,1,5,2014,,,,,0,3,,,,,,1,4,2006,,,,,2,5,2006,2006,,,,0,5,,,,,,0,3,,,,,,0,4,,,,,,0,4,,,,,,1,5,2014,,,,,0,,7,,,,,,,,,,,,,,,,,,4,1,9,1,66,14,2014,,,,,,,,,,,,,,,,,,,,,,,,,,,,,,,,,,,,,,,,,,,,,,,,,,,,,,,,,,,,,,,,,,,,,,,,,,,,,,,,,,,,,,,,,,,,,,,,,,,,,,,,,,,,,,,,,,,,,,,,,,,,,,,,,,,,,,,,,,,,,,,,,,,,,,,,,,,,,,29JUL1952,5,1,3,2,1,1,,NRP,,,,0,1,0,1,0,1,KAWASAKI,650,ER-6  N  ABS,ROADSTER,2,2012,37,1,1,9300,4,,,,,,,,,,,,,,,,,,,,,,,,,,,,,,,,,,,,,,,,,,,,,9300,3,4,,,,,,,,NRP,NRP,NRP,NRP,2005,NRP,NRP,1971,NRP,,,
1225,4736,399,1,0,2,,,,,,1,3,1985,,,,,0,2,,,,,,0,3,,,,,,0,3,,,,,,1,4,2005,,,,,0,2,,,,,,1,4,2006,,,,,2,4,NSP,2013,,,,0,3,,,,,,0,2,,,,,,0,1,,,,,,0,2,,,,,,1,3,1975,,,,,1,1,7,NSP,,,,,Montpellier,,,,,"Tunnel de la comédie, une voiture sur la file de gauche, presignalisee pour tourner a gauche, m'a doublé, coupé la route en se rabattant pour aller a droite juste avant la patte d'oie.",,,,,0,0,2,0,35,1,36,8,2006,,2006,"Vous avez fait une sortie de route, une perte de contrôle ou une glissade puis avez percuté un obstacle fixe (panneau, arbre poteau ).",4,,,,,,,"je me trouvais dans  la file centrale  d'une route  qui en comportait 3. Celle à ma gauche était déjà arrêtée, car réservée aux véhicules tournant à gauche. La mienne et celle de droite allant tout droit, les feux étant décalés. J'ai voulu m'arrêter car le feu passait à l'orange et je n'étais pas en retard. J'ai freiné doucement car je n'allais pas plus vite que 35/40 kms/h malheureusement un produit gras était répandu sur la chaussée, hydrocarbures ou huile perdue par un véhicule me précédant? La roue Avant s'est instantanément bloquée ( pas d'ABS sur le Triumph Tiger 955) et j'ai chuté et glissé jusqu'à percuter  une camionnette  à l'arrêt dans la file de gauche. J'ai souhaité la présence des forces de l'ordre pour le constat de l'anormalité de l'état de la chaussée. La police Nationale est donc venue, m'a demandé de rédiger un constat à l'amiable.... et ils m'ont transporté ensuite  aux urgences de l'hôpital Lapeyronie. Un des policiers a conduit ma moto jusqu'aux urgences j'ai été diagnostiqué d'une fracture du col du fémur. J'ai eu la surprise de constater que dans la main-courante ( 3 ans après !) il y était noté que je m'étais rendu par mes propres moyens à l'hôpital ! Sans doute le fait de m'avoir transporté blessé n'était pas très conforme...... ni d'avoir conduit ma moto.  L'assureur a été lamentable, a classé le dossier par erreur. Alors que le courtier m'avait dit que je ne serais pas responsable et que je croyais qu'une action contre la municipalité était engagée....  Finalement j'ai exigé une action judiciaire  sur base loi Badinter après avoir révoqué l'avocat de l'assureur. J'attends le prononcé du jugement courant juillet 2015 ......","La chaussée anormalement glissante, mais non signalé (en été, temps sec à 08h30 le matin ),  . Ne pas avoir d'ABS, la roue avant s'est bloquée instantanément au freinage.","J'ai simplement commencé à freiner , et quand  la roue s'est bloquée, la moto s'est couchée immédiatement, je n'ai pas eu de possibilité de faire quoi que ce soit. Relâcher le levier de frein était trop tard, la moto était déjà couchée. l'autre véhicule était arrêté et le conducteur  n'a rien vu venir, car je suis venu le percuter par l'arrière.","AUT|le relachement du levier de frein était trop tardif, la roue  n'avait plus d'adhérence",0,,,"Je n'ai pas vu de différence dans l'état de la chaussée. la flaque de produit gras  aurait pu être une flaque de liquide de condensation relâchée par la climatisation des véhicules à l'arrêt au feu tricolore si je l'avais remarquée, ce qui n'a pas été le cas. Je n'aurais jamais pensé à une tache d'hydrocarbures avant ce accident.",2,1,2,,n'a pas pu voir ce qui se passait car à l'arrêt et percuté par l'arrière,2,N'est aucunement responsable de ce qui lui est arrivé car totalement passif.,2,3,6,9,,,Que j'allais  être en retard au travail et avoir à réparer la moto. Mais pas à une fracture.,,1,2,,,3,,"Je ne m'attendais pas à cette perte d'adhérence au freinage, car je roulais  doucement en arrivant sur le feu orange",4,3,,,1,1,4,4,1,1,1,1,1,1,5,5,5,10,,,,,,,,,1,3,AUT|chaussée rendue glissante par hydrocarbures,,,,,,,2,2,,2,1,1,1,5,0,0,95,0,2,,,,,,1,1,6,,,2,1,1,2,3,4,6,7,,1,1,1,1,1,1,0,40,1,2,3,4,9,,,,,,4,4,4,4,4,4,TRIUMPH,955,TIGER,TRAIL / SUPERMOTARD,2,1,1,1,1,1,1,1,1,1,1,35000,12,3,1,HONDA,650,DOMINATOR,TRAIL / SUPERMOTARD,2,4,4,30JUN1950,9,1,3,2,2,3,,NRP,,,,2,0,0,1,0,1,BMW,1200,R1200GS,TRAIL / SUPERMOTARD,2,2010,37,2,1,10000,7,,,,,,,,,,,,,,,,,,,,,,,,,,,,,,,,,,,,,,,,,,,,,10000,3,4,,,,,,,,NRP,NRP,NRP,NRP,1969,NRP,NRP,1971,NRP,,,
504,4739,319,1,0,5,,,,,,1,5,2007,,,,,1,6,2010,,,,,0,6,,,,,,0,6,,,,,,0,6,,,,,,0,4,,,,,,0,4,,,,,,0,3,,,,,,0,6,,,,,,2,6,2008,2009,,,,0,5,,,,,,1,6,2004,,,,,0,5,,,,,,0,,5,,,,,,,,,,,,,,,,,,0,3,10,1,52,11,2009,,2009,"Vous circuliez sur un axe constitué dau moins "" 2 X 2 voies "" (en urbain, périph, autoroute, RN ). Un véhicule vous a coupé la route en changeant de voie pour se placer sur celle de gauche.",4,,,,,,,"Il était 08h, comme toujours l'A15 est bouchée, je remonte la file. je prends la direction de la ville de Clichy la Garenne. Je suis sur la file de dégagement, quand une camionnette déboîte sur ma droite, me coupant la route. Je tire sur les freins en essayant de ne pas bloquer les roues. Je tape dans l'arrière de la camionnette à petite vitesse, la moto tombe sur mon pied droit.  Lorsque cette camionnette a déboîtée, je pensais être protégé vu qu'il y avait les zébras interdisant tout changement de files.",lorsque cette camionnette à changée de file : * elle a démarré en trombe car il y avait un espace entre deux voitures. * elle a roulé sur des zébras interdisant cette manoeuvre.   * elle n'a pas mis son clignotant pour indiquer son changement de file.,"En voyant cette camionnette déboîter sur ma droite :  * j'ai de suite débrayé, et freiné sur les 2 commandes en évitant de bloquer les roues.  * j'ai essayé de chercher une ""sortie de secours"" en penchant sur la droite (le côté gauche était exclus car rambarde de sécurité, je voulais éviter de passer par dessus au cas ou je freinerais trop fort sur la roue avant) afin de pouvoir gagner quelques mètres de freinage supplémentaires, sauf que la camionnette a s'est arrêtée sur ma trajectoire...  les motos suivantes ont de suite ralenti car il n'y a pas eu d'accident supplémentaire.  Le chauffeur de la camionnette lui a commencer à repartir, un motard lui a bloqué la route afin qu'il ne s'échappe pas.",NRP,0,,,"Je pense que c'était la ""meilleure"" façon de m'en sortir.",2,0,,,,,,2,3,,,,,,,1,2,,,,,tout bêtement en pensant que personne ne pourrait venir de la droite car il y avait les zébras donc interdiction d'être dessus...,4,1,2,,1,1,3,4,3,1,1,1,1,1,4,4,4,10,,,,,,,,,2,,,,,,,,,2,2,,2,1,1,1,0,100,0,0,0,2,,,,,,4,1,,,,2,1,7,,,,,,,1,0,1,3,1,1,0,50,1,10,2,3,4,7,,,,,4,4,4,4,4,4,KAWASAKI,650,ER-6N,ROADSTER,2,1,1,1,1,1,1,1,1,1,1,30000,12,4,1,SUZUKI,125,VANVAN,ROADSTER,2,4,4,08NOV1975,7,1,3,2,2,3,,NRP,,,,1,0,0,1,0,1,TRIUMPH,675,STREET TRIPLE,ROADSTER,2,2012,37,1,2,10000,7,,,,,,,,,,,,,,,,,,,,,,,,,,,,,,,,,,,,,,,,,,,,,10000,4,3,,,,,,,,NRP,NRP,NRP,NRP,2005,NRP,NRP,1997,NRP,,,
1968,4744,,1,0,5,,,,,,1,5,2011,,,,,0,4,,,,,,0,4,,,,,,0,5,,,,,,0,3,,,,,,0,2,,,,,,0,1,,,,,,1,2,2010,,,,,0,5,,,,,,0,6,,,,,,0,2,,,,,,0,4,,,,,,0,2,,,,,,1,1,3,2009,,,,,PARIS,,,,,Refus du respect d'un feu rouge par un automobiliste m'ayant percuté.,,,,,0,1,18,16,12,1,6,2,2011,,,,,,,,,,,,,,,,,,,,,,,,,,,,,,,,,,,,,,,,,,,,,,,,,,,,,,,,,,,,,,,,,,,,,,,,,,,,,,,,,,,,,,,,,,,,,,,,,,,,,,,,,,,,,,,,,,,,,,,,,,,,,,,,,,,,,,,,,,,,,,,,,,,,,,,,,,,,,,24NOV1982,5,1,3,2,2,3,,NRP,,,,0,0,1,1,0,2,HONDA,500,CB,ROADSTER,2,1998,39,3,1,5000,6,YAMAHA,125,X-MAX,SCOOTER,2,2006,37,1,2,6000,6,,,,,,,,,,,,,,,,,,,,,,,,,,,,,,,,,,11000,3,4,,,,,,,,NRP,NRP,NRP,NRP,2004,NRP,NRP,2000,NRP,,,