Ligne,Ligne Q qualif,Ligne approfondissement Accident,ACCIDENT,NBACC1,ACCFREQUENCE1,ANNEEACC1_1,ANNEEACC1_2,ANNEEACC1_3,ANNEEACC1_4,ANNEEACC1_5,NBACC2,ACCFREQUENCE2,ANNEEACC2_1,ANNEEACC2_2,ANNEEACC2_3,ANNEEACC2_4,ANNEEACC2_5,NBACC3,ACCFREQUENCE3,ANNEEACC3_1,ANNEEACC3_2,ANNEEACC3_3,ANNEEACC3_4,ANNEEACC3_5,NBACC4,ACCFREQUENCE4,ANNEEACC4_1,ANNEEACC4_2,ANNEEACC4_3,ANNEEACC4_4,ANNEEACC4_5,NBACC5,ACCFREQUENCE5,ANNEEACC5_1,ANNEEACC5_2,ANNEEACC5_3,ANNEEACC5_4,ANNEEACC5_5,NBACC6,ACCFREQUENCE6,ANNEEACC6_1,ANNEEACC6_2,ANNEEACC6_3,ANNEEACC6_4,ANNEEACC6_5,NBACC7,ACCFREQUENCE7,ANNEEACC7_1,ANNEEACC7_2,ANNEEACC7_3,ANNEEACC7_4,ANNEEACC7_5,NBACC8,ACCFREQUENCE8,ANNEEACC8_1,ANNEEACC8_2,ANNEEACC8_3,ANNEEACC8_4,ANNEEACC8_5,NBACC9,ACCFREQUENCE9,ANNEEACC9_1,ANNEEACC9_2,ANNEEACC9_3,ANNEEACC9_4,ANNEEACC9_5,NBACC10,ACCFREQUENCE10,ANNEEACC10_1,ANNEEACC10_2,ANNEEACC10_3,ANNEEACC10_4,ANNEEACC10_5,NBACC11,ACCFREQUENCE11,ANNEEACC11_1,ANNEEACC11_2,ANNEEACC11_3,ANNEEACC11_4,ANNEEACC11_5,NBACC12,ACCFREQUENCE12,ANNEEACC12_1,ANNEEACC12_2,ANNEEACC12_3,ANNEEACC12_4,ANNEEACC12_5,NBACC13,ACCFREQUENCE13,ANNEEACC13_1,ANNEEACC13_2,ANNEEACC13_3,ANNEEACC13_4,ANNEEACC13_5,NBACC14,ACCFREQUENCE14,ANNEEACC14_1,ANNEEACC14_2,ANNEEACC14_3,ANNEEACC14_4,ANNEEACC14_5,AUTRESACC,NBAUTRESACC,TOTAL_AC,ANNEEAUTREACC1,ANNEEAUTREACC2,ANNEEAUTREACC3,ANNEEAUTREACC4,ANNEEAUTREACC5,LIEUAUTREACC1,LIEUAUTREACC2,LIEUAUTREACC3,LIEUAUTREACC4,LIEUAUTREACC5,DESCRIPTIONAUTRESACC1,DESCRIPTIONAUTRESACC2,DESCRIPTIONAUTRESACC3,DESCRIPTIONAUTRESACC4,DESCRIPTIONAUTRESACC5,NBAUTRESACCCIRCUIT,NBAUTRESTOUTTERRAIN,EXPCYCLO,EXP125,EXPSUP125,ACCORDNEXTQ,CHOIXACC,RGPMTACC,RECUPANNEE,RECUPLIEU,RECUPANNE,RGPMTAC,CHOIX1,CHOIX2,CHOIX3,CHOIX4,CHOIX5,CHOIX6,CHOIX7,DESCRIPTION,RUPTURE,FAITS,ABS_REACTION,AUTRE_REACTION,PRECISIONREACTIONOUI,RECUL,PRECISIONREACTIONNON,IMPACTCOMPORTEMENT,AUTREUSAGER,REACTIONAUTREUSAGER,CONNAISSANCEREACTIONUSAGER,DIFFICULTES,AGGRAVATION,DIFFICULTES2,EMOTIONS1,EMOTIONS2,EMOTIONS3,EMOTIONS4,EMOTIONS5,EMOTIONS6,AUTRESENTIMENT,CLASSEMENTEMOTIONS1,CLASSEMENTEMOTIONS,CLASSEMENTEMOTIONS5,CLASSEMENTEMOTIONS6,CLASSEMENTEMOTIONS7,CLASSEMENTEMOTIONS8,CLASSEMENTEMOTIONS9,EXPLICATIONRESSENTI,BIENEQUIPE,ALLURE,ALLUREVITEDETAIL,ALLURELENTEDETAIL,SITUATIONPRESSE,SITUATIONDISTRAIT,SITUATIONCONFIANT,SITUATIONCONTROLE,SITUATIONLUDIQUE,SITUATIONPERF,SITUATIONSTRESS,SITUATIONFATIGUE,HUMEURNEUTRE,HUMEURGAI,HUMEURMECONTENT,HUMEURTRISTE,HUMEURCOLERE,CONTRIBUTION1,CONTRIBUTION2,CONTRIBUTION3,CONTRIBUTION4,CONTRIBUTION5,CONTRIBUTION6,CONTRIBUTION7,CONTRIBUTION8,CONTRIBUTION9,ROLEINFRA,ELEMENTINFRA1,ELEMENTINFRA2,ELEMENTINFRA3,ELEMENTINFRA4,ELEMENTINFRA5,ELEMENTINFRA6,ELEMENTINFRA7,ELEMENTINFRA8,ELEMENTINFRA9,ALCOOL,TXALCOOL,STUP,SEMAINE,MOMENTJOURNEE,TEMPS,CAUSEACC1,CAUSEACC2,CAUSEACC3,CAUSEACC4,CAUSEACC5,FORMATIONCAUSE,FORMATION1,FORMATION2,FORMATION3,FORMATION4,FORMATION5,TRAFIC,CHAUSSEE1,CHAUSSEE2,CHAUSSEE3,CHAUSSEE4,TYPEACC,BLESSURE,TETE,COU,THORAX,MEMBRESSUP,COLONNE,BASSIN,MEMBRESINF,HOPITAL,PLUS24H,TRAJET,TYPEROUTE,MOTIF,SENSTRAJET,PASSAGER,VITESSE,DESCEQ1,DESCEQ2,DESCEQ3,DESCEQ4,DESCEQ5,DESCEQ6,DESCEQ7,DESCEQ8,DESCEQ9,DESCEQ10,VEHICULEETE,VEHICULEAUTOMNE,VEHICULEPRINTEMPS,VEHICULEHIVER,VEHICULESEMAINE,VEHICULEWE,VEHMARQUE,VEHCYLINDREE,VEHMODELE,VEHSEGMENT,VEHSIDE,EQ2RMABS,EQ2RMCBS,EQ2RMABSCBS,EQ2RMREGULATEUR,EQ2RMLIMITEUR,EQ2RMPHARESDIRECT,EQ2RMCOUPURE,EQ2RMANTIPATINAGE,EQ2RMANTIXHEELING,EQ2RMSTABILILTE,VEHKM,POINTS,DUREE,AUTRE2RM,VEHPRECMARQUE,VEHPRECCYLINDREE,VEHPRECMODELE,VEHPRECSEGMENT,VEHPRECSIDE,TEMPS2RMPREC,FREQVEHPREC,DATE_NAISS,CSP,SOCIETAIRE,SALARIE,SECTEUR2RM,NBPERSFOYER,SITFAM,NBENF,TRNBENF1,TRNBENF2,TRNBENF3,TRNBENF4,NBAUTOFOYER,NBCYCLOFOYER,NBSCOOTFOYER,NBMOTOFOYER,NBTRIKEFOYER,NB2RMCONDUIT,MARQUE1,CYLINDREE1,MODELE1,SEGMENT1,SIDE1,ANMISECIRCU1,ASS1,FREQ1,USAGE1,NBKM1,GARAGE1,MARQUE2,CYLINDREE2,MODELE2,SEGMENT2,SIDE2,ANMISECIRCU2,ASS2,FREQ2,USAGE2,NBKM2,GARAGE2,MARQUE3,CYLINDREE3,MODELE3,SEGMENT3,SIDE3,ANMISECIRCU3,ASS3,FREQ3,USAGE3,NBKM3,GARAGE3,MARQUE4,CYLINDREE4,MODELE4,SEGMENT4,SIDE4,ANMISECIRCU4,ASS4,FREQ4,USAGE4,NBKM4,GARAGE4,MARQUE5,CYLINDREE5,MODELE5,SEGMENT5,SIDE5,ANMISECIRCU5,ASS5,FREQ5,USAGE5,NBKM5,GARAGE5,NBKMTOT,PERMIS1,PERMIS2,PERMIS3,PERMIS4,PERMIS5,PERMIS6,PERMIS7,PERMIS8,PERMIS9,ANPERMIS1,ANPERMIS6,ANPERMIS7,ANPERMIS2,ANPERMIS3,ANPERMIS8,ANPERMIS9,ANPERMIS4,ANPERMIS5,,,
189,4757,338,1,0,5,,,,,,0,5,,,,,,0,5,,,,,,0,2,,,,,,0,4,,,,,,0,4,,,,,,0,5,,,,,,0,2,,,,,,0,1,,,,,,1,5,2011,,,,,0,1,,,,,,0,2,,,,,,1,3,2014,,,,,0,3,,,,,,0,,2,,,,,,,,,,,,,,,,,,0,3,7,1,46,10,2011,,2011,"Vous circuliez sur un axe constitué dau moins "" 2 X 2 voies "" (en urbain, périphérique, autoroute, RN ). Un véhicule vous a coupé la route en changeant de voie pour se placer sur celle de droite.",6,,,,,,,"Absence de contrôle du conducteur qui change de voie. Je couche la moto pour éviter le choc. Je glisse sur le dos dans ma voie de circulation. J'étais pressé, je devais aller récupérer mon fils. Je roulais à moins de 60 km / h. Plus de peur que de mal le silencieux d'échappement a sauvé ma cheville droite.",Absence de distance de sécurité car je sortais d'un ralentissement. Le conducteur n'a pas cherché à me trouver. Je ne maîtrisais pas encore la technique AFDM.,J'ai freiné de l'avant et j'ai perdu l'avant. J'aurai peut-être mieux fait de chercher l'évitement en passant sur la bande d'arrêt d'urgence.,NRP,1,Technique AFDM et passage sur la bande d'arrêt d'urgence à droite du responsable de l'accident.,Je n'avais pas encore suivi le stage AFDM.,,2,1,2,,Il n'a pas cherché à me voir avant de changer de voie.,1,Un contrôle et il serait resté sur sa voie,3,6,,,,,,,,1,,,2,,"Les 2 voies roulaient à la même vitesse, le changement de voie ne permettait pas de gagner du temps.",4,3,,,3,1,4,4,1,1,2,2,4,4,1,4,4,3,,,,,,,,,2,,,,,,,,,2,2,,2,1,3,1,20,80,0,0,0,1,3,4,,,,3,1,,,,1,,,,,,,,,,,1,3,3,,0,60,1,2,3,4,7,9,,,,,3,3,3,3,3,3,YAMAHA,600,FZS FAZER,ROADSTER,2,1,1,1,1,1,1,1,1,1,1,70000,12,4,1,HONDA,125,VARADERO,TRAIL / SUPERMOTARD,2,3,3,02MAY1970,5,1,3,2,4,4,2,NRP,,,,2,0,0,2,0,2,YAMAHA,600,FZS FAZER,ROADSTER,2,2003,37,3,3,11000,7,YAMAHA,1300,FJR ABS,Routière / GT,2,2012,37,3,1,0,7,,,,,,,,,,,,,,,,,,,,,,,,,,,,,,,,,,11000,3,4,,,,,,,,NRP,NRP,NRP,NRP,2007,NRP,NRP,1993,NRP,,,
653,4758,,1,0,5,,,,,,0,5,,,,,,0,3,,,,,,0,5,,,,,,0,2,,,,,,1,4,NSP,,,,,0,4,,,,,,0,3,,,,,,1,4,NSP,,,,,0,6,,,,,,0,5,,,,,,0,2,,,,,,0,4,,,,,,1,4,NSP,,,,,0,,3,,,,,,,,,,,,,,,,,,43,0,0,1,26,6,0,,,,,,,,,,,,,,,,,,,,,,,,,,,,,,,,,,,,,,,,,,,,,,,,,,,,,,,,,,,,,,,,,,,,,,,,,,,,,,,,,,,,,,,,,,,,,,,,,,,,,,,,,,,,,,,,,,,,,,,,,,,,,,,,,,,,,,,,,,,,,,,,,,,,,,,,,,,,,,04OCT1957,7,2,3,2,2,3,,NRP,,,,0,1,0,0,0,1,YAMAHA,50,TZ-R,SPORTIVE,2,2005,31,1,2,3000,7,,,,,,,,,,,,,,,,,,,,,,,,,,,,,,,,,,,,,,,,,,,,,3000,NSP,,,,,,,,,NRP,NRP,NRP,NRP,NRP,NRP,NRP,NRP,NRP,,,
586,4760,,0,,,,,,,,,,,,,,,,,,,,,,,,,,,,,,,,,,,,,,,,,,,,,,,,,,,,,,,,,,,,,,,,,,,,,,,,,,,,,,,,,,,,,,,,,,,,,,,,,,,,,,,,,,,,,,,,,,,,,,,,,,,,,,,,,,,,,,,,,,,,,,,,,,,,,,,,,,,,,,,,,,,,,,,,,,,,,,,,,,,,,,,,,,,,,,,,,,,,,,,,,,,,,,,,,,,,,,,,,,,,,,,,,,,,,,,,,,,,,,,,,,,,,,,,,,,,,,,,,,,,,,,,,,,,,,,,,,,,,,,,,,,26JUL1979,7,2,3,2,1,1,,NRP,,,,0,0,0,1,0,1,KAWASAKI,1100,ZEPHYR,ROADSTER,2,1994,28,2,2,10000,7,,,,,,,,,,,,,,,,,,,,,,,,,,,,,,,,,,,,,,,,,,,,,10000,5,4,3,,,,,,,NRP,NRP,NRP,NRP,2009,NRP,NRP,1998,2007,,,
538,4763,,1,0,3,,,,,,1,4,2013,,,,,0,3,,,,,,0,4,,,,,,0,3,,,,,,1,2,NSP,,,,,3,5,2001,2011,2013,,,0,3,,,,,,1,3,2001,,,,,1,5,2011,,,,,0,3,,,,,,1,5,2011,,,,,0,3,,,,,,0,2,,,,,,0,,8,,,,,,,,,,,,,,,,,,4,2,17,1,26,6,0,,,,,,,,,,,,,,,,,,,,,,,,,,,,,,,,,,,,,,,,,,,,,,,,,,,,,,,,,,,,,,,,,,,,,,,,,,,,,,,,,,,,,,,,,,,,,,,,,,,,,,,,,,,,,,,,,,,,,,,,,,,,,,,,,,,,,,,,,,,,,,,,,,,,,,,,,,,,,,24NOV1972,7,1,3,2,3,4,1,NRP,,,,2,1,0,1,0,1,BMW,1150,R1150GS,TRAIL / SUPERMOTARD,2,2003,37,3,2,5000,5,,,,,,,,,,,,,,,,,,,,,,,,,,,,,,,,,,,,,,,,,,,,,5000,4,3,,,,,,,,NRP,NRP,NRP,NRP,1998,NRP,NRP,1997,NRP,,,
2191,4766,,1,0,5,,,,,,1,3,2010,,,,,0,6,,,,,,0,6,,,,,,0,4,,,,,,0,2,,,,,,0,6,,,,,,0,5,,,,,,1,5,2011,,,,,0,2,,,,,,0,4,,,,,,0,2,,,,,,1,4,2010,,,,,0,3,,,,,,0,,3,,,,,,,,,,,,,,,,,,2,1,10,1,61,13,2010,,,,,,,,,,,,,,,,,,,,,,,,,,,,,,,,,,,,,,,,,,,,,,,,,,,,,,,,,,,,,,,,,,,,,,,,,,,,,,,,,,,,,,,,,,,,,,,,,,,,,,,,,,,,,,,,,,,,,,,,,,,,,,,,,,,,,,,,,,,,,,,,,,,,,,,,,,,,,,25MAY1973,5,2,3,2,2,2,1,NRP,,,,1,0,0,2,0,2,HONDA,750,CB-SEVEN FIFTY,ROADSTER,2,1997,31,1,2,12000,7,HONDA,1000,CBR-RR FIREBLADE,SPORTIVE,2,2010,31,3,1,5000,7,,,,,,,,,,,,,,,,,,,,,,,,,,,,,,,,,,17000,2,3,4,,,,,,,NRP,NRP,NRP,1990,1997,NRP,NRP,1992,NRP,,,
256,4768,,0,,,,,,,,,,,,,,,,,,,,,,,,,,,,,,,,,,,,,,,,,,,,,,,,,,,,,,,,,,,,,,,,,,,,,,,,,,,,,,,,,,,,,,,,,,,,,,,,,,,,,,,,,,,,,,,,,,,,,,,,,,,,,,,,,,,,,,,,,,,,,,,,,,,,,,,,,,,,,,,,,,,,,,,,,,,,,,,,,,,,,,,,,,,,,,,,,,,,,,,,,,,,,,,,,,,,,,,,,,,,,,,,,,,,,,,,,,,,,,,,,,,,,,,,,,,,,,,,,,,,,,,,,,,,,,,,,,,,,,,,,,,14OCT1957,9,2,3,2,3,4,1,NRP,,,,2,0,0,1,0,1,HONDA,1000,CB-F ABS,ROADSTER,2,2007,18,2,1,8000,7,,,,,,,,,,,,,,,,,,,,,,,,,,,,,,,,,,,,,,,,,,,,,8000,3,4,,,,,,,,NRP,NRP,NRP,NRP,1997,NRP,NRP,1977,NRP,,,
2052,4769,,1,0,5,,,,,,0,4,,,,,,0,6,,,,,,0,4,,,,,,1,6,1979,,,,,1,5,1975,,,,,0,3,,,,,,0,4,,,,,,1,5,NSP,,,,,0,3,,,,,,0,6,,,,,,0,3,,,,,,0,5,,,,,,0,4,,,,,,1,2,5,2011,2014,,,,Portugal,Haut-Languedoc,,,,"Je regardais le paysage à ma gauche. En remettant mon regard dans l'axe, j'ai vu que la route tournait à droite. J'ai trop violemment freiné de l'arrière et ma moto a glissé. Je l'ai relevée (seul, la route étant hyper déserte) constaté les dégâts (hyper minimes) et je suis reparti.","Je regardais le paysage à ma gauche (oui, encore :;-) Je me suis garé pour prendre une photo sans descendre de moto. Quand mon pied droit est arrivé au niveau de sol, je n'ai rencontré que le vide car j'étais au bord d'un petit fossé et j'ai basculé dans le fossé avec la moto. J'ai dû attendre des automobilistes pour sortir la moto du fossé car je n'y suis pas arrivé seul. Seul dégât : bulle explosée.",,,,0,0,3,5,27,1,26,6,1975,,,,,,,,,,,,,,,,,,,,,,,,,,,,,,,,,,,,,,,,,,,,,,,,,,,,,,,,,,,,,,,,,,,,,,,,,,,,,,,,,,,,,,,,,,,,,,,,,,,,,,,,,,,,,,,,,,,,,,,,,,,,,,,,,,,,,,,,,,,,,,,,,,,,,,,,,,,,,,26SEP1957,7,2,3,2,1,1,,NRP,,,,1,0,0,1,0,1,HONDA,700,NC700X (52CV),ROADSTER,2,2012,29,3,1,11000,7,,,,,,,,,,,,,,,,,,,,,,,,,,,,,,,,,,,,,,,,,,,,,11000,3,4,,,,,,,,NRP,NRP,NRP,NRP,1976,NRP,NRP,1981,NRP,,,
558,4770,400,1,0,3,,,,,,0,3,,,,,,0,4,,,,,,0,5,,,,,,2,5,1975,2008,,,,0,3,,,,,,0,3,,,,,,0,4,,,,,,1,5,2007,,,,,0,3,,,,,,0,5,,,,,,0,2,,,,,,1,3,1978,,,,,0,3,,,,,,0,,4,,,,,,,,,,,,,,,,,,3,2,36,1,41,9,2007,,2007,"Vous avez fait une sortie de route, une perte de contrôle ou une glissade sans rien percuter.",3,,,,,,,une voiture a grillé un stop et je n'ai pu l'éviter complètement,rue à sens unique étroite me sachant prioritaire,Freinage d'urgence : relacher reprendre relacher reprendre mais quelques km/h de trop pour m'arrêter avant l'impact,NRP,0,,,trop peu de temps pour m'arrêter à la vitesse à laquelle je roulais (bien que largement inférieure à 50km/h),3,1,2,,n'avait pas vu le stop,1,manque d'attention en parcours urbain,6,,,,,,,,,,,,1,,la situation ne me permettait pas d'éviter le choc (léger),4,1,1,,1,1,4,4,1,1,1,1,1,4,4,4,4,1,,,,,,,,,2,,,,,,,,,2,2,,2,1,1,1,10,90,0,0,0,2,,,,,,2,1,,,,1,,,,,,,,,,,1,1,1,2,0,45,1,2,3,4,,,,,,,4,4,4,4,4,3,MOTO GUZZI,1100,CALIFORNIA,Routière / GT,2,1,1,1,1,1,1,1,1,1,1,40000,12,3,1,KAWASAKI,1500,VN CLASSIC,CUSTOM,null,4,3,13AUG1959,5,1,3,2,3,4,1,NRP,,,,2,0,0,2,0,2,MOTO GUZZI,1200,NORGE GT,Routière / GT,2,2007,37,1,2,10000,7,KAWASAKI,600,KLR,TRAIL / SUPERMOTARD,2,1986,37,3,1,1000,7,,,,,,,,,,,,,,,,,,,,,,,,,,,,,,,,,,11000,2,3,4,,,,,,,NRP,NRP,NRP,1976,1977,NRP,NRP,1978,NRP,,,
1118,4773,234,1,0,4,,,,,,0,5,,,,,,0,5,,,,,,0,4,,,,,,1,5,2011,,,,,0,2,,,,,,0,3,,,,,,0,3,,,,,,0,3,,,,,,0,4,,,,,,0,4,,,,,,0,5,,,,,,0,3,,,,,,0,4,,,,,,0,,1,,,,,,,,,,,,,,,,,,4,0,42,1,21,5,2011,,2011,Vous circuliez sur un axe prioritaire. Un véhicule venant dun axe non prioritaire vous a coupé la route.,2,,,,,,,"C'était à un carrefour, je venais de démarrer à un feu vert, dès que j'ai eu passé le carrefour, une jeune cycliste a traversé la rue en débouchant de derrière un massif de laurier rose. Elle a sauté littéralement le trottoir et m'a percuté sur le côté droit avant que les roues de son vélo ne touche la chaussée. Elle m'a avoué qu'à part le tram, elle ne pensait pas qu'il pourrait y avoir quelqu'un d'autre qui viendrait dans son paysage.","La surprise de voir surgir cette cycliste de derrière les lauriers roses et le fait d'être impuissant à l'éviter, même avec un freinage énergique, puisque le freinage m'a fait lever du siège et butter contre la bulle du carénage.","J'ai freiné aussitôt que je l'ai aperçue, tout en essayant de m'écarter sur la gauche (rue étroite en sens unique). Elle n'a rien pu faire, étant sans contact avec le sol et m'a percuté à l'aplomb du rétroviseur.",NRP,0,,,Parce que je la vois surgir sur ma droite pratiquement dans la même seconde que l'impact.,2,1,2,,"Elle ne pouvait ni freiner, ni changer de direction, n'étant pas en contact avec la route.",1,"Elle aurait dû s'arrêter et descendre de vélo, pour traverser la rue.",2,4,,,,,,,1,,2,,,,"Lorsque l'on vient de démarrer à un feu vert, il est rare que l'on puisse rencontrer un vélo qui vous coupe la route en dehors tout aménagement prévu pour traverser la chaussée.",4,3,,,1,1,4,4,1,1,1,1,1,1,4,4,4,10,,,,,,,,,1,AUT|Elément décoratif volumineux sur le trottoir.,,,,,,,,2,2,,2,1,1,1,0,80,0,20,0,2,,,,,,2,1,,,,2,0,,,,,,,,,,2,1,1,2,0,15,1,10,2,3,5,7,,,,,4,4,4,4,4,4,HONDA,1300,PAN EUROPEAN,Routière / GT,2,0,0,0,1,1,1,1,1,1,1,50000,12,4,1,KAWASAKI,1400,GTR GRAND TOURER,Routière / GT,null,4,4,07AUG1955,5,2,3,2,1,1,,NRP,,,,1,0,0,1,0,1,KAWASAKI,1400,GTR,Routière / GT,2,2012,16,1,2,20000,7,,,,,,,,,,,,,,,,,,,,,,,,,,,,,,,,,,,,,,,,,,,,,20000,3,4,,,,,,,,NRP,NRP,NRP,NRP,1977,NRP,NRP,1977,NRP,,,
610,4778,251,1,0,4,,,,,,0,4,,,,,,0,5,,,,,,0,3,,,,,,1,5,1991,,,,,0,4,,,,,,0,3,,,,,,0,4,,,,,,2,4,1991,1983,,,,0,4,,,,,,0,5,,,,,,0,3,,,,,,1,2,1985,,,,,0,4,,,,,,0,,4,,,,,,,,,,,,,,,,,,10,10,35,1,61,13,1985,,1985,Vous circuliez derrière un véhicule. Ce véhicule a freiné ou a ralenti et vous lavez percuté par larrière.,AUT|le plus amusant,,,,,,,"suivant un véhicule attelé d'une remorque, quand ce dernier à freiné,ayant un avant-bras dans le plâtre (résultat d'une chute précédente)je le percutai et sous le choc, je fus projeté sur la dite remorque ; puis le véhicule a redémarré sans me voir chevauchat l'attelage ; imaginez la scène du motard qui agite les bras pour se faire remarquer par le conducteur !!!!et je ne vous dis pas la tête des automobilistes alentours qui regardaient, médusés et amuseés bloqués par mon deux roues gisant au point d'impact ; résultat de ce numéro de cirque une fourche et l'amour propre écorné, sans compter le conducteur qui eût à raconter une histoire peu banal, une fouis rentré chez lui",avec un plâtre on ne freine pas vraiment de al même façon qu'en étant à 100 % de ses moyens,"je serrais un peu près le véhicule précédent et je ne pouvais pas freiner normalement le conducteur tamponné ouvrit de grands yeux, surpris, me demandant d'où je venais quant aux autres usagers ils cherchent encore la caméra cachée",AUT|j'ai bien saisi que je ne m'arrêterai pas à temps mais je n'imaginais pas me retoruver dans la remorque,1,tout repose sur la distance de sécurité également conduire avec un bras plâtré n'arrange rien,ça fait partie des expèriences qui forge la vie , aujourd'hui je reste à bonne distance et je ne prends le deux-roues quand tout va bien,,2,0,,,,,,2,6,,,,,,,1,,,,2,,le feu tricolore étant vert le véhicule me précédent devait passer et ne pas faire un arrêt d'urgence,2,3,,,2,2,3,2,1,1,1,1,2,2,4,4,4,5,7,,,,,,,,2,,,,,,,,,2,2,,2,1,1,1,80,20,0,0,0,2,,,,,,AUT|le flot de véhicule redémarrait,1,,,,1,,,,,,,,,,,1,1,3,,0,30,1,10,2,3,4,,,,,,4,4,4,3,4,4,HONDA,125,CG,ROADSTER,2,1,1,1,1,1,1,1,1,1,1,15000,12,4,1,BMW,650,R65 37KW,ROADSTER,2,4,3,21APR1959,7,1,3,2,2,3,,NRP,,,,1,0,0,1,0,1,BMW,650,R65 MONOLEVER,ROADSTER,2,1987,37,1,2,5000,7,,,,,,,,,,,,,,,,,,,,,,,,,,,,,,,,,,,,,,,,,,,,,5000,2,3,4,,,,,,,NRP,NRP,NRP,1977,1980,NRP,NRP,1977,NRP,,
1430,4779,,1,0,5,,,,,,1,5,2010,,,,,2,6,NSP,2008,,,,0,3,,,,,,0,6,,,,,,0,4,,,,,,0,4,,,,,,0,5,,,,,,5,6,NSP,NSP,NSP,NSP,2013,0,4,,,,,,1,6,1978,,,,,0,4,,,,,,0,4,,,,,,0,6,,,,,,1,0,9,,,,,,,,,,,,,,,,0,0,2,3,43,1,6,2,2010,,,,,,,,,,,,,,,,,,,,,,,,,,,,,,,,,,,,,,,,,,,,,,,,,,,,,,,,,,,,,,,,,,,,,,,,,,,,,,,,,,,,,,,,,,,,,,,,,,,,,,,,,,,,,,,,,,,,,,,,,,,,,,,,,,,,,,,,,,,,,,,,,,,,,,,,,,,,,,16MAY1954,9,2,3,2,2,3,,NRP,,,,1,0,0,2,0,3,YAMAHA,1200,XTZ SUPER TENERE FIRST EDITION,TRAIL / SUPERMOTARD,2,2010,28,2,1,10000,7,YAMAHA,1200,XTZ SUPER TENERE,TRAIL / SUPERMOTARD,2,2011,37,4,1,500,7,TGB,525,QUAD BLADE SE,QUAD,2,2012,28,3,1,7,7,,,,,,,,,,,,,,,,,,,,,,,10507,3,4,,,,,,,,NRP,NRP,NRP,NRP,1972,NRP,NRP,1974,NRP,,,
612,4781,,0,,,,,,,,,,,,,,,,,,,,,,,,,,,,,,,,,,,,,,,,,,,,,,,,,,,,,,,,,,,,,,,,,,,,,,,,,,,,,,,,,,,,,,,,,,,,,,,,,,,,,,,,,,,,,,,,,,,,,,,,,,,,,,,,,,,,,,,,,,,,,,,,,,,,,,,,,,,,,,,,,,,,,,,,,,,,,,,,,,,,,,,,,,,,,,,,,,,,,,,,,,,,,,,,,,,,,,,,,,,,,,,,,,,,,,,,,,,,,,,,,,,,,,,,,,,,,,,,,,,,,,,,,,,,,,,,,,,,,,,,,,,29NOV1954,8,2,3,2,2,3,,NRP,,,,2,0,0,2,0,1,HONDA,600,CB-F  N,ROADSTER,2,2005,29,2,2,10000,7,,,,,,,,,,,,,,,,,,,,,,,,,,,,,,,,,,,,,,,,,,,,,10000,4,3,2,,,,,,,NRP,NRP,NRP,1973,2005,NRP,NRP,1973,NRP,,,