Ligne,Ligne Q qualif,Ligne approfondissement Accident,ACCIDENT,NBACC1,ACCFREQUENCE1,ANNEEACC1_1,ANNEEACC1_2,ANNEEACC1_3,ANNEEACC1_4,ANNEEACC1_5,NBACC2,ACCFREQUENCE2,ANNEEACC2_1,ANNEEACC2_2,ANNEEACC2_3,ANNEEACC2_4,ANNEEACC2_5,NBACC3,ACCFREQUENCE3,ANNEEACC3_1,ANNEEACC3_2,ANNEEACC3_3,ANNEEACC3_4,ANNEEACC3_5,NBACC4,ACCFREQUENCE4,ANNEEACC4_1,ANNEEACC4_2,ANNEEACC4_3,ANNEEACC4_4,ANNEEACC4_5,NBACC5,ACCFREQUENCE5,ANNEEACC5_1,ANNEEACC5_2,ANNEEACC5_3,ANNEEACC5_4,ANNEEACC5_5,NBACC6,ACCFREQUENCE6,ANNEEACC6_1,ANNEEACC6_2,ANNEEACC6_3,ANNEEACC6_4,ANNEEACC6_5,NBACC7,ACCFREQUENCE7,ANNEEACC7_1,ANNEEACC7_2,ANNEEACC7_3,ANNEEACC7_4,ANNEEACC7_5,NBACC8,ACCFREQUENCE8,ANNEEACC8_1,ANNEEACC8_2,ANNEEACC8_3,ANNEEACC8_4,ANNEEACC8_5,NBACC9,ACCFREQUENCE9,ANNEEACC9_1,ANNEEACC9_2,ANNEEACC9_3,ANNEEACC9_4,ANNEEACC9_5,NBACC10,ACCFREQUENCE10,ANNEEACC10_1,ANNEEACC10_2,ANNEEACC10_3,ANNEEACC10_4,ANNEEACC10_5,NBACC11,ACCFREQUENCE11,ANNEEACC11_1,ANNEEACC11_2,ANNEEACC11_3,ANNEEACC11_4,ANNEEACC11_5,NBACC12,ACCFREQUENCE12,ANNEEACC12_1,ANNEEACC12_2,ANNEEACC12_3,ANNEEACC12_4,ANNEEACC12_5,NBACC13,ACCFREQUENCE13,ANNEEACC13_1,ANNEEACC13_2,ANNEEACC13_3,ANNEEACC13_4,ANNEEACC13_5,NBACC14,ACCFREQUENCE14,ANNEEACC14_1,ANNEEACC14_2,ANNEEACC14_3,ANNEEACC14_4,ANNEEACC14_5,AUTRESACC,NBAUTRESACC,TOTAL_AC,ANNEEAUTREACC1,ANNEEAUTREACC2,ANNEEAUTREACC3,ANNEEAUTREACC4,ANNEEAUTREACC5,LIEUAUTREACC1,LIEUAUTREACC2,LIEUAUTREACC3,LIEUAUTREACC4,LIEUAUTREACC5,DESCRIPTIONAUTRESACC1,DESCRIPTIONAUTRESACC2,DESCRIPTIONAUTRESACC3,DESCRIPTIONAUTRESACC4,DESCRIPTIONAUTRESACC5,NBAUTRESACCCIRCUIT,NBAUTRESTOUTTERRAIN,EXPCYCLO,EXP125,EXPSUP125,ACCORDNEXTQ,CHOIXACC,RGPMTACC,RECUPANNEE,RECUPLIEU,RECUPANNE,RGPMTAC,CHOIX1,CHOIX2,CHOIX3,CHOIX4,CHOIX5,CHOIX6,CHOIX7,DESCRIPTION,RUPTURE,FAITS,ABS_REACTION,AUTRE_REACTION,PRECISIONREACTIONOUI,RECUL,PRECISIONREACTIONNON,IMPACTCOMPORTEMENT,AUTREUSAGER,REACTIONAUTREUSAGER,CONNAISSANCEREACTIONUSAGER,DIFFICULTES,AGGRAVATION,DIFFICULTES2,EMOTIONS1,EMOTIONS2,EMOTIONS3,EMOTIONS4,EMOTIONS5,EMOTIONS6,AUTRESENTIMENT,CLASSEMENTEMOTIONS1,CLASSEMENTEMOTIONS,CLASSEMENTEMOTIONS5,CLASSEMENTEMOTIONS6,CLASSEMENTEMOTIONS7,CLASSEMENTEMOTIONS8,CLASSEMENTEMOTIONS9,EXPLICATIONRESSENTI,BIENEQUIPE,ALLURE,ALLUREVITEDETAIL,ALLURELENTEDETAIL,SITUATIONPRESSE,SITUATIONDISTRAIT,SITUATIONCONFIANT,SITUATIONCONTROLE,SITUATIONLUDIQUE,SITUATIONPERF,SITUATIONSTRESS,SITUATIONFATIGUE,HUMEURNEUTRE,HUMEURGAI,HUMEURMECONTENT,HUMEURTRISTE,HUMEURCOLERE,CONTRIBUTION1,CONTRIBUTION2,CONTRIBUTION3,CONTRIBUTION4,CONTRIBUTION5,CONTRIBUTION6,CONTRIBUTION7,CONTRIBUTION8,CONTRIBUTION9,ROLEINFRA,ELEMENTINFRA1,ELEMENTINFRA2,ELEMENTINFRA3,ELEMENTINFRA4,ELEMENTINFRA5,ELEMENTINFRA6,ELEMENTINFRA7,ELEMENTINFRA8,ELEMENTINFRA9,ALCOOL,TXALCOOL,STUP,SEMAINE,MOMENTJOURNEE,TEMPS,CAUSEACC1,CAUSEACC2,CAUSEACC3,CAUSEACC4,CAUSEACC5,FORMATIONCAUSE,FORMATION1,FORMATION2,FORMATION3,FORMATION4,FORMATION5,TRAFIC,CHAUSSEE1,CHAUSSEE2,CHAUSSEE3,CHAUSSEE4,TYPEACC,BLESSURE,TETE,COU,THORAX,MEMBRESSUP,COLONNE,BASSIN,MEMBRESINF,HOPITAL,PLUS24H,TRAJET,TYPEROUTE,MOTIF,SENSTRAJET,PASSAGER,VITESSE,DESCEQ1,DESCEQ2,DESCEQ3,DESCEQ4,DESCEQ5,DESCEQ6,DESCEQ7,DESCEQ8,DESCEQ9,DESCEQ10,VEHICULEETE,VEHICULEAUTOMNE,VEHICULEPRINTEMPS,VEHICULEHIVER,VEHICULESEMAINE,VEHICULEWE,VEHMARQUE,VEHCYLINDREE,VEHMODELE,VEHSEGMENT,VEHSIDE,EQ2RMABS,EQ2RMCBS,EQ2RMABSCBS,EQ2RMREGULATEUR,EQ2RMLIMITEUR,EQ2RMPHARESDIRECT,EQ2RMCOUPURE,EQ2RMANTIPATINAGE,EQ2RMANTIXHEELING,EQ2RMSTABILILTE,VEHKM,POINTS,DUREE,AUTRE2RM,VEHPRECMARQUE,VEHPRECCYLINDREE,VEHPRECMODELE,VEHPRECSEGMENT,VEHPRECSIDE,TEMPS2RMPREC,FREQVEHPREC,DATE_NAISS,CSP,SOCIETAIRE,SALARIE,SECTEUR2RM,NBPERSFOYER,SITFAM,NBENF,TRNBENF1,TRNBENF2,TRNBENF3,TRNBENF4,NBAUTOFOYER,NBCYCLOFOYER,NBSCOOTFOYER,NBMOTOFOYER,NBTRIKEFOYER,NB2RMCONDUIT,MARQUE1,CYLINDREE1,MODELE1,SEGMENT1,SIDE1,ANMISECIRCU1,ASS1,FREQ1,USAGE1,NBKM1,GARAGE1,MARQUE2,CYLINDREE2,MODELE2,SEGMENT2,SIDE2,ANMISECIRCU2,ASS2,FREQ2,USAGE2,NBKM2,GARAGE2,MARQUE3,CYLINDREE3,MODELE3,SEGMENT3,SIDE3,ANMISECIRCU3,ASS3,FREQ3,USAGE3,NBKM3,GARAGE3,MARQUE4,CYLINDREE4,MODELE4,SEGMENT4,SIDE4,ANMISECIRCU4,ASS4,FREQ4,USAGE4,NBKM4,GARAGE4,MARQUE5,CYLINDREE5,MODELE5,SEGMENT5,SIDE5,ANMISECIRCU5,ASS5,FREQ5,USAGE5,NBKM5,GARAGE5,NBKMTOT,PERMIS1,PERMIS2,PERMIS3,PERMIS4,PERMIS5,PERMIS6,PERMIS7,PERMIS8,PERMIS9,ANPERMIS1,ANPERMIS6,ANPERMIS7,ANPERMIS2,ANPERMIS3,ANPERMIS8,ANPERMIS9,ANPERMIS4,ANPERMIS5,,,
409,4785,Pré test 9,1,0,3,,,,,,0,4,,,,,,0,4,,,,,,0,2,,,,,,1,5,1989,,,,,0,4,,,,,,0,4,,,,,,0,5,,,,,,1,5,2014,,,,,0,3,,,,,,0,4,,,,,,0,3,,,,,,0,4,,,,,,0,4,,,,,,1,1,3,2010,,,,,gap,,,,,Un camion à coupé son virage et m'a bloqué le passage,,,,,0,0,4,3,29,1,71,15,2010,gap,2010,Autre(s) type(s) d'accident(s).,4,5,6,,,,,"27 juillet 2010, 7H00 du matin, Col de Mense (05), direction le bureau. 73 virages sur 6 Km, je les connais par coeur.  J'attaque la descente tranquillement, ce n'est pas la bonne heure pour jouer au pilote, la route est belle mais étroite et ça fait plus d'une semaine que je croise 2 fourgons de charpentiers qui se tirent la bourre tous les matins...pas de chance ! Le premier est pour moi. Il coupe son virage à gauche plein gaz comme s'il était seul. Je freine en serrant ma droite au maximum en regardant mon passage se transformer en entonnoir. Mon épaule gauche fait voler son rétroviseur dans le ravin (un hématome multicolore du cou jusqu'à l'avant bras), le cale pied gauche est arraché par la jante du fourgon (3 fractures au pied et un orteil luxé). Je suis stoppé net coincé entre le petit parapet et la benne du fourgon. Je coupe le moteur, la béquille est aussi loin que mon cale pied, je laisse la moto calée sur le muret, je descends et petit à petit je m'écroule par terre à cause d'une douleur au dos très intense. Dans mon petit sac à dos je n'ai que mes papiers et un petit notebook qui me semble peser 15 Kg. Au bout de 15mn je sens la douleur envahir mon pied gauche. En attendant les pompiers j'insulte le jeune con responsable qui se fait tout petit et j'appelle 2 de mes employés pour qu'il viennent enlever la moto. Les pompiers arrivent, on file aux urgences de Gap. J'ai mal, très mal, mais je m'en fiche. Deux  choses m'obsèdent: mon entreprise de paysagistes et ma moto.  Pour le boulot je peux compter sur mon associé mais pour la moto...45000 Km, 21 ans de fidélité, état irréprochable (ancien mécano ds la restauration auto), fiabilité irréprochable et je la vois mise au rebut pour raison économique. J'en pleure. Aujourd'hui j'ai souvent mal au 2 pieds mais j'ai réussi à racheter mon clou qui a aujourd'hui 26 ans et a profité de 8 mois restauration effectuée par mes soins.","""L'élément"" c'est l'autre. Celui qui prend la route pour un terrain de jeu, celui qui bat des records virtuels sur sa XBox et qui veut vérifier ses capacités réelles devant ses collègues de boulot.  C'est l'esprit de con-pétition généralement aussi masculin qu'inepte.  La ""difficulté"" est de voir arriver l'impact, de comprendre que les passagers du fourgon m'ont vu mais pas le conducteur. L'instinct me dit de freiner fort mais pas trop tôt pour atteindre la protection du parapet pour éviter qu'il ne m'envoie dans le ravin. Objectif atteint, l'impact peut avoir lieu...","""L'autre"" ne m'a pas vu, j'étais caché par le montant du parebrise. Il se croyait réellement seul. J'ai vite compris que le contact était inévitable. Il savait qu'il y avait un problème car ses collègues lui ont crié de faire attention, mais il était trop tard pour qu'il comprenne à quoi il devait faire ""attention"". Je roulais vraiment doucement, je sortais d'un virage à gauche, encore sur l'angle j'étais prêt à basculer sur le prochain droit, je m'attendais à les croiser comme tous les matins, je n'ai fait que redresser la moto, réviser ma trajectoire pour me ""garer"" sur la droite en espérant qu'il quitterait le point de corde avant que je l'atteigne à mon tour.  La route est étroite et la majorité des virages ne permettent pas à 2 voitures de se croiser.  J'ai débuté la moto à 13 ans (trial), 10 ans de mécanique sur des bolides (Ferrari, Porsche...etc), des week-end clientèles sur le circuit du Castellet, pilote d'essai chez BMW à Istres, 10 ans de transports urgents en VL et en moto, 3 millions de Km au compteur... Je ne suis peut-être pas le meilleur des conducteurs mais mes réflexes sont aiguisés par toutes ces expériences.  Je pense avoir fait les bons choix. Lorsque la sortie se trouve entre un camion et un mur, que le camion en question vous laisse une ouverture de 30cm dans une épingle on ne peut que regretter de ne pas être parti 5mn plutôt de la maison.",NRP,0,,,"Route étroite, virages serrés et enchaînés sans le moindre bout de ligne droite, visibilité du virage suivant inexistante, à peine une quinzaine de mètres pour réagir dès que le danger est visualisé et assimilé...même à 40 Km/h la distance entre les 2 véhicules, la vitesse de rapprochement, la largeur de la route, le ravin et surtout le fait qu'il ignorait ma présence sur la voie ne m'ont laissé aucune autre alternative.",1,0,1,"Du fait qu'il ignorait ma présence (caché par son montant de pare-brise) il n'a absolument pas rencontré de difficulté, la route était à lui.","C'est fait ! :-D ""La route n'est pas un circuit, il y a des jours et des heures pour faire péter des chronos, on n'est pas sur un écran avec une manette, ça fait 2 semaines que je vous croise en serrant les fesses tous les matins, petits cons de #&#+#&***² !!..."" Tout ça et bien plus.",1,3,4,,,,,,,,1,2,,,Il ne me voyait pas. j'ai eu le temps de me demander pourquoi il ne me rendait pas ma voie en reprenant sa droite.,4,3,,,1,1,4,4,1,1,1,1,2,3,4,4,4,5,,,,,,,,,2,2,,2,2,2,2,,,,,,,,,1,1,1,0,100,0,0,0,,1,1,,,,2,1,2,4,7,,,,,1,0,1,2,1,1,0,40,1,10,2,3,5,,,,,,4,4,4,1,4,4,SUZUKI,1400,INTRUDER (VS),1027,CUSTOM,"SUZUKI, 1400 INTRUDER (VS)",1,2,1,1,1,1,1,1,1,40000,12,4,1,YAMAHA,1300,VENTURE ROYALE,1611,Routière / GT,"YAMAHA, 1300 VENTURE ROYALE",1,null,4,,,,21NOV1967,2,1,3,2,3,4,1,NRP,,,,2,0,0,2,1,3,SUZUKI,1400,INTRUDER (VS),CUSTOM,2,1989,37,2,1,10000,6,SUZUKI,500,GS,ROADSTER,2,1998,19,4,1,3000,7,YAMAHA,350,QUAD YFM WARRIOR,QUAD,2,1990,41,4,1,500,4,,,,,,,,,,,,,,,,,,,,,,,13500,3,4,,,,,,,,NRP,NRP,NRP,NRP,1986,NRP,NRP,1990,NRP,,,
591,4786,344,1,0,5,,,,,,0,4,,,,,,2,6,1995,1996,,,,0,5,,,,,,0,4,,,,,,0,5,,,,,,0,3,,,,,,0,3,,,,,,1,4,1994,,,,,0,5,,,,,,1,6,NSP,,,,,0,2,,,,,,0,3,,,,,,0,4,,,,,,0,,4,,,,,,,,,,,,,,,,,,5,1,20,1,51,11,0,,-1,"Vous circuliez sur un axe constitué dau moins "" 2 X 2 voies "" (en urbain, périph, autoroute, RN ). Un véhicule vous a coupé la route en changeant de voie pour se placer sur celle de gauche.",3,,,,,,,"Je circulais file de gauche sur le perif parisien  pour une fois fluide, zone trois voies, un conducteur qui télephonait s'est brusquement déporté sans clignotant du fait d'un ralentissement devant lui.. Perte de controle et chute. Heureusement sans gravité mais suffisament frequent et symptomatique pour etre rapporté. Le conducteur s'est arrété et a admis sa faute, remboursement integral.",La telephonie rendue obligatoire d'un patron envers ses chauffeurs.,Freinage et Perte de controle du fait de la surprise et du sol gras et chute malgré l' abs. Bon comportement de l'automobiliste impliqué qui a reconnu sa faute et des véhicules arrières qui ont su freiner puis protéger le lieu. Beaucoup de chance en fait.,NRP,1,"Il est sans doute possible de ne pas se laisser surprendre, plus de vigilance et/ou d'attention..",Manque d'experience et/ou de formation à l'époque. Sans doute les associations motardes n'ont pas assez dénoncé les risques engendrés par la téléphonie embarquée.,,2,1,NSP,,Son manque d'attention fut evident pour moi.,1,"Manque de conscience des risques et de vigilance sont les causes majeures d'accident. Rien de neuf en cela, vitesse et alcoolémie ou autres découlent toujours de ces élément basiques.",1,,,,,,,1,,,,,,,Je savais etre suivi par d'autres véhicule et ce n'était pas ma première gamelle sur le périférique parisien toujourd stressant.,3,3,,,1,2,3,3,1,1,3,2,1,5,5,5,4,1,5,,,,,,,,2,,,,,,,,,2,2,,2,1,3,2,15,70,0,0,15,2,,,,,,2,2,,,,1,,,,,,,,,,,1,4,1,2,0,70,1,10,2,3,4,7,,,,,4,4,4,4,4,NRP,HONDA,700,DEAUVILLE ABS,Routière / GT,2,0,0,0,1,1,1,1,1,1,1,10000,12,3,1,HONDA,650,DEAUVILLE,Routière / GT,2,4,4,10AUG1954,5,1,3,2,3,4,1,NRP,,,,2,1,0,3,0,4,HONDA,50,PC50,ROADSTER,2,1968,1,4,1,10,7,KAWASAKI,750,ZEPHYR,ROADSTER,1,1994,1,4,1,3000,7,HONDA,1300,PAN EUROPEAN,Routière / GT,2,2003,1,3,1,8000,7,HONDA,700,DEAUVILLE,Routière / GT,2,2008,1,1,2,7000,1,,,,,,,,,,,,18010,3,4,,,,,,,,NRP,NRP,NRP,NRP,1993,NRP,NRP,1972,NRP,,,
600,4788,,1,1,4,1995,,,,,0,4,,,,,,0,6,,,,,,0,5,,,,,,1,5,1993,,,,,0,4,,,,,,1,5,1996,,,,,0,5,,,,,,2,5,2013,2014,,,,0,6,,,,,,0,6,,,,,,0,1,,,,,,0,2,,,,,,0,3,,,,,,0,,5,,,,,,,,,,,,,,,,,,2,1,18,0,,NRP,,,,,,,,,,,,,,,,,,,,,,,,,,,,,,,,,,,,,,,,,,,,,,,,,,,,,,,,,,,,,,,,,,,,,,,,,,,,,,,,,,,,,,,,,,,,,,,,,,,,,,,,,,,,,,,,,,,,,,,,,,,,,,,,,,,,,,,,,,,,,,,,,,,,,,,,,,,,,,,15JUL1977,11,2,3,2,2,3,,NRP,,,,2,0,0,1,0,1,BMW,650,G650 XCOUNTRY ABS,ROADSTER,2,2007,23,1,2,8000,4,,,,,,,,,,,,,,,,,,,,,,,,,,,,,,,,,,,,,,,,,,,,,8000,2,3,4,,,,,,,NRP,NRP,NRP,1994,1995,NRP,NRP,1995,NRP,,,
1484,4789,,1,0,3,,,,,,0,2,,,,,,0,2,,,,,,0,2,,,,,,0,4,,,,,,0,2,,,,,,0,3,,,,,,3,4,1985,1983,1980,,,1,4,1985,,,,,0,2,,,,,,0,3,,,,,,0,3,,,,,,0,4,,,,,,0,3,,,,,,0,,4,,,,,,,,,,,,,,,,,,3,1,36,1,38,8,1980,,,,,,,,,,,,,,,,,,,,,,,,,,,,,,,,,,,,,,,,,,,,,,,,,,,,,,,,,,,,,,,,,,,,,,,,,,,,,,,,,,,,,,,,,,,,,,,,,,,,,,,,,,,,,,,,,,,,,,,,,,,,,,,,,,,,,,,,,,,,,,,,,,,,,,,,,,,,,,01SEP1960,7,1,3,2,5,4,3,NRP,,,,2,2,0,1,0,3,DUCATI,600,MONSTER,ROADSTER,2,1995,37,2,2,8000,7,MBK,50,X-LIMIT,TRAIL / SUPERMOTARD,2,2005,31,3,1,1000,7,MBK,50,BOOSTER,SCOOTER,2,2007,31,1,1,5000,7,,,,,,,,,,,,,,,,,,,,,,,14000,2,3,4,,,,,,,NRP,NRP,NRP,1977,1978,NRP,NRP,1979,NRP,,,
1612,4790,,1,0,2,,,,,,1,4,1982,,,,,1,4,1981,,,,,0,3,,,,,,1,3,1981,,,,,0,4,,,,,,0,3,,,,,,0,3,,,,,,2,3,1981,1982,,,,0,3,,,,,,0,4,,,,,,0,3,,,,,,1,4,1982,,,,,0,3,,,,,,0,,6,,,,,,,,,,,,,,,,,,2,1,34,1,42,9,1982,,,,,,,,,,,,,,,,,,,,,,,,,,,,,,,,,,,,,,,,,,,,,,,,,,,,,,,,,,,,,,,,,,,,,,,,,,,,,,,,,,,,,,,,,,,,,,,,,,,,,,,,,,,,,,,,,,,,,,,,,,,,,,,,,,,,,,,,,,,,,,,,,,,,,,,,,,,,,,26MAY1963,2,1,3,2,2,3,,NRP,,,,2,0,0,4,0,3,BMW,1000,R100GS,TRAIL / SUPERMOTARD,2,1988,37,3,1,10000,7,YAMAHA,500,XT,TRAIL / SUPERMOTARD,2,1987,37,4,1,1000,7,SPONDON,900,PROTO PISTE,NRP,2,1990,41,4,1,0,7,,,,,,,,,,,,,,,,,,,,,,,11000,3,4,9,,,,,,,NRP,NRP,NRP,NRP,1981,NRP,1981,1983,NRP,,,
765,4791,121,1,0,1,,,,,,1,5,1989,,,,,0,5,,,,,,0,4,,,,,,0,5,,,,,,0,3,,,,,,0,2,,,,,,1,5,2005,,,,,1,6,1993,,,,,0,3,,,,,,0,5,,,,,,0,2,,,,,,0,5,,,,,,0,5,,,,,,0,,3,,,,,,,,,,,,,,,,,,2,2,35,1,36,8,2005,,2005,"Vous avez fait une sortie de route, une perte de contrôle ou une glissade puis avez percuté un obstacle fixe (panneau, arbre poteau ).",6,,,,,,,"circonstances de l'accident: entrée de virage, une voiture sort d'un chemin sur la droite. surpris je prends les freins, un peu fort, voir une peu trop fort, je perds l'avant, embrasse le goudron tête la première, Miss Ducati et moi partons en glissade et heurtons le haricot séparant les voies. Grosse frayeur, grosses brûlures, moto bien abimée, équipement motard foutu. croisement bien signalé, mauvais réflexe, exces de confiance en soi (propriétaire de la moto depuis 6 mois avec l'impression de bien la connaitre ...)","la surprise,  apres la prise de frein par refexe et avant d'embrasser le goudron j'ai presenti que j'aurais pu gerer la situation autrement",Moto sur l'angle j'ai redressé un peu la machine coupé les gazs en prenant le frein AV pas trouvé le frein AR (pied trop écarté de la commande) le chauffeur de la voiture ne s'est rendu compte de rien (pas de choc avec la voiture),NRP,1,NRP,NRP,,2,0,,,,,,2,9,,,,,de la colere apres moi et mon reflexe,,1,,,,,2,je ne m'attendais pas à une telle puissance de freinage,3,1,2,,1,2,4,3,3,3,1,2,4,1,4,4,4,5,8,,,,,,,,1,4,,,,,,,,2,2,,2,2,1,1,99,1,0,0,0,1,1,,,,,1,1,,,,2,1,4,7,,,,,,1,0,2,2,3,,0,90,1,2,3,4,9,,,,,,4,4,4,4,4,4,DUCATI,900,SUPERSPORT IE,Routière / GT,2,1,1,1,1,1,1,1,1,1,1,30000,11,2,1,HONDA,650,DEAUVILLE,Routière / GT,2,4,4,01AUG1961,7,1,3,2,5,4,3,NRP,,,,1,1,0,3,0,3,DUCATI,900,SPORT IE,Routière / GT,2,2000,37,1,1,10000,7,MOTO GUZZI,1100,CALIFORNIA STONE TOURING,ROADSTER,2,2005,37,1,2,15000,7,HONDA,750,CB-C,CUSTOM,2,1982,37,4,1,1000,7,,,,,,,,,,,,,,,,,,,,,,,26000,2,3,4,,,,,,,NRP,NRP,NRP,1977,1980,NRP,NRP,1980,NRP,,,
1488,4792,,1,0,3,,,,,,0,4,,,,,,0,5,,,,,,0,5,,,,,,0,4,,,,,,1,5,2010,,,,,0,5,,,,,,1,5,2010,,,,,0,5,,,,,,0,4,,,,,,0,6,,,,,,0,3,,,,,,0,5,,,,,,0,4,,,,,,0,,2,,,,,,,,,,,,,,,,,,0,0,11,1,36,8,2010,,,,,,,,,,,,,,,,,,,,,,,,,,,,,,,,,,,,,,,,,,,,,,,,,,,,,,,,,,,,,,,,,,,,,,,,,,,,,,,,,,,,,,,,,,,,,,,,,,,,,,,,,,,,,,,,,,,,,,,,,,,,,,,,,,,,,,,,,,,,,,,,,,,,,,,,,,,,,,06SEP1966,7,2,3,2,2,3,,NRP,,,,2,0,0,1,0,1,HONDA,750,VFR-F,Routière / GT,2,1994,29,3,1,10000,7,,,,,,,,,,,,,,,,,,,,,,,,,,,,,,,,,,,,,,,,,,,,,10000,3,4,,,,,,,,NRP,NRP,NRP,NRP,2005,NRP,NRP,1985,NRP,,,
692,4793,12,1,0,4,,,,,,0,5,,,,,,1,6,NSP,,,,,0,4,,,,,,0,5,,,,,,0,4,,,,,,0,4,,,,,,0,4,,,,,,2,4,1979,1999,,,,0,6,,,,,,0,4,,,,,,0,4,,,,,,0,5,,,,,,0,6,,,,,,0,,3,,,,,,,,,,,,,,,,,,5,0,19,1,41,9,1979,,1979,"Vous avez fait une sortie de route, une perte de contrôle ou une glissade sans rien percuter.",2,,,,,,,"IL s'agissait d'une ""première grande sortie"" avec une moto ancienne achetée récemment. lors d'une descente, dans un virage je n'ai pas pu tourner et suis aller dans un ravin et la course s'est arrêtée dans un arbre.  Je ne sais pas trop encore aujourd'hui à quoi était due cette sortie  absence d'une formation complète ? manque de vigilance de ma part ? freinage insuffisant sur le véhicule ? Je ne pense pas que la vitesse était trop rapide","Vue dans la réponse précédente, plusieurs facteurs mais pas réellement identifiés","Sur cette accident j'étai le seul véhicule, pas de tiers. Je me souvient avoir freiné mais je n'ai pu, pas réussi à tourner et la moto ne s'est pas arrêtée. Heureusement mon passager n'a rien eu.",NRP,0,,,absence d'une formation plus complète et absence des réactions et actions à faire sur le véhicule,1,0,,,,,,1,2,6,,,,,1,2,,,,3,,L'inconnue de la conséquence tout va vite mais il y a quelques secondes qui se passent.,2,3,,,1,2,3,2,4,3,3,3,3,3,5,5,5,7,,,,,,,,,2,,,,,,,,,2,2,,2,2,1,1,70,0,0,30,0,1,3,,,,,2,1,,,,1,,,,,,,,,,,3,2,3,,1,70,1,10,2,3,5,,,,,,1,1,1,1,1,1,BMW,600,R60,ROADSTER,2,1,1,1,1,1,1,1,1,1,1,NSP,NSP,1,0,,,,,,,,18MAR1958,6,1,3,2,2,3,,NRP,,,,1,0,0,2,0,2,KAWASAKI,1200,ZRX-S,ROADSTER,2,2011,37,3,1,7500,7,TERRA-MOTO,125,PIT(DIRT)BIKE,TRAIL / SUPERMOTARD,2,1954,37,4,1,10,7,,,,,,,,,,,,,,,,,,,,,,,,,,,,,,,,,,7510,3,4,,,,,,,,NRP,NRP,NRP,NRP,1977,NRP,NRP,1987,NRP,,,
213,4794,,0,,,,,,,,,,,,,,,,,,,,,,,,,,,,,,,,,,,,,,,,,,,,,,,,,,,,,,,,,,,,,,,,,,,,,,,,,,,,,,,,,,,,,,,,,,,,,,,,,,,,,,,,,,,,,,,,,,,,,,,,,,,,,,,,,,,,,,,,,,,,,,,,,,,,,,,,,,,,,,,,,,,,,,,,,,,,,,,,,,,,,,,,,,,,,,,,,,,,,,,,,,,,,,,,,,,,,,,,,,,,,,,,,,,,,,,,,,,,,,,,,,,,,,,,,,,,,,,,,,,,,,,,,,,,,,,,,,,,,,,,,,,18SEP1987,5,2,3,2,2,3,,NRP,,,,0,0,0,1,0,1,HONDA,700,NC700X C-ABS DTC,ROADSTER,2,2012,16,1,2,12000,6,,,,,,,,,,,,,,,,,,,,,,,,,,,,,,,,,,,,,,,,,,,,,12000,3,4,5,,,,,,,NRP,NRP,NRP,NRP,2012,NRP,NRP,2009,2011,,,
1848,4795,,1,0,4,,,,,,0,5,,,,,,0,4,,,,,,0,3,,,,,,0,4,,,,,,0,4,,,,,,0,3,,,,,,0,3,,,,,,0,2,,,,,,0,5,,,,,,0,5,,,,,,0,3,,,,,,1,2,2009,,,,,0,2,,,,,,1,2,3,2009,2009,,,,paris,montmagny,,,,"pas assez concentrée sur la route, le véhicule devant moi a freiner et je lui ai rentré dedans. rien de cassé mais guidon tordu.","sur ma file dans un virage en ville, je ralentissai car priorité a droite en sortie de virage (virage aveugle donc vitesse très modérée). une voiture en sens inverse a pris se virage a moitié sur ma voie et ma percuté sur l'avant moteur. vol plané pour moi, fracture poignée et autre contusion et point de suture. moto épave. le conducteur de la voiture avait 1.5g d'alcool dans le sang.",,,,0,0,0,0,7,1,72,15,2009,montmagny,,,,,,,,,,,,,,,,,,,,,,,,,,,,,,,,,,,,,,,,,,,,,,,,,,,,,,,,,,,,,,,,,,,,,,,,,,,,,,,,,,,,,,,,,,,,,,,,,,,,,,,,,,,,,,,,,,,,,,,,,,,,,,,,,,,,,,,,,,,,,,,,,,,,,,,,,,,,,04MAY1986,7,2,3,2,2,3,,NRP,,,,2,1,0,1,0,1,HONDA,600,HORNET,ROADSTER,2,2011,8,1,2,15000,4,,,,,,,,,,,,,,,,,,,,,,,,,,,,,,,,,,,,,,,,,,,,,15000,3,4,,,,,,,,NRP,NRP,NRP,NRP,2008,NRP,NRP,2005,NRP,,,