Ligne,Ligne Q qualif,Ligne approfondissement Accident,ACCIDENT,NBACC1,ACCFREQUENCE1,ANNEEACC1_1,ANNEEACC1_2,ANNEEACC1_3,ANNEEACC1_4,ANNEEACC1_5,NBACC2,ACCFREQUENCE2,ANNEEACC2_1,ANNEEACC2_2,ANNEEACC2_3,ANNEEACC2_4,ANNEEACC2_5,NBACC3,ACCFREQUENCE3,ANNEEACC3_1,ANNEEACC3_2,ANNEEACC3_3,ANNEEACC3_4,ANNEEACC3_5,NBACC4,ACCFREQUENCE4,ANNEEACC4_1,ANNEEACC4_2,ANNEEACC4_3,ANNEEACC4_4,ANNEEACC4_5,NBACC5,ACCFREQUENCE5,ANNEEACC5_1,ANNEEACC5_2,ANNEEACC5_3,ANNEEACC5_4,ANNEEACC5_5,NBACC6,ACCFREQUENCE6,ANNEEACC6_1,ANNEEACC6_2,ANNEEACC6_3,ANNEEACC6_4,ANNEEACC6_5,NBACC7,ACCFREQUENCE7,ANNEEACC7_1,ANNEEACC7_2,ANNEEACC7_3,ANNEEACC7_4,ANNEEACC7_5,NBACC8,ACCFREQUENCE8,ANNEEACC8_1,ANNEEACC8_2,ANNEEACC8_3,ANNEEACC8_4,ANNEEACC8_5,NBACC9,ACCFREQUENCE9,ANNEEACC9_1,ANNEEACC9_2,ANNEEACC9_3,ANNEEACC9_4,ANNEEACC9_5,NBACC10,ACCFREQUENCE10,ANNEEACC10_1,ANNEEACC10_2,ANNEEACC10_3,ANNEEACC10_4,ANNEEACC10_5,NBACC11,ACCFREQUENCE11,ANNEEACC11_1,ANNEEACC11_2,ANNEEACC11_3,ANNEEACC11_4,ANNEEACC11_5,NBACC12,ACCFREQUENCE12,ANNEEACC12_1,ANNEEACC12_2,ANNEEACC12_3,ANNEEACC12_4,ANNEEACC12_5,NBACC13,ACCFREQUENCE13,ANNEEACC13_1,ANNEEACC13_2,ANNEEACC13_3,ANNEEACC13_4,ANNEEACC13_5,NBACC14,ACCFREQUENCE14,ANNEEACC14_1,ANNEEACC14_2,ANNEEACC14_3,ANNEEACC14_4,ANNEEACC14_5,AUTRESACC,NBAUTRESACC,TOTAL_AC,ANNEEAUTREACC1,ANNEEAUTREACC2,ANNEEAUTREACC3,ANNEEAUTREACC4,ANNEEAUTREACC5,LIEUAUTREACC1,LIEUAUTREACC2,LIEUAUTREACC3,LIEUAUTREACC4,LIEUAUTREACC5,DESCRIPTIONAUTRESACC1,DESCRIPTIONAUTRESACC2,DESCRIPTIONAUTRESACC3,DESCRIPTIONAUTRESACC4,DESCRIPTIONAUTRESACC5,NBAUTRESACCCIRCUIT,NBAUTRESTOUTTERRAIN,EXPCYCLO,EXP125,EXPSUP125,ACCORDNEXTQ,CHOIXACC,RGPMTACC,RECUPANNEE,RECUPLIEU,RECUPANNE,RGPMTAC,CHOIX1,CHOIX2,CHOIX3,CHOIX4,CHOIX5,CHOIX6,CHOIX7,DESCRIPTION,RUPTURE,FAITS,ABS_REACTION,AUTRE_REACTION,PRECISIONREACTIONOUI,RECUL,PRECISIONREACTIONNON,IMPACTCOMPORTEMENT,AUTREUSAGER,REACTIONAUTREUSAGER,CONNAISSANCEREACTIONUSAGER,DIFFICULTES,AGGRAVATION,DIFFICULTES2,EMOTIONS1,EMOTIONS2,EMOTIONS3,EMOTIONS4,EMOTIONS5,EMOTIONS6,AUTRESENTIMENT,CLASSEMENTEMOTIONS1,CLASSEMENTEMOTIONS,CLASSEMENTEMOTIONS5,CLASSEMENTEMOTIONS6,CLASSEMENTEMOTIONS7,CLASSEMENTEMOTIONS8,CLASSEMENTEMOTIONS9,EXPLICATIONRESSENTI,BIENEQUIPE,ALLURE,ALLUREVITEDETAIL,ALLURELENTEDETAIL,SITUATIONPRESSE,SITUATIONDISTRAIT,SITUATIONCONFIANT,SITUATIONCONTROLE,SITUATIONLUDIQUE,SITUATIONPERF,SITUATIONSTRESS,SITUATIONFATIGUE,HUMEURNEUTRE,HUMEURGAI,HUMEURMECONTENT,HUMEURTRISTE,HUMEURCOLERE,CONTRIBUTION1,CONTRIBUTION2,CONTRIBUTION3,CONTRIBUTION4,CONTRIBUTION5,CONTRIBUTION6,CONTRIBUTION7,CONTRIBUTION8,CONTRIBUTION9,ROLEINFRA,ELEMENTINFRA1,ELEMENTINFRA2,ELEMENTINFRA3,ELEMENTINFRA4,ELEMENTINFRA5,ELEMENTINFRA6,ELEMENTINFRA7,ELEMENTINFRA8,ELEMENTINFRA9,ALCOOL,TXALCOOL,STUP,SEMAINE,MOMENTJOURNEE,TEMPS,CAUSEACC1,CAUSEACC2,CAUSEACC3,CAUSEACC4,CAUSEACC5,FORMATIONCAUSE,FORMATION1,FORMATION2,FORMATION3,FORMATION4,FORMATION5,TRAFIC,CHAUSSEE1,CHAUSSEE2,CHAUSSEE3,CHAUSSEE4,TYPEACC,BLESSURE,TETE,COU,THORAX,MEMBRESSUP,COLONNE,BASSIN,MEMBRESINF,HOPITAL,PLUS24H,TRAJET,TYPEROUTE,MOTIF,SENSTRAJET,PASSAGER,VITESSE,DESCEQ1,DESCEQ2,DESCEQ3,DESCEQ4,DESCEQ5,DESCEQ6,DESCEQ7,DESCEQ8,DESCEQ9,DESCEQ10,VEHICULEETE,VEHICULEAUTOMNE,VEHICULEPRINTEMPS,VEHICULEHIVER,VEHICULESEMAINE,VEHICULEWE,VEHMARQUE,VEHCYLINDREE,VEHMODELE,VEHSEGMENT,VEHSIDE,EQ2RMABS,EQ2RMCBS,EQ2RMABSCBS,EQ2RMREGULATEUR,EQ2RMLIMITEUR,EQ2RMPHARESDIRECT,EQ2RMCOUPURE,EQ2RMANTIPATINAGE,EQ2RMANTIXHEELING,EQ2RMSTABILILTE,VEHKM,POINTS,DUREE,AUTRE2RM,VEHPRECMARQUE,VEHPRECCYLINDREE,VEHPRECMODELE,VEHPRECSEGMENT,VEHPRECSIDE,TEMPS2RMPREC,FREQVEHPREC,DATE_NAISS,CSP,SOCIETAIRE,SALARIE,SECTEUR2RM,NBPERSFOYER,SITFAM,NBENF,TRNBENF1,TRNBENF2,TRNBENF3,TRNBENF4,NBAUTOFOYER,NBCYCLOFOYER,NBSCOOTFOYER,NBMOTOFOYER,NBTRIKEFOYER,NB2RMCONDUIT,MARQUE1,CYLINDREE1,MODELE1,SEGMENT1,SIDE1,ANMISECIRCU1,ASS1,FREQ1,USAGE1,NBKM1,GARAGE1,MARQUE2,CYLINDREE2,MODELE2,SEGMENT2,SIDE2,ANMISECIRCU2,ASS2,FREQ2,USAGE2,NBKM2,GARAGE2,MARQUE3,CYLINDREE3,MODELE3,SEGMENT3,SIDE3,ANMISECIRCU3,ASS3,FREQ3,USAGE3,NBKM3,GARAGE3,MARQUE4,CYLINDREE4,MODELE4,SEGMENT4,SIDE4,ANMISECIRCU4,ASS4,FREQ4,USAGE4,NBKM4,GARAGE4,MARQUE5,CYLINDREE5,MODELE5,SEGMENT5,SIDE5,ANMISECIRCU5,ASS5,FREQ5,USAGE5,NBKM5,GARAGE5,NBKMTOT,PERMIS1,PERMIS2,PERMIS3,PERMIS4,PERMIS5,PERMIS6,PERMIS7,PERMIS8,PERMIS9,ANPERMIS1,ANPERMIS6,ANPERMIS7,ANPERMIS2,ANPERMIS3,ANPERMIS8,ANPERMIS9,ANPERMIS4,ANPERMIS5,,,
378,4847,262,1,1,5,2007,,,,,0,4,,,,,,1,5,2012,,,,,0,2,,,,,,0,5,,,,,,0,3,,,,,,0,2,,,,,,0,2,,,,,,1,2,2013,,,,,0,2,,,,,,1,5,2008,,,,,0,1,,,,,,0,2,,,,,,0,5,,,,,,1,1,5,2010,,,,,Paris,,,,,"Lors du passage d'un feu au vert, le véhicule situé derrière moi a démarré alors que j'étais encore à l'arrêt.",,,,,0,0,1,2,6,1,1,1,2007,,2007,Vous circuliez sur un axe prioritaire. Un autre véhicule arrivant sur le même axe en sens opposé vous a coupé la route en tournant à gauche.,6,,,,,,,"Environnement : un carrefour, croisement de deux routes, géré par des feux de signalisation. La route que je suivais est large, deux fois trois voies pour continuer tout droit, et une voie supplémentaire sur le carrefour pour tourner à gauche, dans les deux sens. Le trafic est plutôt faible, mais suffisamment dense pour que des véhicules circulent sur toutes les voies.  Avant d'arriver sur le carrefour, je roule sur la voie de gauche, avec l'intention de continuer tout droit. Comme le feu est vert, je ralentis légèrement, et je m'engage. Une voiture arrêtée au milieu du carrefour, et dont le conducteur a clairement indiqué son intention de tourner à gauche (sur la route qui se trouve à ma droite, donc), redémarre au moment où je la croise, et me percute à l'arrière gauche.  L'accident en lui-même est plutôt banal, mais, ce qui m'a marqué, c'est que je n'ai pas imaginé un seul instant que le conducteur du véhicule qui m'a percuté, qui m'avait bien vu (il me l'a confirmé par la suite), fasse une telle manuvre au moment où je l'ai croisé. J'ai alors pris pleinement conscience que le danger est partout, que les conducteurs autour de moi ne sont pas forcément attentifs, ou n'ont pas, ou plus, forcément les capacités physiques et mentales pour maîtriser leur véhicule, et que je devais en permanence me méfier de mes certitudes sur leurs intentions.  Dans le cas présent, le conducteur approchait les soixante-dix ans, et il pensait sincèrement avoir le temps de passer avant que je m'engage sur le carrefour.",Difficile... Le choc est arrivé au moment où j'ai pris conscience que j'allais le subir.,"Dans le bref instant qui a séparé la vision de la voiture qui démarré du choc en lui-même, je n'ai pas eu le temps de réagir.",NRP,1,"Avec le recul, je me méfie maintenant de cette situation, et, lorsqu'un usager en face de moi est arrêté et indique son intention de croiser ma trajectoire, je m'arrange passer à son niveau en même temps qu'un autre véhicule à quatre roues (voiture, camionnette), pour compenser une éventuelle perception erronée de ma vitesse de la part de l'autre conducteur.  Je ne suis malgré tout pas certain que ça aurait changé l'issue de la situation.","La naïveté ? N'ayant jamais été confronté à cette situation, je n'avais pas imaginé qu'elle pouvait se produire.",,2,0,,,,,,2,3,,,,,,,1,2,,,,,"Je n'ai pas imaginé un instant que l'autre conducteur allait démarrer au moment où je suis passé, parce que, à sa place, je ne l'aurais pas fait.",3,3,,,2,1,4,4,1,1,1,1,1,4,4,4,4,10,,,,,,,,,2,,,,,,,,,2,2,,2,1,1,1,5,95,0,0,0,2,,,,,,2,1,,,,1,,,,,,,,,,,1,1,1,2,0,50,1,10,2,3,4,7,,,,,4,4,4,4,4,2,HONDA,125,PANTHEON (FES),SCOOTER,2,1,0,1,1,1,1,1,1,1,1,NSP,NSP,2,0,,,,,,,,02JUN1978,7,2,3,2,2,3,,NRP,,,,0,0,0,3,0,3,YAMAHA,1200,V-MAX,CUSTOM,2,1990,33,3,1,5000,7,SUZUKI,650,GLADIUS,ROADSTER,2,2009,33,1,2,15000,7,HONDA,750,VFR-F,Routière / GT,2,1988,33,1,2,15000,7,,,,,,,,,,,,,,,,,,,,,,,35000,3,4,,,,,,,,NRP,NRP,NRP,NRP,2007,NRP,NRP,1998,NRP,,,
1005,4851,378,1,0,2,,,,,,0,4,,,,,,0,5,,,,,,0,4,,,,,,0,3,,,,,,0,4,,,,,,0,3,,,,,,0,3,,,,,,3,5,1981,1997,2006,,,0,2,,,,,,0,3,,,,,,0,2,,,,,,0,3,,,,,,0,2,,,,,,1,2,5,1972,1987,,,,paris13,villejuif,,,,une voiture m'a percuté par l'arriere,un chien errant a percuté ma roue avant,,,,0,0,3,2,39,1,43,9,2006,,2006,"Vous avez fait une sortie de route, une perte de contrôle ou une glissade sans rien percuter.",4,,,,,,,"Cet accident a eu lieu sur la N118 à environ 5km de mon domicile à orsay, je me rendais le matin à mon travail à Paris.  le sol était humide, circulation fluide. Après une pompe à essence j'ai double une autre moto suir la file de gauche à une vitesse d'environ 150k/h, une voiture qui était sur cette file, elle roulait approximativement à 100k/h et m'a donc oblige à freiner, c'est alors que la roué avant a glissé et que je suis tombé.  A mon avis plusieurs facteurs ont provoqué cet accident : sol humide glissant avec certainement des traces de carburant pneus froids et vitesse",véhicule relativement lent sur la file de gauche,acceleration pour doubler la moto sur la file de droite ( elle a du accélérer en meme temps que moi) puis freinage peu appuyé mais qui a bloqué la roué avant.,2,1,"je prends cette route tous les matins et au niveau des pompes à essences, il y en 3 , le sol est souvent glissant, j'aurais du me méfier un peu plus du freinage assez puissant de cette moto.",Aucune idée!!,,2,1,NSP,,NSP,2,NRP,3,,,,,,,,,1,,,,,je n'ai pas compris pourquoi je perdais l'avant,2,1,1,,3,4,4,4,2,2,1,1,1,1,4,4,4,5,,,,,,,,,2,,,,,,,,,2,2,,2,1,1,2,80,0,0,20,0,2,,,,,,2,2,6,,,2,1,4,7,,,,,,1,0,1,2,1,1,0,150,1,2,,,,,,,,,4,4,4,4,4,4,APRILIA,1000,SL-V FALCO,SPORTIVE,2,1,1,1,1,1,1,1,1,1,1,25000,10,3,1,DUCATI,900,SUPERSPORT,Routière / GT,2,4,4,27DEC1957,5,2,3,2,4,4,2,NRP,,,,2,0,0,2,0,2,DUCATI,1000,MULTISTRADA S DS,ROADSTER,2,2002,29,3,1,4000,7,KAWASAKI,1200,ZRX-S,ROADSTER,2,2001,29,1,2,20000,4,,,,,,,,,,,,,,,,,,,,,,,,,,,,,,,,,,24000,2,3,4,,,,,,,NRP,NRP,NRP,1974,1977,NRP,NRP,1977,NRP,,,
851,4852,,1,0,5,,,,,,0,2,,,,,,0,3,,,,,,0,1,,,,,,0,5,,,,,,0,1,,,,,,0,2,,,,,,0,3,,,,,,0,5,,,,,,0,3,,,,,,0,3,,,,,,0,1,,,,,,0,4,,,,,,0,3,,,,,,1,1,1,2006,,,,,boulleret,,,,,"arreter a un stop dans une file de vehicules, le vehicule derriere moi m'est rentré dedans, pensant que je n'allait pas faire le temps d'arret obligatoire",,,,,0,0,1,0,9,1,71,15,2006,boulleret,,,,,,,,,,,,,,,,,,,,,,,,,,,,,,,,,,,,,,,,,,,,,,,,,,,,,,,,,,,,,,,,,,,,,,,,,,,,,,,,,,,,,,,,,,,,,,,,,,,,,,,,,,,,,,,,,,,,,,,,,,,,,,,,,,,,,,,,,,,,,,,,,,,,,,,,,,,,,09JUL1980,2,2,3,1,3,4,1,NRP,,,,2,0,0,1,0,1,YAMAHA,800,FAZER8,ROADSTER,2,2010,18,3,1,3000,7,,,,,,,,,,,,,,,,,,,,,,,,,,,,,,,,,,,,,,,,,,,,,3000,3,4,,,,,,,,NRP,NRP,NRP,NRP,2004,NRP,NRP,1998,NRP,,,
2129,4854,,1,0,4,,,,,,0,3,,,,,,0,4,,,,,,0,3,,,,,,0,3,,,,,,0,2,,,,,,0,2,,,,,,0,3,,,,,,1,3,2009,,,,,0,3,,,,,,0,4,,,,,,0,2,,,,,,1,2,2009,,,,,0,4,,,,,,0,,2,,,,,,,,,,,,,,,,,,2,2,7,1,61,13,2009,,,,,,,,,,,,,,,,,,,,,,,,,,,,,,,,,,,,,,,,,,,,,,,,,,,,,,,,,,,,,,,,,,,,,,,,,,,,,,,,,,,,,,,,,,,,,,,,,,,,,,,,,,,,,,,,,,,,,,,,,,,,,,,,,,,,,,,,,,,,,,,,,,,,,,,,,,,,,,07FEB1965,7,2,3,2,5,4,3,NRP,,,,3,0,0,1,0,1,TRIUMPH,900,BONNEVILLE,ROADSTER,2,2007,31,1,2,12000,7,,,,,,,,,,,,,,,,,,,,,,,,,,,,,,,,,,,,,,,,,,,,,12000,4,3,,,,,,,,NRP,NRP,NRP,NRP,2008,NRP,NRP,1984,NRP,,,
714,4855,2,1,0,3,,,,,,0,5,,,,,,0,5,,,,,,0,4,,,,,,0,6,,,,,,0,4,,,,,,0,3,,,,,,0,4,,,,,,2,4,2009,2011,,,,0,3,,,,,,0,3,,,,,,0,4,,,,,,0,4,,,,,,0,3,,,,,,0,,2,,,,,,,,,,,,,,,,,,0,0,7,1,41,9,2009,,2009,"Vous avez fait une sortie de route, une perte de contrôle ou une glissade sans rien percuter.",4,,,,,,,"Accident dans un virage serré alors qu'on cherchait un endroit pour s'arrêter manger, alors qu'on avait taper dedans toute la matinée. La roue avant a décoché. C'est filmé, pas de raison apparente. Rien sur la route non plus. La moto a glissé jusqu'au bas côté. Le tampon de protection s'est enfoncé dans la pelouse petit à petit jusqu'à atteindre un point de rupture, très net sur le sol, qui a fait décoller la moto. Elle a fini dans un pilier un peu plus loin. Moto de 6 moi, neuve, épave. 13200 de réparation selon l'expert, ""avant démontage"".","Comme indiqué précédemment, aucune idée.  La roue avant a décroché, sans raison apparente...","Le motard qui me suivait a eu pour premier réflexe de me suivre, ça dure une seconde, très net sur la vidéo. Il fait un écart avant de reprendre sa trajectoire. Puis va s'arrêter sur le bas côté pour venir me voir. Aucun tiers impliqué.",AUT|Pas de réaction car pas prévisible,0,,,Pour changer le comportement il faut en comprendre la cause. Ce n'est pas le cas.,2,0,,,,,,3,6,8,,,,,,,1,,,2,,NRP,4,3,,,2,2,3,3,3,2,2,2,4,1,4,4,4,5,7,,,,,,,,1,3,,,,,,,,2,2,,2,1,1,1,50,0,0,50,0,2,,,,,,1,1,,,,1,,,,,,,,,,,3,2,3,,0,70,1,2,3,4,7,9,,,,,3,3,3,1,3,3,SUZUKI,750,GSX-R,SPORTIVE,2,1,1,1,1,1,1,1,1,1,1,3000,12,2,1,SUZUKI,600,GSR,ROADSTER,null,4,3,24MAR1984,7,2,3,2,2,3,,NRP,,,,2,1,0,1,0,1,SUZUKI,1000,GSX-R IE,SPORTIVE,2,2007,2,3,1,3000,7,,,,,,,,,,,,,,,,,,,,,,,,,,,,,,,,,,,,,,,,,,,,,3000,3,4,,,,,,,,NRP,NRP,NRP,NRP,2002,NRP,NRP,2006,NRP,,,
616,4856,,1,0,5,,,,,,0,4,,,,,,0,6,,,,,,0,3,,,,,,0,5,,,,,,0,4,,,,,,0,2,,,,,,1,3,2000,,,,,1,4,2000,,,,,0,5,,,,,,1,5,2000,,,,,0,2,,,,,,0,3,,,,,,0,5,,,,,,1,1,4,2010,,,,,je ne sais plus,,,,,"Une dame est sortie de chez elle, et à tourné à gauche sans me voir alors que j'arrivais à son niveau .... Dame agée atteinte d'alzheimer qui m'a fauché sous le regard de toute sa famille !  Une moto hs, une cote félée",,,,,0,0,20,20,20,1,51,11,2000,,,,,,,,,,,,,,,,,,,,,,,,,,,,,,,,,,,,,,,,,,,,,,,,,,,,,,,,,,,,,,,,,,,,,,,,,,,,,,,,,,,,,,,,,,,,,,,,,,,,,,,,,,,,,,,,,,,,,,,,,,,,,,,,,,,,,,,,,,,,,,,,,,,,,,,,,,,,,,19DEC1970,4,1,2,2,4,4,2,NRP,,,,3,2,0,2,0,2,HONDA,750,VFR-F,Routière / GT,2,1988,37,2,1,5000,7,YAMAHA,125,DTMX,TRAIL / SUPERMOTARD,2,1980,37,3,1,500,7,,,,,,,,,,,,,,,,,,,,,,,,,,,,,,,,,,5500,3,4,,,,,,,,NRP,NRP,NRP,NRP,1991,NRP,NRP,1988,NRP,,,
1896,4860,,1,0,5,,,,,,0,5,,,,,,0,6,,,,,,0,6,,,,,,1,4,1984,,,,,0,4,,,,,,0,3,,,,,,2,5,1974,1978,,,,1,5,1978,,,,,4,4,1973,1978,1983,2014,,0,5,,,,,,0,2,,,,,,0,4,,,,,,0,4,,,,,,1,1,9,2014,,,,,pavillon/bois,,,,,choc  arriere par un vehicule qui n'a pas freiné  à temps,,,,,0,0,4,3,15,1,71,15,2014,pavillon/bois,,,,,,,,,,,,,,,,,,,,,,,,,,,,,,,,,,,,,,,,,,,,,,,,,,,,,,,,,,,,,,,,,,,,,,,,,,,,,,,,,,,,,,,,,,,,,,,,,,,,,,,,,,,,,,,,,,,,,,,,,,,,,,,,,,,,,,,,,,,,,,,,,,,,,,,,,,,,,16AUG1955,4,2,3,2,3,4,1,NRP,,,,2,0,0,2,0,2,TRIUMPH,800,BONNEVILLE,ROADSTER,2,2004,10,2,1,10000,6,TRIUMPH,675,STREET TRIPLE,ROADSTER,2,2010,10,2,2,10000,6,,,,,,,,,,,,,,,,,,,,,,,,,,,,,,,,,,20000,3,4,,,,,,,,NRP,NRP,NRP,NRP,1977,NRP,NRP,1978,NRP,,,
759,4861,461,1,1,5,1982,,,,,0,5,,,,,,2,2,1980,1982,,,,0,5,,,,,,0,4,,,,,,0,5,,,,,,0,2,,,,,,0,3,,,,,,0,1,,,,,,0,5,,,,,,0,6,,,,,,0,4,,,,,,0,2,,,,,,1,5,1980,,,,,0,,4,,,,,,,,,,,,,,,,,,2,2,35,1,1,1,1982,,1982,Vous circuliez sur un axe prioritaire. Un autre véhicule arrivant sur le même axe en sens opposé vous a coupé la route en tournant à gauche.,4,6,,,,,,"Cétait lété Je sortais de chez mes parents après un repas sans alcool Jétais en sandale short et débardeur javais un casque intégral mais pas de gant  Je remonte une « deux fois deux voies » lentement jusquau rond point et me fais renverser par une camionnette qui remontait les 2 voies parallèles en sens interdit, elle arrivait au préalable dans ce sens interdit par une autre voies orthogonale également en sens interdit",Son arrivée en contre sens et de surcroit issue dun autre sens interdit doubler dune haie dans les inter voies ne ma pas permis de lavoir dans mon champ de vision orienté vers la circulation normale du rond point,"la camionnette en infraction a pilé, et c'est à ce moment que je l'ai entendu et vu et le choc a suivi",3,1,oui prévoir l'imprévisible comme par exemple sur l'autoroute prévoir les véhicules en sens inverse,Permis depuis 4 ans avec beaucoup de km mais pas assez de recul sur ce genre de situation.,,2,1,NSP,,Alcool,1,Abus d'alcool selon les tests fait par la police,7,,,,,,,,,,,,,,,1,3,,,1,NSP,4,4,4,1,1,2,3,3,4,4,4,8,,,,,,,,,2,,,,,,,,,2,2,,2,1,2,1,0,100,0,0,0,2,,,,,,1,1,,,,2,1,4,7,,,,,,1,0,1,1,3,,1,25,1,,,,,,,,,,4,4,4,4,4,4,SUZUKI,850,GS850G,ROADSTER,2,1,1,1,1,1,1,1,1,1,1,20000,12,4,1,HONDA,750,"CB ""K1""",ROADSTER,2,3,4,18JUL1960,5,1,3,2,4,4,2,NRP,,,,1,0,0,1,0,1,BMW,800,F650GS,TRAIL / SUPERMOTARD,2,2010,37,1,2,8000,7,,,,,,,,,,,,,,,,,,,,,,,,,,,,,,,,,,,,,,,,,,,,,8000,3,4,,,,,,,,NRP,NRP,NRP,NRP,1978,NRP,NRP,1980,NRP,,,
1070,4862,,0,,,,,,,,,,,,,,,,,,,,,,,,,,,,,,,,,,,,,,,,,,,,,,,,,,,,,,,,,,,,,,,,,,,,,,,,,,,,,,,,,,,,,,,,,,,,,,,,,,,,,,,,,,,,,,,,,,,,,,,,,,,,,,,,,,,,,,,,,,,,,,,,,,,,,,,,,,,,,,,,,,,,,,,,,,,,,,,,,,,,,,,,,,,,,,,,,,,,,,,,,,,,,,,,,,,,,,,,,,,,,,,,,,,,,,,,,,,,,,,,,,,,,,,,,,,,,,,,,,,,,,,,,,,,,,,,,,,,,,,,,,,21JAN1967,8,1,3,2,4,4,2,NRP,,,,2,1,0,1,0,2,HONDA,1000,CB-F,ROADSTER,2,2009,37,2,1,8000,7,PIAGGIO,50,ZIP,SCOOTER,2,2012,37,3,1,500,7,,,,,,,,,,,,,,,,,,,,,,,,,,,,,,,,,,8500,2,3,4,,,,,,,NRP,NRP,NRP,1985,1999,NRP,NRP,1985,NRP,,,
318,4863,416,1,1,5,2002,,,,,0,4,,,,,,0,4,,,,,,0,2,,,,,,1,5,2002,,,,,0,1,,,,,,0,3,,,,,,0,3,,,,,,1,3,2014,,,,,0,4,,,,,,0,4,,,,,,0,4,,,,,,0,2,,,,,,1,2,NSP,,,,,1,2,6,2006,2008,,,,71,58,,,,perte de contrôle sur gravillons,"perte de contrôle , passager",,,,0,0,2,2,32,1,21,5,2002,,2002,Vous circuliez sur un axe prioritaire. Un véhicule venant dun axe non prioritaire vous a coupé la route.,4,,,,,,,"Circulant sur une RD en ligne droite, la voiture qui venait en face a tourné sur la gauche pour prendre une petite route sans me voir. Apparemment, selon les dires du conducteur, il était occupé à faire obéir ses 3 chiens qui se débattaient derrière .....  En tous cas, il m'a bel et bien coupé la route sans que je n'aie eu le temps de freiner.. Imaginez le choc !! J'ai eu la chance de m'en sortir (pas indemne : bassin explosé, triple fracture ouverte poignet gauche, genou droit ravagé / ligaments, etc ..... = 1 an 1/2 arrêt de travail + 6 anesthésies générales ...etc ...) car j'ai ""atterri"" dans le fossé plein d'eau à 1 mètre d'une bite en béton !! Voilà  Y'a un facteur ""chance"" dans tout accident, plus ou moins ....","Le conducteur de la voiture ne m'a pas vu, car occupé à autre chose","Aucune action possible, car aucun freinage de ma part , trop près de l'impact ....",AUT|Rien ne pouvait me permettre de supposer que la voiture allait me couper la route ....,0,,,Aucun signe de la part de l'autre ne pouvait me faire supposer qu'il allait couper la route ....,2,0,,,,,,6,,,,,,,,,,,,1,,Trop proche du choc inévitable,3,3,,,3,1,4,4,3,1,1,1,3,3,4,4,4,5,,,,,,,,,2,,,,,,,,,2,2,,2,1,3,1,0,100,0,0,0,2,,,,,,1,1,,,,2,1,1,2,3,4,6,7,,1,1,2,2,3,,0,100,1,10,2,3,4,,,,,,4,4,4,4,4,4,SUZUKI,1200,BANDIT,ROADSTER,2,1,1,1,1,1,1,1,1,1,1,70000,12,4,1,YAMAHA,750,FZR,Routière / GT,2,4,4,21MAY1962,6,2,3,2,3,4,1,NRP,,,,2,1,0,5,0,5,KAWASAKI,1100,ZRX,ROADSTER,2,1999,29,1,1,15000,7,KAWASAKI,1200,ZX-12R NINJA,SPORTIVE,2,2002,29,2,1,5000,7,KAWASAKI,600,ZX-6R NINJA,SPORTIVE,2,1998,29,3,1,1500,7,YAMAHA,400,XS,ROADSTER,2,1982,29,3,1,1000,7,KAWASAKI,750,ZXR,SPORTIVE,2,1998,29,3,1,1500,7,24000,2,3,4,,,,,,,NRP,NRP,NRP,1978,1980,NRP,NRP,1981,NRP,,,