Ligne,Ligne Q qualif,Ligne approfondissement Accident,ACCIDENT,NBACC1,ACCFREQUENCE1,ANNEEACC1_1,ANNEEACC1_2,ANNEEACC1_3,ANNEEACC1_4,ANNEEACC1_5,NBACC2,ACCFREQUENCE2,ANNEEACC2_1,ANNEEACC2_2,ANNEEACC2_3,ANNEEACC2_4,ANNEEACC2_5,NBACC3,ACCFREQUENCE3,ANNEEACC3_1,ANNEEACC3_2,ANNEEACC3_3,ANNEEACC3_4,ANNEEACC3_5,NBACC4,ACCFREQUENCE4,ANNEEACC4_1,ANNEEACC4_2,ANNEEACC4_3,ANNEEACC4_4,ANNEEACC4_5,NBACC5,ACCFREQUENCE5,ANNEEACC5_1,ANNEEACC5_2,ANNEEACC5_3,ANNEEACC5_4,ANNEEACC5_5,NBACC6,ACCFREQUENCE6,ANNEEACC6_1,ANNEEACC6_2,ANNEEACC6_3,ANNEEACC6_4,ANNEEACC6_5,NBACC7,ACCFREQUENCE7,ANNEEACC7_1,ANNEEACC7_2,ANNEEACC7_3,ANNEEACC7_4,ANNEEACC7_5,NBACC8,ACCFREQUENCE8,ANNEEACC8_1,ANNEEACC8_2,ANNEEACC8_3,ANNEEACC8_4,ANNEEACC8_5,NBACC9,ACCFREQUENCE9,ANNEEACC9_1,ANNEEACC9_2,ANNEEACC9_3,ANNEEACC9_4,ANNEEACC9_5,NBACC10,ACCFREQUENCE10,ANNEEACC10_1,ANNEEACC10_2,ANNEEACC10_3,ANNEEACC10_4,ANNEEACC10_5,NBACC11,ACCFREQUENCE11,ANNEEACC11_1,ANNEEACC11_2,ANNEEACC11_3,ANNEEACC11_4,ANNEEACC11_5,NBACC12,ACCFREQUENCE12,ANNEEACC12_1,ANNEEACC12_2,ANNEEACC12_3,ANNEEACC12_4,ANNEEACC12_5,NBACC13,ACCFREQUENCE13,ANNEEACC13_1,ANNEEACC13_2,ANNEEACC13_3,ANNEEACC13_4,ANNEEACC13_5,NBACC14,ACCFREQUENCE14,ANNEEACC14_1,ANNEEACC14_2,ANNEEACC14_3,ANNEEACC14_4,ANNEEACC14_5,AUTRESACC,NBAUTRESACC,TOTAL_AC,ANNEEAUTREACC1,ANNEEAUTREACC2,ANNEEAUTREACC3,ANNEEAUTREACC4,ANNEEAUTREACC5,LIEUAUTREACC1,LIEUAUTREACC2,LIEUAUTREACC3,LIEUAUTREACC4,LIEUAUTREACC5,DESCRIPTIONAUTRESACC1,DESCRIPTIONAUTRESACC2,DESCRIPTIONAUTRESACC3,DESCRIPTIONAUTRESACC4,DESCRIPTIONAUTRESACC5,NBAUTRESACCCIRCUIT,NBAUTRESTOUTTERRAIN,EXPCYCLO,EXP125,EXPSUP125,ACCORDNEXTQ,CHOIXACC,RGPMTACC,RECUPANNEE,RECUPLIEU,RECUPANNE,RGPMTAC,CHOIX1,CHOIX2,CHOIX3,CHOIX4,CHOIX5,CHOIX6,CHOIX7,DESCRIPTION,RUPTURE,FAITS,ABS_REACTION,AUTRE_REACTION,PRECISIONREACTIONOUI,RECUL,PRECISIONREACTIONNON,IMPACTCOMPORTEMENT,AUTREUSAGER,REACTIONAUTREUSAGER,CONNAISSANCEREACTIONUSAGER,DIFFICULTES,AGGRAVATION,DIFFICULTES2,EMOTIONS1,EMOTIONS2,EMOTIONS3,EMOTIONS4,EMOTIONS5,EMOTIONS6,AUTRESENTIMENT,CLASSEMENTEMOTIONS1,CLASSEMENTEMOTIONS,CLASSEMENTEMOTIONS5,CLASSEMENTEMOTIONS6,CLASSEMENTEMOTIONS7,CLASSEMENTEMOTIONS8,CLASSEMENTEMOTIONS9,EXPLICATIONRESSENTI,BIENEQUIPE,ALLURE,ALLUREVITEDETAIL,ALLURELENTEDETAIL,SITUATIONPRESSE,SITUATIONDISTRAIT,SITUATIONCONFIANT,SITUATIONCONTROLE,SITUATIONLUDIQUE,SITUATIONPERF,SITUATIONSTRESS,SITUATIONFATIGUE,HUMEURNEUTRE,HUMEURGAI,HUMEURMECONTENT,HUMEURTRISTE,HUMEURCOLERE,CONTRIBUTION1,CONTRIBUTION2,CONTRIBUTION3,CONTRIBUTION4,CONTRIBUTION5,CONTRIBUTION6,CONTRIBUTION7,CONTRIBUTION8,CONTRIBUTION9,ROLEINFRA,ELEMENTINFRA1,ELEMENTINFRA2,ELEMENTINFRA3,ELEMENTINFRA4,ELEMENTINFRA5,ELEMENTINFRA6,ELEMENTINFRA7,ELEMENTINFRA8,ELEMENTINFRA9,ALCOOL,TXALCOOL,STUP,SEMAINE,MOMENTJOURNEE,TEMPS,CAUSEACC1,CAUSEACC2,CAUSEACC3,CAUSEACC4,CAUSEACC5,FORMATIONCAUSE,FORMATION1,FORMATION2,FORMATION3,FORMATION4,FORMATION5,TRAFIC,CHAUSSEE1,CHAUSSEE2,CHAUSSEE3,CHAUSSEE4,TYPEACC,BLESSURE,TETE,COU,THORAX,MEMBRESSUP,COLONNE,BASSIN,MEMBRESINF,HOPITAL,PLUS24H,TRAJET,TYPEROUTE,MOTIF,SENSTRAJET,PASSAGER,VITESSE,DESCEQ1,DESCEQ2,DESCEQ3,DESCEQ4,DESCEQ5,DESCEQ6,DESCEQ7,DESCEQ8,DESCEQ9,DESCEQ10,VEHICULEETE,VEHICULEAUTOMNE,VEHICULEPRINTEMPS,VEHICULEHIVER,VEHICULESEMAINE,VEHICULEWE,VEHMARQUE,VEHCYLINDREE,VEHMODELE,VEHSEGMENT,VEHSIDE,EQ2RMABS,EQ2RMCBS,EQ2RMABSCBS,EQ2RMREGULATEUR,EQ2RMLIMITEUR,EQ2RMPHARESDIRECT,EQ2RMCOUPURE,EQ2RMANTIPATINAGE,EQ2RMANTIXHEELING,EQ2RMSTABILILTE,VEHKM,POINTS,DUREE,AUTRE2RM,VEHPRECMARQUE,VEHPRECCYLINDREE,VEHPRECMODELE,VEHPRECSEGMENT,VEHPRECSIDE,TEMPS2RMPREC,FREQVEHPREC,DATE_NAISS,CSP,SOCIETAIRE,SALARIE,SECTEUR2RM,NBPERSFOYER,SITFAM,NBENF,TRNBENF1,TRNBENF2,TRNBENF3,TRNBENF4,NBAUTOFOYER,NBCYCLOFOYER,NBSCOOTFOYER,NBMOTOFOYER,NBTRIKEFOYER,NB2RMCONDUIT,MARQUE1,CYLINDREE1,MODELE1,SEGMENT1,SIDE1,ANMISECIRCU1,ASS1,FREQ1,USAGE1,NBKM1,GARAGE1,MARQUE2,CYLINDREE2,MODELE2,SEGMENT2,SIDE2,ANMISECIRCU2,ASS2,FREQ2,USAGE2,NBKM2,GARAGE2,MARQUE3,CYLINDREE3,MODELE3,SEGMENT3,SIDE3,ANMISECIRCU3,ASS3,FREQ3,USAGE3,NBKM3,GARAGE3,MARQUE4,CYLINDREE4,MODELE4,SEGMENT4,SIDE4,ANMISECIRCU4,ASS4,FREQ4,USAGE4,NBKM4,GARAGE4,MARQUE5,CYLINDREE5,MODELE5,SEGMENT5,SIDE5,ANMISECIRCU5,ASS5,FREQ5,USAGE5,NBKM5,GARAGE5,NBKMTOT,PERMIS1,PERMIS2,PERMIS3,PERMIS4,PERMIS5,PERMIS6,PERMIS7,PERMIS8,PERMIS9,ANPERMIS1,ANPERMIS6,ANPERMIS7,ANPERMIS2,ANPERMIS3,ANPERMIS8,ANPERMIS9,ANPERMIS4,ANPERMIS5,,,
2136,4864,,0,,,,,,,,,,,,,,,,,,,,,,,,,,,,,,,,,,,,,,,,,,,,,,,,,,,,,,,,,,,,,,,,,,,,,,,,,,,,,,,,,,,,,,,,,,,,,,,,,,,,,,,,,,,,,,,,,,,,,,,,,,,,,,,,,,,,,,,,,,,,,,,,,,,,,,,,,,,,,,,,,,,,,,,,,,,,,,,,,,,,,,,,,,,,,,,,,,,,,,,,,,,,,,,,,,,,,,,,,,,,,,,,,,,,,,,,,,,,,,,,,,,,,,,,,,,,,,,,,,,,,,,,,,,,,,,,,,,,,,,,,,,28MAY1968,7,2,3,2,5,4,3,NRP,,,,4,3,0,2,0,1,SUZUKI,650,GLADIUS,ROADSTER,2,2010,28,2,1,3000,7,,,,,,,,,,,,,,,,,,,,,,,,,,,,,,,,,,,,,,,,,,,,,3000,4,3,,,,,,,,NRP,NRP,NRP,NRP,2010,NRP,NRP,1986,NRP,,,
1213,4867,,0,,,,,,,,,,,,,,,,,,,,,,,,,,,,,,,,,,,,,,,,,,,,,,,,,,,,,,,,,,,,,,,,,,,,,,,,,,,,,,,,,,,,,,,,,,,,,,,,,,,,,,,,,,,,,,,,,,,,,,,,,,,,,,,,,,,,,,,,,,,,,,,,,,,,,,,,,,,,,,,,,,,,,,,,,,,,,,,,,,,,,,,,,,,,,,,,,,,,,,,,,,,,,,,,,,,,,,,,,,,,,,,,,,,,,,,,,,,,,,,,,,,,,,,,,,,,,,,,,,,,,,,,,,,,,,,,,,,,,,,,,,,13SEP1966,5,2,3,2,3,4,1,NRP,,,,2,0,0,2,0,2,BMW,1200,R1200GS,TRAIL / SUPERMOTARD,2,2008,29,3,1,10000,7,HONDA,600,TRANSALP,TRAIL / SUPERMOTARD,2,1993,29,4,1,3000,7,,,,,,,,,,,,,,,,,,,,,,,,,,,,,,,,,,13000,3,4,,,,,,,,NRP,NRP,NRP,NRP,1985,NRP,NRP,1984,NRP,,,
999,4870,,0,,,,,,,,,,,,,,,,,,,,,,,,,,,,,,,,,,,,,,,,,,,,,,,,,,,,,,,,,,,,,,,,,,,,,,,,,,,,,,,,,,,,,,,,,,,,,,,,,,,,,,,,,,,,,,,,,,,,,,,,,,,,,,,,,,,,,,,,,,,,,,,,,,,,,,,,,,,,,,,,,,,,,,,,,,,,,,,,,,,,,,,,,,,,,,,,,,,,,,,,,,,,,,,,,,,,,,,,,,,,,,,,,,,,,,,,,,,,,,,,,,,,,,,,,,,,,,,,,,,,,,,,,,,,,,,,,,,,,,,,,,,22JUN1955,11,2,3,2,2,5,0,NRP,,,,3,0,0,1,0,1,HARLEY-DAVIDSON,1340,ELECTRA GLIDE,Routière / GT,2,1989,40,2,2,5000,7,,,,,,,,,,,,,,,,,,,,,,,,,,,,,,,,,,,,,,,,,,,,,5000,2,3,4,7,,,,,,NRP,NRP,1976,1976,1982,NRP,NRP,1976,NRP,,,
896,4875,,0,,,,,,,,,,,,,,,,,,,,,,,,,,,,,,,,,,,,,,,,,,,,,,,,,,,,,,,,,,,,,,,,,,,,,,,,,,,,,,,,,,,,,,,,,,,,,,,,,,,,,,,,,,,,,,,,,,,,,,,,,,,,,,,,,,,,,,,,,,,,,,,,,,,,,,,,,,,,,,,,,,,,,,,,,,,,,,,,,,,,,,,,,,,,,,,,,,,,,,,,,,,,,,,,,,,,,,,,,,,,,,,,,,,,,,,,,,,,,,,,,,,,,,,,,,,,,,,,,,,,,,,,,,,,,,,,,,,,,,,,,,,19NOV1955,9,2,3,2,2,3,,NRP,,,,1,0,0,1,0,1,SUZUKI,750,GSX-F,Routière / GT,2,1990,16,1,1,8000,7,,,,,,,,,,,,,,,,,,,,,,,,,,,,,,,,,,,,,,,,,,,,,8000,3,4,,,,,,,,NRP,NRP,NRP,NRP,2003,NRP,NRP,1982,NRP,,,
1905,4876,,0,,,,,,,,,,,,,,,,,,,,,,,,,,,,,,,,,,,,,,,,,,,,,,,,,,,,,,,,,,,,,,,,,,,,,,,,,,,,,,,,,,,,,,,,,,,,,,,,,,,,,,,,,,,,,,,,,,,,,,,,,,,,,,,,,,,,,,,,,,,,,,,,,,,,,,,,,,,,,,,,,,,,,,,,,,,,,,,,,,,,,,,,,,,,,,,,,,,,,,,,,,,,,,,,,,,,,,,,,,,,,,,,,,,,,,,,,,,,,,,,,,,,,,,,,,,,,,,,,,,,,,,,,,,,,,,,,,,,,,,,,,,23JUN1962,7,2,3,2,2,3,,NRP,,,,1,0,0,3,0,3,BMW,1200,R1200GS ADVENTURE ABS,TRAIL / SUPERMOTARD,2,2010,29,3,1,25000,7,HONDA,650,NTV (REVERE),ROADSTER,2,1993,29,1,2,7000,7,BMW,1000,K100RT,Routière / GT,1,1985,29,3,1,3000,7,,,,,,,,,,,,,,,,,,,,,,,35000,3,4,,,,,,,,NRP,NRP,NRP,NRP,1980,NRP,NRP,1981,NRP,,,
1358,4877,,1,0,3,,,,,,1,3,1997,,,,,0,4,,,,,,0,3,,,,,,1,3,2007,,,,,0,4,,,,,,0,3,,,,,,0,3,,,,,,1,3,2000,,,,,0,4,,,,,,0,4,,,,,,0,3,,,,,,0,3,,,,,,0,5,,,,,,0,,3,,,,,,,,,,,,,,,,,,4,10,27,0,,NRP,,,,,,,,,,,,,,,,,,,,,,,,,,,,,,,,,,,,,,,,,,,,,,,,,,,,,,,,,,,,,,,,,,,,,,,,,,,,,,,,,,,,,,,,,,,,,,,,,,,,,,,,,,,,,,,,,,,,,,,,,,,,,,,,,,,,,,,,,,,,,,,,,,,,,,,,,,,,,,,04APR1955,5,1,3,2,2,3,,NRP,,,,1,0,0,1,0,1,BMW,800,F800R ABS,ROADSTER,2,2010,37,1,2,15000,4,,,,,,,,,,,,,,,,,,,,,,,,,,,,,,,,,,,,,,,,,,,,,15000,4,3,,,,,,,,NRP,NRP,NRP,NRP,1988,NRP,NRP,1973,NRP,,,
150,4879,Pré test 1,1,0,5,,,,,,2,3,NSP,1987,,,,0,5,,,,,,0,2,,,,,,0,6,,,,,,0,4,,,,,,0,4,,,,,,0,4,,,,,,1,4,2014,,,,,0,4,,,,,,0,4,,,,,,0,3,,,,,,0,4,,,,,,0,3,,,,,,1,1,4,2010,,,,,A1,,,,,dans un bouchon à l'arrêt sur autoroute me suis fait percuté par l'arrière,,,,,0,0,2,2,44,1,71,15,2010,A1,2010,Autre(s) type(s) d'accident(s).,3,4,,,,,,"Je venais de descendre à Chartres pour acheter ma deuxième Rocket . Je remontais donc chez moi dans le Nord et il y a eu des travaux sur l'A1 . Nous avons été déviés sur la voie descendante vers Paris car la voie montante vers Lille était réduite à un seul couloir de circulation . A cet endroit l'A1 était donc réduite à 2 files circulant en sens inverse sur la voie descendante . Il y a eu un bouchon avec arrêt général . Roulant à moins de 50 , je me suis arrêté sans problème ainsi que la voiture derrière moi . Par contre la voiture qui suivait roulait à 80 et sa conductrice discutait avec sa passagère et a vu bien trop tard l'arrêt général . Elle a donc percuté l'arrière de la voiture derrière moi qui m'a alors percuté à mon tour et j'ai été envoyé sur le couloir d'en face où une voiture , à peine atterri de mon vol plané , m'a roulé sur les 2 jambes . J'avais atterri perpendiculairement au sens de circulation .  Roue Avant sur la jambe droite ce qui a enfoncé l'amortisseur et quand la roue est arrivé sur ma jambe gauche l'amortisseur étant enfoncé quasi à fond le choc a été très violent . Puis la roue arrière du véhicule percutant a refait la même scène et je n'avais plus que de la purée d'os et de viande sur 5 cm au milieu de mon tibia-péronné gauche . J'ai bien sûr essayé de me remettre debout mais cela n'a pas donné un très bon résultat .",L'inattention de la conductrice qui sur une zone de circulation à contre-sens n'a ni réduit sa vitesse ni observé la circulation .,"J'avais essayé de me mettre debout pour aller voir ma moto mais , je n'ai pas réussi . Très vite comme la circulation était bloquée dans mon couloir , des gens sont arrivé . J'ai demandé à un type d'aller couper mon contact et de me rendre les clefs . J'ai enlevé mon casque et mes gants . Puis j'ai pris le temps de téléphoner à mon épouse pour la prévenir que je serais en retard . Une automobiliste qui était docteur a examiné ma jambe , moi toujours couché au milieu de l'autoroute et a confirmé mon impression que c'était plus sérieux que je ne l'avais cru . Je me suis alors enfin permis de tomber dans les pommes un court moment . Quand je me suis réveillé des gens tenaient un drap pour me faire de l'ombre et me soustraire à la vue des voitures descendant vers Paris et qui passaient à 50cm de mes bottes . Il parait qu'à moi tout seul j'ai bloqué l'A1 une bonne heure car les pompiers ont eu beaucoup de mal à arriver jusqu'à moi et à m'emmener à l'hopital le plus proche .",3,1,"je ne me serais pas arrêté , aligné derrière la voiture arrêtée devant moi mais me serais décalé à droite ou à gauche pour ne pas rester pris entre marteau et enclume","Je n'imaginais pas qu'au cours d'un bouchon bloquant , avec moi arrêté et une voiture arrêtée derrière moi , que quelqu'un viendrais jouer aux boules dans une situation où j'étais le cochonnet protégé par une boule écran .",,1,1,,"Les gens étaient un peu paniqués par le sang .Mais il y a eu très vite , coordonné par l'automobiliste médecin , une synergie de protection et de mise en sécurité de la zone .",J'en veux beaucoup à l'automobiliste primo-percutante de ne pas avoir eu une conduite adaptée dans une zone de basculement de chaussée et de bouchon induit .,0,2,6,,,,,,,2,,,,1,,4,4,,,1,1,1,4,1,1,1,2,4,1,4,4,4,5,,,,,,,,,2,2,,2,1,2,1,6,,,,,,,,2,1,1,0,90,0,10,0,Les travaux,4,1,,,,2,1,7,,,,,,,1,1,2,3,3,,0,0,1,10,2,3,4,,,,,,4,4,4,4,4,4,TRIUMPH,2300,ROCKET III ROADSTER,14495,CUSTOM,"TRIUMPH, 2300 ROCKET III ROADSTER",1,2,1,1,1,2,1,1,1,800,12,1,1,TRIUMPH,2300,ROCKET III,6276,CUSTOM,"TRIUMPH, 2300 ROCKET III",1,null,3,,,,18APR1952,5,1,3,2,2,3,,NRP,,,,1,0,0,5,0,3,TRIUMPH,2300,ROCKET III ROADSTER,CUSTOM,2,2011,37,3,2,16000,7,TRIUMPH,900,TIGER,TRAIL / SUPERMOTARD,2,1995,37,1,2,8000,7,BALOIS,1220,1100XS SIDE-CAR,SIDE-CAR / TRIKE,1,1985,37,4,1,500,7,,,,,,,,,,,,,,,,,,,,,,,24500,2,3,4,,,,,,,NRP,NRP,NRP,1968,1969,NRP,NRP,1970,NRP,,,
1260,4881,,1,0,3,,,,,,0,4,,,,,,0,5,,,,,,0,2,,,,,,0,4,,,,,,0,4,,,,,,0,2,,,,,,0,3,,,,,,0,4,,,,,,0,4,,,,,,0,5,,,,,,0,5,,,,,,0,5,,,,,,1,4,2008,,,,,0,,1,,,,,,,,,,,,,,,,,,0,9,0,1,66,14,2008,,,,,,,,,,,,,,,,,,,,,,,,,,,,,,,,,,,,,,,,,,,,,,,,,,,,,,,,,,,,,,,,,,,,,,,,,,,,,,,,,,,,,,,,,,,,,,,,,,,,,,,,,,,,,,,,,,,,,,,,,,,,,,,,,,,,,,,,,,,,,,,,,,,,,,,,,,,,,,30NOV1971,5,2,3,2,5,4,3,NRP,,,,2,1,1,0,0,1,KYMCO,125,DINK STREET,SCOOTER,2,2012,10,1,2,10000,4,,,,,,,,,,,,,,,,,,,,,,,,,,,,,,,,,,,,,,,,,,,,,10000,4,,,,,,,,,NRP,NRP,NRP,NRP,NRP,NRP,NRP,1994,NRP,,,
1485,4883,,0,,,,,,,,,,,,,,,,,,,,,,,,,,,,,,,,,,,,,,,,,,,,,,,,,,,,,,,,,,,,,,,,,,,,,,,,,,,,,,,,,,,,,,,,,,,,,,,,,,,,,,,,,,,,,,,,,,,,,,,,,,,,,,,,,,,,,,,,,,,,,,,,,,,,,,,,,,,,,,,,,,,,,,,,,,,,,,,,,,,,,,,,,,,,,,,,,,,,,,,,,,,,,,,,,,,,,,,,,,,,,,,,,,,,,,,,,,,,,,,,,,,,,,,,,,,,,,,,,,,,,,,,,,,,,,,,,,,,,,,,,,,28APR1959,12,1,3,2,2,3,,NRP,,,,2,0,0,2,0,2,SUZUKI,650,BANDIT-S ABS,ROADSTER,2,2005,37,2,1,3500,7,HONDA,750,CBX-F,ROADSTER,2,1986,37,2,1,2000,7,,,,,,,,,,,,,,,,,,,,,,,,,,,,,,,,,,5500,3,4,,,,,,,,NRP,NRP,NRP,NRP,1977,NRP,NRP,1982,NRP,,,
1385,4884,,1,0,5,,,,,,0,5,,,,,,2,5,1992,1995,,,,0,2,,,,,,1,5,1995,,,,,0,3,,,,,,0,3,,,,,,1,5,1992,,,,,1,2,1995,,,,,0,3,,,,,,0,3,,,,,,0,2,,,,,,0,4,,,,,,0,2,,,,,,0,,5,,,,,,,,,,,,,,,,,,4,2,26,1,36,8,1992,,,,,,,,,,,,,,,,,,,,,,,,,,,,,,,,,,,,,,,,,,,,,,,,,,,,,,,,,,,,,,,,,,,,,,,,,,,,,,,,,,,,,,,,,,,,,,,,,,,,,,,,,,,,,,,,,,,,,,,,,,,,,,,,,,,,,,,,,,,,,,,,,,,,,,,,,,,,,,13MAR1971,5,1,3,2,4,4,2,NRP,,,,1,0,0,3,0,2,BMW,1150,R1150RT,Routière / GT,2,2005,37,1,2,25000,4,BMW,1100,R1100RT,Routière / GT,2,2002,37,2,2,10000,4,,,,,,,,,,,,,,,,,,,,,,,,,,,,,,,,,,35000,3,4,,,,,,,,NRP,NRP,NRP,NRP,1989,NRP,NRP,1990,NRP,,,
1042,4886,,1,0,3,,,,,,0,5,,,,,,0,3,,,,,,0,4,,,,,,1,4,2004,,,,,0,4,,,,,,0,3,,,,,,0,4,,,,,,0,4,,,,,,0,5,,,,,,0,4,,,,,,0,3,,,,,,0,5,,,,,,0,5,,,,,,0,,1,,,,,,,,,,,,,,,,,,10,20,16,1,21,5,2004,,,,,,,,,,,,,,,,,,,,,,,,,,,,,,,,,,,,,,,,,,,,,,,,,,,,,,,,,,,,,,,,,,,,,,,,,,,,,,,,,,,,,,,,,,,,,,,,,,,,,,,,,,,,,,,,,,,,,,,,,,,,,,,,,,,,,,,,,,,,,,,,,,,,,,,,,,,,,,25MAR1943,9,2,3,2,2,3,,NRP,,,,1,0,0,2,0,2,HONDA,1000,CB-F,ROADSTER,2,2011,29,3,1,5000,7,HONDA,125,MTX,TRAIL / SUPERMOTARD,2,1990,29,4,1,100,7,,,,,,,,,,,,,,,,,,,,,,,,,,,,,,,,,,5100,3,4,,,,,,,,NRP,NRP,NRP,NRP,1998,NRP,NRP,1964,NRP,,,
1249,4887,258,1,0,5,,,,,,0,2,,,,,,0,4,,,,,,0,4,,,,,,0,6,,,,,,0,4,,,,,,0,3,,,,,,1,5,2003,,,,,0,3,,,,,,0,5,,,,,,0,5,,,,,,0,3,,,,,,0,4,,,,,,0,1,,,,,,0,,1,,,,,,,,,,,,,,,,,,2,3,13,1,36,8,2003,,2003,"Vous avez fait une sortie de route, une perte de contrôle ou une glissade puis avez percuté un obstacle fixe (panneau, arbre poteau ).",1,3,4,6,"AUT|Facteur additionnel, Gravier de caarière sur la route, sapin élagué en pointe, sortie de 24h de garde",,,"14h00 de garde ... 08h00 fin de service retour au domicile ... Voix expresse 50kilometre  Ensuite 08kilometre sur départemental.  à 03 kilometre de mon domicile une courbe bordé de sapin élagué (le résineux à cette particularité de garder cette souplesse et de ne pas pourrir ... ) faisant pensée au dos d'un hérisson.   Le sol comme à son habitude copieusement bardé de 0/30 caillou de carrière, tombé des camions chargéent ras la remorque.  Aucun panneau les pécores sont habituer...  Bibi pécore du coin et habitué prend sont virage comme un idiot ... et poum la moto par terre,le cale pied casse (et comme, je suis équipé de genouillère), ma jambe reste bloqué sous le poid de ma belle qui m'entraine promptement dans ces jolies résineux bordé de pilum et pafff.   Emplaler dans l'arbre au niveau de ma hanche, je reste seché là en attendant l'arrivé des SP.   Résulta, trauma musculaire avec multi déchirure et un jolie troue de 4 cm sur 08 de large niveau t^te de femur ... Mais rien de cassé :)  Mon équipement :  *Le casque shark au de gamme, il était plat à l'arrière de la tête *la combi bering déchiré et transpercé au niveau du col de femur. *Dorsal knox kevlar ecrasé  *Gant bering déchirer, mais pas ouvert. *Genouillère 01 coté neuf, l'autre rappé jusqu'au rivet de maintient, ne s'articulait plus. *Botte bering transpercé au talon coté gauche, talon humain écorché.   Sans mon équipement, je ne donnais pas chère de ma peau.   Addition de concour de circonstance favorable à l'accident  01 Ma fatigue / 02 ma bétise / 03 les arbres faut pas les taillés en sagaie / 04 faut pas non plus pour gagner du gazoile et du temps remplir les camions de carrière ras le cornet / 05 signaler les dangers pour que les gens fatigués se rappellent.    Merci à vous, bonne fin de journée  Pour les Fautes dsl ;))",La roue avant de la moto qui à dégager ... pas glissé ou dérapé ... Mais bien dégagé.  J'suis passé du contact des pneux à celui du carénage en 01 seconde.,"Pas eu le temps d'agir, je me souviens juste d'avoir essayer pendant la glissade, de taper sur le cale pied coté ciel pour me dégager de l'etreinte.  Puis, quand j'ai vu que ça allait taper, je me suis dis ""putin la sa va faire mal"".  Je garde en mémoire le bruit de la genouillere qui frotte contre le macadam.",AUT|la fatigue,0,,,"Il y a pas eu d'appel, j'ai encore aujourd'hui parfois, selon la météo et l'état de la route des appels, j'en tiens compte et tout se passe bien. Mais lors de mon accident, la moto s'est couché tout de suite et par l'avant, sans avertissement ou du moin je ne l'ai pas ressenti.",2,0,,,,,,2,5,6,9,,,se qui m'est passé dans les méninges  La fatalité ... résultat après impact.,,1,,,2,3,,Surpris de me retrouver au sol sans avertissement de conduite.,4,1,4,,4,1,4,NSP,4,1,1,4,2,5,5,5,5,1,3,4,5,8,,,,,1,5,7,,,,,,,2,2,,2,1,3,1,60,0,0,40,0,NSP,,,,,,1,4,,,,2,1,3,4,5,6,7,,,1,1,1,2,1,2,0,120,1,2,3,4,7,9,,,,,4,4,4,4,4,3,TRIUMPH,900,DAYTONA,Routière / GT,2,1,1,1,1,1,1,1,1,1,1,70000,12,4,0,,,,,,,,05NOV1975,11,1,3,2,1,1,,NRP,,,,0,1,1,2,0,3,TRIUMPH,900,SPEED TRIPLE,ROADSTER,2,1995,37,2,1,8000,7,TRIUMPH,1000,DAYTONA,Routière / GT,2,1995,37,4,1,3000,7,PIAGGIO,50,CIAO,ROADSTER,2,2007,28,1,2,5000,7,,,,,,,,,,,,,,,,,,,,,,,16000,3,4,,,,,,,,NRP,NRP,NRP,NRP,1995,NRP,NRP,1995,NRP,,,
1326,4888,,1,0,6,,,,,,0,6,,,,,,0,6,,,,,,0,5,,,,,,0,5,,,,,,0,6,,,,,,0,5,,,,,,0,5,,,,,,0,5,,,,,,0,6,,,,,,0,6,,,,,,0,6,,,,,,0,3,,,,,,1,6,1986,,,,,0,,1,,,,,,,,,,,,,,,,,,5,3,27,1,66,14,1986,,,,,,,,,,,,,,,,,,,,,,,,,,,,,,,,,,,,,,,,,,,,,,,,,,,,,,,,,,,,,,,,,,,,,,,,,,,,,,,,,,,,,,,,,,,,,,,,,,,,,,,,,,,,,,,,,,,,,,,,,,,,,,,,,,,,,,,,,,,,,,,,,,,,,,,,,,,,,,24AUG1956,5,1,3,2,3,2,2,NRP,,,,1,1,0,1,0,1,BMW,1150,R1150GS,TRAIL / SUPERMOTARD,2,2005,37,1,2,2000,7,,,,,,,,,,,,,,,,,,,,,,,,,,,,,,,,,,,,,,,,,,,,,2000,3,4,,,,,,,,NRP,NRP,NRP,NRP,1988,NRP,NRP,1979,NRP,,,
780,4890,,0,,,,,,,,,,,,,,,,,,,,,,,,,,,,,,,,,,,,,,,,,,,,,,,,,,,,,,,,,,,,,,,,,,,,,,,,,,,,,,,,,,,,,,,,,,,,,,,,,,,,,,,,,,,,,,,,,,,,,,,,,,,,,,,,,,,,,,,,,,,,,,,,,,,,,,,,,,,,,,,,,,,,,,,,,,,,,,,,,,,,,,,,,,,,,,,,,,,,,,,,,,,,,,,,,,,,,,,,,,,,,,,,,,,,,,,,,,,,,,,,,,,,,,,,,,,,,,,,,,,,,,,,,,,,,,,,,,,,,,,,,,,09MAR1955,5,1,3,2,2,2,1,NRP,,,,2,0,0,1,0,1,YAMAHA,1200,FJ,Routière / GT,2,1988,37,2,1,5000,7,,,,,,,,,,,,,,,,,,,,,,,,,,,,,,,,,,,,,,,,,,,,,5000,4,3,,,,,,,,NRP,NRP,NRP,NRP,2010,NRP,NRP,1974,NRP,,,