Ligne,Ligne Q qualif,Ligne approfondissement Accident,ACCIDENT,NBACC1,ACCFREQUENCE1,ANNEEACC1_1,ANNEEACC1_2,ANNEEACC1_3,ANNEEACC1_4,ANNEEACC1_5,NBACC2,ACCFREQUENCE2,ANNEEACC2_1,ANNEEACC2_2,ANNEEACC2_3,ANNEEACC2_4,ANNEEACC2_5,NBACC3,ACCFREQUENCE3,ANNEEACC3_1,ANNEEACC3_2,ANNEEACC3_3,ANNEEACC3_4,ANNEEACC3_5,NBACC4,ACCFREQUENCE4,ANNEEACC4_1,ANNEEACC4_2,ANNEEACC4_3,ANNEEACC4_4,ANNEEACC4_5,NBACC5,ACCFREQUENCE5,ANNEEACC5_1,ANNEEACC5_2,ANNEEACC5_3,ANNEEACC5_4,ANNEEACC5_5,NBACC6,ACCFREQUENCE6,ANNEEACC6_1,ANNEEACC6_2,ANNEEACC6_3,ANNEEACC6_4,ANNEEACC6_5,NBACC7,ACCFREQUENCE7,ANNEEACC7_1,ANNEEACC7_2,ANNEEACC7_3,ANNEEACC7_4,ANNEEACC7_5,NBACC8,ACCFREQUENCE8,ANNEEACC8_1,ANNEEACC8_2,ANNEEACC8_3,ANNEEACC8_4,ANNEEACC8_5,NBACC9,ACCFREQUENCE9,ANNEEACC9_1,ANNEEACC9_2,ANNEEACC9_3,ANNEEACC9_4,ANNEEACC9_5,NBACC10,ACCFREQUENCE10,ANNEEACC10_1,ANNEEACC10_2,ANNEEACC10_3,ANNEEACC10_4,ANNEEACC10_5,NBACC11,ACCFREQUENCE11,ANNEEACC11_1,ANNEEACC11_2,ANNEEACC11_3,ANNEEACC11_4,ANNEEACC11_5,NBACC12,ACCFREQUENCE12,ANNEEACC12_1,ANNEEACC12_2,ANNEEACC12_3,ANNEEACC12_4,ANNEEACC12_5,NBACC13,ACCFREQUENCE13,ANNEEACC13_1,ANNEEACC13_2,ANNEEACC13_3,ANNEEACC13_4,ANNEEACC13_5,NBACC14,ACCFREQUENCE14,ANNEEACC14_1,ANNEEACC14_2,ANNEEACC14_3,ANNEEACC14_4,ANNEEACC14_5,AUTRESACC,NBAUTRESACC,TOTAL_AC,ANNEEAUTREACC1,ANNEEAUTREACC2,ANNEEAUTREACC3,ANNEEAUTREACC4,ANNEEAUTREACC5,LIEUAUTREACC1,LIEUAUTREACC2,LIEUAUTREACC3,LIEUAUTREACC4,LIEUAUTREACC5,DESCRIPTIONAUTRESACC1,DESCRIPTIONAUTRESACC2,DESCRIPTIONAUTRESACC3,DESCRIPTIONAUTRESACC4,DESCRIPTIONAUTRESACC5,NBAUTRESACCCIRCUIT,NBAUTRESTOUTTERRAIN,EXPCYCLO,EXP125,EXPSUP125,ACCORDNEXTQ,CHOIXACC,RGPMTACC,RECUPANNEE,RECUPLIEU,RECUPANNE,RGPMTAC,CHOIX1,CHOIX2,CHOIX3,CHOIX4,CHOIX5,CHOIX6,CHOIX7,DESCRIPTION,RUPTURE,FAITS,ABS_REACTION,AUTRE_REACTION,PRECISIONREACTIONOUI,RECUL,PRECISIONREACTIONNON,IMPACTCOMPORTEMENT,AUTREUSAGER,REACTIONAUTREUSAGER,CONNAISSANCEREACTIONUSAGER,DIFFICULTES,AGGRAVATION,DIFFICULTES2,EMOTIONS1,EMOTIONS2,EMOTIONS3,EMOTIONS4,EMOTIONS5,EMOTIONS6,AUTRESENTIMENT,CLASSEMENTEMOTIONS1,CLASSEMENTEMOTIONS,CLASSEMENTEMOTIONS5,CLASSEMENTEMOTIONS6,CLASSEMENTEMOTIONS7,CLASSEMENTEMOTIONS8,CLASSEMENTEMOTIONS9,EXPLICATIONRESSENTI,BIENEQUIPE,ALLURE,ALLUREVITEDETAIL,ALLURELENTEDETAIL,SITUATIONPRESSE,SITUATIONDISTRAIT,SITUATIONCONFIANT,SITUATIONCONTROLE,SITUATIONLUDIQUE,SITUATIONPERF,SITUATIONSTRESS,SITUATIONFATIGUE,HUMEURNEUTRE,HUMEURGAI,HUMEURMECONTENT,HUMEURTRISTE,HUMEURCOLERE,CONTRIBUTION1,CONTRIBUTION2,CONTRIBUTION3,CONTRIBUTION4,CONTRIBUTION5,CONTRIBUTION6,CONTRIBUTION7,CONTRIBUTION8,CONTRIBUTION9,ROLEINFRA,ELEMENTINFRA1,ELEMENTINFRA2,ELEMENTINFRA3,ELEMENTINFRA4,ELEMENTINFRA5,ELEMENTINFRA6,ELEMENTINFRA7,ELEMENTINFRA8,ELEMENTINFRA9,ALCOOL,TXALCOOL,STUP,SEMAINE,MOMENTJOURNEE,TEMPS,CAUSEACC1,CAUSEACC2,CAUSEACC3,CAUSEACC4,CAUSEACC5,FORMATIONCAUSE,FORMATION1,FORMATION2,FORMATION3,FORMATION4,FORMATION5,TRAFIC,CHAUSSEE1,CHAUSSEE2,CHAUSSEE3,CHAUSSEE4,TYPEACC,BLESSURE,TETE,COU,THORAX,MEMBRESSUP,COLONNE,BASSIN,MEMBRESINF,HOPITAL,PLUS24H,TRAJET,TYPEROUTE,MOTIF,SENSTRAJET,PASSAGER,VITESSE,DESCEQ1,DESCEQ2,DESCEQ3,DESCEQ4,DESCEQ5,DESCEQ6,DESCEQ7,DESCEQ8,DESCEQ9,DESCEQ10,VEHICULEETE,VEHICULEAUTOMNE,VEHICULEPRINTEMPS,VEHICULEHIVER,VEHICULESEMAINE,VEHICULEWE,VEHMARQUE,VEHCYLINDREE,VEHMODELE,VEHSEGMENT,VEHSIDE,EQ2RMABS,EQ2RMCBS,EQ2RMABSCBS,EQ2RMREGULATEUR,EQ2RMLIMITEUR,EQ2RMPHARESDIRECT,EQ2RMCOUPURE,EQ2RMANTIPATINAGE,EQ2RMANTIXHEELING,EQ2RMSTABILILTE,VEHKM,POINTS,DUREE,AUTRE2RM,VEHPRECMARQUE,VEHPRECCYLINDREE,VEHPRECMODELE,VEHPRECSEGMENT,VEHPRECSIDE,TEMPS2RMPREC,FREQVEHPREC,DATE_NAISS,CSP,SOCIETAIRE,SALARIE,SECTEUR2RM,NBPERSFOYER,SITFAM,NBENF,TRNBENF1,TRNBENF2,TRNBENF3,TRNBENF4,NBAUTOFOYER,NBCYCLOFOYER,NBSCOOTFOYER,NBMOTOFOYER,NBTRIKEFOYER,NB2RMCONDUIT,MARQUE1,CYLINDREE1,MODELE1,SEGMENT1,SIDE1,ANMISECIRCU1,ASS1,FREQ1,USAGE1,NBKM1,GARAGE1,MARQUE2,CYLINDREE2,MODELE2,SEGMENT2,SIDE2,ANMISECIRCU2,ASS2,FREQ2,USAGE2,NBKM2,GARAGE2,MARQUE3,CYLINDREE3,MODELE3,SEGMENT3,SIDE3,ANMISECIRCU3,ASS3,FREQ3,USAGE3,NBKM3,GARAGE3,MARQUE4,CYLINDREE4,MODELE4,SEGMENT4,SIDE4,ANMISECIRCU4,ASS4,FREQ4,USAGE4,NBKM4,GARAGE4,MARQUE5,CYLINDREE5,MODELE5,SEGMENT5,SIDE5,ANMISECIRCU5,ASS5,FREQ5,USAGE5,NBKM5,GARAGE5,NBKMTOT,PERMIS1,PERMIS2,PERMIS3,PERMIS4,PERMIS5,PERMIS6,PERMIS7,PERMIS8,PERMIS9,ANPERMIS1,ANPERMIS6,ANPERMIS7,ANPERMIS2,ANPERMIS3,ANPERMIS8,ANPERMIS9,ANPERMIS4,ANPERMIS5,,,
592,4914,10,1,1,5,1998,,,,,0,6,,,,,,0,6,,,,,,0,5,,,,,,0,5,,,,,,0,4,,,,,,0,3,,,,,,0,6,,,,,,0,5,,,,,,0,2,,,,,,0,6,,,,,,0,1,,,,,,0,1,,,,,,0,1,,,,,,0,,1,,,,,,,,,,,,,,,,,,4,0,18,1,1,1,1998,,1998,Vous circuliez sur un axe prioritaire. Un autre véhicule arrivant sur le même axe en sens opposé vous a coupé la route en tournant à gauche.,1,,,,,,,Personne agée. Appréciation des distances. Visibilité.,Pas le temps de freiner... Pas le temps d'éviter le choc...,"La voiture adverse s'est retrouvé perpandiculaire à ma moto, j'ai essayé de l'éviter en me disant qu'il ne fallait pas que je tape au mileu de la voiture mes plutôt au niveau de l'aile avant pour éviter un choc frontale.",NRP,0,,,Pas le temps nécessaire lorsque la voiture adverse a décidé de faire demi tour devant moi.,2,1,NSP,,visibilité,1,NRP,6,,,,,,,,,,,,1,,ne pas maitriser la situation,3,3,,,1,1,4,4,1,1,1,1,4,3,4,4,4,10,,,,,,,,,2,,,,,,,,,2,2,,2,1,1,1,0,100,0,0,0,2,,,,,,2,1,,,,2,1,4,,,,,,,1,0,1,4,3,,0,90,1,10,2,3,4,,,,,,4,3,4,1,3,4,KAWASAKI,750,ZXR,SPORTIVE,2,1,1,1,1,1,1,1,1,1,1,30000,12,4,1,HONDA,600,CBR,Routière / GT,2,4,3,31JUL1978,7,2,3,1,4,4,2,NRP,,,,2,0,0,2,1,2,KAWASAKI,750,ZXR,SPORTIVE,2,1994,2,4,1,500,7,KTM,450,EXC RACING MTT1,"TOUT TERRAIN (TRIAL, ENDURO, CROSS)",2,2008,2,3,1,1500,7,,,,,,,,,,,,,,,,,,,,,,,,,,,,,,,,,,2000,3,4,,,,,,,,NRP,NRP,NRP,NRP,1996,NRP,NRP,1996,NRP,,,
94,4916,70,1,0,5,,,,,,0,6,,,,,,0,5,,,,,,0,5,,,,,,0,5,,,,,,0,5,,,,,,0,1,,,,,,0,6,,,,,,1,5,1997,,,,,0,5,,,,,,0,5,,,,,,0,4,,,,,,1,2,2002,,,,,0,4,,,,,,0,,2,,,,,,,,,,,,,,,,,,4,0,22,1,41,9,1997,,1997,"Vous avez fait une sortie de route, une perte de contrôle ou une glissade sans rien percuter.",5,,,,,,,"en sortant de rond point sur route humide, à la remise des gazs l'arrière a décroché puis raccroché, en raccrochant j'ai été ejecté de la moto et ai glissé sur la chaussée en voyant les voitures arriver en face","manque de maitrise du véhicule, mauvaise gestion de la glissade",NRP,3,0,,,évènement trop soudain,2,0,,,,,,2,3,,,,,,,1,2,,,,,je n'ai pas senti la moto decroché puis racroché,3,3,,,1,1,2,3,2,1,1,1,2,4,4,4,4,7,,,,,,,,,1,2,,,,,,,,2,2,,2,1,1,2,10,0,0,20,70,1,1,,,,,1,2,6,,,1,,,,,,,,,,,1,1,1,2,0,40,1,10,2,3,4,,,,,,4,4,4,4,4,4,KAWASAKI,900,ZX-9R NINJA,SPORTIVE,2,1,1,1,1,1,1,1,1,1,1,NSP,12,3,1,KAWASAKI,600,ZZR,Routière / GT,2,4,4,29SEP1970,6,1,3,2,3,4,1,NRP,,,,2,0,0,2,0,2,TRIUMPH,1050,SPRINT ST,Routière / GT,2,2007,37,3,1,6000,7,KAWASAKI,600,ZX-6R NINJA,SPORTIVE,2,1999,37,4,1,1000,7,,,,,,,,,,,,,,,,,,,,,,,,,,,,,,,,,,7000,3,4,,,,,,,,NRP,NRP,NRP,NRP,1992,NRP,NRP,1988,NRP,,,
677,4917,,1,0,3,,,,,,0,4,,,,,,0,4,,,,,,0,3,,,,,,0,3,,,,,,0,2,,,,,,0,3,,,,,,1,3,2001,,,,,0,3,,,,,,0,4,,,,,,0,5,,,,,,0,1,,,,,,0,4,,,,,,0,2,,,,,,0,,1,,,,,,,,,,,,,,,,,,4,0,21,1,36,8,2001,,,,,,,,,,,,,,,,,,,,,,,,,,,,,,,,,,,,,,,,,,,,,,,,,,,,,,,,,,,,,,,,,,,,,,,,,,,,,,,,,,,,,,,,,,,,,,,,,,,,,,,,,,,,,,,,,,,,,,,,,,,,,,,,,,,,,,,,,,,,,,,,,,,,,,,,,,,,,,24AUG1974,7,1,3,2,5,4,3,NRP,,,,2,1,0,1,0,1,SUZUKI,650,V-STROM,TRAIL / SUPERMOTARD,2,2010,37,2,1,11000,7,,,,,,,,,,,,,,,,,,,,,,,,,,,,,,,,,,,,,,,,,,,,,11000,3,4,,,,,,,,NRP,NRP,NRP,NRP,1996,NRP,NRP,1994,NRP,,,
566,4918,,0,,,,,,,,,,,,,,,,,,,,,,,,,,,,,,,,,,,,,,,,,,,,,,,,,,,,,,,,,,,,,,,,,,,,,,,,,,,,,,,,,,,,,,,,,,,,,,,,,,,,,,,,,,,,,,,,,,,,,,,,,,,,,,,,,,,,,,,,,,,,,,,,,,,,,,,,,,,,,,,,,,,,,,,,,,,,,,,,,,,,,,,,,,,,,,,,,,,,,,,,,,,,,,,,,,,,,,,,,,,,,,,,,,,,,,,,,,,,,,,,,,,,,,,,,,,,,,,,,,,,,,,,,,,,,,,,,,,,,,,,,,,16JUN1964,5,1,3,2,4,4,2,NRP,,,,2,0,0,4,0,4,MOTO GUZZI,1200,NORGE GT,Routière / GT,2,2012,37,3,1,8000,7,TRIUMPH,650,BONNEVILLE,ROADSTER,2,1963,37,4,1,500,7,MONTESA,250,315 4RT,"TOUT TERRAIN (TRIAL, ENDURO, CROSS)",2,2009,37,3,1,200,7,BULTACO,350,SHERPA,"TOUT TERRAIN (TRIAL, ENDURO, CROSS)",2,1976,37,3,1,200,7,,,,,,,,,,,,8900,3,4,,,,,,,,NRP,NRP,NRP,NRP,1986,NRP,NRP,1982,NRP,,,
1449,4919,,1,0,3,,,,,,0,6,,,,,,0,2,,,,,,0,3,,,,,,0,4,,,,,,0,3,,,,,,0,4,,,,,,0,6,,,,,,1,5,2010,,,,,1,5,2009,,,,,0,5,,,,,,0,2,,,,,,0,4,,,,,,0,4,,,,,,0,,2,,,,,,,,,,,,,,,,,,0,4,4,0,,NRP,,,,,,,,,,,,,,,,,,,,,,,,,,,,,,,,,,,,,,,,,,,,,,,,,,,,,,,,,,,,,,,,,,,,,,,,,,,,,,,,,,,,,,,,,,,,,,,,,,,,,,,,,,,,,,,,,,,,,,,,,,,,,,,,,,,,,,,,,,,,,,,,,,,,,,,,,,,,,,,27MAY1983,5,2,3,2,2,3,,NRP,,,,1,0,0,1,0,1,HONDA,700,NC700S C-ABS,ROADSTER,2,2012,29,1,2,12000,4,,,,,,,,,,,,,,,,,,,,,,,,,,,,,,,,,,,,,,,,,,,,,12000,3,4,,,,,,,,NRP,NRP,NRP,NRP,2012,NRP,NRP,2001,NRP,,,
998,4923,,1,0,4,,,,,,1,5,NSP,,,,,1,5,NSP,,,,,0,5,,,,,,0,4,,,,,,0,4,,,,,,0,2,,,,,,0,2,,,,,,0,3,,,,,,0,5,,,,,,0,6,,,,,,0,1,,,,,,1,3,NSP,,,,,0,5,,,,,,1,1,4,NSP,,,,,paris,,,,,"voiture a l'arret sur le peripherique, ouverture de portiere pour vider son cendrier",,,,,0,0,2,2,36,0,,NRP,,,,,,,,,,,,,,,,,,,,,,,,,,,,,,,,,,,,,,,,,,,,,,,,,,,,,,,,,,,,,,,,,,,,,,,,,,,,,,,,,,,,,,,,,,,,,,,,,,,,,,,,,,,,,,,,,,,,,,,,,,,,,,,,,,,,,,,,,,,,,,,,,,,,,,,,,,,,,,,07JUL1958,7,1,3,2,4,4,2,NRP,,,,2,0,0,2,0,1,TRIUMPH,900,SPEEDMASTER,ROADSTER,2,2013,37,1,2,13000,5,,,,,,,,,,,,,,,,,,,,,,,,,,,,,,,,,,,,,,,,,,,,,13000,2,3,4,,,,,,,NRP,NRP,NRP,1978,1981,NRP,NRP,1991,NRP,,,
182,4924,,0,,,,,,,,,,,,,,,,,,,,,,,,,,,,,,,,,,,,,,,,,,,,,,,,,,,,,,,,,,,,,,,,,,,,,,,,,,,,,,,,,,,,,,,,,,,,,,,,,,,,,,,,,,,,,,,,,,,,,,,,,,,,,,,,,,,,,,,,,,,,,,,,,,,,,,,,,,,,,,,,,,,,,,,,,,,,,,,,,,,,,,,,,,,,,,,,,,,,,,,,,,,,,,,,,,,,,,,,,,,,,,,,,,,,,,,,,,,,,,,,,,,,,,,,,,,,,,,,,,,,,,,,,,,,,,,,,,,,,,,,,,,11APR1949,9,1,3,2,2,3,,NRP,,,,1,0,0,1,0,1,HONDA,600,VT SHADOW 34CV,CUSTOM,2,1996,37,2,1,4000,7,,,,,,,,,,,,,,,,,,,,,,,,,,,,,,,,,,,,,,,,,,,,,4000,3,4,,,,,,,,NRP,NRP,NRP,NRP,1990,NRP,NRP,1968,NRP,,,
1511,4926,,1,0,6,,,,,,0,6,,,,,,0,5,,,,,,0,4,,,,,,1,2,NSP,,,,,0,5,,,,,,0,6,,,,,,1,5,NSP,,,,,1,4,2014,,,,,0,5,,,,,,0,6,,,,,,0,2,,,,,,0,6,,,,,,0,4,,,,,,0,,3,,,,,,,,,,,,,,,,,,5,1,5,1,41,9,2014,,,,,,,,,,,,,,,,,,,,,,,,,,,,,,,,,,,,,,,,,,,,,,,,,,,,,,,,,,,,,,,,,,,,,,,,,,,,,,,,,,,,,,,,,,,,,,,,,,,,,,,,,,,,,,,,,,,,,,,,,,,,,,,,,,,,,,,,,,,,,,,,,,,,,,,,,,,,,,26JUL1961,4,1,3,2,3,4,1,NRP,,,,2,0,0,1,0,1,YAMAHA,1300,FJR ABS,Routière / GT,2,2011,37,1,2,10000,7,,,,,,,,,,,,,,,,,,,,,,,,,,,,,,,,,,,,,,,,,,,,,10000,3,4,,,,,,,,NRP,NRP,NRP,NRP,2011,NRP,NRP,1985,NRP,,,
60,4927,,1,0,4,,,,,,0,4,,,,,,0,4,,,,,,0,1,,,,,,0,5,,,,,,0,4,,,,,,0,3,,,,,,0,2,,,,,,1,3,1980,,,,,0,2,,,,,,0,3,,,,,,0,2,,,,,,0,2,,,,,,0,1,,,,,,0,,1,,,,,,,,,,,,,,,,,,3,4,8,1,41,9,1980,,,,,,,,,,,,,,,,,,,,,,,,,,,,,,,,,,,,,,,,,,,,,,,,,,,,,,,,,,,,,,,,,,,,,,,,,,,,,,,,,,,,,,,,,,,,,,,,,,,,,,,,,,,,,,,,,,,,,,,,,,,,,,,,,,,,,,,,,,,,,,,,,,,,,,,,,,,,,,16SEP1960,7,2,3,2,2,3,,NRP,,,,2,0,0,2,0,2,HONDA,1000,CB-F ABS,ROADSTER,2,2010,29,2,1,8000,7,HONDA,125,CB-F,ROADSTER,2,2010,29,3,1,2000,7,,,,,,,,,,,,,,,,,,,,,,,,,,,,,,,,,,10000,4,3,2,,,,,,,NRP,NRP,NRP,1977,1979,NRP,NRP,1979,NRP,,,
1606,4930,,1,0,4,,,,,,0,5,,,,,,0,5,,,,,,0,2,,,,,,0,4,,,,,,0,5,,,,,,0,3,,,,,,0,3,,,,,,0,3,,,,,,0,5,,,,,,0,5,,,,,,0,2,,,,,,1,4,2009,,,,,0,3,,,,,,0,,1,,,,,,,,,,,,,,,,,,0,2,8,0,,NRP,,,,,,,,,,,,,,,,,,,,,,,,,,,,,,,,,,,,,,,,,,,,,,,,,,,,,,,,,,,,,,,,,,,,,,,,,,,,,,,,,,,,,,,,,,,,,,,,,,,,,,,,,,,,,,,,,,,,,,,,,,,,,,,,,,,,,,,,,,,,,,,,,,,,,,,,,,,,,,,10JUN1979,5,2,3,2,4,4,2,NRP,,,,2,0,0,1,0,1,KAWASAKI,1000,Z 1000 IE SX,Routière / GT,2,2011,22,1,2,10000,7,,,,,,,,,,,,,,,,,,,,,,,,,,,,,,,,,,,,,,,,,,,,,10000,3,4,,,,,,,,NRP,NRP,NRP,NRP,2007,NRP,NRP,1997,NRP,,,
622,4931,,0,,,,,,,,,,,,,,,,,,,,,,,,,,,,,,,,,,,,,,,,,,,,,,,,,,,,,,,,,,,,,,,,,,,,,,,,,,,,,,,,,,,,,,,,,,,,,,,,,,,,,,,,,,,,,,,,,,,,,,,,,,,,,,,,,,,,,,,,,,,,,,,,,,,,,,,,,,,,,,,,,,,,,,,,,,,,,,,,,,,,,,,,,,,,,,,,,,,,,,,,,,,,,,,,,,,,,,,,,,,,,,,,,,,,,,,,,,,,,,,,,,,,,,,,,,,,,,,,,,,,,,,,,,,,,,,,,,,,,,,,,,,24FEB1956,9,2,3,2,3,4,1,NRP,,,,2,0,0,1,0,1,BMW,1200,R1200RT,Routière / GT,2,2009,28,2,1,6000,7,,,,,,,,,,,,,,,,,,,,,,,,,,,,,,,,,,,,,,,,,,,,,6000,3,4,,,,,,,,NRP,NRP,NRP,NRP,1976,NRP,NRP,1976,NRP,,,
190,4932,,0,,,,,,,,,,,,,,,,,,,,,,,,,,,,,,,,,,,,,,,,,,,,,,,,,,,,,,,,,,,,,,,,,,,,,,,,,,,,,,,,,,,,,,,,,,,,,,,,,,,,,,,,,,,,,,,,,,,,,,,,,,,,,,,,,,,,,,,,,,,,,,,,,,,,,,,,,,,,,,,,,,,,,,,,,,,,,,,,,,,,,,,,,,,,,,,,,,,,,,,,,,,,,,,,,,,,,,,,,,,,,,,,,,,,,,,,,,,,,,,,,,,,,,,,,,,,,,,,,,,,,,,,,,,,,,,,,,,,,,,,,,,24MAR1988,10,1,3,2,5,5,0,NRP,,,,4,0,0,4,0,2,HARLEY-DAVIDSON,1200,SPORTSTER,ROADSTER,2,1991,37,2,1,3000,4,HONDA,125,CA REBEL,CUSTOM,2,1997,37,4,1,2000,4,,,,,,,,,,,,,,,,,,,,,,,,,,,,,,,,,,5000,3,4,,,,,,,,NRP,NRP,NRP,NRP,2011,NRP,NRP,2006,NRP,,,
729,4936,244,1,0,5,,,,,,0,5,,,,,,2,6,1989,2008,,,,0,3,,,,,,2,5,1989,2008,,,,0,5,,,,,,0,4,,,,,,0,3,,,,,,0,2,,,,,,0,3,,,,,,0,2,,,,,,0,4,,,,,,0,5,,,,,,1,4,1978,,,,,0,,5,,,,,,,,,,,,,,,,,,15,3,40,1,21,5,1989,,1989,Vous circuliez sur un axe prioritaire. Un véhicule venant dun axe non prioritaire vous a coupé la route.,3,,,,,,,"refus de priorité à basse vitesse de la part d'une automobliste ""étourdie""... contusions sans gravités, basse vitesse",tentative d'évitement , choc léger (jambe) sur pare choc de la voiture,"évitement, freinage car mur en face de la zone ""de fuite""",NRP,1,position différente afin d'avoir meilleure visibilité (suite stage ADFM),j'ai agi...trop tard,,2,1,1,1,distraction, manque de visibilité,1,distraction,2,3,4,6,,,,,1,2,,,3,,comment expliquer une telle distraction ?,3,3,,,2,1,3,3,1,1,1,1,2,5,4,4,4,10,,,,,,,,,1,2,3,,,,,,,2,2,,2,1,1,1,10,70,0,20,0,2,,,,,,2,1,4,7,,2,1,7,,,,,,,1,0,1,1,1,2,0,30,1,10,2,5,,,,,,,4,4,4,4,4,4,KAWASAKI,500,KLE,TRAIL / SUPERMOTARD,2,1,1,1,1,1,1,1,1,1,1,30000,12,4,1,KAWASAKI,500,KLE,TRAIL / SUPERMOTARD,2,4,4,25JUL1950,4,1,3,2,2,3,,NRP,,,,1,2,0,2,0,2,KAWASAKI,650,VERSYS,ROADSTER,2,2009,37,1,1,15000,7,KAWASAKI,500,KLE,TRAIL / SUPERMOTARD,2,1999,37,4,1,500,7,,,,,,,,,,,,,,,,,,,,,,,,,,,,,,,,,,15500,2,3,4,,,,,,,NRP,NRP,NRP,1974,1974,NRP,NRP,1968,NRP,
1870,4938,,1,0,4,,,,,,0,6,,,,,,0,4,,,,,,0,3,,,,,,0,5,,,,,,0,5,,,,,,0,5,,,,,,0,5,,,,,,1,5,2000,,,,,0,6,,,,,,0,6,,,,,,0,2,,,,,,0,3,,,,,,0,4,,,,,,0,,1,,,,,,,,,,,,,,,,,,0,0,27,1,41,9,2000,,,,,,,,,,,,,,,,,,,,,,,,,,,,,,,,,,,,,,,,,,,,,,,,,,,,,,,,,,,,,,,,,,,,,,,,,,,,,,,,,,,,,,,,,,,,,,,,,,,,,,,,,,,,,,,,,,,,,,,,,,,,,,,,,,,,,,,,,,,,,,,,,,,,,,,,,,,,,,18DEC1967,8,1,3,2,3,2,2,NRP,,,,1,0,0,3,0,2,KAWASAKI,600,ZZR,Routière / GT,2,1991,37,2,1,5000,4,YAMAHA,1000,GTS ABS,Routière / GT,1,1993,37,2,1,7000,4,,,,,,,,,,,,,,,,,,,,,,,,,,,,,,,,,,12000,3,4,,,,,,,,NRP,NRP,NRP,NRP,1988,NRP,NRP,1987,NRP,,,
644,4940,,0,,,,,,,,,,,,,,,,,,,,,,,,,,,,,,,,,,,,,,,,,,,,,,,,,,,,,,,,,,,,,,,,,,,,,,,,,,,,,,,,,,,,,,,,,,,,,,,,,,,,,,,,,,,,,,,,,,,,,,,,,,,,,,,,,,,,,,,,,,,,,,,,,,,,,,,,,,,,,,,,,,,,,,,,,,,,,,,,,,,,,,,,,,,,,,,,,,,,,,,,,,,,,,,,,,,,,,,,,,,,,,,,,,,,,,,,,,,,,,,,,,,,,,,,,,,,,,,,,,,,,,,,,,,,,,,,,,,,,,,,,,,26MAY1983,5,2,3,2,3,4,1,NRP,,,,1,0,0,1,0,1,HONDA,500,CB500F,ROADSTER,2,2007,28,1,2,15000,7,,,,,,,,,,,,,,,,,,,,,,,,,,,,,,,,,,,,,,,,,,,,,15000,3,4,,,,,,,,NRP,NRP,NRP,NRP,2009,NRP,NRP,2001,NRP,,,
841,4942,,0,,,,,,,,,,,,,,,,,,,,,,,,,,,,,,,,,,,,,,,,,,,,,,,,,,,,,,,,,,,,,,,,,,,,,,,,,,,,,,,,,,,,,,,,,,,,,,,,,,,,,,,,,,,,,,,,,,,,,,,,,,,,,,,,,,,,,,,,,,,,,,,,,,,,,,,,,,,,,,,,,,,,,,,,,,,,,,,,,,,,,,,,,,,,,,,,,,,,,,,,,,,,,,,,,,,,,,,,,,,,,,,,,,,,,,,,,,,,,,,,,,,,,,,,,,,,,,,,,,,,,,,,,,,,,,,,,,,,,,,,,,,17FEB1988,2,1,3,1,2,3,,NRP,,,,1,0,0,3,0,3,SUZUKI,650,SV-N,ROADSTER,2,2002,37,2,1,12000,7,DUCATI,1000,MONSTER S2R,ROADSTER,2,2006,37,2,1,12000,7,YAMAHA,400,XJ,ROADSTER,2,1982,40,4,1,0,7,,,,,,,,,,,,,,,,,,,,,,,24000,3,4,,,,,,,,NRP,NRP,NRP,NRP,2008,NRP,NRP,2006,NRP,,,
745,4943,,0,,,,,,,,,,,,,,,,,,,,,,,,,,,,,,,,,,,,,,,,,,,,,,,,,,,,,,,,,,,,,,,,,,,,,,,,,,,,,,,,,,,,,,,,,,,,,,,,,,,,,,,,,,,,,,,,,,,,,,,,,,,,,,,,,,,,,,,,,,,,,,,,,,,,,,,,,,,,,,,,,,,,,,,,,,,,,,,,,,,,,,,,,,,,,,,,,,,,,,,,,,,,,,,,,,,,,,,,,,,,,,,,,,,,,,,,,,,,,,,,,,,,,,,,,,,,,,,,,,,,,,,,,,,,,,,,,,,,,,,,,,,06JAN1978,5,2,3,2,2,3,,NRP,,,,2,0,0,2,0,1,SUZUKI,650,SV-N,ROADSTER,2,2002,28,3,1,2000,7,,,,,,,,,,,,,,,,,,,,,,,,,,,,,,,,,,,,,,,,,,,,,2000,3,4,,,,,,,,NRP,NRP,NRP,NRP,2001,NRP,NRP,1996,NRP,,,
2053,4944,,1,0,6,,,,,,0,6,,,,,,0,6,,,,,,0,6,,,,,,1,6,1973,,,,,0,5,,,,,,0,5,,,,,,0,3,,,,,,1,5,1973,,,,,0,6,,,,,,1,6,1978,,,,,0,4,,,,,,0,4,,,,,,0,4,,,,,,0,,3,,,,,,,,,,,,,,,,,,3,2,40,1,21,5,1973,,,,,,,,,,,,,,,,,,,,,,,,,,,,,,,,,,,,,,,,,,,,,,,,,,,,,,,,,,,,,,,,,,,,,,,,,,,,,,,,,,,,,,,,,,,,,,,,,,,,,,,,,,,,,,,,,,,,,,,,,,,,,,,,,,,,,,,,,,,,,,,,,,,,,,,,,,,,,,12FEB1957,5,2,3,2,2,3,,NRP,,,,3,1,0,3,0,3,HONDA,750,CB  K2,ROADSTER,2,1971,27,4,1,500,7,HONDA,1300,PAN EUROPEAN C-ABS,Routière / GT,2,2003,28,3,1,6000,7,YAMAHA,600,FZ6-S FAZER,ROADSTER,2,2005,28,2,2,2000,7,,,,,,,,,,,,,,,,,,,,,,,8500,2,3,4,,,,,,,NRP,NRP,NRP,1973,1975,NRP,NRP,1977,NRP,,,
1258,4945,,1,0,4,,,,,,0,4,,,,,,0,4,,,,,,0,3,,,,,,0,5,,,,,,0,4,,,,,,0,3,,,,,,0,3,,,,,,0,3,,,,,,0,4,,,,,,0,5,,,,,,0,5,,,,,,0,3,,,,,,0,5,,,,,,1,1,1,2012,,,,,La tour du pin,,,,,Le véhicule venant dans le sens opposé circulait à gauche et ma percuté.,,,,,0,0,34,1,34,1,71,15,2012,La tour du pin,,,,,,,,,,,,,,,,,,,,,,,,,,,,,,,,,,,,,,,,,,,,,,,,,,,,,,,,,,,,,,,,,,,,,,,,,,,,,,,,,,,,,,,,,,,,,,,,,,,,,,,,,,,,,,,,,,,,,,,,,,,,,,,,,,,,,,,,,,,,,,,,,,,,,,,,,,,,,19OCT1960,7,2,3,2,2,3,,NRP,,,,2,0,0,1,0,1,BMW,1200,R1200RT,Routière / GT,2,2012,31,3,1,7500,7,,,,,,,,,,,,,,,,,,,,,,,,,,,,,,,,,,,,,,,,,,,,,7500,3,,,,,,,,,NRP,NRP,NRP,NRP,1979,NRP,NRP,NRP,NRP,,,