Ligne,Ligne Q qualif,Ligne approfondissement Accident,ACCIDENT,NBACC1,ACCFREQUENCE1,ANNEEACC1_1,ANNEEACC1_2,ANNEEACC1_3,ANNEEACC1_4,ANNEEACC1_5,NBACC2,ACCFREQUENCE2,ANNEEACC2_1,ANNEEACC2_2,ANNEEACC2_3,ANNEEACC2_4,ANNEEACC2_5,NBACC3,ACCFREQUENCE3,ANNEEACC3_1,ANNEEACC3_2,ANNEEACC3_3,ANNEEACC3_4,ANNEEACC3_5,NBACC4,ACCFREQUENCE4,ANNEEACC4_1,ANNEEACC4_2,ANNEEACC4_3,ANNEEACC4_4,ANNEEACC4_5,NBACC5,ACCFREQUENCE5,ANNEEACC5_1,ANNEEACC5_2,ANNEEACC5_3,ANNEEACC5_4,ANNEEACC5_5,NBACC6,ACCFREQUENCE6,ANNEEACC6_1,ANNEEACC6_2,ANNEEACC6_3,ANNEEACC6_4,ANNEEACC6_5,NBACC7,ACCFREQUENCE7,ANNEEACC7_1,ANNEEACC7_2,ANNEEACC7_3,ANNEEACC7_4,ANNEEACC7_5,NBACC8,ACCFREQUENCE8,ANNEEACC8_1,ANNEEACC8_2,ANNEEACC8_3,ANNEEACC8_4,ANNEEACC8_5,NBACC9,ACCFREQUENCE9,ANNEEACC9_1,ANNEEACC9_2,ANNEEACC9_3,ANNEEACC9_4,ANNEEACC9_5,NBACC10,ACCFREQUENCE10,ANNEEACC10_1,ANNEEACC10_2,ANNEEACC10_3,ANNEEACC10_4,ANNEEACC10_5,NBACC11,ACCFREQUENCE11,ANNEEACC11_1,ANNEEACC11_2,ANNEEACC11_3,ANNEEACC11_4,ANNEEACC11_5,NBACC12,ACCFREQUENCE12,ANNEEACC12_1,ANNEEACC12_2,ANNEEACC12_3,ANNEEACC12_4,ANNEEACC12_5,NBACC13,ACCFREQUENCE13,ANNEEACC13_1,ANNEEACC13_2,ANNEEACC13_3,ANNEEACC13_4,ANNEEACC13_5,NBACC14,ACCFREQUENCE14,ANNEEACC14_1,ANNEEACC14_2,ANNEEACC14_3,ANNEEACC14_4,ANNEEACC14_5,AUTRESACC,NBAUTRESACC,TOTAL_AC,ANNEEAUTREACC1,ANNEEAUTREACC2,ANNEEAUTREACC3,ANNEEAUTREACC4,ANNEEAUTREACC5,LIEUAUTREACC1,LIEUAUTREACC2,LIEUAUTREACC3,LIEUAUTREACC4,LIEUAUTREACC5,DESCRIPTIONAUTRESACC1,DESCRIPTIONAUTRESACC2,DESCRIPTIONAUTRESACC3,DESCRIPTIONAUTRESACC4,DESCRIPTIONAUTRESACC5,NBAUTRESACCCIRCUIT,NBAUTRESTOUTTERRAIN,EXPCYCLO,EXP125,EXPSUP125,ACCORDNEXTQ,CHOIXACC,RGPMTACC,RECUPANNEE,RECUPLIEU,RECUPANNE,RGPMTAC,CHOIX1,CHOIX2,CHOIX3,CHOIX4,CHOIX5,CHOIX6,CHOIX7,DESCRIPTION,RUPTURE,FAITS,ABS_REACTION,AUTRE_REACTION,PRECISIONREACTIONOUI,RECUL,PRECISIONREACTIONNON,IMPACTCOMPORTEMENT,AUTREUSAGER,REACTIONAUTREUSAGER,CONNAISSANCEREACTIONUSAGER,DIFFICULTES,AGGRAVATION,DIFFICULTES2,EMOTIONS1,EMOTIONS2,EMOTIONS3,EMOTIONS4,EMOTIONS5,EMOTIONS6,AUTRESENTIMENT,CLASSEMENTEMOTIONS1,CLASSEMENTEMOTIONS,CLASSEMENTEMOTIONS5,CLASSEMENTEMOTIONS6,CLASSEMENTEMOTIONS7,CLASSEMENTEMOTIONS8,CLASSEMENTEMOTIONS9,EXPLICATIONRESSENTI,BIENEQUIPE,ALLURE,ALLUREVITEDETAIL,ALLURELENTEDETAIL,SITUATIONPRESSE,SITUATIONDISTRAIT,SITUATIONCONFIANT,SITUATIONCONTROLE,SITUATIONLUDIQUE,SITUATIONPERF,SITUATIONSTRESS,SITUATIONFATIGUE,HUMEURNEUTRE,HUMEURGAI,HUMEURMECONTENT,HUMEURTRISTE,HUMEURCOLERE,CONTRIBUTION1,CONTRIBUTION2,CONTRIBUTION3,CONTRIBUTION4,CONTRIBUTION5,CONTRIBUTION6,CONTRIBUTION7,CONTRIBUTION8,CONTRIBUTION9,ROLEINFRA,ELEMENTINFRA1,ELEMENTINFRA2,ELEMENTINFRA3,ELEMENTINFRA4,ELEMENTINFRA5,ELEMENTINFRA6,ELEMENTINFRA7,ELEMENTINFRA8,ELEMENTINFRA9,ALCOOL,TXALCOOL,STUP,SEMAINE,MOMENTJOURNEE,TEMPS,CAUSEACC1,CAUSEACC2,CAUSEACC3,CAUSEACC4,CAUSEACC5,FORMATIONCAUSE,FORMATION1,FORMATION2,FORMATION3,FORMATION4,FORMATION5,TRAFIC,CHAUSSEE1,CHAUSSEE2,CHAUSSEE3,CHAUSSEE4,TYPEACC,BLESSURE,TETE,COU,THORAX,MEMBRESSUP,COLONNE,BASSIN,MEMBRESINF,HOPITAL,PLUS24H,TRAJET,TYPEROUTE,MOTIF,SENSTRAJET,PASSAGER,VITESSE,DESCEQ1,DESCEQ2,DESCEQ3,DESCEQ4,DESCEQ5,DESCEQ6,DESCEQ7,DESCEQ8,DESCEQ9,DESCEQ10,VEHICULEETE,VEHICULEAUTOMNE,VEHICULEPRINTEMPS,VEHICULEHIVER,VEHICULESEMAINE,VEHICULEWE,VEHMARQUE,VEHCYLINDREE,VEHMODELE,VEHSEGMENT,VEHSIDE,EQ2RMABS,EQ2RMCBS,EQ2RMABSCBS,EQ2RMREGULATEUR,EQ2RMLIMITEUR,EQ2RMPHARESDIRECT,EQ2RMCOUPURE,EQ2RMANTIPATINAGE,EQ2RMANTIXHEELING,EQ2RMSTABILILTE,VEHKM,POINTS,DUREE,AUTRE2RM,VEHPRECMARQUE,VEHPRECCYLINDREE,VEHPRECMODELE,VEHPRECSEGMENT,VEHPRECSIDE,TEMPS2RMPREC,FREQVEHPREC,DATE_NAISS,CSP,SOCIETAIRE,SALARIE,SECTEUR2RM,NBPERSFOYER,SITFAM,NBENF,TRNBENF1,TRNBENF2,TRNBENF3,TRNBENF4,NBAUTOFOYER,NBCYCLOFOYER,NBSCOOTFOYER,NBMOTOFOYER,NBTRIKEFOYER,NB2RMCONDUIT,MARQUE1,CYLINDREE1,MODELE1,SEGMENT1,SIDE1,ANMISECIRCU1,ASS1,FREQ1,USAGE1,NBKM1,GARAGE1,MARQUE2,CYLINDREE2,MODELE2,SEGMENT2,SIDE2,ANMISECIRCU2,ASS2,FREQ2,USAGE2,NBKM2,GARAGE2,MARQUE3,CYLINDREE3,MODELE3,SEGMENT3,SIDE3,ANMISECIRCU3,ASS3,FREQ3,USAGE3,NBKM3,GARAGE3,MARQUE4,CYLINDREE4,MODELE4,SEGMENT4,SIDE4,ANMISECIRCU4,ASS4,FREQ4,USAGE4,NBKM4,GARAGE4,MARQUE5,CYLINDREE5,MODELE5,SEGMENT5,SIDE5,ANMISECIRCU5,ASS5,FREQ5,USAGE5,NBKM5,GARAGE5,NBKMTOT,PERMIS1,PERMIS2,PERMIS3,PERMIS4,PERMIS5,PERMIS6,PERMIS7,PERMIS8,PERMIS9,ANPERMIS1,ANPERMIS6,ANPERMIS7,ANPERMIS2,ANPERMIS3,ANPERMIS8,ANPERMIS9,ANPERMIS4,ANPERMIS5,,,
1854,4946,,1,1,4,1990,,,,,1,5,1989,,,,,1,5,1993,,,,,0,4,,,,,,0,5,,,,,,0,2,,,,,,0,2,,,,,,0,2,,,,,,1,2,1991,,,,,0,2,,,,,,0,6,,,,,,0,3,,,,,,0,4,,,,,,1,5,1990,,,,,0,,5,,,,,,,,,,,,,,,,,,2,1,25,0,,NRP,,,,,,,,,,,,,,,,,,,,,,,,,,,,,,,,,,,,,,,,,,,,,,,,,,,,,,,,,,,,,,,,,,,,,,,,,,,,,,,,,,,,,,,,,,,,,,,,,,,,,,,,,,,,,,,,,,,,,,,,,,,,,,,,,,,,,,,,,,,,,,,,,,,,,,,,,,,,,,,18APR1972,8,2,3,1,4,4,2,NRP,,,,2,0,0,1,0,1,YAMAHA,600,FZS FAZER,ROADSTER,2,2000,15,1,2,7000,7,,,,,,,,,,,,,,,,,,,,,,,,,,,,,,,,,,,,,,,,,,,,,7000,2,3,4,,,,,,,NRP,NRP,NRP,1989,1990,NRP,NRP,1994,NRP,,,
2182,4947,,1,0,6,,,,,,0,6,,,,,,1,4,NSP,,,,,0,2,,,,,,0,3,,,,,,0,6,,,,,,0,5,,,,,,0,5,,,,,,0,4,,,,,,0,2,,,,,,0,5,,,,,,0,3,,,,,,1,3,NSP,,,,,0,3,,,,,,0,,2,,,,,,,,,,,,,,,,,,0,0,20,0,,NRP,,,,,,,,,,,,,,,,,,,,,,,,,,,,,,,,,,,,,,,,,,,,,,,,,,,,,,,,,,,,,,,,,,,,,,,,,,,,,,,,,,,,,,,,,,,,,,,,,,,,,,,,,,,,,,,,,,,,,,,,,,,,,,,,,,,,,,,,,,,,,,,,,,,,,,,,,,,,,,,30MAR1956,5,1,3,2,2,3,,NRP,,,,1,0,0,2,0,2,YAMAHA,1700,MT-01,ROADSTER,2,2007,37,2,2,9000,3,HONDA,500,CX500C,CUSTOM,2,2000,40,4,1,500,7,,,,,,,,,,,,,,,,,,,,,,,,,,,,,,,,,,9500,3,4,,,,,,,,NRP,NRP,NRP,NRP,1988,NRP,NRP,1977,NRP,,,
1660,4948,,1,0,5,,,,,,0,4,,,,,,0,4,,,,,,0,3,,,,,,0,5,,,,,,0,2,,,,,,0,2,,,,,,0,5,,,,,,0,4,,,,,,0,1,,,,,,0,3,,,,,,0,2,,,,,,2,3,2000,2001,,,,0,2,,,,,,0,,2,,,,,,,,,,,,,,,,,,5,0,16,1,61,13,2000,,,,,,,,,,,,,,,,,,,,,,,,,,,,,,,,,,,,,,,,,,,,,,,,,,,,,,,,,,,,,,,,,,,,,,,,,,,,,,,,,,,,,,,,,,,,,,,,,,,,,,,,,,,,,,,,,,,,,,,,,,,,,,,,,,,,,,,,,,,,,,,,,,,,,,,,,,,,,,12SEP1973,7,1,3,2,2,3,,NRP,,,,1,0,0,1,0,1,TRIUMPH,675,STREET TRIPLE,ROADSTER,2,2010,37,1,1,10000,7,,,,,,,,,,,,,,,,,,,,,,,,,,,,,,,,,,,,,,,,,,,,,10000,4,3,2,,,,,,,NRP,NRP,NRP,1994,1994,NRP,NRP,1991,NRP,,,
791,4949,,0,,,,,,,,,,,,,,,,,,,,,,,,,,,,,,,,,,,,,,,,,,,,,,,,,,,,,,,,,,,,,,,,,,,,,,,,,,,,,,,,,,,,,,,,,,,,,,,,,,,,,,,,,,,,,,,,,,,,,,,,,,,,,,,,,,,,,,,,,,,,,,,,,,,,,,,,,,,,,,,,,,,,,,,,,,,,,,,,,,,,,,,,,,,,,,,,,,,,,,,,,,,,,,,,,,,,,,,,,,,,,,,,,,,,,,,,,,,,,,,,,,,,,,,,,,,,,,,,,,,,,,,,,,,,,,,,,,,,,,,,,,,02SEP1956,5,2,3,2,2,3,,NRP,,,,2,3,0,3,0,3,HONDA,1800,GOLD WING,Routière / GT,2,2009,21,3,1,12000,7,HONDA,600,VT SHADOW,CUSTOM,2,1993,21,2,1,10000,7,HONDA,125,VT SHADOW,CUSTOM,2,1999,21,4,1,500,7,,,,,,,,,,,,,,,,,,,,,,,22500,3,4,,,,,,,,NRP,NRP,NRP,NRP,2005,NRP,NRP,1975,NRP,,,
1718,4950,,0,,,,,,,,,,,,,,,,,,,,,,,,,,,,,,,,,,,,,,,,,,,,,,,,,,,,,,,,,,,,,,,,,,,,,,,,,,,,,,,,,,,,,,,,,,,,,,,,,,,,,,,,,,,,,,,,,,,,,,,,,,,,,,,,,,,,,,,,,,,,,,,,,,,,,,,,,,,,,,,,,,,,,,,,,,,,,,,,,,,,,,,,,,,,,,,,,,,,,,,,,,,,,,,,,,,,,,,,,,,,,,,,,,,,,,,,,,,,,,,,,,,,,,,,,,,,,,,,,,,,,,,,,,,,,,,,,,,,,,,,,,,27NOV1953,5,2,3,2,4,4,2,NRP,,,,1,0,0,1,0,1,HARLEY-DAVIDSON,1690,STREET GLIDE ABS,Routière / GT,2,2013,31,2,1,10000,7,,,,,,,,,,,,,,,,,,,,,,,,,,,,,,,,,,,,,,,,,,,,,10000,3,4,,,,,,,,NRP,NRP,NRP,NRP,1972,NRP,NRP,1972,NRP,,,
834,4951,468,1,0,4,,,,,,0,4,,,,,,0,3,,,,,,0,3,,,,,,0,4,,,,,,0,3,,,,,,1,3,2009,,,,,0,4,,,,,,0,3,,,,,,0,3,,,,,,0,3,,,,,,0,3,,,,,,0,3,,,,,,0,3,,,,,,0,,1,,,,,,,,,,,,,,,,,,2,1,32,1,31,7,2009,,2009,"Vous avez fait une sortie de route, une perte de contrôle ou une glissade puis avez percuté un véhicule arrivant en sens inverse.",4,6,,,,,,"J'arrivais dans un virage à droite en montée et au sortir de l'ombre des arbres. Il était environ 9h30 et j'ai été ébloui par le soleil levant, c'était en février. D'après les occupants de la voiture que j'ai percuté sur le coté je ne roulais pas vite, le passager de celle-ci était un policier en retraite. J'ai glissé le long du véhicule puis perdu l'équilibre et fini au fond fu fossé avec la moto sur le dos.","La déconcentration, je regardais le paysage et le virage m'est apparu en même temps que le soleil de face.",NRP,1,1,Il aurait suffi de porter mon regard plus loin et de couper très légèrement les gaz.,Je ne l'explique pas.,,2,1,NSP,,NSP,2,"c'est moi qui ait raté mon virage, la voiture était à sa place, je ne roulai pas vite et elle non plus.",1,,,,,,,1,,,,,,,Au moment du choque j'ai compris immédiatement qu'il y aurait de la casse physique et materiel.,4,3,,,1,3,4,4,1,1,1,1,1,1,1,1,1,2,4,,,,,,,,2,,,,,,,,,2,2,,2,2,1,1,100,0,0,0,0,2,,,,,,2,1,,,,2,1,4,7,,,,,,1,1,3,2,3,,0,80,1,2,3,4,9,,,,,,4,4,4,3,NRP,4,APRILIA,1000,CAPONORD (ETV) ABS,TRAIL / SUPERMOTARD,2,0,1,1,1,1,1,0,1,1,1,15000,12,3,1,APRILIA,1000,RS-T FUTURA,Routière / GT,2,4,3,19MAR1961,7,1,3,2,3,4,1,NRP,,,,2,0,0,2,0,2,MOTO GUZZI,1200,SPORT,ROADSTER,2,2007,37,3,1,15000,7,YAMAHA,600,XT,TRAIL / SUPERMOTARD,2,1987,37,4,1,1500,7,,,,,,,,,,,,,,,,,,,,,,,,,,,,,,,,,,16500,2,3,4,,,,,,,NRP,NRP,NRP,1977,1980,NRP,NRP,1979,NRP,,,
179,4953,,0,,,,,,,,,,,,,,,,,,,,,,,,,,,,,,,,,,,,,,,,,,,,,,,,,,,,,,,,,,,,,,,,,,,,,,,,,,,,,,,,,,,,,,,,,,,,,,,,,,,,,,,,,,,,,,,,,,,,,,,,,,,,,,,,,,,,,,,,,,,,,,,,,,,,,,,,,,,,,,,,,,,,,,,,,,,,,,,,,,,,,,,,,,,,,,,,,,,,,,,,,,,,,,,,,,,,,,,,,,,,,,,,,,,,,,,,,,,,,,,,,,,,,,,,,,,,,,,,,,,,,,,,,,,,,,,,,,,,,,,,,,,08JUL1967,5,2,3,2,3,4,1,NRP,,,,2,0,0,1,0,1,YAMAHA,800,FAZER8 ABS,ROADSTER,2,2010,28,1,2,10000,7,,,,,,,,,,,,,,,,,,,,,,,,,,,,,,,,,,,,,,,,,,,,,10000,2,3,4,,,,,,,NRP,NRP,NRP,1983,1986,NRP,NRP,1985,NRP,,,
1233,4954,232,1,0,5,,,,,,0,4,,,,,,0,5,,,,,,0,2,,,,,,1,4,2008,,,,,0,4,,,,,,0,3,,,,,,0,4,,,,,,2,4,2011,2013,,,,0,5,,,,,,0,5,,,,,,0,3,,,,,,0,4,,,,,,0,4,,,,,,0,,3,,,,,,,,,,,,,,,,,,3,2,8,1,41,9,2011,,2011,"Vous avez fait une sortie de route, une perte de contrôle ou une glissade sans rien percuter.",4,,,,,,,"Je venais de démarrer, je quitte le trottoir, incline la moto pour prendre la direction voulue vers ma droite, j'accélère pour m'élancer.  J'ai subitement senti que ""quelque chose"" se passait sans avoir le temps d'analyser ni de réagir.  L'accélération au lieu de propulser la moto vers l'avant m'a violemment plaqué au sol côté gauche. Il semblerait qu'il y ait eu perte d'adhérence à la roue arrière.  Le temps était sec et chaud. Par contre, le bateau par lequel j'ai quitté le trottoir est fréquemment souillé en raison du mauvais état de la chaussée et du passage à cet endroit.  Pour autant, la cause exacte de cette chute reste un mystère pour moi.  Je m'élançais juste et je n'avais donc pas de vitesse, pourtant j'ai été plaqué très violemment au sol. ça plus le poids de la moto (250 kg) m'ont valu 4 fractures aux côtes et une petite fracture du pied sans gravité.  Le souvenir le plus vif que je garde est celui de la douleur que j'ai ressenti quand j'ai chuté. Je suis resté au sol tétanisé par la douleur pendant quelques instants avant de me relever.  J'ai pu relever la moto, aller aux urgences, dont je suis parti après une heure d'attente pour reprendre la moto et rentrer chez moi. Le lendemain matin je ne pouvais plus marcher, j'ai vu mon généraliste qui m'a fait passer des radios, puis envoyé en clinique pour plâtrer le pied.","La cause exacte de cette chute reste un mystère pour moi. Je subodore que j'ai ramassé une substance grasse sur le flanc du pneu et que quand j'ai incliné la moto et accéléré, je suis passé dessus et que ça a fait déraper l'arrière.","J'ai incliné la moto et accéléré.   Je l'ai sentie partir mais j'étais au sol avant de réagir. ça été très vite (moins d' 1/2 seconde)  Je n'ai touché à aucune commande, hors la poignée d'accélérateur et un appui à droite pour basculer la moto et prendre la direction voulue","AUT|pas eu le temps, ça a été très vite",0,,,trop rapide. chute quasi immédiate,3,0,,,,,,2,3,6,,,,,,1,2,,,3,,"j'étais dans une situation normale, sans danger particulier, répétée des dizaines de fois chaque jour, totalement banale, rien ne pouvais laisser présager d'un problème ou d'un risque",4,3,,,1,1,3,1,3,1,1,3,4,3,4,4,4,4,5,,,,,,,,1,5,,,,,,,,2,1,2,2,2,1,1,25,0,0,75,0,2,,,,,,1,1,,,,2,1,3,7,,,,,,0,,1,1,3,,0,35,1,2,3,4,9,,,,,,4,4,4,4,4,NRP,HONDA,800,VFR-F V-TEC ABS,Routière / GT,2,0,0,0,1,1,1,1,1,1,1,41000,12,2,1,HONDA,600,CB-F S ABS,ROADSTER,2,4,4,22JUL1968,5,2,3,2,1,1,,NRP,,,,0,0,0,1,0,1,HONDA,800,VFR-F,Routière / GT,2,2008,28,1,2,20000,6,,,,,,,,,,,,,,,,,,,,,,,,,,,,,,,,,,,,,,,,,,,,,20000,3,4,,,,,,,,NRP,NRP,NRP,NRP,2007,NRP,NRP,1987,NRP,,,
752,4955,411,1,0,3,,,,,,0,3,,,,,,0,5,,,,,,0,4,,,,,,0,2,,,,,,1,4,2000,,,,,0,3,,,,,,0,4,,,,,,0,4,,,,,,0,4,,,,,,0,3,,,,,,0,3,,,,,,0,5,,,,,,0,3,,,,,,1,1,2,2010,,,,,la garenne colo,,,,,"Je suivais le flux de circulation en ville légèrement décalé à gauche. La voiture devant moi a pilé pour laisser une priorité à droite. J'ai pilé également. La voiture derrière moi a freiné trop tard et m'a percuté par l'arrière. Comme j'étais décalé à gauche, je n'ai pas percuté la voiture devant moi. Nous avons fait un constat.",,,,,0,0,6,3,13,1,71,15,2010,la garenne colo,2010,Autre(s) type(s) d'accident(s).,6,,,,,,,"Arrivant sur une priorité à droite, la voiture me précédant a fait un freinage appuyé. De ce fait, moi aussi. La voiture qui me suivait n'a pas freiné à temps et m'a percuté.","Aucun élément, aucune difficulté pour moi. J'étais à l'arrêt quand la voiture m'a tapé dans le pneu arrière.","Quand la voiture me suivant m'a percuté, j'ai tout lâché et j'ai été projeté avec la moto (qui s'est couchée)et j'ai fait une roulade par dessus la roue avant de la moto. Heureusement, j'étais décalé un peu à gauche dans le file, ce qui m'a permis d'éviter de toucher la voiture devant moi. Elle n'a pas été impliquée dans l'accident.","AUT|J'ai entendu un coup de frein derriere moi, mais je ne m'attendais pas à un choc.",1,"Oui, j'aurais pu avoir le réflexe de regarder dans le rétro à la fin du freinage appuyé, pour voir ce qui se passait derrière. Mais je ne crois pas que ça aurait changé quoi que ce soit. Ca c'est passé très vite.","Nous étions en ville, nous étions à moins de 40km/h, ce genre de situation arrive de temps en temps. Je ne me suis pas méfié.",,2,1,NSP,,NSP,1,"L'accident a eu lieu à cause d'une faute d'inattention du conducteur de la voiture derrière moi. Etant légèrement décalé à gauche, il aurait pu m'éviter en se déportant légèrement à droite.",2,9,,,,,la peur que ma moto soit en miettes :),,1,,,,,2,je ne m'attendais pas à me faire percuter,4,3,,,1,1,3,4,1,1,1,2,2,4,4,4,4,10,,,,,,,,,1,"AUT|laisser des priorités à droite, mal signalées sur des axes très fréquentés en ville aux heures de pointe.",,,,,,,,2,2,,2,1,2,1,0,80,0,20,0,2,,,,,,3,1,,,,1,,,,,,,,,,,1,1,1,2,0,35,1,10,2,3,4,7,,,,,4,4,4,4,4,4,DUCATI,1100,HYPERMOTARD,TRAIL / SUPERMOTARD,2,1,1,1,1,1,1,1,0,1,1,17000,11,4,1,DUCATI,620,MONSTER IE DARK,ROADSTER,null,4,3,09DEC1971,5,1,3,2,1,1,,NRP,,,,1,0,0,2,0,2,DUCATI,1100,HYPERMOTARD,TRAIL / SUPERMOTARD,2,2007,37,3,1,4000,7,HONDA,125,CB-TWIN (+ 15CV),ROADSTER,2,1983,37,2,2,2000,7,,,,,,,,,,,,,,,,,,,,,,,,,,,,,,,,,,6000,2,3,4,,,,,,,NRP,NRP,NRP,1990,2001,NRP,NRP,1990,NRP,,,
809,4959,178,1,0,5,,,,,,0,5,,,,,,0,6,,,,,,0,3,,,,,,1,4,1980,,,,,0,4,,,,,,0,4,,,,,,0,4,,,,,,2,4,2010,2014,,,,0,4,,,,,,0,5,,,,,,0,2,,,,,,0,2,,,,,,0,4,,,,,,1,2,5,1982,1988,,,,Aix en Provence,Caluire (69),,,,Chute sur autoroute en allant au Bol d'Or suite à l'éclatement de ma chambre à air. J'avais tapé un trottoir dans l'aire de repos de Lancin. Aujourd'hui, grâce aux pneus Tubeless cet accident n'aurais pas lieu. J'aurais pas un poignet amoché à cause de l'impacte sur le poteau de la barrière de sécurité et mon passager n'aurait pas eu une entorse des cervicales sur ces même poteaux.,"Un motard qui perd le contrôle de sa moto dans un virage à gauche. J'arrive en face, la moto percute le trottoir, s'envole, traverse la route et me retombe dessus. Un coup de frein du désespoir nous empêche, ma femme et moi, de prendre la moto sur la tête. Cette dernière est tombée sur ma roue avant. Le choc à été violent mais ni ma femme ni moi avons été blessé gravement, juste un poignet pour ma femme. Le conducteur de l'autre moto n'a eu que des brûlures. Il est passé entre une borne d'incendie et une rangée d'arbre. Heureusement pour lui il n'a rien touché. Les gens de la Mut de Lyon doivent encore se souvenir de cette accident... spectaculaire.",,,,2,0,2,1,32,1,21,5,1980,,1980,Vous circuliez sur un axe prioritaire. Un véhicule venant dun axe non prioritaire vous a coupé la route.,4,,,,,,,"Je roulais à l'époque avec une 125 Suzuki GT. A 100m de mon travail une voiture à grillé un stop. C'était humide et j'ai perdu l'avant au freinage. J'ai percuté la voiture à l'arrière, vers la roue. J'ai fait un joli saut périlleux et je suis retombé sur mes jambes. Le problème c'est que j'ai touché le guidon avec le genou qui à cassé. Lors de la réception ma jambe est partie sur le côté. J'ai cru que c'était le genou qui c'était déboîté mais en fait la fracture était en dessous du genou. J'ai été horrifié par la vue de ma jambe, je n'ai pu m'empêcher de la remettre en place. Cela a été une erreur puisque ni les pompiers ni les médecins ne me croirons par la suite. Le frein avant était surdimensionné, identique à la 380 GT, et les pneus était de très mauvaise qualité. Lorsque j'ai eu une grosse cylindrée je me suis rendu compte que dans la même situation j'aurais pu m'en sortir.","Je me souviens avoir doublé une voiture au rond point qui ce trouvait 200m avant le lieu de l'accident, le conducteur aura été mon témoin d'ailleurs. Il y avait une voiture qui attendait au stop, attendant que je passe, un R5 verte avec 3 filles à bord. Un véhicule est arrivée et à doublée cette voiture par la droite. J'ai cru qu'elle allait tourné, et donc s'arrêter mais en fait elle est passée, ne marquant pas le stop. C'était trop tard. J'ai pris le frein avant, le pneu à perdu l'adhérence. La moto s'est inclinée et j'ai tapé la voiture.","J'étais en train d'accélérer, je venais de passer la deuxième, avait remis gaz. J'étais à peine à 50kms/h et instantanément j'ai sauté sur les freins.J'ai pas eu le temps d'avoir peur tellement ça a été vite.",2,1,Ce que je fais maintenant. J'aurais du ralentir lorsque j'ai vu la voiture doublée par la droite le véhicule qui attendait pour me laisser passer.,"Par manque d'expérience. Et pis quand on a 18 ans, rien ne peut nous arriver.",,2,1,2,,Il était en retard au travail.C'est ce qu'il a dit au gendarmes.,1,. Il devait s'arrêter d'autant qu'à l'époque le feux de croisement était déjà obligatoire et allumé lors de l'accident. Il m'avait vu et je n'allais pas vite.,6,,,,,,,,,,,,1,,J'avais tout fait pour m'arrêter avant l'impact mais ça ne marchait pas d'autant que je ne m'attendais pas à bloquer la roue avant. Malgré un relâché de frein c'était trop tard. Il ne me restait plus qu'à me préparer au choc.,1,3,,,2,1,4,3,1,1,1,1,1,1,4,4,4,5,,,,,,,,,2,,,,,,,,,2,2,,2,1,1,2,0,100,0,0,0,2,,,,,,2,2,,,,2,1,7,,,,,,,1,1,1,AUT|Village,1,1,0,40,1,11,,,,,,,,,4,4,4,4,4,4,SUZUKI,125,GT125X4 (+15CV),ROADSTER,2,1,1,1,1,1,1,1,1,1,1,10000,NSP,2,1,FANTIC MOTOR,50,CABALLERO 6M,TRAIL / SUPERMOTARD,2,3,4,26APR1962,5,1,3,2,2,2,1,NRP,,,,2,0,0,3,0,3,SUZUKI,750,GSX-R,SPORTIVE,2,2002,37,2,1,10000,7,SUZUKI,750,GSX-R,SPORTIVE,2,2000,37,4,1,1000,7,YAMAHA,125,TY,"TOUT TERRAIN (TRIAL, ENDURO, CROSS)",2,1977,41,4,1,200,7,,,,,,,,,,,,,,,,,,,,,,,11200,3,4,,,,,,,,NRP,NRP,NRP,NRP,1982,NRP,NRP,1980,NRP,,