Ligne,Ligne Q qualif,Ligne approfondissement Accident,ACCIDENT,NBACC1,ACCFREQUENCE1,ANNEEACC1_1,ANNEEACC1_2,ANNEEACC1_3,ANNEEACC1_4,ANNEEACC1_5,NBACC2,ACCFREQUENCE2,ANNEEACC2_1,ANNEEACC2_2,ANNEEACC2_3,ANNEEACC2_4,ANNEEACC2_5,NBACC3,ACCFREQUENCE3,ANNEEACC3_1,ANNEEACC3_2,ANNEEACC3_3,ANNEEACC3_4,ANNEEACC3_5,NBACC4,ACCFREQUENCE4,ANNEEACC4_1,ANNEEACC4_2,ANNEEACC4_3,ANNEEACC4_4,ANNEEACC4_5,NBACC5,ACCFREQUENCE5,ANNEEACC5_1,ANNEEACC5_2,ANNEEACC5_3,ANNEEACC5_4,ANNEEACC5_5,NBACC6,ACCFREQUENCE6,ANNEEACC6_1,ANNEEACC6_2,ANNEEACC6_3,ANNEEACC6_4,ANNEEACC6_5,NBACC7,ACCFREQUENCE7,ANNEEACC7_1,ANNEEACC7_2,ANNEEACC7_3,ANNEEACC7_4,ANNEEACC7_5,NBACC8,ACCFREQUENCE8,ANNEEACC8_1,ANNEEACC8_2,ANNEEACC8_3,ANNEEACC8_4,ANNEEACC8_5,NBACC9,ACCFREQUENCE9,ANNEEACC9_1,ANNEEACC9_2,ANNEEACC9_3,ANNEEACC9_4,ANNEEACC9_5,NBACC10,ACCFREQUENCE10,ANNEEACC10_1,ANNEEACC10_2,ANNEEACC10_3,ANNEEACC10_4,ANNEEACC10_5,NBACC11,ACCFREQUENCE11,ANNEEACC11_1,ANNEEACC11_2,ANNEEACC11_3,ANNEEACC11_4,ANNEEACC11_5,NBACC12,ACCFREQUENCE12,ANNEEACC12_1,ANNEEACC12_2,ANNEEACC12_3,ANNEEACC12_4,ANNEEACC12_5,NBACC13,ACCFREQUENCE13,ANNEEACC13_1,ANNEEACC13_2,ANNEEACC13_3,ANNEEACC13_4,ANNEEACC13_5,NBACC14,ACCFREQUENCE14,ANNEEACC14_1,ANNEEACC14_2,ANNEEACC14_3,ANNEEACC14_4,ANNEEACC14_5,AUTRESACC,NBAUTRESACC,TOTAL_AC,ANNEEAUTREACC1,ANNEEAUTREACC2,ANNEEAUTREACC3,ANNEEAUTREACC4,ANNEEAUTREACC5,LIEUAUTREACC1,LIEUAUTREACC2,LIEUAUTREACC3,LIEUAUTREACC4,LIEUAUTREACC5,DESCRIPTIONAUTRESACC1,DESCRIPTIONAUTRESACC2,DESCRIPTIONAUTRESACC3,DESCRIPTIONAUTRESACC4,DESCRIPTIONAUTRESACC5,NBAUTRESACCCIRCUIT,NBAUTRESTOUTTERRAIN,EXPCYCLO,EXP125,EXPSUP125,ACCORDNEXTQ,CHOIXACC,RGPMTACC,RECUPANNEE,RECUPLIEU,RECUPANNE,RGPMTAC,CHOIX1,CHOIX2,CHOIX3,CHOIX4,CHOIX5,CHOIX6,CHOIX7,DESCRIPTION,RUPTURE,FAITS,ABS_REACTION,AUTRE_REACTION,PRECISIONREACTIONOUI,RECUL,PRECISIONREACTIONNON,IMPACTCOMPORTEMENT,AUTREUSAGER,REACTIONAUTREUSAGER,CONNAISSANCEREACTIONUSAGER,DIFFICULTES,AGGRAVATION,DIFFICULTES2,EMOTIONS1,EMOTIONS2,EMOTIONS3,EMOTIONS4,EMOTIONS5,EMOTIONS6,AUTRESENTIMENT,CLASSEMENTEMOTIONS1,CLASSEMENTEMOTIONS,CLASSEMENTEMOTIONS5,CLASSEMENTEMOTIONS6,CLASSEMENTEMOTIONS7,CLASSEMENTEMOTIONS8,CLASSEMENTEMOTIONS9,EXPLICATIONRESSENTI,BIENEQUIPE,ALLURE,ALLUREVITEDETAIL,ALLURELENTEDETAIL,SITUATIONPRESSE,SITUATIONDISTRAIT,SITUATIONCONFIANT,SITUATIONCONTROLE,SITUATIONLUDIQUE,SITUATIONPERF,SITUATIONSTRESS,SITUATIONFATIGUE,HUMEURNEUTRE,HUMEURGAI,HUMEURMECONTENT,HUMEURTRISTE,HUMEURCOLERE,CONTRIBUTION1,CONTRIBUTION2,CONTRIBUTION3,CONTRIBUTION4,CONTRIBUTION5,CONTRIBUTION6,CONTRIBUTION7,CONTRIBUTION8,CONTRIBUTION9,ROLEINFRA,ELEMENTINFRA1,ELEMENTINFRA2,ELEMENTINFRA3,ELEMENTINFRA4,ELEMENTINFRA5,ELEMENTINFRA6,ELEMENTINFRA7,ELEMENTINFRA8,ELEMENTINFRA9,ALCOOL,TXALCOOL,STUP,SEMAINE,MOMENTJOURNEE,TEMPS,CAUSEACC1,CAUSEACC2,CAUSEACC3,CAUSEACC4,CAUSEACC5,FORMATIONCAUSE,FORMATION1,FORMATION2,FORMATION3,FORMATION4,FORMATION5,TRAFIC,CHAUSSEE1,CHAUSSEE2,CHAUSSEE3,CHAUSSEE4,TYPEACC,BLESSURE,TETE,COU,THORAX,MEMBRESSUP,COLONNE,BASSIN,MEMBRESINF,HOPITAL,PLUS24H,TRAJET,TYPEROUTE,MOTIF,SENSTRAJET,PASSAGER,VITESSE,DESCEQ1,DESCEQ2,DESCEQ3,DESCEQ4,DESCEQ5,DESCEQ6,DESCEQ7,DESCEQ8,DESCEQ9,DESCEQ10,VEHICULEETE,VEHICULEAUTOMNE,VEHICULEPRINTEMPS,VEHICULEHIVER,VEHICULESEMAINE,VEHICULEWE,VEHMARQUE,VEHCYLINDREE,VEHMODELE,VEHSEGMENT,VEHSIDE,EQ2RMABS,EQ2RMCBS,EQ2RMABSCBS,EQ2RMREGULATEUR,EQ2RMLIMITEUR,EQ2RMPHARESDIRECT,EQ2RMCOUPURE,EQ2RMANTIPATINAGE,EQ2RMANTIXHEELING,EQ2RMSTABILILTE,VEHKM,POINTS,DUREE,AUTRE2RM,VEHPRECMARQUE,VEHPRECCYLINDREE,VEHPRECMODELE,VEHPRECSEGMENT,VEHPRECSIDE,TEMPS2RMPREC,FREQVEHPREC,DATE_NAISS,CSP,SOCIETAIRE,SALARIE,SECTEUR2RM,NBPERSFOYER,SITFAM,NBENF,TRNBENF1,TRNBENF2,TRNBENF3,TRNBENF4,NBAUTOFOYER,NBCYCLOFOYER,NBSCOOTFOYER,NBMOTOFOYER,NBTRIKEFOYER,NB2RMCONDUIT,MARQUE1,CYLINDREE1,MODELE1,SEGMENT1,SIDE1,ANMISECIRCU1,ASS1,FREQ1,USAGE1,NBKM1,GARAGE1,MARQUE2,CYLINDREE2,MODELE2,SEGMENT2,SIDE2,ANMISECIRCU2,ASS2,FREQ2,USAGE2,NBKM2,GARAGE2,MARQUE3,CYLINDREE3,MODELE3,SEGMENT3,SIDE3,ANMISECIRCU3,ASS3,FREQ3,USAGE3,NBKM3,GARAGE3,MARQUE4,CYLINDREE4,MODELE4,SEGMENT4,SIDE4,ANMISECIRCU4,ASS4,FREQ4,USAGE4,NBKM4,GARAGE4,MARQUE5,CYLINDREE5,MODELE5,SEGMENT5,SIDE5,ANMISECIRCU5,ASS5,FREQ5,USAGE5,NBKM5,GARAGE5,NBKMTOT,PERMIS1,PERMIS2,PERMIS3,PERMIS4,PERMIS5,PERMIS6,PERMIS7,PERMIS8,PERMIS9,ANPERMIS1,ANPERMIS6,ANPERMIS7,ANPERMIS2,ANPERMIS3,ANPERMIS8,ANPERMIS9,ANPERMIS4,ANPERMIS5,,,
443,4962,42,1,0,4,,,,,,0,5,,,,,,0,4,,,,,,0,3,,,,,,1,5,2014,,,,,0,3,,,,,,0,4,,,,,,0,4,,,,,,1,4,1993,,,,,0,5,,,,,,0,3,,,,,,0,3,,,,,,0,4,,,,,,0,5,,,,,,0,,2,,,,,,,,,,,,,,,,,,3,1,31,1,21,5,2014,,2014,Vous circuliez sur un axe prioritaire. Un véhicule venant dun axe non prioritaire vous a coupé la route.,3,,,,,,,"la condutrice a grille le stop a 70 klm avec le telephone a l;oreille.elle ma percute a l,arriere droit pour finir ca cource dans la voiture qui arrrive en face",voiture devant moi et voiture en face impossible de faire un evittement,NRP,3,0,,,pas vu venir,2,1,1,1,NSP,2,il a freiner pour eviter le plus possible le choc,7,,,,,,,,,,,,,,,3,4,,,1,1,2,4,3,1,1,1,2,2,4,4,4,10,,,,,,,,,1,2,,,,,,,,2,2,,2,1,1,1,0,90,0,10,0,2,,,,,,2,1,,,,2,1,1,2,4,7,,,,1,1,2,2,1,1,0,10,1,2,3,4,7,9,,,,,4,4,4,4,4,4,KAWASAKI,1400,GTR GRAND TOURER,Routière / GT,2,0,0,0,1,1,1,0,0,0,1,52000,12,3,1,BMW,1200,R1200R,ROADSTER,2,4,4,20MAY1964,7,2,3,2,4,4,2,NRP,,,,1,0,0,1,0,1,KAWASAKI,1400,GTR,Routière / GT,2,2010,28,1,2,25000,7,,,,,,,,,,,,,,,,,,,,,,,,,,,,,,,,,,,,,,,,,,,,,25000,4,3,,,,,,,,NRP,NRP,NRP,NRP,1985,NRP,NRP,1982,NRP,,,
766,4964,,1,0,5,,,,,,0,5,,,,,,0,5,,,,,,0,3,,,,,,0,6,,,,,,0,5,,,,,,0,3,,,,,,0,5,,,,,,0,4,,,,,,0,5,,,,,,0,3,,,,,,0,6,,,,,,0,5,,,,,,0,5,,,,,,0,,0,,,,,,,,,,,,,,,,,,2,2,7,1,,NRP,,,,,,,,,,,,,,,,,,,,,,,,,,,,,,,,,,,,,,,,,,,,,,,,,,,,,,,,,,,,,,,,,,,,,,,,,,,,,,,,,,,,,,,,,,,,,,,,,,,,,,,,,,,,,,,,,,,,,,,,,,,,,,,,,,,,,,,,,,,,,,,,,,,,,,,,,,,,,,,07NOV1957,7,1,3,2,2,3,,NRP,,,,1,0,0,1,0,1,BMW,800,F800GS,TRAIL / SUPERMOTARD,2,2011,37,1,1,8000,7,,,,,,,,,,,,,,,,,,,,,,,,,,,,,,,,,,,,,,,,,,,,,8000,4,3,,,,,,,,NRP,NRP,NRP,NRP,2007,NRP,NRP,1976,NRP,,,
1303,4968,,1,0,2,,,,,,0,4,,,,,,0,2,,,,,,0,1,,,,,,0,3,,,,,,0,3,,,,,,0,2,,,,,,0,1,,,,,,0,2,,,,,,0,3,,,,,,0,5,,,,,,0,6,,,,,,0,3,,,,,,0,3,,,,,,1,1,1,2000,,,,,St. Ouen,,,,,J'étais à l'arrêt pour respecter un feu tricolore au rouge. Un véhicule et venu par l'arrière sur mon côté gauche et ma roulé sur le pied. Le conducteur du véhicule était au téléphone.,,,,,0,0,2,0,15,1,71,15,2000,St. Ouen,,,,,,,,,,,,,,,,,,,,,,,,,,,,,,,,,,,,,,,,,,,,,,,,,,,,,,,,,,,,,,,,,,,,,,,,,,,,,,,,,,,,,,,,,,,,,,,,,,,,,,,,,,,,,,,,,,,,,,,,,,,,,,,,,,,,,,,,,,,,,,,,,,,,,,,,,,,,,23JAN1970,7,1,3,2,5,4,3,NRP,,,,2,1,0,1,0,1,MV AGUSTA,1000,F4,SPORTIVE,2,2010,37,2,2,6000,7,,,,,,,,,,,,,,,,,,,,,,,,,,,,,,,,,,,,,,,,,,,,,6000,3,4,,,,,,,,NRP,NRP,NRP,NRP,1988,NRP,NRP,1991,NRP,,,
1438,4971,,1,0,5,,,,,,0,6,,,,,,0,6,,,,,,0,4,,,,,,0,6,,,,,,0,6,,,,,,0,3,,,,,,0,3,,,,,,1,4,2014,,,,,0,6,,,,,,1,6,2014,,,,,0,4,,,,,,0,4,,,,,,0,3,,,,,,0,,2,,,,,,,,,,,,,,,,,,98,10,30,1,51,11,2014,,,,,,,,,,,,,,,,,,,,,,,,,,,,,,,,,,,,,,,,,,,,,,,,,,,,,,,,,,,,,,,,,,,,,,,,,,,,,,,,,,,,,,,,,,,,,,,,,,,,,,,,,,,,,,,,,,,,,,,,,,,,,,,,,,,,,,,,,,,,,,,,,,,,,,,,,,,,,,26AUG1968,5,1,3,2,2,3,,NRP,,,,2,0,1,1,0,2,HONDA,954,CBR-RR FIREBLADE,SPORTIVE,2,1998,37,4,1,10,7,PIAGGIO,500,X10 EXECUTIVE,SCOOTER,2,2013,37,1,2,10000,6,,,,,,,,,,,,,,,,,,,,,,,,,,,,,,,,,,10010,2,3,4,,,,,,,NRP,NRP,NRP,1988,1988,NRP,NRP,1988,NRP,,,
2142,4972,,0,,,,,,,,,,,,,,,,,,,,,,,,,,,,,,,,,,,,,,,,,,,,,,,,,,,,,,,,,,,,,,,,,,,,,,,,,,,,,,,,,,,,,,,,,,,,,,,,,,,,,,,,,,,,,,,,,,,,,,,,,,,,,,,,,,,,,,,,,,,,,,,,,,,,,,,,,,,,,,,,,,,,,,,,,,,,,,,,,,,,,,,,,,,,,,,,,,,,,,,,,,,,,,,,,,,,,,,,,,,,,,,,,,,,,,,,,,,,,,,,,,,,,,,,,,,,,,,,,,,,,,,,,,,,,,,,,,,,,,,,,,,12DEC1968,8,2,3,2,4,4,2,NRP,,,,1,0,0,1,0,1,HONDA,800,VFR-F,Routière / GT,2,2001,29,2,1,5000,7,,,,,,,,,,,,,,,,,,,,,,,,,,,,,,,,,,,,,,,,,,,,,5000,3,4,,,,,,,,NRP,NRP,NRP,NRP,1990,NRP,NRP,1987,NRP,,,
975,4974,202,1,0,5,,,,,,0,3,,,,,,0,4,,,,,,0,2,,,,,,1,6,NSP,,,,,0,4,,,,,,0,2,,,,,,0,4,,,,,,0,3,,,,,,0,4,,,,,,0,6,,,,,,0,1,,,,,,0,3,,,,,,0,5,,,,,,1,1,2,NSP,,,,,Vélizy,,,,,Une auto ne sais pas arrèté au stop et ma percuté j étais à vélo,,,,,0,0,6,5,26,1,71,15,,Vélizy,-1,Autre(s) type(s) d'accident(s).,1,5,,,,,,"Un trop grand pourcentage d automobiliste on aucune idée du risque causé par leur conduite pour un deux roues. Aucun contrôle pas de clignotant téléphone évaluation des distances etc......... La voiture permet trop de détente au volant et l'obtention par le premier abrutis du papier rose ,une vraie formation serait nécessaire.  Voila donc en ville une personne pressé a pas respecter un stop et ma couper la route et en esseyant de l'éviter je l'ai percuter et éjecté par au dessus.",",,,,,,,,?????????","Le véhicule ne ma pas vue donc lui rien, et moi le voyant j ai freiné et tous fait pour l'éviter , mais je me suis toujours dit que l autre allait s arrêter et que il n allait pas griller le stop.",NRP,0,,,Si rouler en voiture aussi au moins j aurais pas été blessé.,2,1,2,,NSP,1,Il avait l intention de grillé le stop puis de couper une ligne blanche pour éviter d'aller plus loin faire le tour d'un rond point pour récupérer la national,3,6,,,,,,,,1,,,2,,Le non respect du code de la route,3,3,,,1,3,3,4,4,1,1,2,4,3,4,4,4,10,,,,,,,,,1,4,AUT|Un muret empeche les infraction pas une ligne blanche pour gagner 3 minutes un automobiliste est près à vous tuer à ne pas respecter les marquages au sol,,,,,,,2,2,,2,1,1,1,0,100,0,0,0,2,,,,,,2,1,,,,2,1,2,4,7,,,,,1,0,1,1,3,,0,15,1,2,4,,,,,,,,3,3,3,1,1,1,PEUGEOT,50,103,ROADSTER,null,1,1,1,1,1,1,1,1,1,1,NSP,NSP,4,0,,,,,,,,23DEC1968,7,1,3,2,1,1,,NRP,,,,1,0,3,1,0,4,HONDA,1500,GOLD WING SE,Routière / GT,2,1993,37,3,1,2000,7,PIAGGIO,200,VESPA PX,SCOOTER,2,1998,37,4,1,1000,7,YAMAHA,500,T-MAX IE ABS,SCOOTER,2,2008,37,2,1,10000,7,GILERA,850,GP800,SCOOTER,2,2010,37,2,1,10000,7,,,,,,,,,,,,23000,3,4,,,,,,,,NRP,NRP,NRP,NRP,1991,NRP,NRP,1987,NRP,,,
604,4977,238,1,0,3,,,,,,1,5,1990,,,,,3,6,1991,1997,2004,,,0,5,,,,,,1,5,2006,,,,,1,4,2003,,,,,0,3,,,,,,0,4,,,,,,1,5,2009,,,,,0,5,,,,,,1,6,1989,,,,,0,4,,,,,,0,4,,,,,,0,5,,,,,,1,1,9,2004,,,,,Montrouge,,,,,"Le feu passe au vert la camion devant moi demarre puis freine brusquement, je freine et je me fais percuter par le vehicule derriere moi.",,,,,0,0,3,14,23,1,6,2,1990,,1990,Vous circuliez derrière un véhicule. Ce véhicule a ralenti. Vous avez entrepris de dépasser ce véhicule par la gauche et celui-ci vous a coupé la route en tournant à gauche (ou en effectuant un œ tour,6,,,,,,,"Les circonstances de cet accident sont somme toutes assez banales, 4 voitures suivaient un camion, je suppose depuis un certain temps déjà lorsque je suis arrivé derrière le 4ème véhicule en entrée d'un virage à droite. A la sortie de ce virage une opportunité de dépassement s'est présentée, j'ai donc mis mon clignotant, déboité et c'est au moment où j'arrivai au niveau de l'aile arrière gauche (100km/h environ) du véhicule me précédant que celui a déboité brusquement et m'a percuté avec celle-ci, ce qui vu la façon dont la moto s'est couchée sur le coté droit, a du, je suppose,  actionner mon frein avant. J'ai qualifié cet accident de banal, parce qu'il réunit toutes les conditions propices à ce qui s'est passé,  - véhicule lent qui ralentit et agace les usagers coincés derrière,  - moto pas forcément visible du fait de son arrivée derrière le véhicule dans un virage - vigilance altérée par la chaleur et l'énervement  Cette expérience (et l'âge) font que, depuis,je m'assure d'être vu dans le rétro avant d'entreprendre la moindre maneuvre. Je n'en veux pas au conducteur de la voiture en ce qui concerne l'accident à proprement dit, en revanche, ce qui m'a le plus agacé ainsi que les motards de la Police arrivés en premier sur les lieux de l'accident, c'est la mauvaise foi affichée par le conducteur concerné.",Tout est dans la réponse à la question précédente.,"Lorsque j'ai vu que le véhicule déboitait alors que j'étais en pleine accélération pour le dépasser, j'ai juste eu le temps de lâcher l'accélérateur avant que son aile arrière actionne mon frein avant.",NRP,0,,,"Vue la situation et la vitesse à laquelle les évènements se sont enchainés , aucune échappatoire n'était possible.",2,1,NSP,,"agacé car coincé derrière un camion, donc moins vigilant visibilité d'une moto en plein soleil",NSP,NSP,1,2,6,,,,,2,1,,,,3,,J'étais persuadé que le conducteur m'avait vu et entendu et je ne m'attendais pas du tout à ce qu'il fasse ce qu'il a fait.,2,3,,,2,1,3,4,2,1,1,2,1,4,4,4,4,5,,,,,,,,,2,,,,,,,,,2,2,,2,2,1,1,5,95,0,0,0,1,3,,,,,2,1,,,,2,1,4,,,,,,,1,0,3,2,3,,0,100,1,10,2,5,,,,,,,4,4,4,4,4,4,KAWASAKI,500,GPZ-S,Routière / GT,2,1,1,1,1,1,1,1,1,1,1,30000,12,3,1,YAMAHA,250,TDR,Routière / GT,2,4,4,15SEP1966,5,1,3,2,1,1,,NRP,,,,1,0,1,1,0,2,TRIUMPH,955,SPRINT ST,Routière / GT,2,1999,37,2,1,5000,4,APRILIA,125,HABANA,SCOOTER,2,2000,33,1,2,5000,1,,,,,,,,,,,,,,,,,,,,,,,,,,,,,,,,,,10000,3,4,,,,,,,,NRP,NRP,NRP,NRP,1986,NRP,NRP,1985,NRP,,,
234,4979,,0,,,,,,,,,,,,,,,,,,,,,,,,,,,,,,,,,,,,,,,,,,,,,,,,,,,,,,,,,,,,,,,,,,,,,,,,,,,,,,,,,,,,,,,,,,,,,,,,,,,,,,,,,,,,,,,,,,,,,,,,,,,,,,,,,,,,,,,,,,,,,,,,,,,,,,,,,,,,,,,,,,,,,,,,,,,,,,,,,,,,,,,,,,,,,,,,,,,,,,,,,,,,,,,,,,,,,,,,,,,,,,,,,,,,,,,,,,,,,,,,,,,,,,,,,,,,,,,,,,,,,,,,,,,,,,,,,,,,,,,,,,,02AUG1957,6,2,3,2,2,3,,NRP,,,,1,0,0,2,0,2,BMW,1200,R1200GS ADVENTURE ABS,TRAIL / SUPERMOTARD,2,2012,16,3,1,7000,7,BMW,1000,R100RS,Routière / GT,2,1976,31,3,1,1500,7,,,,,,,,,,,,,,,,,,,,,,,,,,,,,,,,,,8500,3,4,,,,,,,,NRP,NRP,NRP,NRP,1997,NRP,NRP,1976,NRP,,,
674,4984,462,1,0,5,,,,,,0,4,,,,,,0,5,,,,,,0,4,,,,,,0,5,,,,,,0,4,,,,,,0,3,,,,,,0,3,,,,,,0,3,,,,,,0,5,,,,,,0,5,,,,,,0,5,,,,,,0,3,,,,,,0,5,,,,,,1,2,2,2005,2011,,,,Clichy,Clichy,,,,Accident non responsable : Une voiture m'a percutée à l'arrière dans un rond-point.,Accident non responsable : je me suis arrêtée pour laisser passer des piétons sur passage cloutés. Une voiture m'a percutée à derrière car elle était au téléphone et ne m'a pas remarquée que je m'étais arrêtée.,,,,0,0,4,2,10,1,71,15,2005,Clichy,2005,Autre(s) type(s) d'accident(s).,2,,,,,,,C'est une voiture qui ne s'est pas arrêtée et m'a taper à l'arrière de la moto. Très vite les personnes qui sont en torts essaient de trouver des arguments contre le 2 roues. Les automobilistes pensent qu'on est toujours en faute de part notre façon de conduire. Ce qui n'est pas toujours le cas.,J'ai freiné pour laisser une voiture arrivant par la droite mais la voiture derrière n'avait pas anticipé la priorité à droite.,Je n'ai pas réagi car je n'ai pas pu voir qu'on me taperait par l'arrière. Je me suis retrouvée par terre sans comprendre sur le moment pourquoi.,3,0,,,Parce que j'étais focalisée sur la priorité à droite et pas sur ce qui se passait derrière moi.,2,1,NSP,,NSP,1,Il n'a pas été vigilant à son environnement,7,,,,,,,,,,,,,,,4,4,,,1,1,3,3,3,1,2,1,1,3,4,4,4,10,,,,,,,,,1,2,,,,,,,,2,2,,2,1,1,1,0,80,0,20,0,2,,,,,,3,1,,,,2,1,4,7,,,,,,1,0,1,1,1,1,0,0,1,2,3,4,7,9,,,,,4,4,4,4,4,2,KAWASAKI,750,Z 750-S IE,ROADSTER,2,1,1,1,1,1,1,1,1,1,1,15000,12,4,1,YAMAHA,600,FZ6-S FAZER,ROADSTER,2,4,4,12APR1970,5,1,3,2,3,4,1,NRP,,,,2,0,0,1,0,1,YAMAHA,800,FAZER8 ABS,ROADSTER,2,2010,37,3,2,12000,2,,,,,,,,,,,,,,,,,,,,,,,,,,,,,,,,,,,,,,,,,,,,,12000,3,4,,,,,,,,NRP,NRP,NRP,NRP,1988,NRP,NRP,2003,NRP,,,
91,4985,,1,0,3,,,,,,0,3,,,,,,0,3,,,,,,0,2,,,,,,1,5,NSP,,,,,0,3,,,,,,0,3,,,,,,0,3,,,,,,0,4,,,,,,0,3,,,,,,0,4,,,,,,0,4,,,,,,0,4,,,,,,2,6,NSP,2010,,,,1,1,4,NSP,,,,,nevers,,,,,un scooter conduit par un jeune inéxpérimenté (venait d'avoir le BSR) est venu de ma gauche pour me percuter je roulais à 25/30 à l'heure sur un parking le jeune s'est laissé entraîner par le scoot,,,,,0,0,5,4,30,0,,NRP,,,,,,,,,,,,,,,,,,,,,,,,,,,,,,,,,,,,,,,,,,,,,,,,,,,,,,,,,,,,,,,,,,,,,,,,,,,,,,,,,,,,,,,,,,,,,,,,,,,,,,,,,,,,,,,,,,,,,,,,,,,,,,,,,,,,,,,,,,,,,,,,,,,,,,,,,,,,,,,02APR1954,7,2,3,2,2,3,,NRP,,,,2,0,0,2,0,2,YAMAHA,1300,FJR ABS  AS,Routière / GT,2,2011,28,1,2,20000,7,SUZUKI,125,GN125D,CUSTOM,2,2004,28,3,2,500,7,,,,,,,,,,,,,,,,,,,,,,,,,,,,,,,,,,20500,3,4,,,,,,,,NRP,NRP,NRP,NRP,1979,NRP,NRP,1976,NRP,,,
870,4986,341,1,0,3,,,,,,0,5,,,,,,0,6,,,,,,0,3,,,,,,2,6,1997,2007,,,,0,5,,,,,,0,4,,,,,,0,3,,,,,,4,6,NSP,NSP,NSP,NSP,,0,3,,,,,,0,4,,,,,,0,4,,,,,,1,4,1993,,,,,0,4,,,,,,0,,7,,,,,,,,,,,,,,,,,,3,0,22,1,21,5,1997,,1997,Vous circuliez sur un axe prioritaire. Un véhicule venant dun axe non prioritaire vous a coupé la route.,2,,,,,,,la voiture (un 90 au cu de puis 15 jours) n' a pas fait son ceder le passage car presse a aller passer son bac moi j'ai glisser sur 20 métres jambe bloque sous la moto . ce s'ai passer dans mon village au mois de juin,"pas de temps de reagir car il a grier le ceder de passage, j'ai ete a 2 metre de lui",rien pus faire car surpris que la voiture n'aller pas faire son ceder de passage,1,0,,,car 2 metre est vite parcouru mais à 50Km/h,2,1,1,AUT|arreter,il ont soulever la moto qui bloquer ma jambe des gens dans les maison on appeler la gendarmerie,2,NSP,2,5,6,,,,,,1,,,2,3,,NRP,4,3,,,1,1,1,1,1,1,1,1,1,2,4,4,4,10,,,,,,,,,1,2,,,,,,,,2,2,,2,1,1,1,0,100,0,0,0,NSP,,,,,,3,1,,,,2,1,7,,,,,,,0,,1,1,1,1,0,45,1,2,3,5,,,,,,,4,4,4,4,4,4,YAMAHA,600,XT,TRAIL / SUPERMOTARD,2,1,1,1,1,1,1,1,1,2,1,NSP,NSP,2,0,,,,,,,,15OCT1973,7,1,3,2,1,1,,NRP,,,,1,0,1,1,0,2,HARLEY-DAVIDSON,883,SPORTSTER,ROADSTER,2,1997,37,1,2,7500,7,YAMAHA,250,X-CITY PACK,SCOOTER,2,2007,37,1,2,7500,7,,,,,,,,,,,,,,,,,,,,,,,,,,,,,,,,,,15000,2,3,4,,,,,,,NRP,NRP,NRP,1992,1992,NRP,NRP,1994,NRP,,,
493,4987,,0,,,,,,,,,,,,,,,,,,,,,,,,,,,,,,,,,,,,,,,,,,,,,,,,,,,,,,,,,,,,,,,,,,,,,,,,,,,,,,,,,,,,,,,,,,,,,,,,,,,,,,,,,,,,,,,,,,,,,,,,,,,,,,,,,,,,,,,,,,,,,,,,,,,,,,,,,,,,,,,,,,,,,,,,,,,,,,,,,,,,,,,,,,,,,,,,,,,,,,,,,,,,,,,,,,,,,,,,,,,,,,,,,,,,,,,,,,,,,,,,,,,,,,,,,,,,,,,,,,,,,,,,,,,,,,,,,,,,,,,,,,,25FEB1968,4,2,3,2,4,4,2,NRP,,,,1,1,0,2,0,2,KAWASAKI,650,ER-6  F  ABS,Routière / GT,2,2010,40,3,1,2000,7,HONDA,600,HORNET,ROADSTER,2,2011,40,3,1,2000,7,,,,,,,,,,,,,,,,,,,,,,,,,,,,,,,,,,4000,2,3,4,,,,,,,NRP,NRP,NRP,1986,2010,NRP,NRP,1986,NRP,,,
1979,4988,,1,0,2,,,,,,0,2,,,,,,0,3,,,,,,0,2,,,,,,1,3,1985,,,,,0,2,,,,,,0,3,,,,,,0,2,,,,,,1,3,1988,,,,,0,1,,,,,,0,3,,,,,,0,1,,,,,,0,3,,,,,,0,2,,,,,,0,,2,,,,,,,,,,,,,,,,,,2,2,33,1,21,5,1985,,,,,,,,,,,,,,,,,,,,,,,,,,,,,,,,,,,,,,,,,,,,,,,,,,,,,,,,,,,,,,,,,,,,,,,,,,,,,,,,,,,,,,,,,,,,,,,,,,,,,,,,,,,,,,,,,,,,,,,,,,,,,,,,,,,,,,,,,,,,,,,,,,,,,,,,,,,,,,31AUG1963,11,2,3,2,2,2,1,NRP,,,,1,0,0,1,0,1,YAMAHA,900,TDM,ROADSTER,2,2009,29,1,1,15000,7,,,,,,,,,,,,,,,,,,,,,,,,,,,,,,,,,,,,,,,,,,,,,15000,4,3,2,,,,,,,NRP,NRP,NRP,1979,1982,NRP,NRP,1984,NRP,,,