Ligne,Ligne Q qualif,Ligne approfondissement Accident,ACCIDENT,NBACC1,ACCFREQUENCE1,ANNEEACC1_1,ANNEEACC1_2,ANNEEACC1_3,ANNEEACC1_4,ANNEEACC1_5,NBACC2,ACCFREQUENCE2,ANNEEACC2_1,ANNEEACC2_2,ANNEEACC2_3,ANNEEACC2_4,ANNEEACC2_5,NBACC3,ACCFREQUENCE3,ANNEEACC3_1,ANNEEACC3_2,ANNEEACC3_3,ANNEEACC3_4,ANNEEACC3_5,NBACC4,ACCFREQUENCE4,ANNEEACC4_1,ANNEEACC4_2,ANNEEACC4_3,ANNEEACC4_4,ANNEEACC4_5,NBACC5,ACCFREQUENCE5,ANNEEACC5_1,ANNEEACC5_2,ANNEEACC5_3,ANNEEACC5_4,ANNEEACC5_5,NBACC6,ACCFREQUENCE6,ANNEEACC6_1,ANNEEACC6_2,ANNEEACC6_3,ANNEEACC6_4,ANNEEACC6_5,NBACC7,ACCFREQUENCE7,ANNEEACC7_1,ANNEEACC7_2,ANNEEACC7_3,ANNEEACC7_4,ANNEEACC7_5,NBACC8,ACCFREQUENCE8,ANNEEACC8_1,ANNEEACC8_2,ANNEEACC8_3,ANNEEACC8_4,ANNEEACC8_5,NBACC9,ACCFREQUENCE9,ANNEEACC9_1,ANNEEACC9_2,ANNEEACC9_3,ANNEEACC9_4,ANNEEACC9_5,NBACC10,ACCFREQUENCE10,ANNEEACC10_1,ANNEEACC10_2,ANNEEACC10_3,ANNEEACC10_4,ANNEEACC10_5,NBACC11,ACCFREQUENCE11,ANNEEACC11_1,ANNEEACC11_2,ANNEEACC11_3,ANNEEACC11_4,ANNEEACC11_5,NBACC12,ACCFREQUENCE12,ANNEEACC12_1,ANNEEACC12_2,ANNEEACC12_3,ANNEEACC12_4,ANNEEACC12_5,NBACC13,ACCFREQUENCE13,ANNEEACC13_1,ANNEEACC13_2,ANNEEACC13_3,ANNEEACC13_4,ANNEEACC13_5,NBACC14,ACCFREQUENCE14,ANNEEACC14_1,ANNEEACC14_2,ANNEEACC14_3,ANNEEACC14_4,ANNEEACC14_5,AUTRESACC,NBAUTRESACC,TOTAL_AC,ANNEEAUTREACC1,ANNEEAUTREACC2,ANNEEAUTREACC3,ANNEEAUTREACC4,ANNEEAUTREACC5,LIEUAUTREACC1,LIEUAUTREACC2,LIEUAUTREACC3,LIEUAUTREACC4,LIEUAUTREACC5,DESCRIPTIONAUTRESACC1,DESCRIPTIONAUTRESACC2,DESCRIPTIONAUTRESACC3,DESCRIPTIONAUTRESACC4,DESCRIPTIONAUTRESACC5,NBAUTRESACCCIRCUIT,NBAUTRESTOUTTERRAIN,EXPCYCLO,EXP125,EXPSUP125,ACCORDNEXTQ,CHOIXACC,RGPMTACC,RECUPANNEE,RECUPLIEU,RECUPANNE,RGPMTAC,CHOIX1,CHOIX2,CHOIX3,CHOIX4,CHOIX5,CHOIX6,CHOIX7,DESCRIPTION,RUPTURE,FAITS,ABS_REACTION,AUTRE_REACTION,PRECISIONREACTIONOUI,RECUL,PRECISIONREACTIONNON,IMPACTCOMPORTEMENT,AUTREUSAGER,REACTIONAUTREUSAGER,CONNAISSANCEREACTIONUSAGER,DIFFICULTES,AGGRAVATION,DIFFICULTES2,EMOTIONS1,EMOTIONS2,EMOTIONS3,EMOTIONS4,EMOTIONS5,EMOTIONS6,AUTRESENTIMENT,CLASSEMENTEMOTIONS1,CLASSEMENTEMOTIONS,CLASSEMENTEMOTIONS5,CLASSEMENTEMOTIONS6,CLASSEMENTEMOTIONS7,CLASSEMENTEMOTIONS8,CLASSEMENTEMOTIONS9,EXPLICATIONRESSENTI,BIENEQUIPE,ALLURE,ALLUREVITEDETAIL,ALLURELENTEDETAIL,SITUATIONPRESSE,SITUATIONDISTRAIT,SITUATIONCONFIANT,SITUATIONCONTROLE,SITUATIONLUDIQUE,SITUATIONPERF,SITUATIONSTRESS,SITUATIONFATIGUE,HUMEURNEUTRE,HUMEURGAI,HUMEURMECONTENT,HUMEURTRISTE,HUMEURCOLERE,CONTRIBUTION1,CONTRIBUTION2,CONTRIBUTION3,CONTRIBUTION4,CONTRIBUTION5,CONTRIBUTION6,CONTRIBUTION7,CONTRIBUTION8,CONTRIBUTION9,ROLEINFRA,ELEMENTINFRA1,ELEMENTINFRA2,ELEMENTINFRA3,ELEMENTINFRA4,ELEMENTINFRA5,ELEMENTINFRA6,ELEMENTINFRA7,ELEMENTINFRA8,ELEMENTINFRA9,ALCOOL,TXALCOOL,STUP,SEMAINE,MOMENTJOURNEE,TEMPS,CAUSEACC1,CAUSEACC2,CAUSEACC3,CAUSEACC4,CAUSEACC5,FORMATIONCAUSE,FORMATION1,FORMATION2,FORMATION3,FORMATION4,FORMATION5,TRAFIC,CHAUSSEE1,CHAUSSEE2,CHAUSSEE3,CHAUSSEE4,TYPEACC,BLESSURE,TETE,COU,THORAX,MEMBRESSUP,COLONNE,BASSIN,MEMBRESINF,HOPITAL,PLUS24H,TRAJET,TYPEROUTE,MOTIF,SENSTRAJET,PASSAGER,VITESSE,DESCEQ1,DESCEQ2,DESCEQ3,DESCEQ4,DESCEQ5,DESCEQ6,DESCEQ7,DESCEQ8,DESCEQ9,DESCEQ10,VEHICULEETE,VEHICULEAUTOMNE,VEHICULEPRINTEMPS,VEHICULEHIVER,VEHICULESEMAINE,VEHICULEWE,VEHMARQUE,VEHCYLINDREE,VEHMODELE,VEHSEGMENT,VEHSIDE,EQ2RMABS,EQ2RMCBS,EQ2RMABSCBS,EQ2RMREGULATEUR,EQ2RMLIMITEUR,EQ2RMPHARESDIRECT,EQ2RMCOUPURE,EQ2RMANTIPATINAGE,EQ2RMANTIXHEELING,EQ2RMSTABILILTE,VEHKM,POINTS,DUREE,AUTRE2RM,VEHPRECMARQUE,VEHPRECCYLINDREE,VEHPRECMODELE,VEHPRECSEGMENT,VEHPRECSIDE,TEMPS2RMPREC,FREQVEHPREC,DATE_NAISS,CSP,SOCIETAIRE,SALARIE,SECTEUR2RM,NBPERSFOYER,SITFAM,NBENF,TRNBENF1,TRNBENF2,TRNBENF3,TRNBENF4,NBAUTOFOYER,NBCYCLOFOYER,NBSCOOTFOYER,NBMOTOFOYER,NBTRIKEFOYER,NB2RMCONDUIT,MARQUE1,CYLINDREE1,MODELE1,SEGMENT1,SIDE1,ANMISECIRCU1,ASS1,FREQ1,USAGE1,NBKM1,GARAGE1,MARQUE2,CYLINDREE2,MODELE2,SEGMENT2,SIDE2,ANMISECIRCU2,ASS2,FREQ2,USAGE2,NBKM2,GARAGE2,MARQUE3,CYLINDREE3,MODELE3,SEGMENT3,SIDE3,ANMISECIRCU3,ASS3,FREQ3,USAGE3,NBKM3,GARAGE3,MARQUE4,CYLINDREE4,MODELE4,SEGMENT4,SIDE4,ANMISECIRCU4,ASS4,FREQ4,USAGE4,NBKM4,GARAGE4,MARQUE5,CYLINDREE5,MODELE5,SEGMENT5,SIDE5,ANMISECIRCU5,ASS5,FREQ5,USAGE5,NBKM5,GARAGE5,NBKMTOT,PERMIS1,PERMIS2,PERMIS3,PERMIS4,PERMIS5,PERMIS6,PERMIS7,PERMIS8,PERMIS9,ANPERMIS1,ANPERMIS6,ANPERMIS7,ANPERMIS2,ANPERMIS3,ANPERMIS8,ANPERMIS9,ANPERMIS4,ANPERMIS5,,,
291,5009,,1,0,3,,,,,,0,5,,,,,,0,4,,,,,,0,2,,,,,,0,5,,,,,,0,4,,,,,,0,3,,,,,,0,4,,,,,,1,5,1981,,,,,0,4,,,,,,0,4,,,,,,0,3,,,,,,0,4,,,,,,0,2,,,,,,0,,1,,,,,,,,,,,,,,,,,,0,4,4,1,41,9,1981,,,,,,,,,,,,,,,,,,,,,,,,,,,,,,,,,,,,,,,,,,,,,,,,,,,,,,,,,,,,,,,,,,,,,,,,,,,,,,,,,,,,,,,,,,,,,,,,,,,,,,,,,,,,,,,,,,,,,,,,,,,,,,,,,,,,,,,,,,,,,,,,,,,,,,,,,,,,,,14JUN1962,5,2,3,2,2,3,,NRP,,,,2,0,0,2,0,2,HONDA,1000,VARADERO,TRAIL / SUPERMOTARD,2,2006,16,2,1,12000,7,KTM,400,EXC MTT1,"TOUT TERRAIN (TRIAL, ENDURO, CROSS)",2,2006,16,3,1,500,7,,,,,,,,,,,,,,,,,,,,,,,,,,,,,,,,,,12500,2,3,4,,,,,,,NRP,NRP,NRP,1979,2010,NRP,NRP,1982,NRP,,,
1120,5011,363,1,0,3,,,,,,0,4,,,,,,0,4,,,,,,0,5,,,,,,0,4,,,,,,0,4,,,,,,0,5,,,,,,0,5,,,,,,1,4,2013,,,,,0,4,,,,,,0,5,,,,,,0,2,,,,,,0,4,,,,,,0,3,,,,,,1,1,2,2007,,,,,Rouen,,,,,"En repartant d'un Stop, en tournant à gauche, perte de contrôle, glissade et accident contre un véhicule en stationnement.",,,,,0,0,15,15,15,1,71,15,2007,Rouen,2007,Autre(s) type(s) d'accident(s).,2,,,,,,,"Bonjour, je roule avec une R 1150 Gs de chez BMW. Voilà trois que je roule avec cette moto. Ce jour là, la météo était bonne. Je sortais de mon travail et je devais déposer un document administratif. Pour rentrée chez moi je décide de passer par une route que je connaissais mais il y avais longtemps que je ne l'avais pas prise. Je m'aperçois rapidement que tout à changer. Quand j'arrive à l'endroit où j'ai eu mon accident,je suis à un stop. Connaissant la rue, je sais qu'il y a beaucoup de circulation et surtout que sa roule vite. Je prends le temps de bien regarder à droite et à gauche avant de m'engager à gauche. J'étais tellement focaliser sur la circulation dans la rue que j'ai omis de prendre un temps d'observation de l'état de la route. Quand j'ai tourné à gauche, à ce moment là, je m'aperçois qu'il y a un nid de poule. Etant lancé et en légère inclinaison je n'arrive pas à modifier ma trajectoire et là c'est  la chute. Comme c'est la première fois, je m'accroche au guidon et je donne par ce fait un coup de gaz. Quand la roue arrière de la moto touche le sol, la moto part en glissade puis s'arrête dans une voiture en stationnement.","Ce qui a fait basculer ma situation de conduite ""normale"" en accident,c'est le changement d'environnement et ma focalisation sur la circulation dans la rue. Du moins, c'est ce que je pense.",Ma réaction a été de m'accrocher au guidon et de tourner la poignée d'accélération.,NRP,1,"Si j'avais pris un temps d'observation de la route, j'aurais certainement modifier ma trajectoire et ainsi éviter la chute.",Je savais que la rue était dangereuse et je me suis tellement focaliser sur la circulation que je n'ai pas pris le temps de regarder l'état de la route.,,2,0,,,,,,9,,,,,,un sentiment de non maîtrise.,,,,,,,1,NRP,4,3,,,1,1,3,3,4,1,1,1,1,2,4,4,4,4,5,,,,,,,,1,5,,,,,,,,2,2,,2,1,1,1,50,0,0,50,0,2,,,,,,2,1,AUT|nid de poule,,,1,,,,,,,,,,,2,1,1,2,0,20,1,10,2,3,4,7,,,,,3,3,3,3,3,3,BMW,1150,R1150GS,TRAIL / SUPERMOTARD,2,1,1,1,1,1,0,1,1,1,1,8000,12,1,1,BMW,650,R65 RT,ROADSTER,2,4,3,29JUL1974,7,1,3,2,5,4,3,NRP,,,,1,1,0,2,0,3,BMW,1150,R1150GS,TRAIL / SUPERMOTARD,2,2002,37,2,1,2000,AUT|chez moi,BMW,650,R65 RT,ROADSTER,2,1987,37,4,1,1000,AUT|chez moi,MOTOBECANE,50,M7,NRP,2,1976,16,4,1,500,AUT|chez moi,,,,,,,,,,,,,,,,,,,,,,,3500,2,3,4,,,,,,,NRP,NRP,NRP,1995,2000,NRP,NRP,1995,NRP,,,
2211,5012,,1,0,4,,,,,,1,5,1989,,,,,0,5,,,,,,0,2,,,,,,0,4,,,,,,0,2,,,,,,0,5,,,,,,0,6,,,,,,2,3,1985,1988,,,,0,5,,,,,,0,3,,,,,,0,2,,,,,,0,4,,,,,,0,3,,,,,,1,1,4,1985,,,,,Arzon (56),,,,,"J'ai commencé le dépassement d'une voiture en ligne droite, à vitesse moyenne, mais sans regarder dans mon rétro : fatal error ! Le motard qui me suivait a fait de même, mais avec un petit temps d'avance et m'a doublé en même temps que la voiture. Il a touché ma roue avant : déséquilibre, chute et glissade pour moi, mais sans rien percuter ...Ouf !",,,,,0,0,3,4,32,1,71,15,1985,Arzon (56),,,,,,,,,,,,,,,,,,,,,,,,,,,,,,,,,,,,,,,,,,,,,,,,,,,,,,,,,,,,,,,,,,,,,,,,,,,,,,,,,,,,,,,,,,,,,,,,,,,,,,,,,,,,,,,,,,,,,,,,,,,,,,,,,,,,,,,,,,,,,,,,,,,,,,,,,,,,,08JAN1960,7,1,3,2,4,4,2,NRP,,,,4,0,0,2,0,2,TRIUMPH,955,SPEED TRIPLE,ROADSTER,2,2001,37,3,1,3000,7,BMW,900,R90S,Routière / GT,2,1996,37,4,1,1000,7,,,,,,,,,,,,,,,,,,,,,,,,,,,,,,,,,,4000,2,3,4,,,,,,,NRP,NRP,NRP,1978,1983,NRP,NRP,1978,NRP,,,
1456,5013,,0,,,,,,,,,,,,,,,,,,,,,,,,,,,,,,,,,,,,,,,,,,,,,,,,,,,,,,,,,,,,,,,,,,,,,,,,,,,,,,,,,,,,,,,,,,,,,,,,,,,,,,,,,,,,,,,,,,,,,,,,,,,,,,,,,,,,,,,,,,,,,,,,,,,,,,,,,,,,,,,,,,,,,,,,,,,,,,,,,,,,,,,,,,,,,,,,,,,,,,,,,,,,,,,,,,,,,,,,,,,,,,,,,,,,,,,,,,,,,,,,,,,,,,,,,,,,,,,,,,,,,,,,,,,,,,,,,,,,,,,,,,,03MAR1952,9,2,3,2,2,3,,NRP,,,,1,0,0,1,0,1,BMW,1200,R1200RT,Routière / GT,2,2010,28,1,1,15000,7,,,,,,,,,,,,,,,,,,,,,,,,,,,,,,,,,,,,,,,,,,,,,15000,3,4,,,,,,,,NRP,NRP,NRP,NRP,1974,NRP,NRP,1972,NRP,,,
2178,5014,,0,,,,,,,,,,,,,,,,,,,,,,,,,,,,,,,,,,,,,,,,,,,,,,,,,,,,,,,,,,,,,,,,,,,,,,,,,,,,,,,,,,,,,,,,,,,,,,,,,,,,,,,,,,,,,,,,,,,,,,,,,,,,,,,,,,,,,,,,,,,,,,,,,,,,,,,,,,,,,,,,,,,,,,,,,,,,,,,,,,,,,,,,,,,,,,,,,,,,,,,,,,,,,,,,,,,,,,,,,,,,,,,,,,,,,,,,,,,,,,,,,,,,,,,,,,,,,,,,,,,,,,,,,,,,,,,,,,,,,,,,,,,31MAY1969,7,1,3,2,5,4,3,NRP,,,,3,0,0,1,0,1,KAWASAKI,750,ZR-7 S,ROADSTER,2,2001,37,2,1,3500,7,,,,,,,,,,,,,,,,,,,,,,,,,,,,,,,,,,,,,,,,,,,,,3500,4,3,,,,,,,,NRP,NRP,NRP,NRP,1999,NRP,NRP,1987,NRP,,,
1859,5015,,1,1,6,1995,,,,,0,6,,,,,,0,6,,,,,,0,5,,,,,,0,6,,,,,,0,5,,,,,,0,3,,,,,,0,4,,,,,,0,3,,,,,,0,5,,,,,,0,6,,,,,,0,2,,,,,,0,4,,,,,,0,4,,,,,,0,,1,,,,,,,,,,,,,,,,,,0,5,35,1,1,1,1995,,,,,,,,,,,,,,,,,,,,,,,,,,,,,,,,,,,,,,,,,,,,,,,,,,,,,,,,,,,,,,,,,,,,,,,,,,,,,,,,,,,,,,,,,,,,,,,,,,,,,,,,,,,,,,,,,,,,,,,,,,,,,,,,,,,,,,,,,,,,,,,,,,,,,,,,,,,,,,23AUG1956,7,2,3,2,3,4,1,NRP,,,,1,0,1,2,0,4,YAMAHA,1200,V-MAX,CUSTOM,2,1990,29,3,1,1000,6,YAMAHA,600,FZS FAZER,ROADSTER,2,2001,29,1,2,9000,6,YAMAHA,125,CYGNUS,SCOOTER,2,2002,29,3,1,1500,6,YAMAHA,250,WR,"TOUT TERRAIN (TRIAL, ENDURO, CROSS)",2,2002,41,4,1,500,7,,,,,,,,,,,,12000,3,4,,,,,,,,NRP,NRP,NRP,NRP,1979,NRP,NRP,1975,NRP,,,
432,5017,235,1,0,4,,,,,,1,4,2011,,,,,0,4,,,,,,0,1,,,,,,0,3,,,,,,0,3,,,,,,0,2,,,,,,0,3,,,,,,0,2,,,,,,1,3,2004,,,,,0,4,,,,,,0,3,,,,,,0,3,,,,,,0,2,,,,,,0,,2,,,,,,,,,,,,,,,,,,4,2,9,1,6,2,2011,,2011,Vous circuliez derrière un véhicule. Ce véhicule a ralenti. Vous avez entrepris de dépasser ce véhicule par la gauche et celui-ci vous a coupé la route en tournant à gauche (ou en effectuant un œ tour,3,,,,,,,"Un matin d'août en ville, rendant à mon travail. Peu de circulation. Je suis une voiture (jeune conducteur), nous roulons à une allure réduite, la personne cherchant sa route. A l'approche d'une intersection (avec sens giratoire excentré sur notre gauche), la chaussée s'élargie pour passer à deux voies. L'automobiliste met son clignotant à droite. Je déboite sur la voie de gauche et, lorsque je suis à la hauteur de la conductrice, elle change finalement de direction et nous nous percutons.",La relative insouciance de la jeune conductrice qui vient cherhcer des amis pour partir en vacances. Ma confiance dans l'indication de son changement de trajectoire.,"Le changement de trajectoire du véhicule n'a pas été brusque. J'étais concentré sur ma propre trajectoire (abord d'une intersection). J'ai réagi lorsque le rétroviseur avant gauche du véhicule est entré dans mon champ de vision en tentant un évitement. L'impact n'a de ce fait pas été violent et je n'ai pas été déséquilibré, poursuivant ma trajectoire en ""frottant"" contre la portière du véhicule qui me déportait un peu plus sur la gauche. En revanche, le choc de ma main droite contre le rétroviseur à eu pour effet d'arracher celui-ci et de me casser un doigt. Je n'ai pas réussi : - A redresser à me replacer suffisamment sur la droite. - A freiner aussi fort que nécessaire (plus possible de tirer le levier). - A éviter le ""haricot"" qui a provoqué ma chute.  Je n'ai pas compris sur le coup comment j'avais pu me retrouver au sol... Je ne comprenais pas non plus pourquoi je saignais tant alors que je ne ressentais pas de douleur (elle est bien arrivée après !...). J'étais furieux après la conductrice puis me suis vite calmé quand je l'ai vu sortir (tardivement)de son véhicule en larmes et presque traumatisée (son père est lui-même motard). J'étais contrarié ne n'avoir pas su éviter cet accident ou être resté debout.",NRP,1,- Ce n'est pas parce qu'un conducteur annonce une manoeuvre qu'il va l'exécuter. j'aurais dû rester vigilant jusqu'à la fin du dépassement. - Plus d'espace entre le véhicule et moi aurait peut être permis une meilleur appréciation de la siuation tant par,"Soleil du mois d'août, personne sur la route, bien à l'heure pour aller au bureau, ambiance sereine. Tous les ingrédients était réunis pour rouler détendu. Je l'étais peut être un peu trop. Je n'avais par ailleurs pas encore été confronté à ce type de situation.",,2,1,2,,La conductrice n'a simplement pas pensé à contrôler dans son rétroviseur que je n'étais plus derrière mais à coté d'elle.,1,Un simple regard dans le rétroviseur et il n'y a pas d'accident.,2,3,,,,,,,1,2,,,,,"A ce moment précis, il était simplement impensable que j'entre en collision avec un véhicule qui prenait nue autre direction.",3,3,,,1,1,4,4,1,1,1,1,4,1,4,4,4,2,5,,,,,,,,2,,,,,,,,,2,2,,2,1,1,1,0,100,0,0,0,2,,,,,,1,1,,,,2,1,4,,,,,,,0,,1,1,1,1,0,45,1,2,3,4,7,,,,,,4,4,4,4,4,2,SUZUKI,650,GSX-F ABS,Routière / GT,2,0,1,1,1,1,1,1,1,1,1,3500,12,1,1,SUZUKI,650,BANDIT-S ABS,ROADSTER,2,4,4,22JAN1967,5,2,3,2,3,2,2,NRP,,,,1,0,0,1,0,1,SUZUKI,650,GSX-F,Routière / GT,2,2011,29,1,2,14000,6,,,,,,,,,,,,,,,,,,,,,,,,,,,,,,,,,,,,,,,,,,,,,14000,3,4,,,,,,,,NRP,NRP,NRP,NRP,2005,NRP,NRP,1986,NRP,,,
884,5018,316,1,0,5,,,,,,0,5,,,,,,0,4,,,,,,1,6,2010,,,,,0,4,,,,,,1,5,1990,,,,,0,2,,,,,,0,3,,,,,,0,4,,,,,,0,5,,,,,,0,6,,,,,,0,2,,,,,,0,3,,,,,,1,5,NSP,,,,,0,,3,,,,,,,,,,,,,,,,,,2,0,25,1,26,6,1990,,1990,Vous remontiez une file de véhicules par la gauche. Un véhicule de la file a laissé passer un autre véhicule venant dun autre axe non prioritaire. Ce dernier vous a coupé la route.,2,,,,,,,Erreur de ma part,Je n'ai anticipé l'eventualité q'un véhicule me coupe la route,tellement surpris que je n'ai rien pu faire l'autre usager est venu me voir,2,1,lorsque d'une remontée de file il faut anticiper toute éventualité,parce que j'ai mal observé le comportement des autres usagers,,2,1,2,,manque de visibilité,2,circulation trop dense pour capter un danger,2,6,,,,,,,2,,,,1,,je n'ai pas tenté de faire un évitement ni de freiner,3,1,3,,1,1,4,4,1,1,1,1,1,4,4,4,4,1,4,5,,,,,,,2,,,,,,,,,2,2,,2,1,1,1,70,30,0,0,0,1,1,3,,,,4,1,,,,1,,,,,,,,,,,2,1,3,,0,50,1,10,2,5,,,,,,,4,4,4,4,4,4,HONDA,600,XL-RM,TRAIL / SUPERMOTARD,2,1,1,1,1,1,1,1,1,1,1,NSP,NSP,3,0,,,,,,,,25OCT1963,7,2,3,2,1,1,,NRP,,,,0,0,0,1,0,1,HONDA,800,VFR-F V-TEC ABS,Routière / GT,2,2007,10,1,2,6000,6,,,,,,,,,,,,,,,,,,,,,,,,,,,,,,,,,,,,,,,,,,,,,6000,3,4,,,,,,,,NRP,NRP,NRP,NRP,1989,NRP,NRP,1981,NRP,,,
1589,5020,,1,0,5,,,,,,1,6,1976,,,,,1,5,1976,,,,,0,5,,,,,,0,5,,,,,,0,5,,,,,,0,4,,,,,,0,6,,,,,,1,5,1976,,,,,1,6,1976,,,,,0,6,,,,,,0,4,,,,,,0,4,,,,,,0,4,,,,,,0,,4,,,,,,,,,,,,,,,,,,3,0,42,1,11,3,1976,,,,,,,,,,,,,,,,,,,,,,,,,,,,,,,,,,,,,,,,,,,,,,,,,,,,,,,,,,,,,,,,,,,,,,,,,,,,,,,,,,,,,,,,,,,,,,,,,,,,,,,,,,,,,,,,,,,,,,,,,,,,,,,,,,,,,,,,,,,,,,,,,,,,,,,,,,,,,,27DEC1954,7,1,3,2,2,3,,NRP,,,,1,0,0,1,0,1,SUZUKI,1250,GSX-F GRAND TOURING EDITION,Routière / GT,2,2010,37,1,2,12000,7,,,,,,,,,,,,,,,,,,,,,,,,,,,,,,,,,,,,,,,,,,,,,12000,3,4,,,,,,,,NRP,NRP,NRP,NRP,1974,NRP,NRP,1973,NRP,,,
399,5021,,0,,,,,,,,,,,,,,,,,,,,,,,,,,,,,,,,,,,,,,,,,,,,,,,,,,,,,,,,,,,,,,,,,,,,,,,,,,,,,,,,,,,,,,,,,,,,,,,,,,,,,,,,,,,,,,,,,,,,,,,,,,,,,,,,,,,,,,,,,,,,,,,,,,,,,,,,,,,,,,,,,,,,,,,,,,,,,,,,,,,,,,,,,,,,,,,,,,,,,,,,,,,,,,,,,,,,,,,,,,,,,,,,,,,,,,,,,,,,,,,,,,,,,,,,,,,,,,,,,,,,,,,,,,,,,,,,,,,,,,,,,,,17JUN1961,12,2,3,2,2,3,,NRP,,,,2,0,0,2,0,1,YAMAHA,125,YB-R,ROADSTER,2,2011,29,3,1,1500,4,,,,,,,,,,,,,,,,,,,,,,,,,,,,,,,,,,,,,,,,,,,,,1500,4,,,,,,,,,NRP,NRP,NRP,NRP,NRP,NRP,NRP,1984,NRP,,,
442,5022,,0,,,,,,,,,,,,,,,,,,,,,,,,,,,,,,,,,,,,,,,,,,,,,,,,,,,,,,,,,,,,,,,,,,,,,,,,,,,,,,,,,,,,,,,,,,,,,,,,,,,,,,,,,,,,,,,,,,,,,,,,,,,,,,,,,,,,,,,,,,,,,,,,,,,,,,,,,,,,,,,,,,,,,,,,,,,,,,,,,,,,,,,,,,,,,,,,,,,,,,,,,,,,,,,,,,,,,,,,,,,,,,,,,,,,,,,,,,,,,,,,,,,,,,,,,,,,,,,,,,,,,,,,,,,,,,,,,,,,,,,,,,,14NOV1964,7,1,3,2,4,4,2,NRP,,,,2,2,0,1,0,1,KAWASAKI,1200,ZZR,Routière / GT,2,2003,37,3,1,4000,7,,,,,,,,,,,,,,,,,,,,,,,,,,,,,,,,,,,,,,,,,,,,,4000,2,3,4,,,,,,,NRP,NRP,NRP,1985,2008,NRP,NRP,1985,NRP,,,
92,5023,,1,0,3,,,,,,0,5,,,,,,1,5,1994,,,,,0,2,,,,,,0,4,,,,,,0,4,,,,,,0,2,,,,,,0,4,,,,,,0,4,,,,,,1,5,2000,,,,,0,4,,,,,,0,2,,,,,,0,3,,,,,,0,4,,,,,,0,,2,,,,,,,,,,,,,,,,,,0,1,20,1,11,3,1994,,,,,,,,,,,,,,,,,,,,,,,,,,,,,,,,,,,,,,,,,,,,,,,,,,,,,,,,,,,,,,,,,,,,,,,,,,,,,,,,,,,,,,,,,,,,,,,,,,,,,,,,,,,,,,,,,,,,,,,,,,,,,,,,,,,,,,,,,,,,,,,,,,,,,,,,,,,,,,12OCT1968,4,2,3,2,3,2,2,NRP,,,,1,0,0,1,0,1,HONDA,800,VFR-F,Routière / GT,2,2010,28,1,2,14000,5,,,,,,,,,,,,,,,,,,,,,,,,,,,,,,,,,,,,,,,,,,,,,14000,4,3,,,,,,,,NRP,NRP,NRP,NRP,1998,NRP,NRP,1987,NRP,,,
808,5025,,1,0,4,,,,,,0,4,,,,,,0,2,,,,,,0,1,,,,,,0,5,,,,,,0,2,,,,,,0,1,,,,,,0,4,,,,,,0,5,,,,,,0,4,,,,,,0,4,,,,,,0,2,,,,,,1,4,2012,,,,,0,2,,,,,,0,,1,,,,,,,,,,,,,,,,,,7,4,15,1,61,13,2012,,,,,,,,,,,,,,,,,,,,,,,,,,,,,,,,,,,,,,,,,,,,,,,,,,,,,,,,,,,,,,,,,,,,,,,,,,,,,,,,,,,,,,,,,,,,,,,,,,,,,,,,,,,,,,,,,,,,,,,,,,,,,,,,,,,,,,,,,,,,,,,,,,,,,,,,,,,,,,29DEC1961,5,2,3,2,2,3,,NRP,,,,2,0,0,1,0,1,KAWASAKI,1200,ZX-12R NINJA,SPORTIVE,2,2003,29,2,1,15000,7,,,,,,,,,,,,,,,,,,,,,,,,,,,,,,,,,,,,,,,,,,,,,15000,4,3,,,,,,,,NRP,NRP,NRP,NRP,2001,NRP,NRP,1985,NRP,,,
65,5027,,0,,,,,,,,,,,,,,,,,,,,,,,,,,,,,,,,,,,,,,,,,,,,,,,,,,,,,,,,,,,,,,,,,,,,,,,,,,,,,,,,,,,,,,,,,,,,,,,,,,,,,,,,,,,,,,,,,,,,,,,,,,,,,,,,,,,,,,,,,,,,,,,,,,,,,,,,,,,,,,,,,,,,,,,,,,,,,,,,,,,,,,,,,,,,,,,,,,,,,,,,,,,,,,,,,,,,,,,,,,,,,,,,,,,,,,,,,,,,,,,,,,,,,,,,,,,,,,,,,,,,,,,,,,,,,,,,,,,,,,,,,,,23AUG1981,11,1,3,2,4,5,0,NRP,,,,2,0,0,2,0,2,HONDA,500,CB  PC32A  MTT1,ROADSTER,2,1998,37,2,1,6000,7,HONDA,1000,CB 1000R,ROADSTER,2,2008,37,2,1,2000,7,,,,,,,,,,,,,,,,,,,,,,,,,,,,,,,,,,8000,3,4,,,,,,,,NRP,NRP,NRP,NRP,2004,NRP,NRP,1999,NRP,,,
1093,5028,,0,,,,,,,,,,,,,,,,,,,,,,,,,,,,,,,,,,,,,,,,,,,,,,,,,,,,,,,,,,,,,,,,,,,,,,,,,,,,,,,,,,,,,,,,,,,,,,,,,,,,,,,,,,,,,,,,,,,,,,,,,,,,,,,,,,,,,,,,,,,,,,,,,,,,,,,,,,,,,,,,,,,,,,,,,,,,,,,,,,,,,,,,,,,,,,,,,,,,,,,,,,,,,,,,,,,,,,,,,,,,,,,,,,,,,,,,,,,,,,,,,,,,,,,,,,,,,,,,,,,,,,,,,,,,,,,,,,,,,,,,,,,18DEC1949,7,1,3,2,2,3,,NRP,,,,1,0,1,0,0,1,APRILIA,125,SCARABEO GT,SCOOTER,2,1999,37,1,1,1700,7,,,,,,,,,,,,,,,,,,,,,,,,,,,,,,,,,,,,,,,,,,,,,1700,3,4,,,,,,,,NRP,NRP,NRP,NRP,1970,NRP,NRP,1972,NRP,,,