Ligne,Ligne Q qualif,Ligne approfondissement Accident,ACCIDENT,NBACC1,ACCFREQUENCE1,ANNEEACC1_1,ANNEEACC1_2,ANNEEACC1_3,ANNEEACC1_4,ANNEEACC1_5,NBACC2,ACCFREQUENCE2,ANNEEACC2_1,ANNEEACC2_2,ANNEEACC2_3,ANNEEACC2_4,ANNEEACC2_5,NBACC3,ACCFREQUENCE3,ANNEEACC3_1,ANNEEACC3_2,ANNEEACC3_3,ANNEEACC3_4,ANNEEACC3_5,NBACC4,ACCFREQUENCE4,ANNEEACC4_1,ANNEEACC4_2,ANNEEACC4_3,ANNEEACC4_4,ANNEEACC4_5,NBACC5,ACCFREQUENCE5,ANNEEACC5_1,ANNEEACC5_2,ANNEEACC5_3,ANNEEACC5_4,ANNEEACC5_5,NBACC6,ACCFREQUENCE6,ANNEEACC6_1,ANNEEACC6_2,ANNEEACC6_3,ANNEEACC6_4,ANNEEACC6_5,NBACC7,ACCFREQUENCE7,ANNEEACC7_1,ANNEEACC7_2,ANNEEACC7_3,ANNEEACC7_4,ANNEEACC7_5,NBACC8,ACCFREQUENCE8,ANNEEACC8_1,ANNEEACC8_2,ANNEEACC8_3,ANNEEACC8_4,ANNEEACC8_5,NBACC9,ACCFREQUENCE9,ANNEEACC9_1,ANNEEACC9_2,ANNEEACC9_3,ANNEEACC9_4,ANNEEACC9_5,NBACC10,ACCFREQUENCE10,ANNEEACC10_1,ANNEEACC10_2,ANNEEACC10_3,ANNEEACC10_4,ANNEEACC10_5,NBACC11,ACCFREQUENCE11,ANNEEACC11_1,ANNEEACC11_2,ANNEEACC11_3,ANNEEACC11_4,ANNEEACC11_5,NBACC12,ACCFREQUENCE12,ANNEEACC12_1,ANNEEACC12_2,ANNEEACC12_3,ANNEEACC12_4,ANNEEACC12_5,NBACC13,ACCFREQUENCE13,ANNEEACC13_1,ANNEEACC13_2,ANNEEACC13_3,ANNEEACC13_4,ANNEEACC13_5,NBACC14,ACCFREQUENCE14,ANNEEACC14_1,ANNEEACC14_2,ANNEEACC14_3,ANNEEACC14_4,ANNEEACC14_5,AUTRESACC,NBAUTRESACC,TOTAL_AC,ANNEEAUTREACC1,ANNEEAUTREACC2,ANNEEAUTREACC3,ANNEEAUTREACC4,ANNEEAUTREACC5,LIEUAUTREACC1,LIEUAUTREACC2,LIEUAUTREACC3,LIEUAUTREACC4,LIEUAUTREACC5,DESCRIPTIONAUTRESACC1,DESCRIPTIONAUTRESACC2,DESCRIPTIONAUTRESACC3,DESCRIPTIONAUTRESACC4,DESCRIPTIONAUTRESACC5,NBAUTRESACCCIRCUIT,NBAUTRESTOUTTERRAIN,EXPCYCLO,EXP125,EXPSUP125,ACCORDNEXTQ,CHOIXACC,RGPMTACC,RECUPANNEE,RECUPLIEU,RECUPANNE,RGPMTAC,CHOIX1,CHOIX2,CHOIX3,CHOIX4,CHOIX5,CHOIX6,CHOIX7,DESCRIPTION,RUPTURE,FAITS,ABS_REACTION,AUTRE_REACTION,PRECISIONREACTIONOUI,RECUL,PRECISIONREACTIONNON,IMPACTCOMPORTEMENT,AUTREUSAGER,REACTIONAUTREUSAGER,CONNAISSANCEREACTIONUSAGER,DIFFICULTES,AGGRAVATION,DIFFICULTES2,EMOTIONS1,EMOTIONS2,EMOTIONS3,EMOTIONS4,EMOTIONS5,EMOTIONS6,AUTRESENTIMENT,CLASSEMENTEMOTIONS1,CLASSEMENTEMOTIONS,CLASSEMENTEMOTIONS5,CLASSEMENTEMOTIONS6,CLASSEMENTEMOTIONS7,CLASSEMENTEMOTIONS8,CLASSEMENTEMOTIONS9,EXPLICATIONRESSENTI,BIENEQUIPE,ALLURE,ALLUREVITEDETAIL,ALLURELENTEDETAIL,SITUATIONPRESSE,SITUATIONDISTRAIT,SITUATIONCONFIANT,SITUATIONCONTROLE,SITUATIONLUDIQUE,SITUATIONPERF,SITUATIONSTRESS,SITUATIONFATIGUE,HUMEURNEUTRE,HUMEURGAI,HUMEURMECONTENT,HUMEURTRISTE,HUMEURCOLERE,CONTRIBUTION1,CONTRIBUTION2,CONTRIBUTION3,CONTRIBUTION4,CONTRIBUTION5,CONTRIBUTION6,CONTRIBUTION7,CONTRIBUTION8,CONTRIBUTION9,ROLEINFRA,ELEMENTINFRA1,ELEMENTINFRA2,ELEMENTINFRA3,ELEMENTINFRA4,ELEMENTINFRA5,ELEMENTINFRA6,ELEMENTINFRA7,ELEMENTINFRA8,ELEMENTINFRA9,ALCOOL,TXALCOOL,STUP,SEMAINE,MOMENTJOURNEE,TEMPS,CAUSEACC1,CAUSEACC2,CAUSEACC3,CAUSEACC4,CAUSEACC5,FORMATIONCAUSE,FORMATION1,FORMATION2,FORMATION3,FORMATION4,FORMATION5,TRAFIC,CHAUSSEE1,CHAUSSEE2,CHAUSSEE3,CHAUSSEE4,TYPEACC,BLESSURE,TETE,COU,THORAX,MEMBRESSUP,COLONNE,BASSIN,MEMBRESINF,HOPITAL,PLUS24H,TRAJET,TYPEROUTE,MOTIF,SENSTRAJET,PASSAGER,VITESSE,DESCEQ1,DESCEQ2,DESCEQ3,DESCEQ4,DESCEQ5,DESCEQ6,DESCEQ7,DESCEQ8,DESCEQ9,DESCEQ10,VEHICULEETE,VEHICULEAUTOMNE,VEHICULEPRINTEMPS,VEHICULEHIVER,VEHICULESEMAINE,VEHICULEWE,VEHMARQUE,VEHCYLINDREE,VEHMODELE,VEHSEGMENT,VEHSIDE,EQ2RMABS,EQ2RMCBS,EQ2RMABSCBS,EQ2RMREGULATEUR,EQ2RMLIMITEUR,EQ2RMPHARESDIRECT,EQ2RMCOUPURE,EQ2RMANTIPATINAGE,EQ2RMANTIXHEELING,EQ2RMSTABILILTE,VEHKM,POINTS,DUREE,AUTRE2RM,VEHPRECMARQUE,VEHPRECCYLINDREE,VEHPRECMODELE,VEHPRECSEGMENT,VEHPRECSIDE,TEMPS2RMPREC,FREQVEHPREC,DATE_NAISS,CSP,SOCIETAIRE,SALARIE,SECTEUR2RM,NBPERSFOYER,SITFAM,NBENF,TRNBENF1,TRNBENF2,TRNBENF3,TRNBENF4,NBAUTOFOYER,NBCYCLOFOYER,NBSCOOTFOYER,NBMOTOFOYER,NBTRIKEFOYER,NB2RMCONDUIT,MARQUE1,CYLINDREE1,MODELE1,SEGMENT1,SIDE1,ANMISECIRCU1,ASS1,FREQ1,USAGE1,NBKM1,GARAGE1,MARQUE2,CYLINDREE2,MODELE2,SEGMENT2,SIDE2,ANMISECIRCU2,ASS2,FREQ2,USAGE2,NBKM2,GARAGE2,MARQUE3,CYLINDREE3,MODELE3,SEGMENT3,SIDE3,ANMISECIRCU3,ASS3,FREQ3,USAGE3,NBKM3,GARAGE3,MARQUE4,CYLINDREE4,MODELE4,SEGMENT4,SIDE4,ANMISECIRCU4,ASS4,FREQ4,USAGE4,NBKM4,GARAGE4,MARQUE5,CYLINDREE5,MODELE5,SEGMENT5,SIDE5,ANMISECIRCU5,ASS5,FREQ5,USAGE5,NBKM5,GARAGE5,NBKMTOT,PERMIS1,PERMIS2,PERMIS3,PERMIS4,PERMIS5,PERMIS6,PERMIS7,PERMIS8,PERMIS9,ANPERMIS1,ANPERMIS6,ANPERMIS7,ANPERMIS2,ANPERMIS3,ANPERMIS8,ANPERMIS9,ANPERMIS4,ANPERMIS5,,,
2147,5085,,0,,,,,,,,,,,,,,,,,,,,,,,,,,,,,,,,,,,,,,,,,,,,,,,,,,,,,,,,,,,,,,,,,,,,,,,,,,,,,,,,,,,,,,,,,,,,,,,,,,,,,,,,,,,,,,,,,,,,,,,,,,,,,,,,,,,,,,,,,,,,,,,,,,,,,,,,,,,,,,,,,,,,,,,,,,,,,,,,,,,,,,,,,,,,,,,,,,,,,,,,,,,,,,,,,,,,,,,,,,,,,,,,,,,,,,,,,,,,,,,,,,,,,,,,,,,,,,,,,,,,,,,,,,,,,,,,,,,,,,,,,,,15MAR1966,7,2,3,2,7,4,5,NRP,,,,2,0,0,1,0,1,HONDA,600,TRANSALP,TRAIL / SUPERMOTARD,2,1990,40,3,1,5000,7,,,,,,,,,,,,,,,,,,,,,,,,,,,,,,,,,,,,,,,,,,,,,5000,3,4,,,,,,,,NRP,NRP,NRP,NRP,1985,NRP,NRP,1989,NRP,,,
1773,5087,,1,0,1,,,,,,0,5,,,,,,0,4,,,,,,0,2,,,,,,1,6,NSP,,,,,0,4,,,,,,0,5,,,,,,0,4,,,,,,0,2,,,,,,0,2,,,,,,0,5,,,,,,0,2,,,,,,0,2,,,,,,0,2,,,,,,0,,1,,,,,,,,,,,,,,,,,,2,1,33,1,21,5,0,,,,,,,,,,,,,,,,,,,,,,,,,,,,,,,,,,,,,,,,,,,,,,,,,,,,,,,,,,,,,,,,,,,,,,,,,,,,,,,,,,,,,,,,,,,,,,,,,,,,,,,,,,,,,,,,,,,,,,,,,,,,,,,,,,,,,,,,,,,,,,,,,,,,,,,,,,,,,,28MAY1963,7,2,3,2,4,4,2,NRP,,,,3,0,0,1,0,1,YAMAHA,1600,WILD STAR,CUSTOM,2,2003,2,3,1,5000,7,,,,,,,,,,,,,,,,,,,,,,,,,,,,,,,,,,,,,,,,,,,,,5000,2,3,4,,,,,,,NRP,NRP,NRP,1981,1984,NRP,NRP,1981,NRP,,,
1845,5088,,1,0,5,,,,,,0,5,,,,,,0,6,,,,,,0,4,,,,,,0,4,,,,,,0,4,,,,,,0,4,,,,,,1,5,2003,,,,,4,5,1973,1974,1974,2003,,0,3,,,,,,0,6,,,,,,0,4,,,,,,0,4,,,,,,1,5,1974,,,,,0,,6,,,,,,,,,,,,,,,,,,3,1,45,1,44,9,2003,,,,,,,,,,,,,,,,,,,,,,,,,,,,,,,,,,,,,,,,,,,,,,,,,,,,,,,,,,,,,,,,,,,,,,,,,,,,,,,,,,,,,,,,,,,,,,,,,,,,,,,,,,,,,,,,,,,,,,,,,,,,,,,,,,,,,,,,,,,,,,,,,,,,,,,,,,,,,,06JAN1952,5,2,3,2,2,3,,NRP,,,,2,0,0,1,1,2,SUZUKI,1200,BANDIT-S,ROADSTER,2,2006,28,3,1,4000,7,"inconnue, fabriqué en Allemagn",1100,inconnu,NRP,2,2000,25,4,1,1000,7,,,,,,,,,,,,,,,,,,,,,,,,,,,,,,,,,,5000,3,4,,,,,,,,NRP,NRP,NRP,NRP,1973,NRP,NRP,1970,NRP,,,
895,5089,371,1,0,4,,,,,,1,4,2007,,,,,0,2,,,,,,0,1,,,,,,0,5,,,,,,0,2,,,,,,0,2,,,,,,0,3,,,,,,0,3,,,,,,0,1,,,,,,0,4,,,,,,0,3,,,,,,0,4,,,,,,0,3,,,,,,0,,1,,,,,,,,,,,,,,,,,,3,5,30,1,6,2,2007,,2007,Vous circuliez derrière un véhicule. Ce véhicule a ralenti. Vous avez entrepris de dépasser ce véhicule par la gauche et celui-ci vous a coupé la route en tournant à gauche (ou en effectuant un œ tour,1,,,,,,,"sortie de ville (campagne); j'ai commencé à doubler lorsque la voiture a tournée à gauche, sans clignotant, pour rentrer dans une station essence située de l'autre coté de la chaussée. au moment de la manoeuvre de l'auto je me trouvais encore juste à l'arrière du véhicule qui roulait à env 50 km/h et moi guère plus vit; avec un freinage plus appuyé de ma part dès que j'ai vu la manoeuvre il est fort possible que je n'aurais pas heurté la voiture. j'étais quasi à l'arrêt au moment du choc","tourne à gauche sans clignotant; pas de vérification visuelle dans son rétroviseur, l'automobiliste a dit ne pas m'avoir vu bien j'ai roulé près de 2km derrière lui il faut noté qu'il a décidé de tourner au dernier moment;",lorsque le véhicule a tourné j'ai freiné en suivant sa trajectoire pour éviter l'impact, par contre mon freinage s'est fait en 2 temps > d'abord normal puis appuyé après env 2s le temps que je réalise que l'automobiliste tournait plutôt que se déportait par contre l'automobiliste n'a eu aucune réaction avant l'impact, à aucun moment avant ou pendant sa manoeuvre il s'est préoccupé de son environnement,2,1,un freinage d'urgence immédiat m'aurait probablement permis de m'arrêter à temps,"rien ne laissait voir que cette manoeuvre allait se produire l'automobiliste lui meme a manoeuvré ""sur un coup de tete""",,3,1,2,,aucune préoccupation de son environnement,NSP,aggraver non,6,,,,,,,,,,,,1,,"je suis sur les freins, presque à l'arrêt, mais ma moto s'arrête 30 à 50cm trop loin",4,3,,,2,2,4,3,3,1,1,2,1,4,4,4,4,5,,,,,,,,,2,,,,,,,,,2,2,,2,1,1,1,0,100,0,0,0,2,,,,,,1,1,,,,1,,,,,,,,,,,1,2,1,2,0,60,1,2,3,4,7,9,,,,,4,4,4,4,4,4,YAMAHA,850,TDM,ROADSTER,2,0,1,1,1,1,1,1,1,1,1,30000,12,4,1,YAMAHA,600,XTE,TRAIL / SUPERMOTARD,2,4,4,15APR1958,5,2,3,2,4,4,2,NRP,,,,3,0,0,1,0,1,YAMAHA,900,TDM,ROADSTER,2,2008,28,2,1,10000,AUT|sous sol,,,,,,,,,,,,,,,,,,,,,,,,,,,,,,,,,,,,,,,,,,,,,10000,3,4,,,,,,,,NRP,NRP,NRP,NRP,1978,NRP,NRP,1978,NRP,
1584,5090,,0,,,,,,,,,,,,,,,,,,,,,,,,,,,,,,,,,,,,,,,,,,,,,,,,,,,,,,,,,,,,,,,,,,,,,,,,,,,,,,,,,,,,,,,,,,,,,,,,,,,,,,,,,,,,,,,,,,,,,,,,,,,,,,,,,,,,,,,,,,,,,,,,,,,,,,,,,,,,,,,,,,,,,,,,,,,,,,,,,,,,,,,,,,,,,,,,,,,,,,,,,,,,,,,,,,,,,,,,,,,,,,,,,,,,,,,,,,,,,,,,,,,,,,,,,,,,,,,,,,,,,,,,,,,,,,,,,,,,,,,,,,,05AUG1984,7,2,3,2,2,3,,NRP,,,,1,0,0,2,0,1,HARLEY-DAVIDSON,883,SPORTSTER IRON,ROADSTER,2,2009,29,1,2,10000,7,,,,,,,,,,,,,,,,,,,,,,,,,,,,,,,,,,,,,,,,,,,,,10000,3,4,,,,,,,,NRP,NRP,NRP,NRP,2006,NRP,NRP,2004,NRP,,,
892,5091,,0,,,,,,,,,,,,,,,,,,,,,,,,,,,,,,,,,,,,,,,,,,,,,,,,,,,,,,,,,,,,,,,,,,,,,,,,,,,,,,,,,,,,,,,,,,,,,,,,,,,,,,,,,,,,,,,,,,,,,,,,,,,,,,,,,,,,,,,,,,,,,,,,,,,,,,,,,,,,,,,,,,,,,,,,,,,,,,,,,,,,,,,,,,,,,,,,,,,,,,,,,,,,,,,,,,,,,,,,,,,,,,,,,,,,,,,,,,,,,,,,,,,,,,,,,,,,,,,,,,,,,,,,,,,,,,,,,,,,,,,,,,,23JUN1965,5,1,3,2,1,1,,NRP,,,,0,0,1,0,0,1,MBK,125,FLAME-X,SCOOTER,2,2010,37,1,2,4200,1,,,,,,,,,,,,,,,,,,,,,,,,,,,,,,,,,,,,,,,,,,,,,4200,4,,,,,,,,,NRP,NRP,NRP,NRP,NRP,NRP,NRP,1983,NRP,,,
300,5092,336,1,0,6,,,,,,0,5,,,,,,0,6,,,,,,0,2,,,,,,0,5,,,,,,0,6,,,,,,0,2,,,,,,0,4,,,,,,1,4,1994,,,,,0,2,,,,,,0,6,,,,,,0,3,,,,,,0,4,,,,,,0,2,,,,,,1,1,2,2013,,,,,mont de marsan,,,,,"Un camion garé à contre sens à la sortie d'un virage en train de charger du bois. Freinage en courbe, empietement bas coté, chute (arrêt à 2 metres du camion)",,,,,0,0,4,0,22,1,71,15,2013,mont de marsan,2013,Autre(s) type(s) d'accident(s).,3,,,,,,,"Absence de signalisation d'un camion en train de charger du bois. Freinage glissade et chute. Bien qu'ayant chuté sans contact, les tords ont été reporté sur le camion. Super bien defendu par la mut. Cool.  Premier reflexe du chauffeur: vous arriviez comme un fou (il ne pouvait me voir et je roule en djebel de 1991). Petite mise au point ferme et fin des pourparlers.","La surprise (le camion était garé à la sortie du virage). La chute était innévitable. Ma vitesse raisonnable a évité que je me retrouve sous ses roues.  Obligé de freiner en virage (évitement quasi impossible), la moto s'est redressée et direction le fossé.",Décélération freinage tentative de garder l'équilibre chute demi salto choc sur la roue avant à plat (merci la dorsale) Pilote debout dans la foulée et inspection des lésions Défense du chauffeur (vous rouliez trop vite) Ma part (vous auriez pu signaler votre présence) relevage de la moto constat amiable,NRP,0,,,Effet de surprise et pas d'autre alternative que de freiner en urgence.,2,0,,,,,,2,9,,,,,"Apres la surprise, concentration pour éviter la chute. Ensuite colere (modérée). La peur n'est venu que le soir, au moment du coucher en revivant la situation. Nuit pourrie. en s'améliorant.",,1,,,,,2,"Se retrouver face à un camion en sortie de virage, celà surprend",4,3,,,1,1,4,4,4,1,1,1,1,4,4,4,4,10,,,,,,,,,2,,,,,,,,,2,2,,2,1,1,1,0,100,0,0,0,2,,,,,,1,1,,,,2,1,7,,,,,,,1,0,2,2,1,2,0,60,1,10,2,3,4,7,8,,,,3,2,2,2,3,2,SUZUKI,650,DR 650 RL DJEBEL,TRAIL / SUPERMOTARD,2,1,1,1,1,1,1,1,1,1,1,65000,12,4,1,BMW,650,F650 FUNDURO,TRAIL / SUPERMOTARD,2,4,2,09APR1968,7,1,3,2,5,4,3,NRP,,,,2,0,0,1,0,1,SUZUKI,650,DR 650 RL DJEBEL,TRAIL / SUPERMOTARD,2,1991,37,3,1,2500,AUT|Dans jardin privatif sous abri non clos,,,,,,,,,,,,,,,,,,,,,,,,,,,,,,,,,,,,,,,,,,,,,2500,3,4,,,,,,,,NRP,NRP,NRP,NRP,1993,NRP,NRP,1986,NRP,,,
2117,5094,,1,0,3,,,,,,0,3,,,,,,0,5,,,,,,0,3,,,,,,0,5,,,,,,0,3,,,,,,0,4,,,,,,1,5,2013,,,,,0,5,,,,,,0,5,,,,,,0,4,,,,,,0,3,,,,,,0,3,,,,,,0,3,,,,,,0,,1,,,,,,,,,,,,,,,,,,4,0,3,1,36,8,2013,,,,,,,,,,,,,,,,,,,,,,,,,,,,,,,,,,,,,,,,,,,,,,,,,,,,,,,,,,,,,,,,,,,,,,,,,,,,,,,,,,,,,,,,,,,,,,,,,,,,,,,,,,,,,,,,,,,,,,,,,,,,,,,,,,,,,,,,,,,,,,,,,,,,,,,,,,,,,,31MAR1989,5,1,3,1,4,5,0,NRP,,,,4,1,0,1,0,1,SUZUKI,650,SV-N,ROADSTER,2,2008,37,2,2,15000,7,,,,,,,,,,,,,,,,,,,,,,,,,,,,,,,,,,,,,,,,,,,,,15000,1,3,4,,,,,,,2003,NRP,NRP,NRP,2012,NRP,NRP,2007,NRP,,,
301,5096,164,1,1,4,1988,,,,,0,4,,,,,,1,6,1992,,,,,0,3,,,,,,0,4,,,,,,0,4,,,,,,0,4,,,,,,0,4,,,,,,0,3,,,,,,0,4,,,,,,0,3,,,,,,0,1,,,,,,0,4,,,,,,1,4,1989,,,,,0,,3,,,,,,,,,,,,,,,,,,4,0,20,1,66,14,1989,,1989,"Alors que vous étiez en train de rouler, un piéton a traversé devant vous.",AUT|Le plus inévitable,,,,,,,"Je circulais sur un boulevard parisien. Ce boulevard comprenait 3 voies dans un sens et 3 voies dans l'autre. La circulation était dense, je me trouvais sur la 2ème file, un camion me cachait le panneau de passage piéton. Et les voitures devant moi me cachait le marquage au sol. Le piéton s'est engagé en courant sur le passage piéton et passant devant le camion , je l'ai vu trop tard et je l'ai percuté. Ma vitesse de circulation était de l'ordre de 25 km/h. Pas de blessures ni pour le piéton, ni pour moi et la moto au sol un peu rayée. Résultat des courses: J'ai eu tort à 100% comme le dit le code de la route ! M'enfin ?!! Est-ce vraiment cohérent ? j'en doute, mais bon c'est comme ça. @+ Fred","Le trafic dense, un piéton stressé d'arriver à l'heure,et moi qui ne prévoit pas cette situation, fait basculer cet évènement en accident. @+ Fred","Embrayage, freins, et bing !!!!",2,0,,,"La conjoncture fait que ce genre de situation est inévitable. Depuis ce temps, je crois qu'un feux tricolore a été mis en place.",3,1,2,,NSP,1,NSP,6,,,,,,,,,,,,1,,Il m'a été impossible de passer de 25km/h à 0km/h en 2m,4,3,,,NSP,NSP,2,3,2,1,1,1,1,4,4,4,4,1,5,,,,,,,,1,2,,,,,,,,2,2,,2,2,1,1,20,20,0,60,0,2,,,,,,3,1,,,,1,,,,,,,,,,,2,1,3,,0,25,1,10,2,3,5,,,,,,4,4,4,4,4,4,HONDA,500,VT-C,CUSTOM,2,1,1,1,1,1,1,1,1,1,1,5000,12,3,1,HONDA,125,XL-S,TRAIL / SUPERMOTARD,2,3,4,14APR1963,12,1,3,2,3,4,1,NRP,,,,1,0,0,1,0,1,HONDA,600,CBR 600F C-ABS,Routière / GT,2,2011,37,3,1,4000,7,,,,,,,,,,,,,,,,,,,,,,,,,,,,,,,,,,,,,,,,,,,,,4000,3,4,,,,,,,,NRP,NRP,NRP,NRP,1988,NRP,NRP,1981,NRP,,,
1230,5097,,1,0,3,,,,,,0,6,,,,,,0,5,,,,,,0,1,,,,,,0,3,,,,,,0,4,,,,,,0,4,,,,,,0,5,,,,,,1,5,2014,,,,,0,3,,,,,,0,4,,,,,,0,2,,,,,,0,6,,,,,,0,4,,,,,,0,,1,,,,,,,,,,,,,,,,,,1,6,26,1,41,9,2014,,,,,,,,,,,,,,,,,,,,,,,,,,,,,,,,,,,,,,,,,,,,,,,,,,,,,,,,,,,,,,,,,,,,,,,,,,,,,,,,,,,,,,,,,,,,,,,,,,,,,,,,,,,,,,,,,,,,,,,,,,,,,,,,,,,,,,,,,,,,,,,,,,,,,,,,,,,,,,31MAY1963,5,1,3,2,4,4,2,NRP,,,,1,1,0,1,0,1,DUCATI,916,ST4,Routière / GT,2,2000,37,1,3,8000,7,,,,,,,,,,,,,,,,,,,,,,,,,,,,,,,,,,,,,,,,,,,,,8000,2,3,4,,,,,,,NRP,NRP,NRP,1980,1989,NRP,NRP,1995,NRP,,,
1270,5098,212,1,0,5,,,,,,0,5,,,,,,0,6,,,,,,0,5,,,,,,1,6,1996,,,,,0,5,,,,,,0,4,,,,,,0,6,,,,,,0,4,,,,,,0,5,,,,,,0,4,,,,,,0,2,,,,,,3,5,1996,1997,1998,,,0,2,,,,,,1,2,6,1997,1998,,,,MONTPELLIER,MONTPELLIER,,,,"je suivais une voiture, le véhicule qui la précédait a tourné à droite sans clignotant le véhicule me précédant a pilé et je me suis encastré dedans",Je me suis fait renversé volontairement par un automobiliste dans une rue  nous roulions tous 2 dans le même sens. il a tenté de fuir et a été arrété par un autre véhicule ayant assité à la scène. je n'ai jamais compris pourquoi il m'a heurté volontairement. la connerie humaine surement..,,,,0,0,3,3,16,1,72,15,1998,MONTPELLIER,1998,Autre(s) type(s) d'accident(s).,6,,,,,,,Une voiture m'a volontairement renversé sur un boulevard montpellierain en double voie urbaine en mettant un coup de volant en ma direction alors que je n'avais rien fait de spécial en son encontre.  s'en est suivi une glissade d'une 10aine de metres.. Merci le cuir..  Le conducteur a ensuite tenté de s'enfuir et a été arrété par un autre motard qui roulait en ma compagnie.  Nous avons été obligé de faire appel à la police nationale car le conducteur a fait preuve de mauvaise fois et refusait de remplir le constat,"l'élément, son comportement auquel je ne m'attendais pas (coup de volant)  Les difficulté, aucunes manoeuvre d'évitement ou de freinage possible tant le choc a été rapide et violent","en action sur le véhicule, une tentative d'évitement avortée par le choc venant de ma gauche trop rapidement.  Ma réaction, une fois mes esprits retrouvés, je me souviens du choc mais plus de la glissade, j'ai repris mes esprit une fois la moto arrétée dans sa glisse étant coincé dessous par le pied.. (merci mes bottes..)  Donc ma premiere réaction, aller aider mon ami à faire s'arreter l'automobiliste afin de remplir le constat.  La réaction de l'automobiliste est la mauvaise fois et le refus d'obtempérer à remplir et à signer le constat, malgré les témoins de l'accident qui se sont également arrété du fait du caractère hors du commun et chocant de la situation.  Nous avons fait appel à la police nationale afin que l'automobiliste accepte de remplir le constat avec les faits",NRP,0,,,la réaction de l'automobiliste qui m'a volotairement renversé  le calme à garder malgré la situation,2,1,2,,la connerie humaine,1,toujours sa débilité,2,3,6,,,,,,1,3,,,2,,"situation exceptionnelle, à laquelle je n'étais pas préparée et qui n'est pas préparable au permis..",3,3,,,1,1,3,4,2,1,1,1,1,3,4,4,4,10,,,,,,,,,2,,,,,,,,,2,2,,2,2,1,1,0,100,0,0,0,2,,,,,,2,1,,,,2,1,4,6,7,,,,,0,,2,1,3,,0,30,1,10,2,3,4,,,,,,4,4,4,4,4,4,BMW,800,R80RT,Routière / GT,2,1,1,1,1,1,1,1,1,1,1,160000,10,3,1,HONDA,650,DOMINATOR,TRAIL / SUPERMOTARD,2,4,4,07SEP1978,7,2,3,2,4,4,2,NRP,,,,2,0,0,1,0,2,YAMAHA,600,FZS FAZER,ROADSTER,2,1998,31,1,2,20000,7,HONDA,650,DOMINATOR,TRAIL / SUPERMOTARD,2,1988,28,4,1,2000,7,,,,,,,,,,,,,,,,,,,,,,,,,,,,,,,,,,22000,2,3,4,,,,,,,NRP,NRP,NRP,1994,1996,NRP,NRP,1996,NRP,,,
2116,5099,,1,0,3,,,,,,0,3,,,,,,0,3,,,,,,0,3,,,,,,1,3,2003,,,,,0,3,,,,,,0,3,,,,,,1,3,2001,,,,,0,3,,,,,,0,3,,,,,,0,3,,,,,,0,3,,,,,,1,3,2006,,,,,0,3,,,,,,0,,3,,,,,,,,,,,,,,,,,,2,3,17,1,61,13,2006,,,,,,,,,,,,,,,,,,,,,,,,,,,,,,,,,,,,,,,,,,,,,,,,,,,,,,,,,,,,,,,,,,,,,,,,,,,,,,,,,,,,,,,,,,,,,,,,,,,,,,,,,,,,,,,,,,,,,,,,,,,,,,,,,,,,,,,,,,,,,,,,,,,,,,,,,,,,,,27MAY1976,7,1,2,2,2,3,,NRP,,,,2,1,0,1,0,2,MOTOCONFORT,125,D45S,ROADSTER,2,1953,37,4,1,200,7,HONDA,1000,"CB1 ""BIG ONE""",ROADSTER,2,1993,37,1,2,8000,7,,,,,,,,,,,,,,,,,,,,,,,,,,,,,,,,,,8200,2,3,4,,,,,,,NRP,NRP,NRP,1999,1999,NRP,NRP,1997,NRP,,,