Ligne,Ligne Q qualif,Ligne approfondissement Accident,ACCIDENT,NBACC1,ACCFREQUENCE1,ANNEEACC1_1,ANNEEACC1_2,ANNEEACC1_3,ANNEEACC1_4,ANNEEACC1_5,NBACC2,ACCFREQUENCE2,ANNEEACC2_1,ANNEEACC2_2,ANNEEACC2_3,ANNEEACC2_4,ANNEEACC2_5,NBACC3,ACCFREQUENCE3,ANNEEACC3_1,ANNEEACC3_2,ANNEEACC3_3,ANNEEACC3_4,ANNEEACC3_5,NBACC4,ACCFREQUENCE4,ANNEEACC4_1,ANNEEACC4_2,ANNEEACC4_3,ANNEEACC4_4,ANNEEACC4_5,NBACC5,ACCFREQUENCE5,ANNEEACC5_1,ANNEEACC5_2,ANNEEACC5_3,ANNEEACC5_4,ANNEEACC5_5,NBACC6,ACCFREQUENCE6,ANNEEACC6_1,ANNEEACC6_2,ANNEEACC6_3,ANNEEACC6_4,ANNEEACC6_5,NBACC7,ACCFREQUENCE7,ANNEEACC7_1,ANNEEACC7_2,ANNEEACC7_3,ANNEEACC7_4,ANNEEACC7_5,NBACC8,ACCFREQUENCE8,ANNEEACC8_1,ANNEEACC8_2,ANNEEACC8_3,ANNEEACC8_4,ANNEEACC8_5,NBACC9,ACCFREQUENCE9,ANNEEACC9_1,ANNEEACC9_2,ANNEEACC9_3,ANNEEACC9_4,ANNEEACC9_5,NBACC10,ACCFREQUENCE10,ANNEEACC10_1,ANNEEACC10_2,ANNEEACC10_3,ANNEEACC10_4,ANNEEACC10_5,NBACC11,ACCFREQUENCE11,ANNEEACC11_1,ANNEEACC11_2,ANNEEACC11_3,ANNEEACC11_4,ANNEEACC11_5,NBACC12,ACCFREQUENCE12,ANNEEACC12_1,ANNEEACC12_2,ANNEEACC12_3,ANNEEACC12_4,ANNEEACC12_5,NBACC13,ACCFREQUENCE13,ANNEEACC13_1,ANNEEACC13_2,ANNEEACC13_3,ANNEEACC13_4,ANNEEACC13_5,NBACC14,ACCFREQUENCE14,ANNEEACC14_1,ANNEEACC14_2,ANNEEACC14_3,ANNEEACC14_4,ANNEEACC14_5,AUTRESACC,NBAUTRESACC,TOTAL_AC,ANNEEAUTREACC1,ANNEEAUTREACC2,ANNEEAUTREACC3,ANNEEAUTREACC4,ANNEEAUTREACC5,LIEUAUTREACC1,LIEUAUTREACC2,LIEUAUTREACC3,LIEUAUTREACC4,LIEUAUTREACC5,DESCRIPTIONAUTRESACC1,DESCRIPTIONAUTRESACC2,DESCRIPTIONAUTRESACC3,DESCRIPTIONAUTRESACC4,DESCRIPTIONAUTRESACC5,NBAUTRESACCCIRCUIT,NBAUTRESTOUTTERRAIN,EXPCYCLO,EXP125,EXPSUP125,ACCORDNEXTQ,CHOIXACC,RGPMTACC,RECUPANNEE,RECUPLIEU,RECUPANNE,RGPMTAC,CHOIX1,CHOIX2,CHOIX3,CHOIX4,CHOIX5,CHOIX6,CHOIX7,DESCRIPTION,RUPTURE,FAITS,ABS_REACTION,AUTRE_REACTION,PRECISIONREACTIONOUI,RECUL,PRECISIONREACTIONNON,IMPACTCOMPORTEMENT,AUTREUSAGER,REACTIONAUTREUSAGER,CONNAISSANCEREACTIONUSAGER,DIFFICULTES,AGGRAVATION,DIFFICULTES2,EMOTIONS1,EMOTIONS2,EMOTIONS3,EMOTIONS4,EMOTIONS5,EMOTIONS6,AUTRESENTIMENT,CLASSEMENTEMOTIONS1,CLASSEMENTEMOTIONS,CLASSEMENTEMOTIONS5,CLASSEMENTEMOTIONS6,CLASSEMENTEMOTIONS7,CLASSEMENTEMOTIONS8,CLASSEMENTEMOTIONS9,EXPLICATIONRESSENTI,BIENEQUIPE,ALLURE,ALLUREVITEDETAIL,ALLURELENTEDETAIL,SITUATIONPRESSE,SITUATIONDISTRAIT,SITUATIONCONFIANT,SITUATIONCONTROLE,SITUATIONLUDIQUE,SITUATIONPERF,SITUATIONSTRESS,SITUATIONFATIGUE,HUMEURNEUTRE,HUMEURGAI,HUMEURMECONTENT,HUMEURTRISTE,HUMEURCOLERE,CONTRIBUTION1,CONTRIBUTION2,CONTRIBUTION3,CONTRIBUTION4,CONTRIBUTION5,CONTRIBUTION6,CONTRIBUTION7,CONTRIBUTION8,CONTRIBUTION9,ROLEINFRA,ELEMENTINFRA1,ELEMENTINFRA2,ELEMENTINFRA3,ELEMENTINFRA4,ELEMENTINFRA5,ELEMENTINFRA6,ELEMENTINFRA7,ELEMENTINFRA8,ELEMENTINFRA9,ALCOOL,TXALCOOL,STUP,SEMAINE,MOMENTJOURNEE,TEMPS,CAUSEACC1,CAUSEACC2,CAUSEACC3,CAUSEACC4,CAUSEACC5,FORMATIONCAUSE,FORMATION1,FORMATION2,FORMATION3,FORMATION4,FORMATION5,TRAFIC,CHAUSSEE1,CHAUSSEE2,CHAUSSEE3,CHAUSSEE4,TYPEACC,BLESSURE,TETE,COU,THORAX,MEMBRESSUP,COLONNE,BASSIN,MEMBRESINF,HOPITAL,PLUS24H,TRAJET,TYPEROUTE,MOTIF,SENSTRAJET,PASSAGER,VITESSE,DESCEQ1,DESCEQ2,DESCEQ3,DESCEQ4,DESCEQ5,DESCEQ6,DESCEQ7,DESCEQ8,DESCEQ9,DESCEQ10,VEHICULEETE,VEHICULEAUTOMNE,VEHICULEPRINTEMPS,VEHICULEHIVER,VEHICULESEMAINE,VEHICULEWE,VEHMARQUE,VEHCYLINDREE,VEHMODELE,VEHSEGMENT,VEHSIDE,EQ2RMABS,EQ2RMCBS,EQ2RMABSCBS,EQ2RMREGULATEUR,EQ2RMLIMITEUR,EQ2RMPHARESDIRECT,EQ2RMCOUPURE,EQ2RMANTIPATINAGE,EQ2RMANTIXHEELING,EQ2RMSTABILILTE,VEHKM,POINTS,DUREE,AUTRE2RM,VEHPRECMARQUE,VEHPRECCYLINDREE,VEHPRECMODELE,VEHPRECSEGMENT,VEHPRECSIDE,TEMPS2RMPREC,FREQVEHPREC,DATE_NAISS,CSP,SOCIETAIRE,SALARIE,SECTEUR2RM,NBPERSFOYER,SITFAM,NBENF,TRNBENF1,TRNBENF2,TRNBENF3,TRNBENF4,NBAUTOFOYER,NBCYCLOFOYER,NBSCOOTFOYER,NBMOTOFOYER,NBTRIKEFOYER,NB2RMCONDUIT,MARQUE1,CYLINDREE1,MODELE1,SEGMENT1,SIDE1,ANMISECIRCU1,ASS1,FREQ1,USAGE1,NBKM1,GARAGE1,MARQUE2,CYLINDREE2,MODELE2,SEGMENT2,SIDE2,ANMISECIRCU2,ASS2,FREQ2,USAGE2,NBKM2,GARAGE2,MARQUE3,CYLINDREE3,MODELE3,SEGMENT3,SIDE3,ANMISECIRCU3,ASS3,FREQ3,USAGE3,NBKM3,GARAGE3,MARQUE4,CYLINDREE4,MODELE4,SEGMENT4,SIDE4,ANMISECIRCU4,ASS4,FREQ4,USAGE4,NBKM4,GARAGE4,MARQUE5,CYLINDREE5,MODELE5,SEGMENT5,SIDE5,ANMISECIRCU5,ASS5,FREQ5,USAGE5,NBKM5,GARAGE5,NBKMTOT,PERMIS1,PERMIS2,PERMIS3,PERMIS4,PERMIS5,PERMIS6,PERMIS7,PERMIS8,PERMIS9,ANPERMIS1,ANPERMIS6,ANPERMIS7,ANPERMIS2,ANPERMIS3,ANPERMIS8,ANPERMIS9,ANPERMIS4,ANPERMIS5,,,
905,5103,98,1,0,4,,,,,,0,5,,,,,,0,5,,,,,,0,3,,,,,,0,5,,,,,,0,3,,,,,,0,3,,,,,,0,3,,,,,,0,3,,,,,,0,3,,,,,,0,6,,,,,,0,4,,,,,,1,5,NSP,,,,,0,4,,,,,,1,2,3,1987,1992,,,,Manosque,Manosquie,,,,"Le véhicule que je suivais a freiné subitement pour se rabattre alors qu'il doublait et que je le suivais, j'ai vu ses feux stop trop tard car lancé également dans le dépassement.","Un véhicule sortant d'une place de stationnement en marche arrière m'a coupé la route. Il ne m'a pas vu arriver, pourtant doucement en ville.",,,,0,0,0,2,29,1,61,13,0,,-1,Vous circuliez derrière un véhicule. Ce véhicule a freiné ou a ralenti et vous lavez percuté par larrière.,1,,,,,,,"Je roulais derrière le véhicule quand ce dernier a voulu dépasser celui qui était devant lui, je l'ai suivi pensant avoir le temps de le doubler sur ma lancée, mais il a hésité à dépasser voyant arriver une voiture en face mais qui était très loin. Il a subitement freiné pour se rabattre, cette manoeuvre m'a totalement surpris, car dans mon analyse il avait largement le temps de doubler, et moi de le dépasser également. Une mauvaise appréciation des distances de sa part a abouti à l'annulation de sa manoeuvre. Jamais je n'aurai imaginé la possibilité de se rabattre si brusquement. Comme quoi en moto il faut envisager même l'inimaginable ! Quand j'ai vu ses feux de stop s'allumer il était trop tard car j'étais en pleine accélération.","Je me suis imaginé à la place de la voiture qui me précédait, et je n'aurai jamais effectué la même manoeuvre? D'où ma surprise totale ayant amené l'accident.","Assez en colère car cette manoeuvre n'était pas logique et prévue. J'ai naturellement freiné, mais sans ABS à l'époque la roue arrière s'est bloquée, entrainant ma chute. La conductrice du véhicule n'a rien vu, et a seulement entendu le choc provenant de l'arrière de son véhicule.",NRP,1,Cette mauvaise expérience m'a servi de leçon et avec le recul j'aurai attendu que le véhicule ait terminé sa manoeuvre avant de vouloir le dépasser à mon tour.,"Comme je l'ai dit l'analyse du conducteur et la mienne étaient totalement différente, je pense qu'elle a eu peur de ne pas pouvoir doubler, alors que pour moi elle avait largement le temps de le faire et moi de la dépasser à mon tour. A mon avis sa réaction dénotait un manque d'expérience de la conduite.",,2,1,NSP,,Manque d'expérience et mauvaise analyse de la situation.,1,Mauvaise analyse de la situation.,2,,,,,,,,1,,,,,,Je ne m'attendais pas à cette manoeuvre totalement illogique.,4,3,,,3,2,3,3,1,1,1,2,1,4,4,4,4,5,,,,,,,,,2,,,,,,,,,2,2,,2,1,1,1,60,40,0,0,0,2,,,,,,1,1,,,,2,1,2,4,,,,,,1,0,1,2,1,1,0,80,1,10,2,3,4,7,,,,,4,4,4,4,4,2,HONDA,1000,VF-F2,Routière / GT,2,1,1,1,1,1,1,1,1,1,1,NSP,12,4,0,,,,,,,,14MAY1949,9,1,3,2,2,3,,NRP,,,,2,0,0,1,0,1,BMW,1200,R1200RT,Routière / GT,2,2008,37,2,1,10000,7,,,,,,,,,,,,,,,,,,,,,,,,,,,,,,,,,,,,,,,,,,,,,10000,3,4,,,,,,,,NRP,NRP,NRP,NRP,1967,NRP,NRP,1980,NRP,,,
1723,5104,,0,,,,,,,,,,,,,,,,,,,,,,,,,,,,,,,,,,,,,,,,,,,,,,,,,,,,,,,,,,,,,,,,,,,,,,,,,,,,,,,,,,,,,,,,,,,,,,,,,,,,,,,,,,,,,,,,,,,,,,,,,,,,,,,,,,,,,,,,,,,,,,,,,,,,,,,,,,,,,,,,,,,,,,,,,,,,,,,,,,,,,,,,,,,,,,,,,,,,,,,,,,,,,,,,,,,,,,,,,,,,,,,,,,,,,,,,,,,,,,,,,,,,,,,,,,,,,,,,,,,,,,,,,,,,,,,,,,,,,,,,,,,19APR1978,7,2,3,2,4,4,2,NRP,,,,2,0,0,1,0,1,HONDA,600,CB-F  N  IE ABS,ROADSTER,2,2004,10,2,2,4000,7,,,,,,,,,,,,,,,,,,,,,,,,,,,,,,,,,,,,,,,,,,,,,4000,3,4,,,,,,,,NRP,NRP,NRP,NRP,2010,NRP,NRP,2005,NRP,,,
718,5110,346,1,0,5,,,,,,0,6,,,,,,0,5,,,,,,1,5,2002,,,,,0,5,,,,,,0,3,,,,,,0,3,,,,,,0,5,,,,,,0,4,,,,,,0,5,,,,,,0,6,,,,,,0,3,,,,,,1,5,NSP,,,,,0,5,,,,,,0,,2,,,,,,,,,,,,,,,,,,6,4,25,1,16,4,2002,,2002,Vous circuliez derrière un véhicule. Vous avez entrepris de dépasser ce véhicule par la droite et celui-ci vous a coupé la route en tournant à droite.,1,2,,,,,,"Ce véhicule circulait sur la file du milieu, moi sur celle de droite à allure modérée, il à bifurqué sans clignotant à droite, je l'ai vu trop tard.",J'ai été surpris et j'ai freiné fortement sans aller jusqu'au blocage mais c'était trop tard.,"J'ai freiné fortement et klaxonné, l'autre usager n'a eu aucune réaction à part la surprise au moment du choc.",NRP,0,,,Difficile d'anticiper ce genre d'accident.,1,1,2,,NRP,1,Si ce véhicule avait regardé dans ses rétroviseurs et mis son clignotant cela ne serait pas arrivé.,1,2,,,,,,2,1,,,,,,Ce véhicule n'était pas dans mon esprit sensé tourné à droite brusquement.,4,3,,,1,1,3,4,2,1,1,1,1,1,4,4,4,5,,,,,,,,,2,,,,,,,,,2,2,,2,1,1,1,0,100,0,0,0,2,,,,,,2,1,,,,1,,,,,,,,,,,2,1,1,1,0,50,1,10,2,3,4,7,,,,,4,4,4,4,4,4,HONDA,750,AFRICA TWIN,TRAIL / SUPERMOTARD,2,1,1,1,1,1,1,1,1,1,1,70000,12,4,1,YAMAHA,600,XT,TRAIL / SUPERMOTARD,2,4,4,27FEB1958,7,1,3,2,3,4,1,NRP,,,,1,1,0,1,0,1,BMW,1200,R1200GS ABS  PACK,TRAIL / SUPERMOTARD,2,2007,37,1,2,12000,7,,,,,,,,,,,,,,,,,,,,,,,,,,,,,,,,,,,,,,,,,,,,,12000,4,3,,,,,,,,NRP,NRP,NRP,NRP,1978,NRP,NRP,1978,NRP,,,
1680,5111,,1,0,4,,,,,,0,6,,,,,,0,5,,,,,,0,2,,,,,,0,5,,,,,,0,4,,,,,,0,3,,,,,,0,4,,,,,,1,5,NSP,,,,,1,4,NSP,,,,,0,4,,,,,,0,2,,,,,,2,3,NSP,NSP,,,,0,2,,,,,,1,4,8,NSP,NSP,NSP,NSP,,Sartrouville,Rueil Malmaison,Paris,Bois colombes,,Plaque de verglas,"Neige déjà un peu limite, et grand coup de vent en passant le pont sur la seine.","Je me suis arrêté au feu passant rouge, le conducteur qui me suivait s'imaginait qu'un motard allait forcément bruler un feu ""aussi peu mur""","Je me suis arrêté au feu rouge, un conducteur pressé a décidé de la griller quand même avec trop peu de place pour passer et m'a envoyé valdinguer au passage.",,0,0,39,38,36,1,46,10,0,,,,,,,,,,,,,,,,,,,,,,,,,,,,,,,,,,,,,,,,,,,,,,,,,,,,,,,,,,,,,,,,,,,,,,,,,,,,,,,,,,,,,,,,,,,,,,,,,,,,,,,,,,,,,,,,,,,,,,,,,,,,,,,,,,,,,,,,,,,,,,,,,,,,,,,,,,,,,,15APR1960,5,1,3,2,2,3,,NRP,,,,1,1,0,2,0,3,YAMAHA,1300,FJR ABS  AS,Routière / GT,2,2011,37,2,1,20000,7,PIAGGIO,50,TYPHOON XR,SCOOTER,2,2009,37,2,2,1000,7,SIDE BIKE,2000,ZEUS,SIDE-CAR / TRIKE,1,2008,37,4,1,7500,7,,,,,,,,,,,,,,,,,,,,,,,28500,3,4,,,,,,,,NRP,NRP,NRP,NRP,1978,NRP,NRP,1978,NRP,,,
1316,5113,,0,,,,,,,,,,,,,,,,,,,,,,,,,,,,,,,,,,,,,,,,,,,,,,,,,,,,,,,,,,,,,,,,,,,,,,,,,,,,,,,,,,,,,,,,,,,,,,,,,,,,,,,,,,,,,,,,,,,,,,,,,,,,,,,,,,,,,,,,,,,,,,,,,,,,,,,,,,,,,,,,,,,,,,,,,,,,,,,,,,,,,,,,,,,,,,,,,,,,,,,,,,,,,,,,,,,,,,,,,,,,,,,,,,,,,,,,,,,,,,,,,,,,,,,,,,,,,,,,,,,,,,,,,,,,,,,,,,,,,,,,,,,08JUL1950,9,1,3,2,2,3,,NRP,,,,2,0,0,2,1,3,KYMCO,500,QUAD MXU IRS GREEN LINE,QUAD,2,2012,39,1,3,2000,7,YAMAHA,535,XV,CUSTOM,2,1988,16,2,1,2000,7,BMW,1200,K1200GT,Routière / GT,2,2007,37,2,1,12000,7,,,,,,,,,,,,,,,,,,,,,,,16000,3,4,,,,,,,,NRP,NRP,NRP,NRP,1998,NRP,NRP,1968,NRP,,,
2057,5114,,1,0,6,,,,,,1,6,2014,,,,,1,6,NSP,,,,,0,5,,,,,,1,5,2003,,,,,0,5,,,,,,0,4,,,,,,0,5,,,,,,2,6,1988,2011,,,,0,4,,,,,,0,6,,,,,,0,2,,,,,,0,5,,,,,,0,4,,,,,,0,,5,,,,,,,,,,,,,,,,,,28,2,26,1,21,5,2003,,,,,,,,,,,,,,,,,,,,,,,,,,,,,,,,,,,,,,,,,,,,,,,,,,,,,,,,,,,,,,,,,,,,,,,,,,,,,,,,,,,,,,,,,,,,,,,,,,,,,,,,,,,,,,,,,,,,,,,,,,,,,,,,,,,,,,,,,,,,,,,,,,,,,,,,,,,,,,01FEB1971,2,1,3,2,3,4,1,NRP,,,,1,0,1,1,0,2,BMW,850,R850R,ROADSTER,2,1999,37,3,1,8000,1,SYM,125,JOYRIDE,SCOOTER,2,2012,37,2,2,4000,7,,,,,,,,,,,,,,,,,,,,,,,,,,,,,,,,,,12000,2,3,4,,,,,,,NRP,NRP,NRP,1987,1989,NRP,NRP,1989,NRP,,,
152,5115,,0,,,,,,,,,,,,,,,,,,,,,,,,,,,,,,,,,,,,,,,,,,,,,,,,,,,,,,,,,,,,,,,,,,,,,,,,,,,,,,,,,,,,,,,,,,,,,,,,,,,,,,,,,,,,,,,,,,,,,,,,,,,,,,,,,,,,,,,,,,,,,,,,,,,,,,,,,,,,,,,,,,,,,,,,,,,,,,,,,,,,,,,,,,,,,,,,,,,,,,,,,,,,,,,,,,,,,,,,,,,,,,,,,,,,,,,,,,,,,,,,,,,,,,,,,,,,,,,,,,,,,,,,,,,,,,,,,,,,,,,,,,,17NOV1964,7,2,3,2,4,4,2,NRP,,,,2,0,0,2,0,1,YAMAHA,1200,XTZ SUPER TENERE FIRST EDITION,TRAIL / SUPERMOTARD,2,2010,18,3,1,15000,5,,,,,,,,,,,,,,,,,,,,,,,,,,,,,,,,,,,,,,,,,,,,,15000,4,3,,,,,,,,NRP,NRP,NRP,NRP,2009,NRP,NRP,1983,NRP,,,
1665,5117,,1,1,3,1986,,,,,0,2,,,,,,0,5,,,,,,0,3,,,,,,1,3,2011,,,,,0,4,,,,,,0,1,,,,,,0,4,,,,,,1,4,1981,,,,,0,5,,,,,,0,6,,,,,,1,2,1983,,,,,0,2,,,,,,0,3,,,,,,0,,4,,,,,,,,,,,,,,,,,,2,2,34,1,21,5,2011,,,,,,,,,,,,,,,,,,,,,,,,,,,,,,,,,,,,,,,,,,,,,,,,,,,,,,,,,,,,,,,,,,,,,,,,,,,,,,,,,,,,,,,,,,,,,,,,,,,,,,,,,,,,,,,,,,,,,,,,,,,,,,,,,,,,,,,,,,,,,,,,,,,,,,,,,,,,,,11NOV1962,5,2,3,2,2,5,0,NRP,,,,2,0,0,2,0,2,BMW,1600,K1600GT,Routière / GT,2,2011,29,1,2,15000,4,VOXAN,1000,STREET SCRAMBLER,ROADSTER,2,2004,29,2,1,5000,4,,,,,,,,,,,,,,,,,,,,,,,,,,,,,,,,,,20000,2,3,4,,,,,,,NRP,NRP,NRP,1978,1980,NRP,NRP,1982,NRP,,,
923,5119,,0,,,,,,,,,,,,,,,,,,,,,,,,,,,,,,,,,,,,,,,,,,,,,,,,,,,,,,,,,,,,,,,,,,,,,,,,,,,,,,,,,,,,,,,,,,,,,,,,,,,,,,,,,,,,,,,,,,,,,,,,,,,,,,,,,,,,,,,,,,,,,,,,,,,,,,,,,,,,,,,,,,,,,,,,,,,,,,,,,,,,,,,,,,,,,,,,,,,,,,,,,,,,,,,,,,,,,,,,,,,,,,,,,,,,,,,,,,,,,,,,,,,,,,,,,,,,,,,,,,,,,,,,,,,,,,,,,,,,,,,,,,,16JUL1956,7,1,3,2,2,3,,NRP,,,,2,0,0,1,0,1,YAMAHA,1300,FJR,Routière / GT,2,1997,37,1,2,12000,7,,,,,,,,,,,,,,,,,,,,,,,,,,,,,,,,,,,,,,,,,,,,,12000,3,4,,,,,,,,NRP,NRP,NRP,NRP,1976,NRP,NRP,1976,NRP,,,
875,5121,,1,0,5,,,,,,0,3,,,,,,0,4,,,,,,0,1,,,,,,0,5,,,,,,0,2,,,,,,0,4,,,,,,0,3,,,,,,1,4,2002,,,,,0,4,,,,,,0,4,,,,,,0,1,,,,,,0,3,,,,,,0,2,,,,,,0,,1,,,,,,,,,,,,,,,,,,10,0,54,1,41,9,2002,,,,,,,,,,,,,,,,,,,,,,,,,,,,,,,,,,,,,,,,,,,,,,,,,,,,,,,,,,,,,,,,,,,,,,,,,,,,,,,,,,,,,,,,,,,,,,,,,,,,,,,,,,,,,,,,,,,,,,,,,,,,,,,,,,,,,,,,,,,,,,,,,,,,,,,,,,,,,,24JAN1944,9,1,3,2,2,3,,NRP,,,,2,2,0,2,0,2,YAMAHA,900,XJ,ROADSTER,2,1983,37,4,1,2000,7,KAWASAKI,1400,ZZR,Routière / GT,2,2011,37,2,1,5000,7,,,,,,,,,,,,,,,,,,,,,,,,,,,,,,,,,,7000,3,4,,,,,,,,NRP,NRP,NRP,NRP,1961,NRP,NRP,1962,NRP,,,
962,5122,,0,,,,,,,,,,,,,,,,,,,,,,,,,,,,,,,,,,,,,,,,,,,,,,,,,,,,,,,,,,,,,,,,,,,,,,,,,,,,,,,,,,,,,,,,,,,,,,,,,,,,,,,,,,,,,,,,,,,,,,,,,,,,,,,,,,,,,,,,,,,,,,,,,,,,,,,,,,,,,,,,,,,,,,,,,,,,,,,,,,,,,,,,,,,,,,,,,,,,,,,,,,,,,,,,,,,,,,,,,,,,,,,,,,,,,,,,,,,,,,,,,,,,,,,,,,,,,,,,,,,,,,,,,,,,,,,,,,,,,,,,,,,07JAN1962,7,2,3,2,2,3,,NRP,,,,2,0,0,1,0,1,BMW,1100,R1100R ABS,ROADSTER,2,1998,29,2,2,2000,7,,,,,,,,,,,,,,,,,,,,,,,,,,,,,,,,,,,,,,,,,,,,,2000,2,3,4,,,,,,,NRP,NRP,NRP,1978,1980,NRP,NRP,1980,NRP,,,
411,5124,,0,,,,,,,,,,,,,,,,,,,,,,,,,,,,,,,,,,,,,,,,,,,,,,,,,,,,,,,,,,,,,,,,,,,,,,,,,,,,,,,,,,,,,,,,,,,,,,,,,,,,,,,,,,,,,,,,,,,,,,,,,,,,,,,,,,,,,,,,,,,,,,,,,,,,,,,,,,,,,,,,,,,,,,,,,,,,,,,,,,,,,,,,,,,,,,,,,,,,,,,,,,,,,,,,,,,,,,,,,,,,,,,,,,,,,,,,,,,,,,,,,,,,,,,,,,,,,,,,,,,,,,,,,,,,,,,,,,,,,,,,,,,17AUG1957,5,1,3,2,3,4,1,NRP,,,,4,0,0,2,0,1,SUZUKI,1200,BANDIT-S,ROADSTER,2,2003,37,3,2,13000,5,,,,,,,,,,,,,,,,,,,,,,,,,,,,,,,,,,,,,,,,,,,,,13000,2,3,4,,,,,,,NRP,NRP,NRP,1975,1978,NRP,NRP,1976,NRP,,,
617,5125,,0,,,,,,,,,,,,,,,,,,,,,,,,,,,,,,,,,,,,,,,,,,,,,,,,,,,,,,,,,,,,,,,,,,,,,,,,,,,,,,,,,,,,,,,,,,,,,,,,,,,,,,,,,,,,,,,,,,,,,,,,,,,,,,,,,,,,,,,,,,,,,,,,,,,,,,,,,,,,,,,,,,,,,,,,,,,,,,,,,,,,,,,,,,,,,,,,,,,,,,,,,,,,,,,,,,,,,,,,,,,,,,,,,,,,,,,,,,,,,,,,,,,,,,,,,,,,,,,,,,,,,,,,,,,,,,,,,,,,,,,,,,,19MAY1976,7,1,3,2,4,4,2,NRP,,,,3,0,0,1,0,1,YAMAHA,1300,FJR,Routière / GT,2,2002,37,1,2,5000,7,,,,,,,,,,,,,,,,,,,,,,,,,,,,,,,,,,,,,,,,,,,,,5000,3,4,,,,,,,,NRP,NRP,NRP,NRP,2006,NRP,NRP,1994,NRP,,,
370,5126,,1,0,1,,,,,,0,6,,,,,,0,6,,,,,,0,5,,,,,,0,6,,,,,,0,5,,,,,,1,3,1983,,,,,0,4,,,,,,0,2,,,,,,0,5,,,,,,0,1,,,,,,0,2,,,,,,0,2,,,,,,0,3,,,,,,0,,1,,,,,,,,,,,,,,,,,,3,1,35,1,31,7,1983,,,,,,,,,,,,,,,,,,,,,,,,,,,,,,,,,,,,,,,,,,,,,,,,,,,,,,,,,,,,,,,,,,,,,,,,,,,,,,,,,,,,,,,,,,,,,,,,,,,,,,,,,,,,,,,,,,,,,,,,,,,,,,,,,,,,,,,,,,,,,,,,,,,,,,,,,,,,,,16APR1959,8,2,3,2,5,4,3,NRP,,,,2,0,0,5,0,2,MOTO GUZZI,1200,GRISO 8V,ROADSTER,2,2011,40,2,1,10000,7,MOTO GUZZI,1000,CALIFORNIA II,Routière / GT,1,1982,40,3,1,2000,7,,,,,,,,,,,,,,,,,,,,,,,,,,,,,,,,,,12000,3,4,,,,,,,,NRP,NRP,NRP,NRP,1979,NRP,NRP,1977,NRP,,,
1178,5127,,0,,,,,,,,,,,,,,,,,,,,,,,,,,,,,,,,,,,,,,,,,,,,,,,,,,,,,,,,,,,,,,,,,,,,,,,,,,,,,,,,,,,,,,,,,,,,,,,,,,,,,,,,,,,,,,,,,,,,,,,,,,,,,,,,,,,,,,,,,,,,,,,,,,,,,,,,,,,,,,,,,,,,,,,,,,,,,,,,,,,,,,,,,,,,,,,,,,,,,,,,,,,,,,,,,,,,,,,,,,,,,,,,,,,,,,,,,,,,,,,,,,,,,,,,,,,,,,,,,,,,,,,,,,,,,,,,,,,,,,,,,,,13FEB1955,8,1,3,2,2,3,,NRP,,,,2,1,1,0,0,1,PIAGGIO,400,MP3,SCOOTER,2,2011,37,2,1,5000,7,,,,,,,,,,,,,,,,,,,,,,,,,,,,,,,,,,,,,,,,,,,,,5000,4,,,,,,,,,NRP,NRP,NRP,NRP,NRP,NRP,NRP,1978,NRP,,,
2187,5128,,1,1,3,1977,,,,,0,4,,,,,,0,4,,,,,,0,2,,,,,,0,3,,,,,,0,3,,,,,,0,3,,,,,,0,4,,,,,,0,3,,,,,,0,1,,,,,,0,5,,,,,,0,2,,,,,,0,2,,,,,,0,3,,,,,,0,,1,,,,,,,,,,,,,,,,,,0,4,35,0,,NRP,,,,,,,,,,,,,,,,,,,,,,,,,,,,,,,,,,,,,,,,,,,,,,,,,,,,,,,,,,,,,,,,,,,,,,,,,,,,,,,,,,,,,,,,,,,,,,,,,,,,,,,,,,,,,,,,,,,,,,,,,,,,,,,,,,,,,,,,,,,,,,,,,,,,,,,,,,,,,,,27JUL1959,4,1,3,2,2,3,,NRP,,,,1,0,0,1,0,1,HARLEY-DAVIDSON,1690,ROAD KING CLASSIC,Routière / GT,2,2011,37,2,1,16000,7,,,,,,,,,,,,,,,,,,,,,,,,,,,,,,,,,,,,,,,,,,,,,16000,2,3,4,,,,,,,NRP,NRP,NRP,1976,1981,NRP,NRP,1980,NRP,,,
2109,5134,,1,0,4,,,,,,0,5,,,,,,0,5,,,,,,0,1,,,,,,0,5,,,,,,0,3,,,,,,0,5,,,,,,0,6,,,,,,1,6,2014,,,,,0,2,,,,,,0,5,,,,,,0,2,,,,,,0,2,,,,,,0,3,,,,,,0,,1,,,,,,,,,,,,,,,,,,5,0,11,1,41,9,2014,,,,,,,,,,,,,,,,,,,,,,,,,,,,,,,,,,,,,,,,,,,,,,,,,,,,,,,,,,,,,,,,,,,,,,,,,,,,,,,,,,,,,,,,,,,,,,,,,,,,,,,,,,,,,,,,,,,,,,,,,,,,,,,,,,,,,,,,,,,,,,,,,,,,,,,,,,,,,,18JUN1956,9,1,3,2,2,3,,NRP,,,,1,0,0,1,0,1,MOTO MORINI,1200,GRANDPASSO,TRAIL / SUPERMOTARD,2,2010,37,2,1,8000,7,,,,,,,,,,,,,,,,,,,,,,,,,,,,,,,,,,,,,,,,,,,,,8000,2,3,4,,,,,,,NRP,NRP,NRP,1975,2004,NRP,NRP,1975,NRP,,,
206,5135,162,1,0,6,,,,,,0,6,,,,,,0,4,,,,,,0,4,,,,,,1,5,2005,,,,,1,5,1989,,,,,0,5,,,,,,0,4,,,,,,0,5,,,,,,0,4,,,,,,0,4,,,,,,0,3,,,,,,1,3,NSP,,,,,0,4,,,,,,1,1,4,2004,,,,,la rochelle,,,,,percuté à l'arrière par une voiture dont le conducteur était ivre,,,,,0,0,4,1,30,1,71,15,2004,la rochelle,2004,Autre(s) type(s) d'accident(s).,3,,,,,,,Un conducteur (trop ?) âgé a redémarré après avoir marqué l'arrêt à un stop alors que j'arrivais sur sa droite,Je l'ai vu s'arrêter au stop mais à cause des vitres teintées de sa voiture je n'ai pas vu qu'il ne regardait pas vers moi Donc j'ai remis les gaz et il a redémarré J'ai pu freiner mais pas assez pour éviter le choc,Sortie de village Accélération Intersection protégée par des stops mais je coupe les gaz Je vois la voiture qui s'arrête à ma gauche Je remet les gaz La voiture redémarre Freinage ... trop tard,NRP,1,Me méfier plus des vitres teintées de la voiture qui ont fait que je n'ai pas vu que ce vieux monsieur ne regardait pas vers moi,Il a bien marqué l'arrêt au stop et je ne roulais pas très vite,,2,1,2,,Trop vieux ...,1,Il a regardé à droite d'abord et ensuite à gauche puis a redémarré sans re-vérifier,3,,,,,,,,,1,,,,,Je ne m'attendais pas à ce qu'il redémarre au moment où j'ai remis les gaz,3,3,,,1,2,2,3,2,1,1,3,1,4,4,4,4,5,,,,,,,,,1,2,,,,,,,,2,2,,2,2,1,1,10,90,0,0,0,2,,,,,,1,1,,,,1,,,,,,,,,,,2,2,3,,0,50,1,2,3,4,7,,,,,,4,3,4,3,2,4,TRIUMPH,900,TROPHY,Routière / GT,2,1,1,1,1,1,1,1,1,1,1,35000,12,2,1,YAMAHA,900,XJS DIVERSION,Routière / GT,null,2,3,20JAN1965,6,1,3,2,3,4,1,NRP,,,,1,1,0,2,0,1,YAMAHA,800,FAZER8 ABS,ROADSTER,2,2010,37,3,1,6000,7,,,,,,,,,,,,,,,,,,,,,,,,,,,,,,,,,,,,,,,,,,,,,6000,4,3,,,,,,,,NRP,NRP,NRP,NRP,1983,NRP,NRP,1983,NRP,,,