Ligne,Ligne Q qualif,Ligne approfondissement Accident,ACCIDENT,NBACC1,ACCFREQUENCE1,ANNEEACC1_1,ANNEEACC1_2,ANNEEACC1_3,ANNEEACC1_4,ANNEEACC1_5,NBACC2,ACCFREQUENCE2,ANNEEACC2_1,ANNEEACC2_2,ANNEEACC2_3,ANNEEACC2_4,ANNEEACC2_5,NBACC3,ACCFREQUENCE3,ANNEEACC3_1,ANNEEACC3_2,ANNEEACC3_3,ANNEEACC3_4,ANNEEACC3_5,NBACC4,ACCFREQUENCE4,ANNEEACC4_1,ANNEEACC4_2,ANNEEACC4_3,ANNEEACC4_4,ANNEEACC4_5,NBACC5,ACCFREQUENCE5,ANNEEACC5_1,ANNEEACC5_2,ANNEEACC5_3,ANNEEACC5_4,ANNEEACC5_5,NBACC6,ACCFREQUENCE6,ANNEEACC6_1,ANNEEACC6_2,ANNEEACC6_3,ANNEEACC6_4,ANNEEACC6_5,NBACC7,ACCFREQUENCE7,ANNEEACC7_1,ANNEEACC7_2,ANNEEACC7_3,ANNEEACC7_4,ANNEEACC7_5,NBACC8,ACCFREQUENCE8,ANNEEACC8_1,ANNEEACC8_2,ANNEEACC8_3,ANNEEACC8_4,ANNEEACC8_5,NBACC9,ACCFREQUENCE9,ANNEEACC9_1,ANNEEACC9_2,ANNEEACC9_3,ANNEEACC9_4,ANNEEACC9_5,NBACC10,ACCFREQUENCE10,ANNEEACC10_1,ANNEEACC10_2,ANNEEACC10_3,ANNEEACC10_4,ANNEEACC10_5,NBACC11,ACCFREQUENCE11,ANNEEACC11_1,ANNEEACC11_2,ANNEEACC11_3,ANNEEACC11_4,ANNEEACC11_5,NBACC12,ACCFREQUENCE12,ANNEEACC12_1,ANNEEACC12_2,ANNEEACC12_3,ANNEEACC12_4,ANNEEACC12_5,NBACC13,ACCFREQUENCE13,ANNEEACC13_1,ANNEEACC13_2,ANNEEACC13_3,ANNEEACC13_4,ANNEEACC13_5,NBACC14,ACCFREQUENCE14,ANNEEACC14_1,ANNEEACC14_2,ANNEEACC14_3,ANNEEACC14_4,ANNEEACC14_5,AUTRESACC,NBAUTRESACC,TOTAL_AC,ANNEEAUTREACC1,ANNEEAUTREACC2,ANNEEAUTREACC3,ANNEEAUTREACC4,ANNEEAUTREACC5,LIEUAUTREACC1,LIEUAUTREACC2,LIEUAUTREACC3,LIEUAUTREACC4,LIEUAUTREACC5,DESCRIPTIONAUTRESACC1,DESCRIPTIONAUTRESACC2,DESCRIPTIONAUTRESACC3,DESCRIPTIONAUTRESACC4,DESCRIPTIONAUTRESACC5,NBAUTRESACCCIRCUIT,NBAUTRESTOUTTERRAIN,EXPCYCLO,EXP125,EXPSUP125,ACCORDNEXTQ,CHOIXACC,RGPMTACC,RECUPANNEE,RECUPLIEU,RECUPANNE,RGPMTAC,CHOIX1,CHOIX2,CHOIX3,CHOIX4,CHOIX5,CHOIX6,CHOIX7,DESCRIPTION,RUPTURE,FAITS,ABS_REACTION,AUTRE_REACTION,PRECISIONREACTIONOUI,RECUL,PRECISIONREACTIONNON,IMPACTCOMPORTEMENT,AUTREUSAGER,REACTIONAUTREUSAGER,CONNAISSANCEREACTIONUSAGER,DIFFICULTES,AGGRAVATION,DIFFICULTES2,EMOTIONS1,EMOTIONS2,EMOTIONS3,EMOTIONS4,EMOTIONS5,EMOTIONS6,AUTRESENTIMENT,CLASSEMENTEMOTIONS1,CLASSEMENTEMOTIONS,CLASSEMENTEMOTIONS5,CLASSEMENTEMOTIONS6,CLASSEMENTEMOTIONS7,CLASSEMENTEMOTIONS8,CLASSEMENTEMOTIONS9,EXPLICATIONRESSENTI,BIENEQUIPE,ALLURE,ALLUREVITEDETAIL,ALLURELENTEDETAIL,SITUATIONPRESSE,SITUATIONDISTRAIT,SITUATIONCONFIANT,SITUATIONCONTROLE,SITUATIONLUDIQUE,SITUATIONPERF,SITUATIONSTRESS,SITUATIONFATIGUE,HUMEURNEUTRE,HUMEURGAI,HUMEURMECONTENT,HUMEURTRISTE,HUMEURCOLERE,CONTRIBUTION1,CONTRIBUTION2,CONTRIBUTION3,CONTRIBUTION4,CONTRIBUTION5,CONTRIBUTION6,CONTRIBUTION7,CONTRIBUTION8,CONTRIBUTION9,ROLEINFRA,ELEMENTINFRA1,ELEMENTINFRA2,ELEMENTINFRA3,ELEMENTINFRA4,ELEMENTINFRA5,ELEMENTINFRA6,ELEMENTINFRA7,ELEMENTINFRA8,ELEMENTINFRA9,ALCOOL,TXALCOOL,STUP,SEMAINE,MOMENTJOURNEE,TEMPS,CAUSEACC1,CAUSEACC2,CAUSEACC3,CAUSEACC4,CAUSEACC5,FORMATIONCAUSE,FORMATION1,FORMATION2,FORMATION3,FORMATION4,FORMATION5,TRAFIC,CHAUSSEE1,CHAUSSEE2,CHAUSSEE3,CHAUSSEE4,TYPEACC,BLESSURE,TETE,COU,THORAX,MEMBRESSUP,COLONNE,BASSIN,MEMBRESINF,HOPITAL,PLUS24H,TRAJET,TYPEROUTE,MOTIF,SENSTRAJET,PASSAGER,VITESSE,DESCEQ1,DESCEQ2,DESCEQ3,DESCEQ4,DESCEQ5,DESCEQ6,DESCEQ7,DESCEQ8,DESCEQ9,DESCEQ10,VEHICULEETE,VEHICULEAUTOMNE,VEHICULEPRINTEMPS,VEHICULEHIVER,VEHICULESEMAINE,VEHICULEWE,VEHMARQUE,VEHCYLINDREE,VEHMODELE,VEHSEGMENT,VEHSIDE,EQ2RMABS,EQ2RMCBS,EQ2RMABSCBS,EQ2RMREGULATEUR,EQ2RMLIMITEUR,EQ2RMPHARESDIRECT,EQ2RMCOUPURE,EQ2RMANTIPATINAGE,EQ2RMANTIXHEELING,EQ2RMSTABILILTE,VEHKM,POINTS,DUREE,AUTRE2RM,VEHPRECMARQUE,VEHPRECCYLINDREE,VEHPRECMODELE,VEHPRECSEGMENT,VEHPRECSIDE,TEMPS2RMPREC,FREQVEHPREC,DATE_NAISS,CSP,SOCIETAIRE,SALARIE,SECTEUR2RM,NBPERSFOYER,SITFAM,NBENF,TRNBENF1,TRNBENF2,TRNBENF3,TRNBENF4,NBAUTOFOYER,NBCYCLOFOYER,NBSCOOTFOYER,NBMOTOFOYER,NBTRIKEFOYER,NB2RMCONDUIT,MARQUE1,CYLINDREE1,MODELE1,SEGMENT1,SIDE1,ANMISECIRCU1,ASS1,FREQ1,USAGE1,NBKM1,GARAGE1,MARQUE2,CYLINDREE2,MODELE2,SEGMENT2,SIDE2,ANMISECIRCU2,ASS2,FREQ2,USAGE2,NBKM2,GARAGE2,MARQUE3,CYLINDREE3,MODELE3,SEGMENT3,SIDE3,ANMISECIRCU3,ASS3,FREQ3,USAGE3,NBKM3,GARAGE3,MARQUE4,CYLINDREE4,MODELE4,SEGMENT4,SIDE4,ANMISECIRCU4,ASS4,FREQ4,USAGE4,NBKM4,GARAGE4,MARQUE5,CYLINDREE5,MODELE5,SEGMENT5,SIDE5,ANMISECIRCU5,ASS5,FREQ5,USAGE5,NBKM5,GARAGE5,NBKMTOT,PERMIS1,PERMIS2,PERMIS3,PERMIS4,PERMIS5,PERMIS6,PERMIS7,PERMIS8,PERMIS9,ANPERMIS1,ANPERMIS6,ANPERMIS7,ANPERMIS2,ANPERMIS3,ANPERMIS8,ANPERMIS9,ANPERMIS4,ANPERMIS5,,,
543,5153,253,1,0,3,,,,,,0,5,,,,,,0,4,,,,,,0,2,,,,,,0,5,,,,,,0,4,,,,,,0,6,,,,,,0,6,,,,,,1,5,1990,,,,,0,1,,,,,,0,1,,,,,,0,2,,,,,,0,2,,,,,,0,2,,,,,,0,,1,,,,,,,,,,,,,,,,,,4,1,33,1,41,9,1990,,1990,"Vous avez fait une sortie de route, une perte de contrôle ou une glissade sans rien percuter.",2,,,,,,,NRP,NRP,NRP,NRP,1,NRP,NRP,,2,1,2,,NSP,2,NRP,6,,,,,,,,,,,,1,,"Entrée de virage avec une vitesse trop grande , freinage mal controlé , et percussion avec le rail de sécurité.",4,1,4,,1,1,4,4,1,4,1,2,3,3,4,4,4,1,5,9,,,,,,,2,,,,,,,,,2,2,,2,1,1,1,100,0,0,0,0,1,AUT|trop confiant,,,,,1,1,,,,1,,,,,,,,,,,3,2,3,,1,70,1,10,2,3,5,,,,,,4,4,4,4,4,4,BMW,1000,K100RS,Routière / GT,2,1,1,1,1,1,1,1,1,1,1,70000,NSP,4,0,,,,,,,,28FEB1955,9,1,3,2,2,3,,NRP,,,,1,0,0,1,0,1,BMW,1000,R100RT,Routière / GT,2,1994,37,2,1,10000,7,,,,,,,,,,,,,,,,,,,,,,,,,,,,,,,,,,,,,,,,,,,,,10000,3,4,,,,,,,,NRP,NRP,NRP,NRP,1982,NRP,NRP,1973,NRP,,,
1692,5154,,1,0,5,,,,,,0,5,,,,,,1,6,NSP,,,,,0,4,,,,,,0,5,,,,,,0,6,,,,,,0,4,,,,,,0,5,,,,,,0,4,,,,,,0,5,,,,,,1,6,1994,,,,,0,1,,,,,,0,2,,,,,,0,4,,,,,,0,,2,,,,,,,,,,,,,,,,,,2,2,30,0,,NRP,,,,,,,,,,,,,,,,,,,,,,,,,,,,,,,,,,,,,,,,,,,,,,,,,,,,,,,,,,,,,,,,,,,,,,,,,,,,,,,,,,,,,,,,,,,,,,,,,,,,,,,,,,,,,,,,,,,,,,,,,,,,,,,,,,,,,,,,,,,,,,,,,,,,,,,,,,,,,,,05APR1966,7,1,3,2,4,4,2,NRP,,,,3,1,0,2,0,2,BMW,1000,K1 ABS,Routière / GT,2,1990,37,3,1,3500,7,TRIUMPH,1700,THUNDERBIRD,CUSTOM,2,2011,37,1,2,12000,7,,,,,,,,,,,,,,,,,,,,,,,,,,,,,,,,,,15500,4,9,,,,,,,,NRP,NRP,NRP,NRP,NRP,NRP,1984,1991,NRP,,,
2202,5155,,0,,,,,,,,,,,,,,,,,,,,,,,,,,,,,,,,,,,,,,,,,,,,,,,,,,,,,,,,,,,,,,,,,,,,,,,,,,,,,,,,,,,,,,,,,,,,,,,,,,,,,,,,,,,,,,,,,,,,,,,,,,,,,,,,,,,,,,,,,,,,,,,,,,,,,,,,,,,,,,,,,,,,,,,,,,,,,,,,,,,,,,,,,,,,,,,,,,,,,,,,,,,,,,,,,,,,,,,,,,,,,,,,,,,,,,,,,,,,,,,,,,,,,,,,,,,,,,,,,,,,,,,,,,,,,,,,,,,,,,,,,,,28MAY1972,5,1,3,2,4,4,2,NRP,,,,1,0,0,1,0,1,DUCATI,750,SUPER SPORT,Routière / GT,2,1993,37,2,2,2000,7,,,,,,,,,,,,,,,,,,,,,,,,,,,,,,,,,,,,,,,,,,,,,2000,3,4,,,,,,,,NRP,NRP,NRP,NRP,1991,NRP,NRP,1991,NRP,,,
1800,5157,,1,0,2,,,,,,0,2,,,,,,0,2,,,,,,0,2,,,,,,1,2,2002,,,,,0,2,,,,,,0,3,,,,,,0,2,,,,,,0,3,,,,,,0,3,,,,,,0,3,,,,,,0,2,,,,,,0,3,,,,,,0,3,,,,,,0,,1,,,,,,,,,,,,,,,,,,2,1,34,1,21,5,2002,,,,,,,,,,,,,,,,,,,,,,,,,,,,,,,,,,,,,,,,,,,,,,,,,,,,,,,,,,,,,,,,,,,,,,,,,,,,,,,,,,,,,,,,,,,,,,,,,,,,,,,,,,,,,,,,,,,,,,,,,,,,,,,,,,,,,,,,,,,,,,,,,,,,,,,,,,,,,,11SEP1954,7,2,3,2,2,3,,NRP,,,,1,0,1,0,0,1,GILERA,500,FUOCO,SCOOTER,2,2011,10,1,1,6000,4,,,,,,,,,,,,,,,,,,,,,,,,,,,,,,,,,,,,,,,,,,,,,6000,3,,,,,,,,,NRP,NRP,NRP,NRP,1973,NRP,NRP,NRP,NRP,,,
777,5158,,1,0,3,,,,,,0,3,,,,,,0,3,,,,,,0,2,,,,,,0,4,,,,,,0,3,,,,,,0,2,,,,,,0,3,,,,,,1,5,2010,,,,,0,4,,,,,,0,4,,,,,,0,2,,,,,,0,4,,,,,,0,4,,,,,,0,,1,,,,,,,,,,,,,,,,,,5,0,5,1,41,9,2010,,,,,,,,,,,,,,,,,,,,,,,,,,,,,,,,,,,,,,,,,,,,,,,,,,,,,,,,,,,,,,,,,,,,,,,,,,,,,,,,,,,,,,,,,,,,,,,,,,,,,,,,,,,,,,,,,,,,,,,,,,,,,,,,,,,,,,,,,,,,,,,,,,,,,,,,,,,,,,05MAR1982,7,2,3,2,1,1,,NRP,,,,1,0,0,1,0,1,KAWASAKI,650,VERSYS,ROADSTER,2,2008,28,1,2,15000,4,,,,,,,,,,,,,,,,,,,,,,,,,,,,,,,,,,,,,,,,,,,,,15000,4,3,,,,,,,,NRP,NRP,NRP,NRP,2009,NRP,NRP,2000,NRP,,,
910,5160,,1,0,2,,,,,,0,4,,,,,,0,3,,,,,,0,2,,,,,,0,3,,,,,,0,3,,,,,,0,3,,,,,,0,4,,,,,,1,6,NSP,,,,,0,2,,,,,,0,1,,,,,,0,2,,,,,,1,4,NSP,,,,,0,3,,,,,,1,1,3,1998,,,,,nice,,,,,une voiture venant en sens inverse et en descente a râtée son virage et est venu me percuter de plein fouet alors que je montait, je n'ai eu la vie sauve que parce que j'ai sauté de mon scooter qui est allé s'encastrer sous la voiture. le conducteur avait pris des médicaments.,,,,,0,0,3,25,0,1,41,9,0,,,,,,,,,,,,,,,,,,,,,,,,,,,,,,,,,,,,,,,,,,,,,,,,,,,,,,,,,,,,,,,,,,,,,,,,,,,,,,,,,,,,,,,,,,,,,,,,,,,,,,,,,,,,,,,,,,,,,,,,,,,,,,,,,,,,,,,,,,,,,,,,,,,,,,,,,,,,,,29SEP1962,4,1,3,2,2,3,,NRP,,,,1,0,1,0,0,1,YAMAHA,125,X-MAX,SCOOTER,2,2012,37,1,3,10000,7,,,,,,,,,,,,,,,,,,,,,,,,,,,,,,,,,,,,,,,,,,,,,10000,4,,,,,,,,,NRP,NRP,NRP,NRP,NRP,NRP,NRP,1980,NRP,,
527,5161,59,1,1,5,1981,,,,,0,3,,,,,,1,4,2001,,,,,0,5,,,,,,0,4,,,,,,0,4,,,,,,0,3,,,,,,0,4,,,,,,0,4,,,,,,0,6,,,,,,0,4,,,,,,1,5,1982,,,,,0,5,,,,,,1,4,1989,,,,,1,1,5,2003,,,,,bezons,,,,,"venant de la droite d'un véhicule, j'ai voulu me rabattre devant lui pour prendre l'auto-pont. La moto a dérapé et j'en ai perdu le contrôle. Elle a tapé le véhicule sur le coté droit et a ricoché sur un autre véhicule venant de la droite.",,,,,0,1,1,7,26,1,1,1,1981,,1981,Vous circuliez sur un axe prioritaire. Un autre véhicule arrivant sur le même axe en sens opposé vous a coupé la route en tournant à gauche.,5,,,,,,,"Le mot qui définit le plus cet accident est ; incompréhension de ma part, sur la réaction illogique de l'automobiliste (une femme et sa fille) qui venait en sens inverse. Elle laisse passer les deux voitures qui me précédaient, puis sans aucune raison, tourne à gauche juste devant ma roue, estimant sans doute que j'étais encore suffisamment loin pour passer. Bien des années plus tard, je me pose encore la question ; Pourquoi un tel comportement ? Même si je connais la réponse par l'intermédiaire de mon assurance de l'époque : ALCOOL au volant ! Depuis que je connais la vérité, je n'ai plus aucune indulgence vis-à-vis de l'alcool au volant ou du téléphone portable à la main. Je suis passé par-dessus la voiture et j'ai atterri à l'autre bout de l'intersection dans une camionnette en stationnement. La voiture est reparti sur une remorque, ma moto (une Suzuki 125 TS rouge) morte, et le coté gauche de la camionnette enfoncé. Un beau trou sur le tibia droit en guise de souvenir... Femme irresponsable avec une gamine dans la voiture. Un peu sonné, je me suis réveillé avec le sourire d'une passante venue à mon secours. Je me souviendrai toute ma vie de ce jolie sourire... Rien que pour lui j'aurai refait cette culbute à l'infini...","Imprévu et distance trop courte pour réagir. Juste eu le temps de pousser un cri : ""NOOON !"" et puis BOUM ! Je n'ai rien vu venir.",Pas eu le temps de voir venir cet accident. Aucune réaction de ma part et de celle de l'autre conducteur. Me suis retrouvé par terre sans m'en rendre compte.,3,0,,,La voiture m'a carrément coupé la route à 2 mètres devant moi. Impossible donc de l'éviter même à faible allure.,3,0,,,,,,2,3,,,,,,,1,2,,,,,Les voitures me précédant sont passées sans encombres. La voiture en sens inverse m'a coupé la route sans raison derrière elles.,4,3,,,3,1,4,4,1,1,1,1,1,1,4,4,4,10,,,,,,,,,2,,,,,,,,,2,2,,2,1,1,1,0,100,0,0,0,2,,,,,,2,1,,,,2,1,7,,,,,,,1,0,1,1,1,2,0,45,1,10,2,3,,,,,,,4,4,4,4,4,4,SUZUKI,125,TS (+15CV),TRAIL / SUPERMOTARD,2,1,1,1,1,1,1,1,1,1,1,NSP,12,1,1,HONDA,125,XL-S,TRAIL / SUPERMOTARD,2,3,4,27JUN1962,5,2,3,2,3,4,1,NRP,,,,2,0,0,1,0,1,BMW,1200,R1200GS,TRAIL / SUPERMOTARD,2,2011,28,1,2,12000,6,,,,,,,,,,,,,,,,,,,,,,,,,,,,,,,,,,,,,,,,,,,,,12000,4,3,,,,,,,,NRP,NRP,NRP,NRP,1987,NRP,NRP,1992,NRP,,,
1214,5162,,1,1,5,NSP,,,,,0,5,,,,,,0,5,,,,,,0,5,,,,,,1,5,NSP,,,,,0,5,,,,,,0,4,,,,,,0,5,,,,,,1,5,2010,,,,,0,4,,,,,,0,6,,,,,,0,3,,,,,,0,4,,,,,,1,5,NSP,,,,,1,1,5,2014,,,,,paris,,,,,"un véhicule circulant sur le meme axe que moi venant d'en face m'a coupé la route pour tourner à sa gauche, donc en traversant ma voie. nous avions tous les deux franchi un feu orange.",,,,,0,0,1,0,24,1,1,1,0,,,,,,,,,,,,,,,,,,,,,,,,,,,,,,,,,,,,,,,,,,,,,,,,,,,,,,,,,,,,,,,,,,,,,,,,,,,,,,,,,,,,,,,,,,,,,,,,,,,,,,,,,,,,,,,,,,,,,,,,,,,,,,,,,,,,,,,,,,,,,,,,,,,,,,,,,,,,,,24JUN1966,7,2,3,1,2,3,,NRP,,,,2,0,0,3,0,2,BMW,800,F800GS,TRAIL / SUPERMOTARD,2,2011,29,1,2,12000,7,HONDA,750,AFRICA TWIN,TRAIL / SUPERMOTARD,2,1992,29,3,1,1000,7,,,,,,,,,,,,,,,,,,,,,,,,,,,,,,,,,,13000,3,4,,,,,,,,NRP,NRP,NRP,NRP,1991,NRP,NRP,1988,NRP,,,
561,5166,,0,,,,,,,,,,,,,,,,,,,,,,,,,,,,,,,,,,,,,,,,,,,,,,,,,,,,,,,,,,,,,,,,,,,,,,,,,,,,,,,,,,,,,,,,,,,,,,,,,,,,,,,,,,,,,,,,,,,,,,,,,,,,,,,,,,,,,,,,,,,,,,,,,,,,,,,,,,,,,,,,,,,,,,,,,,,,,,,,,,,,,,,,,,,,,,,,,,,,,,,,,,,,,,,,,,,,,,,,,,,,,,,,,,,,,,,,,,,,,,,,,,,,,,,,,,,,,,,,,,,,,,,,,,,,,,,,,,,,,,,,,,,11APR1986,5,1,3,2,1,1,,NRP,,,,0,1,0,1,0,1,HONDA,750,VT SHADOW,CUSTOM,2,2011,37,3,1,12000,6,,,,,,,,,,,,,,,,,,,,,,,,,,,,,,,,,,,,,,,,,,,,,12000,4,3,,,,,,,,NRP,NRP,NRP,NRP,2011,NRP,NRP,2004,NRP,,,
40,5167,,1,0,3,,,,,,0,5,,,,,,0,3,,,,,,0,5,,,,,,0,4,,,,,,0,5,,,,,,0,3,,,,,,0,6,,,,,,0,5,,,,,,0,3,,,,,,0,5,,,,,,0,3,,,,,,0,2,,,,,,0,2,,,,,,1,2,2,2008,2012,,,,Saint Ouen,Bourg la Reine,,,,"Sortie d'un virege en ville, camion poubelles à l'arret. J'arrete, la voiture roulant derrière moi me percute.","Feu rouge, je m'arrête, la voiture venant derrière moi ne s'arrête pas elle me percute.",,,,0,0,4,2,10,1,72,15,2012,Bourg la Reine,,,,,,,,,,,,,,,,,,,,,,,,,,,,,,,,,,,,,,,,,,,,,,,,,,,,,,,,,,,,,,,,,,,,,,,,,,,,,,,,,,,,,,,,,,,,,,,,,,,,,,,,,,,,,,,,,,,,,,,,,,,,,,,,,,,,,,,,,,,,,,,,,,,,,,,,,,,,,09NOV1971,4,2,3,2,3,5,1,NRP,,,,1,0,0,1,0,1,BMW,850,R850RT,Routière / GT,2,2003,20,2,2,10000,4,,,,,,,,,,,,,,,,,,,,,,,,,,,,,,,,,,,,,,,,,,,,,10000,4,3,,,,,,,,NRP,NRP,NRP,NRP,2002,NRP,NRP,2002,NRP,,,
528,5168,187,1,1,4,2005,,,,,2,4,1992,1996,,,,0,3,,,,,,0,3,,,,,,0,3,,,,,,0,2,,,,,,0,3,,,,,,0,4,,,,,,5,5,NSP,NSP,NSP,NSP,2013,1,3,2007,,,,,0,3,,,,,,0,3,,,,,,2,5,1974,NSP,,,,2,4,1985,1993,,,,1,1,14,1982,,,,,Paris,,,,,Percuté une voiture qui sortait d'un parking d'immeuble,,,,,0,0,6,3,30,1,1,1,2005,,2005,Vous circuliez sur un axe prioritaire. Un autre véhicule arrivant sur le même axe en sens opposé vous a coupé la route en tournant à gauche.,AUT|leplus stupide....,,,,,,,"J'arrive au croisement à une allure très raisonnable et je vois la voiture en face qui attend pour tourner. Le carrefour est assez fréquenté et compliqué (deux rue très proches l'une après l'autre) et pas mal de piétons, donc je ralentis encore un peu en réduisant les gaz, et le conducteur qui attendait interprète mal mon ralentissement, pense que je vais m'arrêter, et redémarre aussi sec en me coupant la route.  Je m'attendais à tout sauf naturellement à ça, on peut dire que je l'avais dans le point aveugle de mon cerveau.... plus classé comme danger potentiel.",La réaction complètement inattendue du conducteur de la voiture.,Je pense que je n'ai même pas eu le temps de commencer à envisager de freiner.,2,0,,,Parce que je n'ai pas vraiment réagi...,2,1,2,,Erreur d'interprétation de mon comportement,1,"S'il était resté arrêté et avait attendu que je sois passé comme le code de la route lui demande, rien ne se serait passé.",7,,,,,,,,,,,,,,,3,3,,,1,1,3,4,1,1,1,1,3,4,4,4,4,5,,,,,,,,,2,,,,,,,,,2,2,,2,2,1,1,10,90,0,0,0,2,,,,,,2,1,,,,1,,,,,,,,,,,1,1,3,,0,40,1,10,2,3,4,,,,,,4,4,4,4,4,3,YAMAHA,850,TDM,ROADSTER,2,1,1,1,1,1,1,1,1,1,1,30000,12,3,1,YAMAHA,660,XT-Z TENERE,TRAIL / SUPERMOTARD,2,4,4,25AUG1955,5,1,3,2,4,4,2,NRP,,,,1,0,0,1,0,2,YAMAHA,900,TDM,ROADSTER,2,2009,37,1,2,8000,2,BULTACO,125,SHERPA,"TOUT TERRAIN (TRIAL, ENDURO, CROSS)",2,1976,40,4,1,30,7,,,,,,,,,,,,,,,,,,,,,,,,,,,,,,,,,,8030,3,4,,,,,,,,NRP,NRP,NRP,NRP,1983,NRP,NRP,1979,NRP,,,
2107,5170,,1,0,4,,,,,,1,5,2002,,,,,0,4,,,,,,0,2,,,,,,0,2,,,,,,0,4,,,,,,0,3,,,,,,0,2,,,,,,0,2,,,,,,0,5,,,,,,2,6,1996,1999,,,,0,2,,,,,,0,2,,,,,,0,5,,,,,,0,,3,,,,,,,,,,,,,,,,,,0,4,19,1,51,11,1996,,,,,,,,,,,,,,,,,,,,,,,,,,,,,,,,,,,,,,,,,,,,,,,,,,,,,,,,,,,,,,,,,,,,,,,,,,,,,,,,,,,,,,,,,,,,,,,,,,,,,,,,,,,,,,,,,,,,,,,,,,,,,,,,,,,,,,,,,,,,,,,,,,,,,,,,,,,,,,22JUL1964,6,1,3,2,5,4,3,NRP,,,,4,0,0,1,0,1,KAWASAKI,1200,ZZR,Routière / GT,2,2003,37,3,1,8000,7,,,,,,,,,,,,,,,,,,,,,,,,,,,,,,,,,,,,,,,,,,,,,8000,3,4,,,,,,,,NRP,NRP,NRP,NRP,1996,NRP,NRP,1982,NRP,,,
2049,5174,,0,,,,,,,,,,,,,,,,,,,,,,,,,,,,,,,,,,,,,,,,,,,,,,,,,,,,,,,,,,,,,,,,,,,,,,,,,,,,,,,,,,,,,,,,,,,,,,,,,,,,,,,,,,,,,,,,,,,,,,,,,,,,,,,,,,,,,,,,,,,,,,,,,,,,,,,,,,,,,,,,,,,,,,,,,,,,,,,,,,,,,,,,,,,,,,,,,,,,,,,,,,,,,,,,,,,,,,,,,,,,,,,,,,,,,,,,,,,,,,,,,,,,,,,,,,,,,,,,,,,,,,,,,,,,,,,,,,,,,,,,,,,18MAR1981,5,1,3,2,3,4,1,NRP,,,,2,0,0,1,0,1,HONDA,700,NC700X,ROADSTER,2,2012,37,1,2,6000,7,,,,,,,,,,,,,,,,,,,,,,,,,,,,,,,,,,,,,,,,,,,,,6000,3,4,,,,,,,,NRP,NRP,NRP,NRP,2012,NRP,NRP,1999,NRP,,,
2205,5175,,0,,,,,,,,,,,,,,,,,,,,,,,,,,,,,,,,,,,,,,,,,,,,,,,,,,,,,,,,,,,,,,,,,,,,,,,,,,,,,,,,,,,,,,,,,,,,,,,,,,,,,,,,,,,,,,,,,,,,,,,,,,,,,,,,,,,,,,,,,,,,,,,,,,,,,,,,,,,,,,,,,,,,,,,,,,,,,,,,,,,,,,,,,,,,,,,,,,,,,,,,,,,,,,,,,,,,,,,,,,,,,,,,,,,,,,,,,,,,,,,,,,,,,,,,,,,,,,,,,,,,,,,,,,,,,,,,,,,,,,,,,,,10MAY1980,7,1,3,2,1,1,,NRP,,,,1,1,0,1,0,1,KAWASAKI,1000,VERSYS,ROADSTER,2,2012,37,3,1,12000,7,,,,,,,,,,,,,,,,,,,,,,,,,,,,,,,,,,,,,,,,,,,,,12000,3,4,,,,,,,,NRP,NRP,NRP,NRP,2010,NRP,NRP,1998,NRP,,,
837,5176,130,1,0,5,,,,,,0,5,,,,,,0,5,,,,,,0,4,,,,,,0,5,,,,,,0,3,,,,,,0,2,,,,,,0,5,,,,,,1,5,2012,,,,,0,5,,,,,,0,5,,,,,,0,2,,,,,,0,3,,,,,,0,4,,,,,,0,,1,,,,,,,,,,,,,,,,,,2,1,21,1,41,9,2012,,2012,"Vous avez fait une sortie de route, une perte de contrôle ou une glissade sans rien percuter.",4,,,,,,,"Petite balade d'hiver avec un 1/2 douzaine d'amis motards en mode décontracté (soleil, 15°). Après 1 h, je prends la tête du groupe car je connaissais mieux le coin. Dans une courbe  à droite peu prononcée négociée à 80-90 km/h, j'ai soudain senti la moto se dérober sous mes fesses et partir en glissage. Je me souviens de m'être demandé pourquoi le moteur gueulait si fort avant de réaliser que c'est moi qui tenait encore la poignée d'accélérateur en suivant, en drapeau. Glissade sur plusieurs mètres, ma moto qui traverse la route en produisant un panache de poussière et le collègue qui, me suivant, se retrouve dans le brouillard et croyant m'éviter à gauche percute ma moto et passe par dessus le guidon. Premier réflexe bouger les mains et les pieds, ok pas de problème mais quand j'ai essayé de me relever, là j'ai bien compris que je ne rentrerai pas à moto. Les copains organisent la circulation, sécurisent la zone, s'enquièrent de mon état, préviennent les secours (efficaces, non?). Ils me racontent ensuite que j'ai roulé en plein milieu d'un lit de gravier de 2 ou 3 cm d'épaisseur laissé par la DDE suite aux chutes de neige de la semaine précédente.  Résultat, fin du voyage en ambulance à 2 à l'heure avec une fracture du sacrum pour moi et des contusions de partout pour mon ami. Première action des gendarmes prévenus par le Samu, soufflez dans le ballon, m'sieur, svp. Pas facile de rire quand on a le bassin qui coince.",Perte d'adhérence des deux roues simultanément suite au passage dans un lit de gravier.,"Incompréhension du phénomène, maintien de la poignée d'accélérateur en glissant avec la moto (vieux réflexe d'équitation?), ma moto qui traverse la route masquée par le nuage de poussière dégagée par l'accident et le blocage sur le coté de la chaussée. Les copains ont très bien réagi en sécurisant les abords pendant que d'autres s'occupaient de mon copain et de moi. Je suis resté conscient du début à la fin.",2,0,,,La différence de texture et de couleur de la route étaient indiscernables avec l'alternance de soleil et d'ombre.,1,1,1,3,Visibilité réduite à zéro par l'écran de poussière dégagée.,2,Victime comme moi,3,,,,,,,,,1,,,,,"Roulant en mode balade tranquille sur une route , à priori, dégagée et à l'allure adaptée (confirmée par un témoin extérieur), je me retrouve par terre. Donc , première question , ""pourquoi"".",4,3,,,2,1,4,4,1,1,1,1,1,1,4,4,4,10,,,,,,,,,1,3,5,,,,,,,2,2,,2,2,1,1,10,0,0,90,0,2,,,,,,2,1,AUT|fortement gravillonée sur une courte zone,,,2,1,6,,,,,,,1,1,3,2,3,,0,90,1,2,3,4,7,9,,,,,4,4,4,4,4,4,BMW,1300,K1300R ABS PACK,ROADSTER,2,0,0,0,1,1,1,1,1,1,1,25000,12,4,1,TRIUMPH,1050,TIGER ABS,ROADSTER,2,3,3,18FEB1955,5,1,3,2,4,4,2,NRP,,,,5,0,0,1,0,1,BMW,1300,K1300R,ROADSTER,2,2010,37,2,1,12000,7,,,,,,,,,,,,,,,,,,,,,,,,,,,,,,,,,,,,,,,,,,,,,12000,3,4,,,,,,,,NRP,NRP,NRP,NRP,1972,NRP,NRP,1976,NRP,,,