Ligne,Ligne Q qualif,Ligne approfondissement Accident,ACCIDENT,NBACC1,ACCFREQUENCE1,ANNEEACC1_1,ANNEEACC1_2,ANNEEACC1_3,ANNEEACC1_4,ANNEEACC1_5,NBACC2,ACCFREQUENCE2,ANNEEACC2_1,ANNEEACC2_2,ANNEEACC2_3,ANNEEACC2_4,ANNEEACC2_5,NBACC3,ACCFREQUENCE3,ANNEEACC3_1,ANNEEACC3_2,ANNEEACC3_3,ANNEEACC3_4,ANNEEACC3_5,NBACC4,ACCFREQUENCE4,ANNEEACC4_1,ANNEEACC4_2,ANNEEACC4_3,ANNEEACC4_4,ANNEEACC4_5,NBACC5,ACCFREQUENCE5,ANNEEACC5_1,ANNEEACC5_2,ANNEEACC5_3,ANNEEACC5_4,ANNEEACC5_5,NBACC6,ACCFREQUENCE6,ANNEEACC6_1,ANNEEACC6_2,ANNEEACC6_3,ANNEEACC6_4,ANNEEACC6_5,NBACC7,ACCFREQUENCE7,ANNEEACC7_1,ANNEEACC7_2,ANNEEACC7_3,ANNEEACC7_4,ANNEEACC7_5,NBACC8,ACCFREQUENCE8,ANNEEACC8_1,ANNEEACC8_2,ANNEEACC8_3,ANNEEACC8_4,ANNEEACC8_5,NBACC9,ACCFREQUENCE9,ANNEEACC9_1,ANNEEACC9_2,ANNEEACC9_3,ANNEEACC9_4,ANNEEACC9_5,NBACC10,ACCFREQUENCE10,ANNEEACC10_1,ANNEEACC10_2,ANNEEACC10_3,ANNEEACC10_4,ANNEEACC10_5,NBACC11,ACCFREQUENCE11,ANNEEACC11_1,ANNEEACC11_2,ANNEEACC11_3,ANNEEACC11_4,ANNEEACC11_5,NBACC12,ACCFREQUENCE12,ANNEEACC12_1,ANNEEACC12_2,ANNEEACC12_3,ANNEEACC12_4,ANNEEACC12_5,NBACC13,ACCFREQUENCE13,ANNEEACC13_1,ANNEEACC13_2,ANNEEACC13_3,ANNEEACC13_4,ANNEEACC13_5,NBACC14,ACCFREQUENCE14,ANNEEACC14_1,ANNEEACC14_2,ANNEEACC14_3,ANNEEACC14_4,ANNEEACC14_5,AUTRESACC,NBAUTRESACC,TOTAL_AC,ANNEEAUTREACC1,ANNEEAUTREACC2,ANNEEAUTREACC3,ANNEEAUTREACC4,ANNEEAUTREACC5,LIEUAUTREACC1,LIEUAUTREACC2,LIEUAUTREACC3,LIEUAUTREACC4,LIEUAUTREACC5,DESCRIPTIONAUTRESACC1,DESCRIPTIONAUTRESACC2,DESCRIPTIONAUTRESACC3,DESCRIPTIONAUTRESACC4,DESCRIPTIONAUTRESACC5,NBAUTRESACCCIRCUIT,NBAUTRESTOUTTERRAIN,EXPCYCLO,EXP125,EXPSUP125,ACCORDNEXTQ,CHOIXACC,RGPMTACC,RECUPANNEE,RECUPLIEU,RECUPANNE,RGPMTAC,CHOIX1,CHOIX2,CHOIX3,CHOIX4,CHOIX5,CHOIX6,CHOIX7,DESCRIPTION,RUPTURE,FAITS,ABS_REACTION,AUTRE_REACTION,PRECISIONREACTIONOUI,RECUL,PRECISIONREACTIONNON,IMPACTCOMPORTEMENT,AUTREUSAGER,REACTIONAUTREUSAGER,CONNAISSANCEREACTIONUSAGER,DIFFICULTES,AGGRAVATION,DIFFICULTES2,EMOTIONS1,EMOTIONS2,EMOTIONS3,EMOTIONS4,EMOTIONS5,EMOTIONS6,AUTRESENTIMENT,CLASSEMENTEMOTIONS1,CLASSEMENTEMOTIONS,CLASSEMENTEMOTIONS5,CLASSEMENTEMOTIONS6,CLASSEMENTEMOTIONS7,CLASSEMENTEMOTIONS8,CLASSEMENTEMOTIONS9,EXPLICATIONRESSENTI,BIENEQUIPE,ALLURE,ALLUREVITEDETAIL,ALLURELENTEDETAIL,SITUATIONPRESSE,SITUATIONDISTRAIT,SITUATIONCONFIANT,SITUATIONCONTROLE,SITUATIONLUDIQUE,SITUATIONPERF,SITUATIONSTRESS,SITUATIONFATIGUE,HUMEURNEUTRE,HUMEURGAI,HUMEURMECONTENT,HUMEURTRISTE,HUMEURCOLERE,CONTRIBUTION1,CONTRIBUTION2,CONTRIBUTION3,CONTRIBUTION4,CONTRIBUTION5,CONTRIBUTION6,CONTRIBUTION7,CONTRIBUTION8,CONTRIBUTION9,ROLEINFRA,ELEMENTINFRA1,ELEMENTINFRA2,ELEMENTINFRA3,ELEMENTINFRA4,ELEMENTINFRA5,ELEMENTINFRA6,ELEMENTINFRA7,ELEMENTINFRA8,ELEMENTINFRA9,ALCOOL,TXALCOOL,STUP,SEMAINE,MOMENTJOURNEE,TEMPS,CAUSEACC1,CAUSEACC2,CAUSEACC3,CAUSEACC4,CAUSEACC5,FORMATIONCAUSE,FORMATION1,FORMATION2,FORMATION3,FORMATION4,FORMATION5,TRAFIC,CHAUSSEE1,CHAUSSEE2,CHAUSSEE3,CHAUSSEE4,TYPEACC,BLESSURE,TETE,COU,THORAX,MEMBRESSUP,COLONNE,BASSIN,MEMBRESINF,HOPITAL,PLUS24H,TRAJET,TYPEROUTE,MOTIF,SENSTRAJET,PASSAGER,VITESSE,DESCEQ1,DESCEQ2,DESCEQ3,DESCEQ4,DESCEQ5,DESCEQ6,DESCEQ7,DESCEQ8,DESCEQ9,DESCEQ10,VEHICULEETE,VEHICULEAUTOMNE,VEHICULEPRINTEMPS,VEHICULEHIVER,VEHICULESEMAINE,VEHICULEWE,VEHMARQUE,VEHCYLINDREE,VEHMODELE,VEHSEGMENT,VEHSIDE,EQ2RMABS,EQ2RMCBS,EQ2RMABSCBS,EQ2RMREGULATEUR,EQ2RMLIMITEUR,EQ2RMPHARESDIRECT,EQ2RMCOUPURE,EQ2RMANTIPATINAGE,EQ2RMANTIXHEELING,EQ2RMSTABILILTE,VEHKM,POINTS,DUREE,AUTRE2RM,VEHPRECMARQUE,VEHPRECCYLINDREE,VEHPRECMODELE,VEHPRECSEGMENT,VEHPRECSIDE,TEMPS2RMPREC,FREQVEHPREC,DATE_NAISS,CSP,SOCIETAIRE,SALARIE,SECTEUR2RM,NBPERSFOYER,SITFAM,NBENF,TRNBENF1,TRNBENF2,TRNBENF3,TRNBENF4,NBAUTOFOYER,NBCYCLOFOYER,NBSCOOTFOYER,NBMOTOFOYER,NBTRIKEFOYER,NB2RMCONDUIT,MARQUE1,CYLINDREE1,MODELE1,SEGMENT1,SIDE1,ANMISECIRCU1,ASS1,FREQ1,USAGE1,NBKM1,GARAGE1,MARQUE2,CYLINDREE2,MODELE2,SEGMENT2,SIDE2,ANMISECIRCU2,ASS2,FREQ2,USAGE2,NBKM2,GARAGE2,MARQUE3,CYLINDREE3,MODELE3,SEGMENT3,SIDE3,ANMISECIRCU3,ASS3,FREQ3,USAGE3,NBKM3,GARAGE3,MARQUE4,CYLINDREE4,MODELE4,SEGMENT4,SIDE4,ANMISECIRCU4,ASS4,FREQ4,USAGE4,NBKM4,GARAGE4,MARQUE5,CYLINDREE5,MODELE5,SEGMENT5,SIDE5,ANMISECIRCU5,ASS5,FREQ5,USAGE5,NBKM5,GARAGE5,NBKMTOT,PERMIS1,PERMIS2,PERMIS3,PERMIS4,PERMIS5,PERMIS6,PERMIS7,PERMIS8,PERMIS9,ANPERMIS1,ANPERMIS6,ANPERMIS7,ANPERMIS2,ANPERMIS3,ANPERMIS8,ANPERMIS9,ANPERMIS4,ANPERMIS5,,,
1624,5177,,1,0,4,,,,,,0,3,,,,,,0,5,,,,,,0,4,,,,,,1,5,2007,,,,,0,2,,,,,,0,3,,,,,,0,2,,,,,,0,4,,,,,,0,3,,,,,,1,4,2010,,,,,0,3,,,,,,0,2,,,,,,0,3,,,,,,0,,2,,,,,,,,,,,,,,,,,,0,4,9,1,21,5,2007,,,,,,,,,,,,,,,,,,,,,,,,,,,,,,,,,,,,,,,,,,,,,,,,,,,,,,,,,,,,,,,,,,,,,,,,,,,,,,,,,,,,,,,,,,,,,,,,,,,,,,,,,,,,,,,,,,,,,,,,,,,,,,,,,,,,,,,,,,,,,,,,,,,,,,,,,,,,,,19MAY1983,5,2,3,1,2,3,,NRP,,,,2,0,0,2,0,2,KAWASAKI,650,ER-6  F  ABS,Routière / GT,2,2009,29,3,1,2000,7,AJP,125,PR4 ENDURO,TRAIL / SUPERMOTARD,2,2011,29,3,1,800,7,,,,,,,,,,,,,,,,,,,,,,,,,,,,,,,,,,2800,3,4,,,,,,,,NRP,NRP,NRP,NRP,2006,NRP,NRP,2001,NRP,,,
274,5178,128,1,0,5,,,,,,0,5,,,,,,0,5,,,,,,0,5,,,,,,1,4,2002,,,,,0,5,,,,,,0,5,,,,,,0,5,,,,,,2,1,1996,1996,,,,0,5,,,,,,0,5,,,,,,0,3,,,,,,0,3,,,,,,0,3,,,,,,0,,3,,,,,,,,,,,,,,,,,,5,0,25,1,21,5,2002,,2002,Vous circuliez sur un axe prioritaire. Un véhicule venant dun axe non prioritaire vous a coupé la route.,1,,,,,,,quand j ai démarré au feu vert une voiture  m a coupé la route.? elle n avait pas vu le feu rouge. heureusement nos trajectoires n'étaient pas tout a fait perpendiculaires.  J ai tapé l'aile arrière de la voiture et ai fait un joli vol plané sans rien heurter. cela me motive à toujours porter des protections et a anticiper les erreurs des autres conducteurs. En particulier les gens qui telephonent en conduisant... J ai lu avec beaucoup d'attention votre article sur la visibilité des motards.  je reflechi à l equipement de petits phares additionnels sur la voiture et au port de vetements plus visibles,non respect de la signalisation par un autre conducteur.,C est trop vieux pour me souvenir avec précision. A mon avis ni moi ni le conducteur n'avons eu le temps de réagir.,3,1,"quand je démarre au feu je regarde systématiquement à gauche et à droite, un peu comme si je redémarrait d'un stop.","le manque d'ezxperience. mon permis date de 1974, la formation était plus que légere... maintenant que j ai du temps j'envisage de faire un stage de recyclage.",,2,1,NSP,,je pense que la personne etait distraite et n a pas vu le feu. heureusement elle roulait doucement.,NSP,NRP,7,,,,,,,,,,,,,,,3,3,,,3,3,3,3,2,1,1,2,2,4,4,4,4,4,5,,,,,,,,2,,,,,,,,,2,2,,2,1,1,1,20,80,0,0,0,1,AUT|En 1974 pour avoir le permis il suffisat de decrire un 8 avec la moto sans mettre le pied par terre...,,,,,3,1,,,,1,,,,,,,,,,,1,1,1,1,0,25,1,10,2,4,7,,,,,,4,4,4,4,4,4,BMW,650,F650 FUNDURO,TRAIL / SUPERMOTARD,2,0,1,1,1,1,1,1,1,1,1,10000,12,3,0,,,,,,,,26NOV1955,2,1,3,2,2,3,,NRP,,,,2,0,0,1,0,1,KAWASAKI,650,VERSYS,ROADSTER,2,2008,37,1,2,10000,7,,,,,,,,,,,,,,,,,,,,,,,,,,,,,,,,,,,,,,,,,,,,,10000,3,4,,,,,,,,NRP,NRP,NRP,NRP,1974,NRP,NRP,1974,NRP,,,
207,5180,133,1,1,5,2013,,,,,0,6,,,,,,0,5,,,,,,0,6,,,,,,0,4,,,,,,0,5,,,,,,0,3,,,,,,0,3,,,,,,0,3,,,,,,0,5,,,,,,2,5,2010,2013,,,,0,3,,,,,,1,4,2010,,,,,0,5,,,,,,0,,4,,,,,,,,,,,,,,,,,,16,16,2,1,1,1,2013,,2013,Vous circuliez sur un axe prioritaire. Un autre véhicule arrivant sur le même axe en sens opposé vous a coupé la route en tournant à gauche.,4,6,,,,,,"L'accident s'est déroulé en fin d'après-midi d'une journée de début Juin sur mon trajet habituel Travail-Domicile. Beau temps, route sèche, soleil non aveuglant dans les 2 direction sur l'axe emprunté. C'est une route départementale qui traverse une zone urbaine avec de nombreuses priorités à droite. Je circule à  50-55 km/h à l'approche d'une priorité à droite. J'ai vu qu'en face de moi à environ 20m une voiture est arretée, clignotant gauche allumé, en attente de tourner à gauche. Pendant que je regarde à droite,cette voiture s'engage. Quand mon regard revient sur la route, la voiture est au milieu de la chaussée devant moi à environ 5 m. Je freine sans pouvoir stopper avant le choc. Ma roue avant tape l'aile avant droite de la voiture, je passe par dessus le guidon et vient percuter le pare-brise avec le casque. Puis je tombe dos sur le capot et repose les 2 pieds sur la route après une glissade sur le capot. Pas de perte de conscience, pas de douleur sur le moment. La conductrice sort de son véhicule et me dit "" Je suis désolée. Ce n'est pas que je ne vous avais pas vu mais j'ai un problème de frein. Ca m'est déjà arrivé la semaine dernière !"". Au bilan: pas de traumatisme cranien; pas de fracture; contusion pouce gauche (qui a du etre retenu par la poignée gauche pendant que je volais au dessus de la moto et hématome du scrotum (choc contre le support GPS ? Un rétroviseur?). Mes conclusions:  1/Avoir un bon équipement (mon casque SCHUBERT C3 m'a sauvé la vie par contre mes bottines TCX  n'ont pas protégé mes tibias) 2/ Rouler à une vitesse adaptée ( je n'ose pas imaginer mon état si j'avais roulé 30 ou 40 km/h plus vite. 3/ Vérifier que l'on a été vu est important mais n'évite pas tout. De plus le gilet jaune n'aurait rien changé à l'ffaire. 4/ Entretenir et développer ses compétences à réagir en situation d'urgence.(J'aurai sans doute pu éviter le choc en obliquant sur ma droite)",Impossible de passer de 45 à 0 km/h en 5m.,frein arriere puis frein avant. Pas de rétrogradage.Regard droit devant. Le véhicule responsable a stoppé au milieu de la route.,NRP,1,J'aurais sans doute pu bifurquer dans la rue à droite pour éviter le choc.,manque d'expérience de cette situation. Manque d'expérience de la conduite moto (3 mois de permis),,2,1,NSP,,mauvaise aprréciation des vitesses et distances,2,l'autre usager est responsable de l'accident sans avoir eu d'action pouvant l'aggraver,6,,,,,,,,,,,,1,,freins serrés au maximum (sans blocage car ABS) mais pas d'arret,3,3,,,1,1,3,4,1,1,1,2,1,4,4,4,4,5,7,,,,,,,,2,,,,,,,,,2,2,,2,1,1,1,0,100,0,0,0,1,AUT|la formation des automobilistes est insuffisante pour ces situations,,,,,2,1,,,,2,1,4,6,,,,,,1,0,1,1,1,2,0,50,1,10,2,3,4,7,,,,,4,2,3,2,4,3,APRILIA,750,SHIVER ABS,ROADSTER,2,0,1,1,1,1,1,1,1,1,1,3000,9,1,1,YAMAHA,125,X-MAX,SCOOTER,2,4,4,14APR1965,6,2,3,2,4,4,2,NRP,,,,2,0,1,0,0,1,YAMAHA,125,X-MAX,SCOOTER,2,2010,31,1,2,7000,7,,,,,,,,,,,,,,,,,,,,,,,,,,,,,,,,,,,,,,,,,,,,,7000,2,4,,,,,,,,NRP,NRP,NRP,1989,NRP,NRP,NRP,1989,NRP,,,
59,5181,381,1,0,4,,,,,,0,1,,,,,,0,5,,,,,,0,1,,,,,,0,4,,,,,,0,2,,,,,,0,4,,,,,,1,6,2006,,,,,5,6,2004,2007,2010,2013,2014,0,2,,,,,,0,5,,,,,,0,2,,,,,,1,5,2014,,,,,0,1,,,,,,0,,7,,,,,,,,,,,,,,,,,,0,0,14,1,61,13,2014,,2014,Vous circuliez derrière un véhicule. Ce véhicule a freiné ou a ralenti et vous lavez percuté par larrière.,3,,,,,,,"La voiture a freiné, il pleuvait, mes nouveaux pneus n'étaient pas aussi bien que les anciens sous la pluie, la roue avant a bloqué et j'ai chuté.","pluie, ma vitesse excessive, mon inattention de ses feux stop et pneus ""de merde"".","J'ai freiné jusqu'au blocage des roues, cela a provoqué l'aquaplanning",NRP,1,Mieux anticiper,Distrait,,2,0,,,,,,6,,,,,,,,,,,,1,,"Je me suis dit ""et merde !""",4,1,1,,3,3,3,3,2,1,1,3,5,5,5,5,5,1,4,,,,,,,,2,,,,,,,,,2,2,,2,1,1,2,50,0,0,0,50,2,,,,,,2,2,,,,1,,,,,,,,,,,1,1,1,2,0,60,1,10,2,3,4,7,,,,,4,4,4,4,4,2,HONDA,250,CBR-R,SPORTIVE,2,1,1,1,1,1,1,1,1,1,1,30000,12,4,1,BETAMOTOR,350,M4 SM,TRAIL / SUPERMOTARD,2,4,4,08OCT1979,7,2,3,2,2,3,,NRP,,,,1,0,0,2,0,2,BETAMOTOR,350,M4 SM,TRAIL / SUPERMOTARD,2,2010,29,2,2,10000,6,HONDA,250,CB-RS,ROADSTER,2,2012,29,3,1,5000,6,,,,,,,,,,,,,,,,,,,,,,,,,,,,,,,,,,15000,3,4,,,,,,,,NRP,NRP,NRP,NRP,2002,NRP,NRP,1997,NRP,,,
960,5183,9,1,0,4,,,,,,1,5,2000,,,,,0,5,,,,,,0,3,,,,,,0,4,,,,,,0,4,,,,,,2,6,2000,2001,,,,0,3,,,,,,0,3,,,,,,0,5,,,,,,0,5,,,,,,0,3,,,,,,0,5,,,,,,0,5,,,,,,1,1,4,2001,,,,,VANNES,,,,,"je roulais en ville par beau temps, avec une moto jaune, phare allumé, en ligne droite à env. 40 km/h pour me rendre au travail, et une voiture venant d'un stop à droite m'a coupé la route en tournant à gauche. La femme avait regardé à droite mais pas à gauche avant de démarrer du stop.",,,,,2,0,0,0,15,1,71,15,2001,VANNES,2001,Autre(s) type(s) d'accident(s).,1,,,,,,,"J'allais tranquillement au travail en moto en été (moto jaune, casque jaune, blouson jaune et feux allumés), roulant à environ 40 km/h au lieu de 50, en ville, grand boulevard en ligne droite, pas de circulation...  et d'un stop sur la droite, une voiture m'a coupée la route en tournant à gauche... j'ai bien vu que la personne avait regardé à droite mais pas à gauche... j'ai freiné, ai tapé au niveau de son pneu et tombé sur le coté, mais en étant presque arrêté.. mais pas mal de dégât sur la moto (flanc, sélecteur vitesse, cale pied...)  et heureusement que j'avais des témoins (bus de la ville) car la personne ne voulait pas reconnaitre ses tords, de plus pas de marque sur la voiture, pour elle, j'étais tombé tout seul... et que selon elle, je roulais à vitesse excessive....  avec les témoins, elle a été 100% en tord au niveau de l'assurance",manque de contrôle visuel de la part de la conductrice,réaction : sauter sur les freins...,NRP,0,,,"même en anticipant, en essayant de prévoir toutes les situations... avec un refus de priorité, on ne peut pas faire grand chose...",2,0,,,,,,1,,,,,,,1,,,,,,,NRP,4,3,,,1,1,1,4,4,1,1,1,1,1,4,4,4,10,,,,,,,,,2,,,,,,,,,2,2,,2,1,1,1,0,100,0,0,0,2,,,,,,1,1,,,,1,,,,,,,,,,,1,1,1,1,0,40,1,10,2,3,4,,,,,,4,4,4,4,4,4,SUZUKI,650,SV-S,SPORTIVE,2,1,1,1,1,1,1,1,1,1,1,5000,12,2,1,HONDA,500,CB,ROADSTER,2,3,4,17MAR1979,6,2,3,2,2,3,,NRP,,,,2,0,0,1,0,1,YAMAHA,1000,FZ1  N,ROADSTER,2,2006,29,3,1,10000,7,,,,,,,,,,,,,,,,,,,,,,,,,,,,,,,,,,,,,,,,,,,,,10000,4,3,,,,,,,,NRP,NRP,NRP,NRP,1999,NRP,NRP,1997,NRP,,,
982,5186,173,1,0,2,,,,,,0,3,,,,,,0,4,,,,,,0,4,,,,,,0,3,,,,,,0,2,,,,,,0,2,,,,,,0,2,,,,,,1,4,1984,,,,,1,6,2014,,,,,0,5,,,,,,0,3,,,,,,0,5,,,,,,0,2,,,,,,1,1,3,2002,,,,,Angervilliers,,,,,"Dans un rond-point en entrée d'agglomération, un véhicule circulant à grande vitesse m'a percuté par l'arrière et a pris la fuite",,,,,0,0,34,4,30,1,46,10,2014,,2014,"Vous circuliez sur un axe constitué dau moins "" 2 X 2 voies "" (en urbain, périphérique, autoroute, RN ). Un véhicule vous a coupé la route en changeant de voie pour se placer sur celle de droite.",3,4,,,,,,"Le matin en me rendant à mon travail, je circulais sur l'A86 en direction de Vélizy, au sein d'une circulation dense.  Arrivé aux environ du PK 56 (Chatenay-Malabry), le trafic s'est immobilisé. Je me suis alors placé entre les 2° et 3° files de circulation, j'ai allumé mes warnings et j'ai réduit ma vitesse (estimation +/- 60 km/h).  Quelques dizaines de mètres plus loin, alors que les 3 voies de circulations étaient à l'arrêt complet, une voiture à déboité quelques mètres devant moi, de la voie la plus à gauche vers la voie centrale. Je n'ai pas eu le temps de réagir et j'ai percuté son avant droit. J'ai alors été projeté dans l'angle arrière gauche d'une fourgonnette immobilisée sur la voie du milieu  J'avais toujours pensé être plus exposé au risque lors de la remontée de files en mouvement, notamment lors du redémarrage de ces dernières, propices aux changement intempestifs de file. Je pensais que le risque était moindre lorsque les files sont stoppées, immobilisant les véhicules dans leurs voies...  Je circule en moto depuis 34 ans, et depuis 15 en région parisienne. Je ne roule qu'avec un casque fermé, un blouson avec protections complètes et des bottes + gants. Mon casque à encaissé le premier impact et je suis heureux de ma prudence à le porter fermé en circulation bien qu'il s'agisse d'un modulable (Shark Evoline 2)  Je pense que les protections intégrées à mon blouson(épaule et dorsale - veste Revitt) ont limité mes autres blessures (1 clavicule à droite et 5 cotes dorsales). En revanche, la forte décélération à généré une contusion pulmonaire avec hémo/pneumo-thorax","La survenue d'un obstacle (véhicule qui déboite), sans solution de dégagement ni d'évitement (circulation en inter-file) associée à une vitesse excessive (+/- 60km/h)","Je n'ai eu le temps que de couper les gaz, je ne pense pas avoir eu le temps de freiner, ni de l'arrière ni de l'avant. L'automobiliste qui déboitait dit ne pas m'avoir vu. Je ne sais pas si il avait activé un clignotant, que je n'aurais probablement pas aperçu en raison de le distance très courte en lui et moi au moment de son changement brusque de direction","AUT|Pas le temps de réagir, la voiture à déboité quasiment à mon passage à sa hauteur",1,J'aurais du réduire d'avantage ma vitesse.   Cela aurait limité la force de l'impact et cela m'aurait peut être permis d'amorcer un freinage,"L'habitude de ce parcours, dans des conditions de circulations identiques, voire pires. Un sol sec et une bonne adhérence mettent en confiance, sur un sol humide et/ou sous la pluie, ma vitesse aurait été moindre",,2,1,2,,NSP,1,La méconnaissance de nombreux automobilistes des règles du code de la route qui stipulent l'interdiction de changer de file lorsque le flot de circulation est ininterrompu,2,6,,,,,,,1,,,,2,,"Lorsque les files sont arrêtées sur 3 voies de circulation, je ne pensais pas qu'un automobiliste puisse tenter de changer de file!",3,1,2,,2,1,3,4,1,1,2,1,1,2,4,4,4,1,5,,,,,,,,2,,,,,,,,,2,2,,2,1,1,1,35,65,0,0,0,1,3,,,,,4,1,,,,2,1,3,4,,,,,,1,1,1,4,1,1,0,60,1,10,2,3,4,7,,,,,4,4,4,4,4,4,BMW,1600,K1600GTL PACK,Routière / GT,2,0,0,0,0,0,0,1,0,1,0,50000,12,1,1,BMW,1200,K1200LT,Routière / GT,2,4,4,06DEC1963,5,2,3,2,5,4,3,NRP,,,,3,0,0,1,0,1,BMW,1200,K1200LT,Routière / GT,2,2002,10,2,2,10000,7,,,,,,,,,,,,,,,,,,,,,,,,,,,,,,,,,,,,,,,,,,,,,10000,2,3,4,,,,,,,NRP,NRP,NRP,1979,1984,NRP,NRP,1982,NRP,,,