Ligne,Ligne Q qualif,Ligne approfondissement Accident,ACCIDENT,NBACC1,ACCFREQUENCE1,ANNEEACC1_1,ANNEEACC1_2,ANNEEACC1_3,ANNEEACC1_4,ANNEEACC1_5,NBACC2,ACCFREQUENCE2,ANNEEACC2_1,ANNEEACC2_2,ANNEEACC2_3,ANNEEACC2_4,ANNEEACC2_5,NBACC3,ACCFREQUENCE3,ANNEEACC3_1,ANNEEACC3_2,ANNEEACC3_3,ANNEEACC3_4,ANNEEACC3_5,NBACC4,ACCFREQUENCE4,ANNEEACC4_1,ANNEEACC4_2,ANNEEACC4_3,ANNEEACC4_4,ANNEEACC4_5,NBACC5,ACCFREQUENCE5,ANNEEACC5_1,ANNEEACC5_2,ANNEEACC5_3,ANNEEACC5_4,ANNEEACC5_5,NBACC6,ACCFREQUENCE6,ANNEEACC6_1,ANNEEACC6_2,ANNEEACC6_3,ANNEEACC6_4,ANNEEACC6_5,NBACC7,ACCFREQUENCE7,ANNEEACC7_1,ANNEEACC7_2,ANNEEACC7_3,ANNEEACC7_4,ANNEEACC7_5,NBACC8,ACCFREQUENCE8,ANNEEACC8_1,ANNEEACC8_2,ANNEEACC8_3,ANNEEACC8_4,ANNEEACC8_5,NBACC9,ACCFREQUENCE9,ANNEEACC9_1,ANNEEACC9_2,ANNEEACC9_3,ANNEEACC9_4,ANNEEACC9_5,NBACC10,ACCFREQUENCE10,ANNEEACC10_1,ANNEEACC10_2,ANNEEACC10_3,ANNEEACC10_4,ANNEEACC10_5,NBACC11,ACCFREQUENCE11,ANNEEACC11_1,ANNEEACC11_2,ANNEEACC11_3,ANNEEACC11_4,ANNEEACC11_5,NBACC12,ACCFREQUENCE12,ANNEEACC12_1,ANNEEACC12_2,ANNEEACC12_3,ANNEEACC12_4,ANNEEACC12_5,NBACC13,ACCFREQUENCE13,ANNEEACC13_1,ANNEEACC13_2,ANNEEACC13_3,ANNEEACC13_4,ANNEEACC13_5,NBACC14,ACCFREQUENCE14,ANNEEACC14_1,ANNEEACC14_2,ANNEEACC14_3,ANNEEACC14_4,ANNEEACC14_5,AUTRESACC,NBAUTRESACC,TOTAL_AC,ANNEEAUTREACC1,ANNEEAUTREACC2,ANNEEAUTREACC3,ANNEEAUTREACC4,ANNEEAUTREACC5,LIEUAUTREACC1,LIEUAUTREACC2,LIEUAUTREACC3,LIEUAUTREACC4,LIEUAUTREACC5,DESCRIPTIONAUTRESACC1,DESCRIPTIONAUTRESACC2,DESCRIPTIONAUTRESACC3,DESCRIPTIONAUTRESACC4,DESCRIPTIONAUTRESACC5,NBAUTRESACCCIRCUIT,NBAUTRESTOUTTERRAIN,EXPCYCLO,EXP125,EXPSUP125,ACCORDNEXTQ,CHOIXACC,RGPMTACC,RECUPANNEE,RECUPLIEU,RECUPANNE,RGPMTAC,CHOIX1,CHOIX2,CHOIX3,CHOIX4,CHOIX5,CHOIX6,CHOIX7,DESCRIPTION,RUPTURE,FAITS,ABS_REACTION,AUTRE_REACTION,PRECISIONREACTIONOUI,RECUL,PRECISIONREACTIONNON,IMPACTCOMPORTEMENT,AUTREUSAGER,REACTIONAUTREUSAGER,CONNAISSANCEREACTIONUSAGER,DIFFICULTES,AGGRAVATION,DIFFICULTES2,EMOTIONS1,EMOTIONS2,EMOTIONS3,EMOTIONS4,EMOTIONS5,EMOTIONS6,AUTRESENTIMENT,CLASSEMENTEMOTIONS1,CLASSEMENTEMOTIONS,CLASSEMENTEMOTIONS5,CLASSEMENTEMOTIONS6,CLASSEMENTEMOTIONS7,CLASSEMENTEMOTIONS8,CLASSEMENTEMOTIONS9,EXPLICATIONRESSENTI,BIENEQUIPE,ALLURE,ALLUREVITEDETAIL,ALLURELENTEDETAIL,SITUATIONPRESSE,SITUATIONDISTRAIT,SITUATIONCONFIANT,SITUATIONCONTROLE,SITUATIONLUDIQUE,SITUATIONPERF,SITUATIONSTRESS,SITUATIONFATIGUE,HUMEURNEUTRE,HUMEURGAI,HUMEURMECONTENT,HUMEURTRISTE,HUMEURCOLERE,CONTRIBUTION1,CONTRIBUTION2,CONTRIBUTION3,CONTRIBUTION4,CONTRIBUTION5,CONTRIBUTION6,CONTRIBUTION7,CONTRIBUTION8,CONTRIBUTION9,ROLEINFRA,ELEMENTINFRA1,ELEMENTINFRA2,ELEMENTINFRA3,ELEMENTINFRA4,ELEMENTINFRA5,ELEMENTINFRA6,ELEMENTINFRA7,ELEMENTINFRA8,ELEMENTINFRA9,ALCOOL,TXALCOOL,STUP,SEMAINE,MOMENTJOURNEE,TEMPS,CAUSEACC1,CAUSEACC2,CAUSEACC3,CAUSEACC4,CAUSEACC5,FORMATIONCAUSE,FORMATION1,FORMATION2,FORMATION3,FORMATION4,FORMATION5,TRAFIC,CHAUSSEE1,CHAUSSEE2,CHAUSSEE3,CHAUSSEE4,TYPEACC,BLESSURE,TETE,COU,THORAX,MEMBRESSUP,COLONNE,BASSIN,MEMBRESINF,HOPITAL,PLUS24H,TRAJET,TYPEROUTE,MOTIF,SENSTRAJET,PASSAGER,VITESSE,DESCEQ1,DESCEQ2,DESCEQ3,DESCEQ4,DESCEQ5,DESCEQ6,DESCEQ7,DESCEQ8,DESCEQ9,DESCEQ10,VEHICULEETE,VEHICULEAUTOMNE,VEHICULEPRINTEMPS,VEHICULEHIVER,VEHICULESEMAINE,VEHICULEWE,VEHMARQUE,VEHCYLINDREE,VEHMODELE,VEHSEGMENT,VEHSIDE,EQ2RMABS,EQ2RMCBS,EQ2RMABSCBS,EQ2RMREGULATEUR,EQ2RMLIMITEUR,EQ2RMPHARESDIRECT,EQ2RMCOUPURE,EQ2RMANTIPATINAGE,EQ2RMANTIXHEELING,EQ2RMSTABILILTE,VEHKM,POINTS,DUREE,AUTRE2RM,VEHPRECMARQUE,VEHPRECCYLINDREE,VEHPRECMODELE,VEHPRECSEGMENT,VEHPRECSIDE,TEMPS2RMPREC,FREQVEHPREC,DATE_NAISS,CSP,SOCIETAIRE,SALARIE,SECTEUR2RM,NBPERSFOYER,SITFAM,NBENF,TRNBENF1,TRNBENF2,TRNBENF3,TRNBENF4,NBAUTOFOYER,NBCYCLOFOYER,NBSCOOTFOYER,NBMOTOFOYER,NBTRIKEFOYER,NB2RMCONDUIT,MARQUE1,CYLINDREE1,MODELE1,SEGMENT1,SIDE1,ANMISECIRCU1,ASS1,FREQ1,USAGE1,NBKM1,GARAGE1,MARQUE2,CYLINDREE2,MODELE2,SEGMENT2,SIDE2,ANMISECIRCU2,ASS2,FREQ2,USAGE2,NBKM2,GARAGE2,MARQUE3,CYLINDREE3,MODELE3,SEGMENT3,SIDE3,ANMISECIRCU3,ASS3,FREQ3,USAGE3,NBKM3,GARAGE3,MARQUE4,CYLINDREE4,MODELE4,SEGMENT4,SIDE4,ANMISECIRCU4,ASS4,FREQ4,USAGE4,NBKM4,GARAGE4,MARQUE5,CYLINDREE5,MODELE5,SEGMENT5,SIDE5,ANMISECIRCU5,ASS5,FREQ5,USAGE5,NBKM5,GARAGE5,NBKMTOT,PERMIS1,PERMIS2,PERMIS3,PERMIS4,PERMIS5,PERMIS6,PERMIS7,PERMIS8,PERMIS9,ANPERMIS1,ANPERMIS6,ANPERMIS7,ANPERMIS2,ANPERMIS3,ANPERMIS8,ANPERMIS9,ANPERMIS4,ANPERMIS5,,,
1634,5189,,1,0,6,,,,,,1,3,1974,,,,,0,3,,,,,,0,2,,,,,,0,2,,,,,,0,4,,,,,,0,5,,,,,,0,2,,,,,,1,4,1973,,,,,0,3,,,,,,0,2,,,,,,0,2,,,,,,0,2,,,,,,0,1,,,,,,1,0,2,,,,,,,,,,,,,,,,0,0,4,2,40,0,,NRP,,,,,,,,,,,,,,,,,,,,,,,,,,,,,,,,,,,,,,,,,,,,,,,,,,,,,,,,,,,,,,,,,,,,,,,,,,,,,,,,,,,,,,,,,,,,,,,,,,,,,,,,,,,,,,,,,,,,,,,,,,,,,,,,,,,,,,,,,,,,,,,,,,,,,,,,,,,,,,,28MAR1954,9,1,3,2,1,1,,NRP,,,,1,0,1,0,0,1,HONDA,300,SH IE C-ABS,SCOOTER,2,2009,37,1,1,6500,7,,,,,,,,,,,,,,,,,,,,,,,,,,,,,,,,,,,,,,,,,,,,,6500,3,4,,,,,,,,NRP,NRP,NRP,NRP,1972,NRP,NRP,1975,NRP,,,
2158,5190,,1,0,5,,,,,,1,6,1980,,,,,1,5,1985,,,,,0,4,,,,,,1,5,1979,,,,,0,5,,,,,,0,5,,,,,,0,4,,,,,,0,5,,,,,,0,3,,,,,,0,5,,,,,,0,4,,,,,,1,5,2008,,,,,0,3,,,,,,1,1,5,1979,,,,,Fontenay Trésig,,,,,Un camion de 38 T roulant à 80 km/h n'a pu s'arrêter au feu rouge d'un croisement. Heureusement il n'a embarqué que la roue avant mais nous a mis violemment au tapis.,,,,,0,1,3,3,36,1,11,3,1985,,,,,,,,,,,,,,,,,,,,,,,,,,,,,,,,,,,,,,,,,,,,,,,,,,,,,,,,,,,,,,,,,,,,,,,,,,,,,,,,,,,,,,,,,,,,,,,,,,,,,,,,,,,,,,,,,,,,,,,,,,,,,,,,,,,,,,,,,,,,,,,,,,,,,,,,,,,,,,29MAY1959,5,1,3,2,5,4,3,NRP,,,,2,1,0,1,0,2,KTM,990,ADVENTURE,TRAIL / SUPERMOTARD,2,2009,37,2,1,2500,7,SOLEX (IMPEX),50,SOLEX 96-> VENDU PAR IMPEX,ROADSTER,2,2010,37,3,1,200,7,,,,,,,,,,,,,,,,,,,,,,,,,,,,,,,,,,2700,2,3,4,,,,,,,NRP,NRP,NRP,1976,1979,NRP,NRP,1978,NRP,,,
1420,5191,,1,0,3,,,,,,0,2,,,,,,0,2,,,,,,0,2,,,,,,1,3,1980,,,,,0,2,,,,,,0,3,,,,,,0,2,,,,,,0,2,,,,,,0,2,,,,,,0,2,,,,,,0,1,,,,,,0,3,,,,,,0,2,,,,,,0,,1,,,,,,,,,,,,,,,,,,3,3,18,1,21,5,1980,,,,,,,,,,,,,,,,,,,,,,,,,,,,,,,,,,,,,,,,,,,,,,,,,,,,,,,,,,,,,,,,,,,,,,,,,,,,,,,,,,,,,,,,,,,,,,,,,,,,,,,,,,,,,,,,,,,,,,,,,,,,,,,,,,,,,,,,,,,,,,,,,,,,,,,,,,,,,,08SEP1963,6,1,3,2,4,4,2,NRP,,,,2,0,0,2,0,2,KAWASAKI,650,VERSYS,ROADSTER,2,2003,37,2,1,6000,7,YAMAHA,600,XJ6,ROADSTER,2,2009,37,2,1,5000,7,,,,,,,,,,,,,,,,,,,,,,,,,,,,,,,,,,11000,3,4,,,,,,,,NRP,NRP,NRP,NRP,1983,NRP,NRP,1997,NRP,,,
2189,5192,,0,,,,,,,,,,,,,,,,,,,,,,,,,,,,,,,,,,,,,,,,,,,,,,,,,,,,,,,,,,,,,,,,,,,,,,,,,,,,,,,,,,,,,,,,,,,,,,,,,,,,,,,,,,,,,,,,,,,,,,,,,,,,,,,,,,,,,,,,,,,,,,,,,,,,,,,,,,,,,,,,,,,,,,,,,,,,,,,,,,,,,,,,,,,,,,,,,,,,,,,,,,,,,,,,,,,,,,,,,,,,,,,,,,,,,,,,,,,,,,,,,,,,,,,,,,,,,,,,,,,,,,,,,,,,,,,,,,,,,,,,,,,08JUN1974,6,1,3,2,2,3,,NRP,,,,2,0,0,1,0,1,HONDA,1100,CBR-XX SUPER BLACKBIRD,Routière / GT,2,2001,37,2,2,5000,7,,,,,,,,,,,,,,,,,,,,,,,,,,,,,,,,,,,,,,,,,,,,,5000,3,4,,,,,,,,NRP,NRP,NRP,NRP,1996,NRP,NRP,1992,NRP,,,
1052,5198,125,1,0,4,,,,,,0,4,,,,,,0,4,,,,,,0,4,,,,,,0,4,,,,,,0,4,,,,,,0,4,,,,,,0,4,,,,,,2,4,2000,2007,,,,0,4,,,,,,0,5,,,,,,0,3,,,,,,0,4,,,,,,0,3,,,,,,1,1,3,2006,,,,,Paris,,,,,"Je ralentis en abordant un rond-point, la voiture qui me suit m'a percuté par l'arrière, le conducteur accélérait pour entrer sur le rond point.",,,,,1,1,42,40,38,1,71,15,2006,Paris,2006,Autre(s) type(s) d'accident(s).,6,,,,,,,"Arrivant sur un rond point, je relâche mon accélération, sans toucher aux freins, car le conducteur de la voiture juste devant moi semblait hésiter avant d'aborder le rond point. J'ai alors été violemment percuté par la voiture qui me suivait, à tel point que lc choc m'a envoyé sur la roue arrière, au point que j'ai cassé les deux phares de la voiture avec l'arrière de ma moto qui a percuté le centre de son capot avant ! Par miracle, je n'ai été que déséquilibré, et ai fini ma course sur le terre plain en béton central, sans chute. Mes cervicales ont nécessité deux bonnes séances d'ostéo pour se remettre du coup du lapin, donc au vu de la violence, je ne m'en suis pas mal tiré... Bien entendu, le conducteur me disait fautif car j'avais ralenti au lieu d'accélérer pour aborder le rond point... MEeci au témoin qui a relaté la réalité des faits...",L'inattention du conducteur qui me suivait.,Ma seule action a été d'avoir coupé les gaz pour conserver mes distances vis-à-vis de la voiture qui me précédait. La conséquence de l'inaction du véhicule suiveur a été l'accident.,3,0,,,"Parce que l'action était dans mon dos et que mon attention était portée sur le véhicule qui me précédait, dont le conducteur était plus occupé à vérifier son GPS qu'à aborder le rond point, d'où mon ralentissement...fatal !, la seule solution aurait été de rouler décalé, donc au bord de la voie...",2,1,2,,"Il ne regardait pas dans ma direction alors que je le précédais, et était en train d'accélérer d'après mon témoin.",1,Un minimum d'attention lui aurait montré mon ralentissement,7,,,,,,,,,,,,,,,4,3,,,1,1,1,4,1,1,1,1,1,4,4,4,4,10,7,,,,,,,,2,,,,,,,,,2,2,,2,1,3,1,10,90,0,0,0,2,,,,,,2,1,,,,1,,,,,,,,,,,2,1,1,2,0,30,1,10,2,3,4,7,,,,,4,4,4,4,4,4,BMW,650,F650GS,TRAIL / SUPERMOTARD,2,0,1,1,1,1,1,1,1,1,1,20000,10,3,1,VOXAN,1000,ROADSTER V2,ROADSTER,2,4,4,06JAN1960,11,1,3,1,3,4,1,NRP,,,,1,0,0,3,0,3,KAWASAKI,550,GPZ,Routière / GT,2,1982,18,2,1,2000,4,VOXAN,1000,ROADSTER V2,ROADSTER,2,2000,18,4,1,1000,4,APRILIA,300,TX 300,"TOUT TERRAIN (TRIAL, ENDURO, CROSS)",2,1986,37,2,1,500,4,,,,,,,,,,,,,,,,,,,,,,,3500,2,3,4,,,,,,,NRP,NRP,NRP,1977,1990,NRP,NRP,1980,NRP,,,
1287,5199,,1,0,3,,,,,,0,5,,,,,,0,5,,,,,,0,2,,,,,,0,5,,,,,,0,5,,,,,,0,2,,,,,,0,5,,,,,,1,5,1994,,,,,0,4,,,,,,0,5,,,,,,0,2,,,,,,0,2,,,,,,0,2,,,,,,1,1,2,1999,,,,,Alès,,,,,J'ai freiné à un carrefour et la voiture derrière m'a touché,,,,,0,0,5,0,28,0,,NRP,,,,,,,,,,,,,,,,,,,,,,,,,,,,,,,,,,,,,,,,,,,,,,,,,,,,,,,,,,,,,,,,,,,,,,,,,,,,,,,,,,,,,,,,,,,,,,,,,,,,,,,,,,,,,,,,,,,,,,,,,,,,,,,,,,,,,,,,,,,,,,,,,,,,,,,,,,,,,,,20OCT1965,5,1,3,2,1,1,,NRP,,,,1,0,0,1,0,1,HONDA,650,NTV (REVERE),ROADSTER,2,1989,37,2,2,5000,4,,,,,,,,,,,,,,,,,,,,,,,,,,,,,,,,,,,,,,,,,,,,,5000,3,4,,,,,,,,NRP,NRP,NRP,NRP,1987,NRP,NRP,1984,NRP,,,
1254,5201,,1,0,5,,,,,,0,5,,,,,,0,4,,,,,,0,3,,,,,,0,4,,,,,,0,3,,,,,,0,3,,,,,,0,4,,,,,,1,5,2013,,,,,0,4,,,,,,0,5,,,,,,0,3,,,,,,0,3,,,,,,0,3,,,,,,0,,1,,,,,,,,,,,,,,,,,,0,2,0,1,41,9,2013,,,,,,,,,,,,,,,,,,,,,,,,,,,,,,,,,,,,,,,,,,,,,,,,,,,,,,,,,,,,,,,,,,,,,,,,,,,,,,,,,,,,,,,,,,,,,,,,,,,,,,,,,,,,,,,,,,,,,,,,,,,,,,,,,,,,,,,,,,,,,,,,,,,,,,,,,,,,,,30MAR1980,11,1,3,2,2,3,,NRP,,,,2,2,0,2,0,1,KAWASAKI,125,ELIMINATOR,CUSTOM,2,2001,37,3,1,1000,7,,,,,,,,,,,,,,,,,,,,,,,,,,,,,,,,,,,,,,,,,,,,,1000,5,4,,,,,,,,NRP,NRP,NRP,NRP,NRP,NRP,NRP,2001,2012,,,
1643,5202,,1,0,5,,,,,,1,5,2007,,,,,0,4,,,,,,0,1,,,,,,0,5,,,,,,0,4,,,,,,0,4,,,,,,0,4,,,,,,0,4,,,,,,0,3,,,,,,0,3,,,,,,0,2,,,,,,0,2,,,,,,1,4,1973,,,,,0,,2,,,,,,,,,,,,,,,,,,2,1,41,1,6,2,2007,,,,,,,,,,,,,,,,,,,,,,,,,,,,,,,,,,,,,,,,,,,,,,,,,,,,,,,,,,,,,,,,,,,,,,,,,,,,,,,,,,,,,,,,,,,,,,,,,,,,,,,,,,,,,,,,,,,,,,,,,,,,,,,,,,,,,,,,,,,,,,,,,,,,,,,,,,,,,,21FEB1956,6,1,3,2,2,3,,NRP,,,,2,0,0,1,0,1,BMW,1200,R1200RT,Routière / GT,2,2009,37,2,2,15000,7,,,,,,,,,,,,,,,,,,,,,,,,,,,,,,,,,,,,,,,,,,,,,15000,3,4,,,,,,,,NRP,NRP,NRP,NRP,1972,NRP,NRP,1977,NRP,,,
972,5203,432,1,0,5,,,,,,0,5,,,,,,0,4,,,,,,0,2,,,,,,1,3,1998,,,,,0,1,,,,,,0,3,,,,,,0,5,,,,,,1,3,2007,,,,,0,2,,,,,,0,4,,,,,,0,2,,,,,,0,5,,,,,,0,2,,,,,,0,,2,,,,,,,,,,,,,,,,,,4,0,23,1,41,9,2007,,2007,"Vous avez fait une sortie de route, une perte de contrôle ou une glissade sans rien percuter.",1,,,,,,,"Je circulais avec ma moto en duo, de jour, sur une route de campagne (rd) en Haute Garonne. Un ami qui circulait aussi en duo me suivait. Je connais bien cette route. Circulation nulle. J' aborde une série de virages, en côte, soleil de face, à vitesse réglementaire. Avant dernier virage , - un gauche-, je ralentis - j'estime à 50 km/h -en coupant les gaz car il est prononcé.  Dans la courbe, alors que je suis sur l 'angle je sens l'avant se dérober. Je n 'ai pas le temps de faire quoi que ce soit. Il n'y a pas de choc car l'angle est important et la moto se couche en portant sur le cylindre gauche - BMW flat-twin - et sur le top-case. Elle glisse jusque sur le bas côté herbeux et s'arrête . Moi même et ma passagère restons solidaire de la moto, assis sur nos sièges....... En me relevant et regardant vers l 'arrière, je constate une trainée d' huile moteur sur la route, large de pas plus de 4 cms. J'ai roulé dessus avec la roue avant, sans la voir en raison du soleil rasant.........  Conséquence : je suis totalement indemne, mon équipement m'a protégé:  mon blouson en cuir est rappé à l'épaule et coude gauche, ma botte gauche aussi sur la pointe du pied - elles ont juste un mois ou deux !!!- Ma femme est trés lègèrement rappée au genou gauche, le ""jean"" normal n'a pas résisté..  La moto: le cache culbuteur gauche est très fortement rayé - presque percé ! dans sa partie inférieure mais aussi supérieure, car la moto a pivoté sur lui : impressionnant !  la bulle haute adaptable est rappée à gauche jusque sur sa partie supérieure, le top case est rappé sur le flan gauche , cale pied passager et embout guidon gauche rappés.......... Conclusion: environ 16 ans de moto gros-cube à l'époque, perso et professionnellement et je me suis fait piégé comme un bleu ! La casse physique est quasi nulle grâce au bi-cylindre flat-twin qui a porté la moto et encaissé les dommage...-merci pour nos jambes!! -.et à notre équipement pas parfait mais adapté quand même....... Enseignement: tout motard est un jour rattrapé par la loi première de physique.....même sans prise de risque....il faut un équipement mini...quand à la moto, j' aime le caractère du flat, et sa protection naturelle passive n'est pas négligeable !!",soleil rasant éblouissant huile sur la route,pas eu le tps de réagir pas de tiers en cause mon pote sur sa moto derrière moi a évité de rouler dessus,3,0,,,huile invisible,3,0,,,,,,7,,,,,,,,,,,,,,,4,3,,,1,1,2,4,1,1,1,1,3,3,4,4,4,10,,,,,,,,,1,AUT|huile sur la chausée NON SIGNALEE,,,,,,,,2,2,,2,2,1,1,10,0,0,90,0,2,,,,,,AUT|NUL,6,,,,1,,,,,,,,,,,2,2,3,,1,50,1,10,2,3,4,7,,,,,4,4,4,3,3,3,BMW,1150,R1150R,ROADSTER,null,1,1,1,1,1,1,1,1,1,1,NSP,12,4,1,BMW,1100,R1100R,ROADSTER,2,4,3,25JUN1965,7,2,3,1,2,3,,NRP,,,,1,0,0,1,0,2,BMW,1200,R1200RT,Routière / GT,2,2007,16,3,1,9000,7,YAMAHA,1300,FJR ABS,Routière / GT,2,2004,40,2,3,7000,6,,,,,,,,,,,,,,,,,,,,,,,,,,,,,,,,,,16000,3,4,,,,,,,,NRP,NRP,NRP,NRP,1991,NRP,NRP,1985,NRP,,,
950,5204,,0,,,,,,,,,,,,,,,,,,,,,,,,,,,,,,,,,,,,,,,,,,,,,,,,,,,,,,,,,,,,,,,,,,,,,,,,,,,,,,,,,,,,,,,,,,,,,,,,,,,,,,,,,,,,,,,,,,,,,,,,,,,,,,,,,,,,,,,,,,,,,,,,,,,,,,,,,,,,,,,,,,,,,,,,,,,,,,,,,,,,,,,,,,,,,,,,,,,,,,,,,,,,,,,,,,,,,,,,,,,,,,,,,,,,,,,,,,,,,,,,,,,,,,,,,,,,,,,,,,,,,,,,,,,,,,,,,,,,,,,,,,,27DEC1971,8,1,3,2,2,3,,NRP,,,,2,0,0,2,0,2,BMW,1000,R100RS,Routière / GT,2,1979,37,3,1,3000,7,BMW,800,R80GS MONOLEVER,TRAIL / SUPERMOTARD,2,1983,37,3,1,3000,7,,,,,,,,,,,,,,,,,,,,,,,,,,,,,,,,,,6000,3,4,,,,,,,,NRP,NRP,NRP,NRP,2001,NRP,NRP,1989,NRP,,,
1572,5205,,1,0,4,,,,,,0,3,,,,,,0,4,,,,,,0,6,,,,,,0,5,,,,,,0,5,,,,,,0,5,,,,,,1,3,1988,,,,,0,3,,,,,,0,2,,,,,,0,6,,,,,,0,2,,,,,,0,3,,,,,,0,4,,,,,,0,,1,,,,,,,,,,,,,,,,,,4,22,34,1,36,8,1988,,,,,,,,,,,,,,,,,,,,,,,,,,,,,,,,,,,,,,,,,,,,,,,,,,,,,,,,,,,,,,,,,,,,,,,,,,,,,,,,,,,,,,,,,,,,,,,,,,,,,,,,,,,,,,,,,,,,,,,,,,,,,,,,,,,,,,,,,,,,,,,,,,,,,,,,,,,,,,07MAR1951,9,1,2,2,3,4,1,NRP,,,,4,0,0,3,0,3,BMW,1300,K1300GT,Routière / GT,2,2009,37,2,1,20000,7,KAWASAKI,650,KLR,TRAIL / SUPERMOTARD,2,1999,37,2,1,3000,7,TRIUMPH,900,BONNEVILLE,ROADSTER,2,2012,37,2,1,5000,7,,,,,,,,,,,,,,,,,,,,,,,28000,3,4,,,,,,,,NRP,NRP,NRP,NRP,1969,NRP,NRP,1981,NRP,,,
360,5206,,0,,,,,,,,,,,,,,,,,,,,,,,,,,,,,,,,,,,,,,,,,,,,,,,,,,,,,,,,,,,,,,,,,,,,,,,,,,,,,,,,,,,,,,,,,,,,,,,,,,,,,,,,,,,,,,,,,,,,,,,,,,,,,,,,,,,,,,,,,,,,,,,,,,,,,,,,,,,,,,,,,,,,,,,,,,,,,,,,,,,,,,,,,,,,,,,,,,,,,,,,,,,,,,,,,,,,,,,,,,,,,,,,,,,,,,,,,,,,,,,,,,,,,,,,,,,,,,,,,,,,,,,,,,,,,,,,,,,,,,,,,,,29MAY1958,5,1,3,2,4,4,2,NRP,,,,4,0,1,1,0,2,KAWASAKI,1700,VN CLASSIC TOURER,CUSTOM,2,2010,37,3,1,5000,7,HONDA,700,INTEGRA,SCOOTER,2,2012,37,1,2,17000,7,,,,,,,,,,,,,,,,,,,,,,,,,,,,,,,,,,22000,2,3,4,,,,,,,NRP,NRP,NRP,1974,1978,NRP,NRP,1977,NRP,,,
2035,5210,,1,0,4,,,,,,0,5,,,,,,0,4,,,,,,0,5,,,,,,1,4,2001,,,,,0,3,,,,,,0,4,,,,,,0,5,,,,,,0,3,,,,,,1,5,2001,,,,,0,3,,,,,,0,3,,,,,,0,3,,,,,,0,4,,,,,,0,,2,,,,,,,,,,,,,,,,,,2,0,22,1,21,5,2001,,,,,,,,,,,,,,,,,,,,,,,,,,,,,,,,,,,,,,,,,,,,,,,,,,,,,,,,,,,,,,,,,,,,,,,,,,,,,,,,,,,,,,,,,,,,,,,,,,,,,,,,,,,,,,,,,,,,,,,,,,,,,,,,,,,,,,,,,,,,,,,,,,,,,,,,,,,,,,05SEP1972,5,1,3,2,4,4,2,NRP,,,,1,0,0,3,0,3,BMW,1200,R1200R,ROADSTER,2,2012,37,1,1,14000,7,BMW,650,F650CS SCARVER,ROADSTER,2,2003,37,3,1,5000,7,HONDA,125,CB-F,ROADSTER,2,2010,37,2,1,2000,7,,,,,,,,,,,,,,,,,,,,,,,21000,3,4,,,,,,,,NRP,NRP,NRP,NRP,1993,NRP,NRP,1991,NRP,,,
1063,5211,303,1,0,4,,,,,,1,4,1984,,,,,0,5,,,,,,0,4,,,,,,1,6,1977,,,,,0,2,,,,,,0,3,,,,,,0,3,,,,,,1,5,1988,,,,,0,3,,,,,,0,6,,,,,,0,2,,,,,,0,1,,,,,,0,2,,,,,,0,,3,,,,,,,,,,,,,,,,,,2,1,37,1,6,2,1984,,1984,Vous circuliez derrière un véhicule. Ce véhicule a ralenti. Vous avez entrepris de dépasser ce véhicule par la gauche et celui-ci vous a coupé la route en tournant à gauche (ou en effectuant un œ tour,5,6,,,,,,"Dans Mantes la Jolie,vers 9H00, sur une voie assez importante,  je suivais une 2Cv depuis un certain temps. Elle circulait assez lentement sans savoir trop où elle allait. J'en ai eu assez de suivre ce véhicule au comportement instable et j'entrepris de le dépasser. A l'époque je roulais sur une BMW R100RT et le feux de croisement était allumé. J'arrivais pratiquement à la hauteur du conducteur  lorsque ce dernier tourna à gauche. Bien évidemment, déjà à l'époque, le clignotant n'avait pas été mis. Grâce à une certaine pratique de la moto, je réussi à faire mon évitement, mais heureusement que le véhicule était une 2CV, car dans la manoeuvre, mon pare-cylindre s'est accroché dans le pare-choc de la voiture et par chance a arraché l'avant de la 2CV. J'ai pu ainsi éviter la chute. En revanche ma passagère, dans la collision, a eu le pied qui s'est tordu. Heureusement elle portait de grosses bottes, néanmoins depuis, elle ne peut plus mettre de chaussures montantes assez serrées. ( ex chaussures de ski). Quant à la moto rien de cassé hormis le repose arrière droit tordu.  Au moment de faire le constat, le conducteur m'avoue qu'il ne m'avait absolument pas vu, qu'il sortait de son poste de nuit,qu'il n'avait pas dormi et qu'il rentrait chez lui pour se reposer. Il a entièrement reconnu les faits. Moralité: Le conducteur de la voiture: est fatigué, ne sait pas à quoi sert un rétroviseur ni un clignotant.  Le pilote de la moto: depuis, je ne double plus lorsqu'une route se présente sur la gauche.",Vitesse de la voiture trop lente avec un comportement anormal. j'ai entrepris le dépassement et le véhicule a tourné à gauche lorsque je suis arrivé à sa hauteur.,"Contre braquage pour faire la manoeuvre d'évitement et j'ai pu éviter la chute.   Au moment du choc, le conducteur de la voiture a freiné jusqu'à l'arrêt du véhicule.",NRP,1,Je n'aurai pas doublé car une rue se présentait sur la gauche.,"Malgré 7 ans de conduite moto au moment des faits, il me manquait encore de l'expérience.  Ne jamais doubler lorsqu'une route se présente sur la gauche. On en apprend tous les jours.",,2,1,2,,Il n'a rien vu. Il était en état de somnolence.,1,pas en état de conduire vu sa fatigue. N'a pas fait usage du rétroviseur car avant de le doubler je le suivais depuis un certain temps. Pas d'utilisation du clignotant.,2,4,,,,,,,1,,2,,,,Je n'avais pas imaginé un seul instant qu'il allait tourner. La vitesse de la voiture était constante même au moment de tourner.,4,3,,,1,1,4,4,1,1,1,1,3,3,1,4,4,2,,,,,,,,,2,,,,,,,,,2,2,,2,1,1,1,10,90,0,0,0,2,,,,,,1,1,,,,2,0,,,,,,,,,,3,1,3,,1,50,1,2,3,5,,,,,,,4,4,4,4,4,4,BMW,1000,R100RT,Routière / GT,2,1,1,1,1,1,1,1,1,1,1,30000,NSP,4,1,BMW,750,R75/5,ROADSTER,2,4,4,01OCT1959,5,1,3,2,2,3,,NRP,,,,2,0,0,1,0,1,BMW,1200,K1200LT,Routière / GT,2,2009,37,3,1,20000,7,,,,,,,,,,,,,,,,,,,,,,,,,,,,,,,,,,,,,,,,,,,,,20000,2,3,4,,,,,,,NRP,NRP,NRP,1977,1978,NRP,NRP,1979,NRP,,,