Ligne,Ligne Q qualif,Ligne approfondissement Accident,ACCIDENT,NBACC1,ACCFREQUENCE1,ANNEEACC1_1,ANNEEACC1_2,ANNEEACC1_3,ANNEEACC1_4,ANNEEACC1_5,NBACC2,ACCFREQUENCE2,ANNEEACC2_1,ANNEEACC2_2,ANNEEACC2_3,ANNEEACC2_4,ANNEEACC2_5,NBACC3,ACCFREQUENCE3,ANNEEACC3_1,ANNEEACC3_2,ANNEEACC3_3,ANNEEACC3_4,ANNEEACC3_5,NBACC4,ACCFREQUENCE4,ANNEEACC4_1,ANNEEACC4_2,ANNEEACC4_3,ANNEEACC4_4,ANNEEACC4_5,NBACC5,ACCFREQUENCE5,ANNEEACC5_1,ANNEEACC5_2,ANNEEACC5_3,ANNEEACC5_4,ANNEEACC5_5,NBACC6,ACCFREQUENCE6,ANNEEACC6_1,ANNEEACC6_2,ANNEEACC6_3,ANNEEACC6_4,ANNEEACC6_5,NBACC7,ACCFREQUENCE7,ANNEEACC7_1,ANNEEACC7_2,ANNEEACC7_3,ANNEEACC7_4,ANNEEACC7_5,NBACC8,ACCFREQUENCE8,ANNEEACC8_1,ANNEEACC8_2,ANNEEACC8_3,ANNEEACC8_4,ANNEEACC8_5,NBACC9,ACCFREQUENCE9,ANNEEACC9_1,ANNEEACC9_2,ANNEEACC9_3,ANNEEACC9_4,ANNEEACC9_5,NBACC10,ACCFREQUENCE10,ANNEEACC10_1,ANNEEACC10_2,ANNEEACC10_3,ANNEEACC10_4,ANNEEACC10_5,NBACC11,ACCFREQUENCE11,ANNEEACC11_1,ANNEEACC11_2,ANNEEACC11_3,ANNEEACC11_4,ANNEEACC11_5,NBACC12,ACCFREQUENCE12,ANNEEACC12_1,ANNEEACC12_2,ANNEEACC12_3,ANNEEACC12_4,ANNEEACC12_5,NBACC13,ACCFREQUENCE13,ANNEEACC13_1,ANNEEACC13_2,ANNEEACC13_3,ANNEEACC13_4,ANNEEACC13_5,NBACC14,ACCFREQUENCE14,ANNEEACC14_1,ANNEEACC14_2,ANNEEACC14_3,ANNEEACC14_4,ANNEEACC14_5,AUTRESACC,NBAUTRESACC,TOTAL_AC,ANNEEAUTREACC1,ANNEEAUTREACC2,ANNEEAUTREACC3,ANNEEAUTREACC4,ANNEEAUTREACC5,LIEUAUTREACC1,LIEUAUTREACC2,LIEUAUTREACC3,LIEUAUTREACC4,LIEUAUTREACC5,DESCRIPTIONAUTRESACC1,DESCRIPTIONAUTRESACC2,DESCRIPTIONAUTRESACC3,DESCRIPTIONAUTRESACC4,DESCRIPTIONAUTRESACC5,NBAUTRESACCCIRCUIT,NBAUTRESTOUTTERRAIN,EXPCYCLO,EXP125,EXPSUP125,ACCORDNEXTQ,CHOIXACC,RGPMTACC,RECUPANNEE,RECUPLIEU,RECUPANNE,RGPMTAC,CHOIX1,CHOIX2,CHOIX3,CHOIX4,CHOIX5,CHOIX6,CHOIX7,DESCRIPTION,RUPTURE,FAITS,ABS_REACTION,AUTRE_REACTION,PRECISIONREACTIONOUI,RECUL,PRECISIONREACTIONNON,IMPACTCOMPORTEMENT,AUTREUSAGER,REACTIONAUTREUSAGER,CONNAISSANCEREACTIONUSAGER,DIFFICULTES,AGGRAVATION,DIFFICULTES2,EMOTIONS1,EMOTIONS2,EMOTIONS3,EMOTIONS4,EMOTIONS5,EMOTIONS6,AUTRESENTIMENT,CLASSEMENTEMOTIONS1,CLASSEMENTEMOTIONS,CLASSEMENTEMOTIONS5,CLASSEMENTEMOTIONS6,CLASSEMENTEMOTIONS7,CLASSEMENTEMOTIONS8,CLASSEMENTEMOTIONS9,EXPLICATIONRESSENTI,BIENEQUIPE,ALLURE,ALLUREVITEDETAIL,ALLURELENTEDETAIL,SITUATIONPRESSE,SITUATIONDISTRAIT,SITUATIONCONFIANT,SITUATIONCONTROLE,SITUATIONLUDIQUE,SITUATIONPERF,SITUATIONSTRESS,SITUATIONFATIGUE,HUMEURNEUTRE,HUMEURGAI,HUMEURMECONTENT,HUMEURTRISTE,HUMEURCOLERE,CONTRIBUTION1,CONTRIBUTION2,CONTRIBUTION3,CONTRIBUTION4,CONTRIBUTION5,CONTRIBUTION6,CONTRIBUTION7,CONTRIBUTION8,CONTRIBUTION9,ROLEINFRA,ELEMENTINFRA1,ELEMENTINFRA2,ELEMENTINFRA3,ELEMENTINFRA4,ELEMENTINFRA5,ELEMENTINFRA6,ELEMENTINFRA7,ELEMENTINFRA8,ELEMENTINFRA9,ALCOOL,TXALCOOL,STUP,SEMAINE,MOMENTJOURNEE,TEMPS,CAUSEACC1,CAUSEACC2,CAUSEACC3,CAUSEACC4,CAUSEACC5,FORMATIONCAUSE,FORMATION1,FORMATION2,FORMATION3,FORMATION4,FORMATION5,TRAFIC,CHAUSSEE1,CHAUSSEE2,CHAUSSEE3,CHAUSSEE4,TYPEACC,BLESSURE,TETE,COU,THORAX,MEMBRESSUP,COLONNE,BASSIN,MEMBRESINF,HOPITAL,PLUS24H,TRAJET,TYPEROUTE,MOTIF,SENSTRAJET,PASSAGER,VITESSE,DESCEQ1,DESCEQ2,DESCEQ3,DESCEQ4,DESCEQ5,DESCEQ6,DESCEQ7,DESCEQ8,DESCEQ9,DESCEQ10,VEHICULEETE,VEHICULEAUTOMNE,VEHICULEPRINTEMPS,VEHICULEHIVER,VEHICULESEMAINE,VEHICULEWE,VEHMARQUE,VEHCYLINDREE,VEHMODELE,VEHSEGMENT,VEHSIDE,EQ2RMABS,EQ2RMCBS,EQ2RMABSCBS,EQ2RMREGULATEUR,EQ2RMLIMITEUR,EQ2RMPHARESDIRECT,EQ2RMCOUPURE,EQ2RMANTIPATINAGE,EQ2RMANTIXHEELING,EQ2RMSTABILILTE,VEHKM,POINTS,DUREE,AUTRE2RM,VEHPRECMARQUE,VEHPRECCYLINDREE,VEHPRECMODELE,VEHPRECSEGMENT,VEHPRECSIDE,TEMPS2RMPREC,FREQVEHPREC,DATE_NAISS,CSP,SOCIETAIRE,SALARIE,SECTEUR2RM,NBPERSFOYER,SITFAM,NBENF,TRNBENF1,TRNBENF2,TRNBENF3,TRNBENF4,NBAUTOFOYER,NBCYCLOFOYER,NBSCOOTFOYER,NBMOTOFOYER,NBTRIKEFOYER,NB2RMCONDUIT,MARQUE1,CYLINDREE1,MODELE1,SEGMENT1,SIDE1,ANMISECIRCU1,ASS1,FREQ1,USAGE1,NBKM1,GARAGE1,MARQUE2,CYLINDREE2,MODELE2,SEGMENT2,SIDE2,ANMISECIRCU2,ASS2,FREQ2,USAGE2,NBKM2,GARAGE2,MARQUE3,CYLINDREE3,MODELE3,SEGMENT3,SIDE3,ANMISECIRCU3,ASS3,FREQ3,USAGE3,NBKM3,GARAGE3,MARQUE4,CYLINDREE4,MODELE4,SEGMENT4,SIDE4,ANMISECIRCU4,ASS4,FREQ4,USAGE4,NBKM4,GARAGE4,MARQUE5,CYLINDREE5,MODELE5,SEGMENT5,SIDE5,ANMISECIRCU5,ASS5,FREQ5,USAGE5,NBKM5,GARAGE5,NBKMTOT,PERMIS1,PERMIS2,PERMIS3,PERMIS4,PERMIS5,PERMIS6,PERMIS7,PERMIS8,PERMIS9,ANPERMIS1,ANPERMIS6,ANPERMIS7,ANPERMIS2,ANPERMIS3,ANPERMIS8,ANPERMIS9,ANPERMIS4,ANPERMIS5,,,
1101,5212,37,1,0,5,,,,,,0,4,,,,,,0,5,,,,,,0,4,,,,,,0,6,,,,,,0,4,,,,,,0,4,,,,,,1,4,1971,,,,,2,6,1992,1997,,,,0,5,,,,,,0,4,,,,,,0,3,,,,,,0,4,,,,,,0,5,,,,,,0,,3,,,,,,,,,,,,,,,,,,2,0,47,1,42,9,1997,,1997,"Vous avez fait une sortie de route, une perte de contrôle ou une glissade sans rien percuter.",5,,,,,,,"En plein milieu du Cantal, sur une belle route, par beau temps, dans un enchaînement de virages pris à bonne allure, toutefois raisonnable, un carrefour simple et large m'a paru infranchissable. La route était en courbe. Au lieu de tourner, ce qui était pourtant tout à fait possible compte tenu de ma vitesse, j'ai essayé de freiner et je suis allé tout droit. Je suis sorti de la route après avoir été arrêté par une clôture de barbelés. La moto a fait un looping et est retombée à l'envers sur la clôture. Je suis passé par dessus la clôture en question, entre un arbre et un poteau électrique et je suis retombé dans un champ 15m plus bas. Contre toute attente, la moto a subi peu de dommages(bulle cassée, pneu avant crevé, un joint spi de fourche explosé et quelques égratignures)et je n'ai eu, pour ce qui me concerne, qu'un gros hématome au bras gauche (qui a sans doute été provoqué par la bulle que j'ai explosée lorsque j'ai été éjecté).   J'étais parfaitement équipé (déjà, pour l'époque!), ce qui a sans doute contribué à l'absence de blessure.  Je ne me suis jamais vraiment expliqué pourquoi je n'ai pas tourné. J'étais concentré et attentif mais je ne m'attendais absolument pas à voir ce carrefour à cet endroit. Nous roulions en groupe et j'étais le 1er. La surprise et le temps de réaction ont certainement contribué à mon absence de réaction appropriée.  Pourtant, à l'époque, j'avais déjà 29 ans de moto et de très nombreux km derrière moi.   Cet accident m'a marqué, en grande partie, parce que je n'ai jamais pu l'expliquer vraiment et aussi, il faut le dire, parce qu'un mètre plus à gauche (l'arbre)ou à droite (le poteau, j'étais mort!","- La surprise - La route en courbe - Trop de réflexion, pas assez de réflexe","J'ai juste attrapé les freins et essayé de m'arrêter. Ma moto (une BMW K1100RS) avait l'ABS. Cette action lui a permis de rester sur ses roues jusqu''à la sortie de route sans glisser ni chuter, mais la distance nécessaire à l'arrêt total était trop courte.  Cette action ""désespérée"" sur les freins a empêché toute éventuelle tentative de reprendre une trajectoire normale (c'est à dire: de tourner et rester sur la route).",1,1,"Je n'aurais pas dû freiner, tout au plus couper les gaz et j'aurais dû prendre le (léger) virage tout à fait normalement.",Effet de surprise causé par un profil de route totalement inattendu et freinage réflexe à la place de quelques dizièmes de seconde de réflexion,,2,0,,,,,,3,6,,,,,,,,1,,,2,,"Pourquoi étais-je là en train d'essayer désespérément de m'arrêter alors qu'il aurait été si facile de tourner (je n'étais pas, loin s'en faut, ""à la limite"")",4,3,,,1,1,4,4,4,1,1,3,3,3,4,4,4,10,,,,,,,,,1,2,4,,,,,,,2,2,,2,2,1,1,90,0,0,10,0,2,,,,,,1,1,,,,1,,,,,,,,,,,3,2,3,,0,70,1,2,3,4,7,9,,,,,4,4,4,3,4,4,BMW,1100,K1100RS ABS,Routière / GT,2,0,1,1,1,1,1,1,1,1,1,25000,12,4,1,HONDA,750,"VFR-F ""CARAT""",Routière / GT,2,4,4,06JUN1952,5,1,3,2,2,2,1,NRP,,,,1,0,0,2,0,2,YAMAHA,1300,FJR ABS  AS,Routière / GT,2,2008,37,1,2,14000,7,TRIUMPH,900,BONNEVILLE IE,ROADSTER,2,2011,37,2,1,5000,7,,,,,,,,,,,,,,,,,,,,,,,,,,,,,,,,,,19000,3,4,,,,,,,,NRP,NRP,NRP,NRP,1968,NRP,NRP,1970,NRP,,,
2082,5213,,1,0,5,,,,,,0,5,,,,,,1,4,2001,,,,,0,3,,,,,,0,5,,,,,,0,3,,,,,,1,3,1991,,,,,1,3,1989,,,,,1,3,1990,,,,,0,4,,,,,,0,5,,,,,,0,2,,,,,,0,3,,,,,,0,3,,,,,,0,,4,,,,,,,,,,,,,,,,,,5,2,30,1,11,3,2001,,,,,,,,,,,,,,,,,,,,,,,,,,,,,,,,,,,,,,,,,,,,,,,,,,,,,,,,,,,,,,,,,,,,,,,,,,,,,,,,,,,,,,,,,,,,,,,,,,,,,,,,,,,,,,,,,,,,,,,,,,,,,,,,,,,,,,,,,,,,,,,,,,,,,,,,,,,,,,10AUG1954,6,1,3,2,2,3,,NRP,,,,2,0,0,1,0,1,BMW,1200,K1200GT,Routière / GT,2,2007,37,2,1,15000,7,,,,,,,,,,,,,,,,,,,,,,,,,,,,,,,,,,,,,,,,,,,,,15000,2,3,4,,,,,,,NRP,NRP,NRP,1974,1977,NRP,NRP,1974,NRP,,,
734,5214,25,1,0,4,,,,,,0,5,,,,,,0,5,,,,,,0,4,,,,,,0,5,,,,,,0,2,,,,,,0,5,,,,,,0,5,,,,,,0,5,,,,,,0,4,,,,,,0,6,,,,,,0,3,,,,,,0,3,,,,,,0,3,,,,,,1,1,1,1998,,,,,Saint-Laurent,,,,,"Voiture arrivant en sens inverse sur ma voie après un carrefour récemment réaménagé (incompréhension du nouveau carrefour par le conducteur de la voiture ?). Évitement de justesse du choc frontal car j'arrivais dans une courbe longue et j'ai été surpris par la présence de la voiture sur ma voie mais choc avec le côté gauche de la voiture (notamment rétroviseur), pas de chute mais arrachement du carénage de la moto et hématome et plaie au genou gauche, plâtre effectué pour immobilisation du genou. Je roulais à une centaine de km/h.",,,,,0,0,4,0,8,1,71,15,1998,Saint-Laurent,1998,Autre(s) type(s) d'accident(s).,1,,,,,,,"Deux ans de moto, 600 transalp, retour de Poitiers (fac), pratiquement arrivé chez mes parents (10 min après 1h30 de trajet) et dans une large courbe à droite, une voiture jaillit, sur ma file en  face de moi... Juste le temps d'éviter, le carénage et mon genou touchent le côté gauche et le rétro de la voiture. Je m'immobilise une centaine de mètres plus loin sans tomber. Je tremble, j'ai eu peur, je ne peux pas bouger j'ai mal à la jambe gauche, le carénage à exploser. Je lève la main sans descendre de ma moto (j'en suis incapable), espérant qu'un automobiliste va comprendre. Quelques voitures passent, enfin une s'arrête, un gars sympa me demande comment ça va, je lui explique, il m'aide à descendre de la moto. Il me propose d'appeler les pompiers ou les gendarmes, je ne sais pas, je suis à côté de chez moi, il me ramène, ma jambe ne me fait plus mal. Arrivé à la maison j'explique ce qui s'est passé à mon père en lui disant que ma jambe ça va. il demande à jeter un il, en fait il y a du sang partout, le genou est ouvert. Direction l'hôpital où le chirurgien décide de plâtrer le genou. En attendant, du fond de mon lit d'hôpital, je vois surgir un gendarme qui vient m'interroger suite à une plainte déposée par un couple qui a vu surgir une moto face à lui et l'a évité de justesse. Je suis choqué et j'ai beau m'expliquer, je suis mal barré, vingt piges, cheveux longs et boucles d'oreille ne plaident pas en ma faveur face à un couple de paisible retraités. Finalement, chacun va s'en tirer à 50/50 de responsabilité grâce à la personne qui m'a aidé et qui a témoigné que je n'avais pas fait de délit de fuite, (mal)heureusement pour moi, pas de chute donc pas de trace sur la route prouvant que ce sont les p'tits vieux qui étaient du mauvais côté... Ils auraient pu me tuer, je les maudis encore.",Belle courbe à droite et surprise de se trouver face à un véhicule à contresens à cet endroit. Je tente l'évitement mais sans y parvenir complètement. Je touche légèrement la voiture mais à 80 ou 90 km/h le choc est quand même présent.,"Surprise puis tentative d'évitement de mon côté, en face je ne sais pas, c'est allé trop vite. Puis pas de nouvelles de l'autre véhicule qui arrivait à contresens jusqu'à ce que j'apprenne par le gendarme que ses occupants avaient porter plainte en disant que moi je roulais à contresens.",NRP,0,,,Je pense avoir fait le max et sauver ma peau ce jour-là...,3,1,NSP,,NSP,NSP,NSP,1,2,4,,,,,3,1,,2,,,,"Tout est allé très vite, la voiture n'avait rien à faire à contresens, je l'ai vue au dernier moment (grande courbe en bas d'une terrasse).",3,3,,,3,1,4,4,4,2,1,3,1,1,4,4,4,10,,,,,,,,,2,,,,,,,,,2,2,,1,1,3,1,0,100,0,0,0,2,,,,,,1,1,,,,2,1,7,,,,,,,1,1,1,2,1,2,0,90,1,10,2,3,5,,,,,,3,3,3,3,3,NRP,HONDA,600,TRANSALP +35KW,TRAIL / SUPERMOTARD,2,1,1,1,1,1,1,2,1,1,1,30000,12,3,0,,,,,,,,12MAR1974,6,1,3,2,2,3,,NRP,,,,1,0,0,1,0,1,HONDA,500,CX,ROADSTER,2,1979,37,2,2,4000,7,,,,,,,,,,,,,,,,,,,,,,,,,,,,,,,,,,,,,,,,,,,,,4000,4,3,,,,,,,,NRP,NRP,NRP,NRP,1994,NRP,NRP,1992,NRP,,,
864,5217,,1,1,4,1992,,,,,0,4,,,,,,2,5,1997,2001,,,,0,3,,,,,,0,2,,,,,,0,2,,,,,,0,2,,,,,,0,3,,,,,,0,3,,,,,,0,4,,,,,,0,4,,,,,,0,3,,,,,,0,3,,,,,,0,2,,,,,,0,,3,,,,,,,,,,,,,,,,,,3,12,25,1,11,3,1997,,,,,,,,,,,,,,,,,,,,,,,,,,,,,,,,,,,,,,,,,,,,,,,,,,,,,,,,,,,,,,,,,,,,,,,,,,,,,,,,,,,,,,,,,,,,,,,,,,,,,,,,,,,,,,,,,,,,,,,,,,,,,,,,,,,,,,,,,,,,,,,,,,,,,,,,,,,,,,10JAN1958,7,2,3,2,3,4,1,NRP,,,,2,0,0,1,0,1,DUCATI,1200,MULTISTRADA,ROADSTER,2,2011,28,2,1,6000,7,,,,,,,,,,,,,,,,,,,,,,,,,,,,,,,,,,,,,,,,,,,,,6000,2,3,4,,,,,,,NRP,NRP,NRP,1974,1989,NRP,NRP,1978,NRP,,,
352,5218,,1,0,5,,,,,,0,4,,,,,,0,5,,,,,,0,2,,,,,,0,4,,,,,,0,2,,,,,,0,3,,,,,,0,3,,,,,,0,3,,,,,,0,3,,,,,,0,2,,,,,,0,3,,,,,,0,4,,,,,,0,3,,,,,,1,2,2,2000,2001,,,,lacenas,st georges de r,,,,J ai percuté un vl en entrant dans un petit rond point,J ai ralenti et le vehicule qui me precedait m a percuté a l arriere.,,,,0,0,4,0,15,1,72,15,2001,st georges de r,,,,,,,,,,,,,,,,,,,,,,,,,,,,,,,,,,,,,,,,,,,,,,,,,,,,,,,,,,,,,,,,,,,,,,,,,,,,,,,,,,,,,,,,,,,,,,,,,,,,,,,,,,,,,,,,,,,,,,,,,,,,,,,,,,,,,,,,,,,,,,,,,,,,,,,,,,,,,29AUG1981,7,1,3,2,4,4,2,NRP,,,,2,0,0,1,0,1,HONDA,750,CB-SEVEN FIFTY,ROADSTER,2,1999,37,3,1,1500,4,,,,,,,,,,,,,,,,,,,,,,,,,,,,,,,,,,,,,,,,,,,,,1500,2,3,4,,,,,,,NRP,NRP,NRP,2000,2000,NRP,NRP,2001,NRP,,,
2014,5221,,0,,,,,,,,,,,,,,,,,,,,,,,,,,,,,,,,,,,,,,,,,,,,,,,,,,,,,,,,,,,,,,,,,,,,,,,,,,,,,,,,,,,,,,,,,,,,,,,,,,,,,,,,,,,,,,,,,,,,,,,,,,,,,,,,,,,,,,,,,,,,,,,,,,,,,,,,,,,,,,,,,,,,,,,,,,,,,,,,,,,,,,,,,,,,,,,,,,,,,,,,,,,,,,,,,,,,,,,,,,,,,,,,,,,,,,,,,,,,,,,,,,,,,,,,,,,,,,,,,,,,,,,,,,,,,,,,,,,,,,,,,,,15JAN1970,4,1,3,2,1,1,,NRP,,,,1,0,0,5,1,6,APRILIA,1000,TUONO STREET FIGHTER,ROADSTER,2,2003,37,3,1,6000,7,HUSQVARNA,310,TE ENDURO,"TOUT TERRAIN (TRIAL, ENDURO, CROSS)",2,2007,37,3,1,1500,7,HONDA,750,XLV-R,TRAIL / SUPERMOTARD,2,1985,41,4,1,50,7,KAWASAKI,1200,ZX-12R NINJA,SPORTIVE,2,2001,40,4,1,200,7,YAMAHA,600,XJ-S DIVERSION,ROADSTER,2,1986,37,4,1,500,7,8250,3,4,,,,,,,,NRP,NRP,NRP,NRP,1992,NRP,NRP,1988,NRP,,,
17,5222,,0,,,,,,,,,,,,,,,,,,,,,,,,,,,,,,,,,,,,,,,,,,,,,,,,,,,,,,,,,,,,,,,,,,,,,,,,,,,,,,,,,,,,,,,,,,,,,,,,,,,,,,,,,,,,,,,,,,,,,,,,,,,,,,,,,,,,,,,,,,,,,,,,,,,,,,,,,,,,,,,,,,,,,,,,,,,,,,,,,,,,,,,,,,,,,,,,,,,,,,,,,,,,,,,,,,,,,,,,,,,,,,,,,,,,,,,,,,,,,,,,,,,,,,,,,,,,,,,,,,,,,,,,,,,,,,,,,,,,,,,,,,,30AUG1978,5,2,3,2,4,4,2,NRP,,,,2,0,0,1,0,1,TRIUMPH,675,STREET TRIPLE,ROADSTER,2,2012,29,3,1,5000,7,,,,,,,,,,,,,,,,,,,,,,,,,,,,,,,,,,,,,,,,,,,,,5000,4,3,,,,,,,,NRP,NRP,NRP,NRP,2009,NRP,NRP,1997,NRP,,,
572,5223,,0,,,,,,,,,,,,,,,,,,,,,,,,,,,,,,,,,,,,,,,,,,,,,,,,,,,,,,,,,,,,,,,,,,,,,,,,,,,,,,,,,,,,,,,,,,,,,,,,,,,,,,,,,,,,,,,,,,,,,,,,,,,,,,,,,,,,,,,,,,,,,,,,,,,,,,,,,,,,,,,,,,,,,,,,,,,,,,,,,,,,,,,,,,,,,,,,,,,,,,,,,,,,,,,,,,,,,,,,,,,,,,,,,,,,,,,,,,,,,,,,,,,,,,,,,,,,,,,,,,,,,,,,,,,,,,,,,,,,,,,,,,,27JUL1965,7,2,3,2,2,3,,NRP,,,,2,0,1,1,0,2,YAMAHA,950,MIDNIGTH STAR (XVS),CUSTOM,2,2012,4,3,2,4000,7,PEUGEOT,125,VIVACITY (NEW),SCOOTER,2,2012,29,2,2,2000,7,,,,,,,,,,,,,,,,,,,,,,,,,,,,,,,,,,6000,3,4,,,,,,,,NRP,NRP,NRP,NRP,1992,NRP,NRP,1983,NRP,,,
462,5226,193,1,0,4,,,,,,0,6,,,,,,1,5,2014,,,,,0,2,,,,,,5,6,NSP,NSP,NSP,NSP,NSP,5,5,NSP,NSP,NSP,2014,2014,0,2,,,,,,0,3,,,,,,5,5,1995,NSP,NSP,NSP,NSP,5,6,2014,2014,2014,2014,2014,5,6,2014,2014,2014,2014,2014,0,3,,,,,,0,1,,,,,,0,2,,,,,,0,,26,,,,,,,,,,,,,,,,,,3,0,20,1,11,3,2014,,2014,Vous remontiez une file de véhicules (à larrêt ou au ralenti) par la gauche. Un véhicule de cette file vous a coupé la route en tournant à gauche.,AUT|j'ai eu de la chance,,,,,,,"Je ne remontai pas une file mais c'est une voiture (A) qui, sur une sortie d'autoroute, se pousse pour me laisser passer. Donc elle roule sur la bande d'arrêt d'urgence. Je n'ai pas envie de passer,mais elle continue. Je me dis:""Allez,passe"". Au moment ou j'accélère et que j'arrive à côté d'elle,bordel,une voiture est arrêté sur la bande d'arrêt d'urgence.La voiture(A) est obligé de revenir sur la voie ""roulante"" et moi je me déporte avec elle et il y a un muret en béton et la voie en contresens, la voie d'accès à l'autoroute est 20 mètres plus bas. Au lieu d'accélérer, je freine et bien sur sur la ligne blanche, je dérape,je me voie sous la voiture, je tape dans la voiture avec le guidon et ça me redresse. Rien,rien pour moi. Tout pour la voiture. comme quoi un guidon de moto!!!!!!!!","Manque d'attention. Déconcentrer,, je pensais à autre chose. Je ne regardais pas au loin.","Il se pousse pour me laisser passer parce qu'il le fait toujours avec les motards ( c'est lui qui me l'a dit. Je ne passe pas tout de suite parce que je ne le ""sent"" pas.    accélération pour moi. Nous nous sommes déporter ensemble, la voiture et moi, puisque j'étais à côté de lui.Freinage pour moi,lui je ne sais pas.Glissade de l'avant, relâchement des freins pour moi.",NRP,1,"J'aurai du voir la voiture sur la bande d'arrêt d'urgence. Quand on a pas envie il ne faut pas la faire. Si je l'avais vu avant( la voiture sur la bande d'arrêt d'urgence) si j'avais voulu passer , je l'aurai fait plus vite. Ce qui aurait changé c'est que je n'aurais pas taper.",Inattention. Manque de lucidité.,,2,1,1,AUT|il a essayé d'eviter la voiture qui était stationner sur la bande d'arrêt d'urgence,Il n'a vu l'autre voiture que trop tard comme moi.,2,"C'est moi qui doit faire attention, anticiper.",1,6,,,,,,1,,,,,2,,Quand l'avant de la moto est parti je me suis vu sous la voiture donc j'ai eu peur.,4,3,,,1,4,3,4,1,1,NSP,NSP,5,5,5,5,5,4,6,,,,,,,,1,1,,,,,,,,2,2,,2,1,1,1,100,0,0,0,0,2,,,,,,2,2,,,,1,,,,,,,,,,,1,"AUT|sortie d'autoroute, voie d'accés à la ville",1,1,0,90,1,10,2,3,4,,,,,,4,4,4,4,4,4,YAMAHA,850,TDM,ROADSTER,2,1,1,1,1,1,1,1,1,1,1,70000,12,4,1,YAMAHA,600,XJ-N,ROADSTER,null,4,4,20JAN1971,7,1,3,2,4,4,2,NRP,,,,1,0,0,2,0,2,YAMAHA,600,XJ6,ROADSTER,2,2010,37,1,2,10000,7,YAMAHA,900,XJS DIVERSION,Routière / GT,1,1996,37,3,1,7000,7,,,,,,,,,,,,,,,,,,,,,,,,,,,,,,,,,,17000,3,4,,,,,,,,NRP,NRP,NRP,NRP,1994,NRP,NRP,1989,NRP,,,