Ligne,Ligne Q qualif,Ligne approfondissement Accident,ACCIDENT,NBACC1,ACCFREQUENCE1,ANNEEACC1_1,ANNEEACC1_2,ANNEEACC1_3,ANNEEACC1_4,ANNEEACC1_5,NBACC2,ACCFREQUENCE2,ANNEEACC2_1,ANNEEACC2_2,ANNEEACC2_3,ANNEEACC2_4,ANNEEACC2_5,NBACC3,ACCFREQUENCE3,ANNEEACC3_1,ANNEEACC3_2,ANNEEACC3_3,ANNEEACC3_4,ANNEEACC3_5,NBACC4,ACCFREQUENCE4,ANNEEACC4_1,ANNEEACC4_2,ANNEEACC4_3,ANNEEACC4_4,ANNEEACC4_5,NBACC5,ACCFREQUENCE5,ANNEEACC5_1,ANNEEACC5_2,ANNEEACC5_3,ANNEEACC5_4,ANNEEACC5_5,NBACC6,ACCFREQUENCE6,ANNEEACC6_1,ANNEEACC6_2,ANNEEACC6_3,ANNEEACC6_4,ANNEEACC6_5,NBACC7,ACCFREQUENCE7,ANNEEACC7_1,ANNEEACC7_2,ANNEEACC7_3,ANNEEACC7_4,ANNEEACC7_5,NBACC8,ACCFREQUENCE8,ANNEEACC8_1,ANNEEACC8_2,ANNEEACC8_3,ANNEEACC8_4,ANNEEACC8_5,NBACC9,ACCFREQUENCE9,ANNEEACC9_1,ANNEEACC9_2,ANNEEACC9_3,ANNEEACC9_4,ANNEEACC9_5,NBACC10,ACCFREQUENCE10,ANNEEACC10_1,ANNEEACC10_2,ANNEEACC10_3,ANNEEACC10_4,ANNEEACC10_5,NBACC11,ACCFREQUENCE11,ANNEEACC11_1,ANNEEACC11_2,ANNEEACC11_3,ANNEEACC11_4,ANNEEACC11_5,NBACC12,ACCFREQUENCE12,ANNEEACC12_1,ANNEEACC12_2,ANNEEACC12_3,ANNEEACC12_4,ANNEEACC12_5,NBACC13,ACCFREQUENCE13,ANNEEACC13_1,ANNEEACC13_2,ANNEEACC13_3,ANNEEACC13_4,ANNEEACC13_5,NBACC14,ACCFREQUENCE14,ANNEEACC14_1,ANNEEACC14_2,ANNEEACC14_3,ANNEEACC14_4,ANNEEACC14_5,AUTRESACC,NBAUTRESACC,TOTAL_AC,ANNEEAUTREACC1,ANNEEAUTREACC2,ANNEEAUTREACC3,ANNEEAUTREACC4,ANNEEAUTREACC5,LIEUAUTREACC1,LIEUAUTREACC2,LIEUAUTREACC3,LIEUAUTREACC4,LIEUAUTREACC5,DESCRIPTIONAUTRESACC1,DESCRIPTIONAUTRESACC2,DESCRIPTIONAUTRESACC3,DESCRIPTIONAUTRESACC4,DESCRIPTIONAUTRESACC5,NBAUTRESACCCIRCUIT,NBAUTRESTOUTTERRAIN,EXPCYCLO,EXP125,EXPSUP125,ACCORDNEXTQ,CHOIXACC,RGPMTACC,RECUPANNEE,RECUPLIEU,RECUPANNE,RGPMTAC,CHOIX1,CHOIX2,CHOIX3,CHOIX4,CHOIX5,CHOIX6,CHOIX7,DESCRIPTION,RUPTURE,FAITS,ABS_REACTION,AUTRE_REACTION,PRECISIONREACTIONOUI,RECUL,PRECISIONREACTIONNON,IMPACTCOMPORTEMENT,AUTREUSAGER,REACTIONAUTREUSAGER,CONNAISSANCEREACTIONUSAGER,DIFFICULTES,AGGRAVATION,DIFFICULTES2,EMOTIONS1,EMOTIONS2,EMOTIONS3,EMOTIONS4,EMOTIONS5,EMOTIONS6,AUTRESENTIMENT,CLASSEMENTEMOTIONS1,CLASSEMENTEMOTIONS,CLASSEMENTEMOTIONS5,CLASSEMENTEMOTIONS6,CLASSEMENTEMOTIONS7,CLASSEMENTEMOTIONS8,CLASSEMENTEMOTIONS9,EXPLICATIONRESSENTI,BIENEQUIPE,ALLURE,ALLUREVITEDETAIL,ALLURELENTEDETAIL,SITUATIONPRESSE,SITUATIONDISTRAIT,SITUATIONCONFIANT,SITUATIONCONTROLE,SITUATIONLUDIQUE,SITUATIONPERF,SITUATIONSTRESS,SITUATIONFATIGUE,HUMEURNEUTRE,HUMEURGAI,HUMEURMECONTENT,HUMEURTRISTE,HUMEURCOLERE,CONTRIBUTION1,CONTRIBUTION2,CONTRIBUTION3,CONTRIBUTION4,CONTRIBUTION5,CONTRIBUTION6,CONTRIBUTION7,CONTRIBUTION8,CONTRIBUTION9,ROLEINFRA,ELEMENTINFRA1,ELEMENTINFRA2,ELEMENTINFRA3,ELEMENTINFRA4,ELEMENTINFRA5,ELEMENTINFRA6,ELEMENTINFRA7,ELEMENTINFRA8,ELEMENTINFRA9,ALCOOL,TXALCOOL,STUP,SEMAINE,MOMENTJOURNEE,TEMPS,CAUSEACC1,CAUSEACC2,CAUSEACC3,CAUSEACC4,CAUSEACC5,FORMATIONCAUSE,FORMATION1,FORMATION2,FORMATION3,FORMATION4,FORMATION5,TRAFIC,CHAUSSEE1,CHAUSSEE2,CHAUSSEE3,CHAUSSEE4,TYPEACC,BLESSURE,TETE,COU,THORAX,MEMBRESSUP,COLONNE,BASSIN,MEMBRESINF,HOPITAL,PLUS24H,TRAJET,TYPEROUTE,MOTIF,SENSTRAJET,PASSAGER,VITESSE,DESCEQ1,DESCEQ2,DESCEQ3,DESCEQ4,DESCEQ5,DESCEQ6,DESCEQ7,DESCEQ8,DESCEQ9,DESCEQ10,VEHICULEETE,VEHICULEAUTOMNE,VEHICULEPRINTEMPS,VEHICULEHIVER,VEHICULESEMAINE,VEHICULEWE,VEHMARQUE,VEHCYLINDREE,VEHMODELE,VEHSEGMENT,VEHSIDE,EQ2RMABS,EQ2RMCBS,EQ2RMABSCBS,EQ2RMREGULATEUR,EQ2RMLIMITEUR,EQ2RMPHARESDIRECT,EQ2RMCOUPURE,EQ2RMANTIPATINAGE,EQ2RMANTIXHEELING,EQ2RMSTABILILTE,VEHKM,POINTS,DUREE,AUTRE2RM,VEHPRECMARQUE,VEHPRECCYLINDREE,VEHPRECMODELE,VEHPRECSEGMENT,VEHPRECSIDE,TEMPS2RMPREC,FREQVEHPREC,DATE_NAISS,CSP,SOCIETAIRE,SALARIE,SECTEUR2RM,NBPERSFOYER,SITFAM,NBENF,TRNBENF1,TRNBENF2,TRNBENF3,TRNBENF4,NBAUTOFOYER,NBCYCLOFOYER,NBSCOOTFOYER,NBMOTOFOYER,NBTRIKEFOYER,NB2RMCONDUIT,MARQUE1,CYLINDREE1,MODELE1,SEGMENT1,SIDE1,ANMISECIRCU1,ASS1,FREQ1,USAGE1,NBKM1,GARAGE1,MARQUE2,CYLINDREE2,MODELE2,SEGMENT2,SIDE2,ANMISECIRCU2,ASS2,FREQ2,USAGE2,NBKM2,GARAGE2,MARQUE3,CYLINDREE3,MODELE3,SEGMENT3,SIDE3,ANMISECIRCU3,ASS3,FREQ3,USAGE3,NBKM3,GARAGE3,MARQUE4,CYLINDREE4,MODELE4,SEGMENT4,SIDE4,ANMISECIRCU4,ASS4,FREQ4,USAGE4,NBKM4,GARAGE4,MARQUE5,CYLINDREE5,MODELE5,SEGMENT5,SIDE5,ANMISECIRCU5,ASS5,FREQ5,USAGE5,NBKM5,GARAGE5,NBKMTOT,PERMIS1,PERMIS2,PERMIS3,PERMIS4,PERMIS5,PERMIS6,PERMIS7,PERMIS8,PERMIS9,ANPERMIS1,ANPERMIS6,ANPERMIS7,ANPERMIS2,ANPERMIS3,ANPERMIS8,ANPERMIS9,ANPERMIS4,ANPERMIS5,,,
393,5251,,0,,,,,,,,,,,,,,,,,,,,,,,,,,,,,,,,,,,,,,,,,,,,,,,,,,,,,,,,,,,,,,,,,,,,,,,,,,,,,,,,,,,,,,,,,,,,,,,,,,,,,,,,,,,,,,,,,,,,,,,,,,,,,,,,,,,,,,,,,,,,,,,,,,,,,,,,,,,,,,,,,,,,,,,,,,,,,,,,,,,,,,,,,,,,,,,,,,,,,,,,,,,,,,,,,,,,,,,,,,,,,,,,,,,,,,,,,,,,,,,,,,,,,,,,,,,,,,,,,,,,,,,,,,,,,,,,,,,,,,,,,,,15MAR1963,5,2,3,2,3,4,1,NRP,,,,1,1,0,2,0,2,YAMAHA,600,XJ6 DIVERSION,ROADSTER,2,2010,25,1,2,12000,7,HONDA,50,VISION,SCOOTER,2,2012,25,3,1,1000,7,,,,,,,,,,,,,,,,,,,,,,,,,,,,,,,,,,13000,3,4,,,,,,,,NRP,NRP,NRP,NRP,1995,NRP,NRP,1983,NRP,,,
1923,5252,,1,0,5,,,,,,0,4,,,,,,1,5,2013,,,,,0,5,,,,,,1,5,2013,,,,,0,5,,,,,,0,5,,,,,,0,4,,,,,,0,5,,,,,,0,3,,,,,,0,5,,,,,,0,4,,,,,,0,3,,,,,,0,4,,,,,,0,,2,,,,,,,,,,,,,,,,,,5,5,30,1,11,3,2013,,,,,,,,,,,,,,,,,,,,,,,,,,,,,,,,,,,,,,,,,,,,,,,,,,,,,,,,,,,,,,,,,,,,,,,,,,,,,,,,,,,,,,,,,,,,,,,,,,,,,,,,,,,,,,,,,,,,,,,,,,,,,,,,,,,,,,,,,,,,,,,,,,,,,,,,,,,,,,29MAR1965,4,1,3,1,2,3,,NRP,,,,4,1,1,3,0,4,SUZUKI,1100,GSX-R,SPORTIVE,2,1992,37,3,1,10000,7,KAWASAKI,650,ER-6  N,ROADSTER,2,2008,2,1,3,8000,7,KAWASAKI,650,ER-6  N,ROADSTER,2,2009,2,1,3,7000,7,DERBI,50,ATLANTIS,SCOOTER,2,1999,2,3,3,2500,7,,,,,,,,,,,,27500,2,3,4,,,,,,,NRP,NRP,NRP,1981,1985,NRP,NRP,1983,NRP,,,
1267,5254,,1,0,4,,,,,,0,4,,,,,,0,4,,,,,,0,3,,,,,,1,5,2013,,,,,0,5,,,,,,0,4,,,,,,0,5,,,,,,0,5,,,,,,0,3,,,,,,0,4,,,,,,0,2,,,,,,0,3,,,,,,0,4,,,,,,0,,1,,,,,,,,,,,,,,,,,,0,0,4,0,,NRP,,,,,,,,,,,,,,,,,,,,,,,,,,,,,,,,,,,,,,,,,,,,,,,,,,,,,,,,,,,,,,,,,,,,,,,,,,,,,,,,,,,,,,,,,,,,,,,,,,,,,,,,,,,,,,,,,,,,,,,,,,,,,,,,,,,,,,,,,,,,,,,,,,,,,,,,,,,,,,,07NOV1984,6,2,3,2,1,1,,NRP,,,,1,0,0,1,0,1,KAWASAKI,650,ER-6  N,ROADSTER,2,2011,2,2,1,6500,AUT|Garage attenant à la maison dans propriété privée,,,,,,,,,,,,,,,,,,,,,,,,,,,,,,,,,,,,,,,,,,,,,6500,3,4,,,,,,,,NRP,NRP,NRP,NRP,2011,NRP,NRP,2010,NRP,,,
2151,5255,,1,0,3,,,,,,0,4,,,,,,0,5,,,,,,0,2,,,,,,0,4,,,,,,0,3,,,,,,0,4,,,,,,0,5,,,,,,2,6,2010,2011,,,,0,3,,,,,,0,5,,,,,,0,3,,,,,,0,4,,,,,,0,3,,,,,,0,,2,,,,,,,,,,,,,,,,,,0,0,3,1,42,9,2011,,,,,,,,,,,,,,,,,,,,,,,,,,,,,,,,,,,,,,,,,,,,,,,,,,,,,,,,,,,,,,,,,,,,,,,,,,,,,,,,,,,,,,,,,,,,,,,,,,,,,,,,,,,,,,,,,,,,,,,,,,,,,,,,,,,,,,,,,,,,,,,,,,,,,,,,,,,,,,17MAR1987,7,1,3,2,3,5,0,NRP,,,,3,0,0,1,0,1,KAWASAKI,650,ER-6  N,ROADSTER,2,2010,37,3,1,5000,7,,,,,,,,,,,,,,,,,,,,,,,,,,,,,,,,,,,,,,,,,,,,,5000,3,4,8,9,,,,,,NRP,NRP,NRP,NRP,2009,2009,2009,2005,NRP,,,
273,5256,,1,0,2,,,,,,0,1,,,,,,0,5,,,,,,0,4,,,,,,0,3,,,,,,0,4,,,,,,0,3,,,,,,0,4,,,,,,1,4,2012,,,,,0,6,,,,,,0,5,,,,,,0,1,,,,,,0,4,,,,,,0,2,,,,,,0,,1,,,,,,,,,,,,,,,,,,5,0,5,1,41,9,2012,,,,,,,,,,,,,,,,,,,,,,,,,,,,,,,,,,,,,,,,,,,,,,,,,,,,,,,,,,,,,,,,,,,,,,,,,,,,,,,,,,,,,,,,,,,,,,,,,,,,,,,,,,,,,,,,,,,,,,,,,,,,,,,,,,,,,,,,,,,,,,,,,,,,,,,,,,,,,,07OCT1987,8,1,3,2,3,4,1,NRP,,,,2,0,0,1,0,1,KAWASAKI,650,"ER-6 ""F""",Routière / GT,2,2007,37,2,2,8000,7,,,,,,,,,,,,,,,,,,,,,,,,,,,,,,,,,,,,,,,,,,,,,8000,3,4,,,,,,,,NRP,NRP,NRP,NRP,2009,NRP,NRP,2006,NRP,,,
1947,5257,,1,0,5,,,,,,0,5,,,,,,0,4,,,,,,0,3,,,,,,0,4,,,,,,0,4,,,,,,0,4,,,,,,0,4,,,,,,2,5,1992,2006,,,,0,5,,,,,,0,5,,,,,,0,1,,,,,,0,5,,,,,,0,5,,,,,,1,1,3,1998,,,,,wittenheim,,,,,Percuté par l'arrière,,,,,0,0,4,2,24,1,42,9,2006,,,,,,,,,,,,,,,,,,,,,,,,,,,,,,,,,,,,,,,,,,,,,,,,,,,,,,,,,,,,,,,,,,,,,,,,,,,,,,,,,,,,,,,,,,,,,,,,,,,,,,,,,,,,,,,,,,,,,,,,,,,,,,,,,,,,,,,,,,,,,,,,,,,,,,,,,,,,,,08JUN1969,5,2,3,2,2,3,,NRP,,,,2,0,0,2,0,2,HONDA,1000,VARADERO,TRAIL / SUPERMOTARD,2,2008,29,2,1,8000,7,TRIUMPH,675,STREET TRIPLE,ROADSTER,2,2009,29,3,1,8000,7,,,,,,,,,,,,,,,,,,,,,,,,,,,,,,,,,,16000,3,4,,,,,,,,NRP,NRP,NRP,NRP,1988,NRP,NRP,1987,NRP,,,
1745,5258,,0,,,,,,,,,,,,,,,,,,,,,,,,,,,,,,,,,,,,,,,,,,,,,,,,,,,,,,,,,,,,,,,,,,,,,,,,,,,,,,,,,,,,,,,,,,,,,,,,,,,,,,,,,,,,,,,,,,,,,,,,,,,,,,,,,,,,,,,,,,,,,,,,,,,,,,,,,,,,,,,,,,,,,,,,,,,,,,,,,,,,,,,,,,,,,,,,,,,,,,,,,,,,,,,,,,,,,,,,,,,,,,,,,,,,,,,,,,,,,,,,,,,,,,,,,,,,,,,,,,,,,,,,,,,,,,,,,,,,,,,,,,,07AUG1960,5,1,3,2,4,4,2,NRP,,,,1,0,0,1,0,1,HONDA,500,XL-R (MTT2),TRAIL / SUPERMOTARD,2,1982,37,3,1,1000,7,,,,,,,,,,,,,,,,,,,,,,,,,,,,,,,,,,,,,,,,,,,,,1000,2,3,4,,,,,,,NRP,NRP,NRP,1978,1980,NRP,NRP,1983,NRP,,,
1695,5259,,1,0,2,,,,,,0,4,,,,,,0,4,,,,,,0,5,,,,,,0,2,,,,,,0,2,,,,,,0,2,,,,,,0,4,,,,,,1,5,2003,,,,,0,2,,,,,,0,3,,,,,,0,1,,,,,,0,3,,,,,,0,2,,,,,,0,,1,,,,,,,,,,,,,,,,,,3,8,10,1,41,9,2003,,,,,,,,,,,,,,,,,,,,,,,,,,,,,,,,,,,,,,,,,,,,,,,,,,,,,,,,,,,,,,,,,,,,,,,,,,,,,,,,,,,,,,,,,,,,,,,,,,,,,,,,,,,,,,,,,,,,,,,,,,,,,,,,,,,,,,,,,,,,,,,,,,,,,,,,,,,,,,24JUL1943,9,1,3,2,1,1,,NRP,,,,1,0,0,1,0,1,HONDA,650,NTV (REVERE),ROADSTER,2,1994,37,3,1,2300,7,,,,,,,,,,,,,,,,,,,,,,,,,,,,,,,,,,,,,,,,,,,,,2300,2,3,4,,,,,,,NRP,NRP,NRP,1963,1996,NRP,NRP,1964,NRP,,,
1873,5261,,1,1,5,1996,,,,,0,3,,,,,,0,3,,,,,,0,4,,,,,,0,5,,,,,,0,3,,,,,,0,3,,,,,,0,5,,,,,,0,3,,,,,,0,4,,,,,,0,5,,,,,,0,4,,,,,,0,4,,,,,,0,3,,,,,,1,1,2,1994,,,,,Melle,,,,,La voiture devant moi a mis son clignotant pour tourner à droite donc je l'ai dépassé par la gauche et quand j'étais entrain d'effectuer le dépassement le conducteur a tourné à gauche.,,,,,0,0,3,6,20,1,1,1,1996,,,,,,,,,,,,,,,,,,,,,,,,,,,,,,,,,,,,,,,,,,,,,,,,,,,,,,,,,,,,,,,,,,,,,,,,,,,,,,,,,,,,,,,,,,,,,,,,,,,,,,,,,,,,,,,,,,,,,,,,,,,,,,,,,,,,,,,,,,,,,,,,,,,,,,,,,,,,,,28OCT1962,7,2,3,2,3,4,1,NRP,,,,1,0,0,1,0,1,YAMAHA,900,XJS DIVERSION,Routière / GT,2,1999,29,1,2,8000,7,,,,,,,,,,,,,,,,,,,,,,,,,,,,,,,,,,,,,,,,,,,,,8000,2,3,4,,,,,,,NRP,NRP,NRP,1980,1996,NRP,NRP,1981,NRP,,,
1143,5262,,1,0,5,,,,,,0,5,,,,,,0,5,,,,,,0,3,,,,,,0,2,,,,,,0,4,,,,,,0,5,,,,,,1,5,1989,,,,,0,5,,,,,,0,4,,,,,,0,5,,,,,,0,5,,,,,,0,5,,,,,,0,4,,,,,,0,,1,,,,,,,,,,,,,,,,,,3,0,26,1,36,8,1989,,,,,,,,,,,,,,,,,,,,,,,,,,,,,,,,,,,,,,,,,,,,,,,,,,,,,,,,,,,,,,,,,,,,,,,,,,,,,,,,,,,,,,,,,,,,,,,,,,,,,,,,,,,,,,,,,,,,,,,,,,,,,,,,,,,,,,,,,,,,,,,,,,,,,,,,,,,,,,08DEC1964,5,2,3,2,4,4,2,NRP,,,,1,0,0,1,0,1,YAMAHA,1000,FZ1 FAZER,ROADSTER,2,2006,37,2,1,2000,7,,,,,,,,,,,,,,,,,,,,,,,,,,,,,,,,,,,,,,,,,,,,,2000,4,3,,,,,,,,NRP,NRP,NRP,NRP,1989,NRP,NRP,1984,NRP,,,
1021,5263,,1,0,3,,,,,,0,2,,,,,,2,3,1995,1997,,,,0,2,,,,,,0,3,,,,,,0,1,,,,,,0,1,,,,,,1,3,1996,,,,,2,4,1984,1989,,,,0,4,,,,,,0,4,,,,,,0,1,,,,,,1,3,2006,,,,,1,2,2004,,,,,1,5,12,NSP,NSP,NSP,NSP,NSP,Paris,P,P,P,P,il faut demander ces précisions au moment ou vous posez la question du type d'accident! pas très ergonomique votre questionnaire : vous allez perdre des infos c'est dommage,i,i,i,i,0,0,4,0,35,1,71,15,,Paris,,,,,,,,,,,,,,,,,,,,,,,,,,,,,,,,,,,,,,,,,,,,,,,,,,,,,,,,,,,,,,,,,,,,,,,,,,,,,,,,,,,,,,,,,,,,,,,,,,,,,,,,,,,,,,,,,,,,,,,,,,,,,,,,,,,,,,,,,,,,,,,,,,,,,,,,,,,,,28JUL1961,5,1,3,2,2,5,0,NRP,,,,2,0,0,2,0,2,HARLEY-DAVIDSON,1450,ROAD KING,Routière / GT,2,2003,37,1,2,8000,7,YAMAHA,1300,XJR,ROADSTER,2,2001,37,2,2,2000,7,,,,,,,,,,,,,,,,,,,,,,,,,,,,,,,,,,10000,2,3,4,,,,,,,NRP,NRP,NRP,1979,1979,NRP,NRP,1979,NRP,,,
928,5265,,0,,,,,,,,,,,,,,,,,,,,,,,,,,,,,,,,,,,,,,,,,,,,,,,,,,,,,,,,,,,,,,,,,,,,,,,,,,,,,,,,,,,,,,,,,,,,,,,,,,,,,,,,,,,,,,,,,,,,,,,,,,,,,,,,,,,,,,,,,,,,,,,,,,,,,,,,,,,,,,,,,,,,,,,,,,,,,,,,,,,,,,,,,,,,,,,,,,,,,,,,,,,,,,,,,,,,,,,,,,,,,,,,,,,,,,,,,,,,,,,,,,,,,,,,,,,,,,,,,,,,,,,,,,,,,,,,,,,,,,,,,,,24AUG1962,5,2,3,2,5,4,3,NRP,,,,1,0,0,1,0,1,BMW,1200,R1200RT,Routière / GT,2,2011,28,3,1,5000,4,,,,,,,,,,,,,,,,,,,,,,,,,,,,,,,,,,,,,,,,,,,,,5000,3,4,,,,,,,,NRP,NRP,NRP,NRP,1984,NRP,NRP,1981,NRP,,,
120,5266,,0,,,,,,,,,,,,,,,,,,,,,,,,,,,,,,,,,,,,,,,,,,,,,,,,,,,,,,,,,,,,,,,,,,,,,,,,,,,,,,,,,,,,,,,,,,,,,,,,,,,,,,,,,,,,,,,,,,,,,,,,,,,,,,,,,,,,,,,,,,,,,,,,,,,,,,,,,,,,,,,,,,,,,,,,,,,,,,,,,,,,,,,,,,,,,,,,,,,,,,,,,,,,,,,,,,,,,,,,,,,,,,,,,,,,,,,,,,,,,,,,,,,,,,,,,,,,,,,,,,,,,,,,,,,,,,,,,,,,,,,,,,,02FEB1982,6,2,3,2,1,1,,NRP,,,,1,0,0,1,0,1,BMW,800,F800R ABS,ROADSTER,2,2013,33,1,2,10000,6,,,,,,,,,,,,,,,,,,,,,,,,,,,,,,,,,,,,,,,,,,,,,10000,4,3,,,,,,,,NRP,NRP,NRP,NRP,2012,NRP,NRP,2000,NRP,,,
1566,5268,,1,0,4,,,,,,0,5,,,,,,0,5,,,,,,0,5,,,,,,1,4,NSP,,,,,0,4,,,,,,1,4,NSP,,,,,0,5,,,,,,0,4,,,,,,0,4,,,,,,0,5,,,,,,0,4,,,,,,0,5,,,,,,0,4,,,,,,0,,2,,,,,,,,,,,,,,,,,,5,5,24,1,21,5,0,,,,,,,,,,,,,,,,,,,,,,,,,,,,,,,,,,,,,,,,,,,,,,,,,,,,,,,,,,,,,,,,,,,,,,,,,,,,,,,,,,,,,,,,,,,,,,,,,,,,,,,,,,,,,,,,,,,,,,,,,,,,,,,,,,,,,,,,,,,,,,,,,,,,,,,,,,,,,,06FEB1947,9,2,3,2,2,3,,NRP,,,,1,0,1,2,0,3,TRIUMPH,800,TIGER ABS,ROADSTER,2,2012,25,2,1,5000,6,HONDA,125,SH-I,SCOOTER,2,2006,25,2,1,4000,6,VOXAN,1000,SCRAMBLER VOYAGER,ROADSTER,2,2004,25,4,1,20000,7,,,,,,,,,,,,,,,,,,,,,,,29000,3,4,,,,,,,,NRP,NRP,NRP,NRP,1980,NRP,NRP,1965,NRP,,,
1127,5269,295,1,0,3,,,,,,0,3,,,,,,0,4,,,,,,0,4,,,,,,1,3,1992,,,,,0,2,,,,,,0,2,,,,,,0,2,,,,,,1,3,1998,,,,,0,4,,,,,,0,4,,,,,,0,2,,,,,,0,2,,,,,,0,2,,,,,,0,,2,,,,,,,,,,,,,,,,,,3,0,30,1,21,5,1992,,1992,Vous circuliez sur un axe prioritaire. Un véhicule venant dun axe non prioritaire vous a coupé la route.,5,,,,,,,Je roulait tranquille dans une petite rue de  Paris du coté de nation quand une voiture m'a coupé la route en venant de la droite. J ai tapé son aile avant . Ma copine est moi avons été carrément éjectés. Corinne a fait 1 semaine d'hôpital et conservé une vis dans sa clavicule pendant 4 mois.  Pour ma part j ai eu le pied un peu abimé et 3 semaine d'arrêt de travail.,le non respect de la priorité a droite en ville . Pas de marquage au sol d un stop pour l un comme pour l autre,"pas d'action efficace sur ma moto . La voiture c'est retrouvé devant moi , je n'ai pas pu me stopper, ni eviter.",NRP,1,en me méfiant de cette intersection sans visibilité sur la ma gauche. La voiture qui ma coupé cette priorité serait passé devant moi sans dommage,l'habitude de passer a cet endroit sans souci...,,2,1,2,,"il n a pas freiné a l intersection , mais après le choc",1,NRP,2,,,,,,,,1,,,,,,"non respect d une priorité a droite , freinage après le choc",3,3,,,1,1,4,4,3,1,1,1,3,3,4,4,4,5,,,,,,,,,1,7,,,,,,,,2,2,,2,2,3,1,0,100,0,0,0,2,,,,,,1,1,,,,2,1,7,,,,,,,1,0,2,1,3,,1,45,1,2,5,,,,,,,,4,3,3,2,1,4,HARLEY-DAVIDSON,1200,SPORTSTER,ROADSTER,2,1,1,1,1,1,1,1,1,1,1,18000,12,4,1,YAMAHA,650,XS,ROADSTER,2,4,1,22JUL1964,7,2,3,2,4,4,2,NRP,,,,2,1,1,2,0,4,HARLEY-DAVIDSON,1450,HERITAGE SOFTAIL CLASSIC,CUSTOM,2,2002,37,3,1,5000,7,HARLEY-DAVIDSON,883,SPORTSTER,ROADSTER,2,2004,37,3,1,5000,7,PIAGGIO,125,X9 EVO,SCOOTER,2,2007,37,1,2,6000,7,PEUGEOT,50,XP6 SUPERMOTARD TOP ROAD,TRAIL / SUPERMOTARD,2,2006,38,2,1,3000,7,,,,,,,,,,,,19000,4,9,,,,,,,,NRP,NRP,NRP,NRP,NRP,NRP,1983,1984,NRP,,,
1539,5272,,1,0,3,,,,,,0,4,,,,,,0,3,,,,,,0,2,,,,,,0,4,,,,,,0,3,,,,,,0,4,,,,,,0,4,,,,,,2,4,2000,2011,,,,0,5,,,,,,0,4,,,,,,0,3,,,,,,0,3,,,,,,0,2,,,,,,1,1,3,1981,,,,,clermont Fd,,,,,"A un carrefour sans signalisation, une voiture m'a refusée la prioritée à droite et m'a percuté sur le coté gauche.",,,,,0,0,4,0,36,1,42,9,2011,,,,,,,,,,,,,,,,,,,,,,,,,,,,,,,,,,,,,,,,,,,,,,,,,,,,,,,,,,,,,,,,,,,,,,,,,,,,,,,,,,,,,,,,,,,,,,,,,,,,,,,,,,,,,,,,,,,,,,,,,,,,,,,,,,,,,,,,,,,,,,,,,,,,,,,,,,,,,,02FEB1961,8,1,3,2,1,1,,NRP,,,,1,0,0,1,0,1,TRIUMPH,900,TROPHY,Routière / GT,2,1999,37,2,1,8000,7,,,,,,,,,,,,,,,,,,,,,,,,,,,,,,,,,,,,,,,,,,,,,8000,2,3,4,,,,,,,NRP,NRP,NRP,1979,1979,NRP,NRP,1981,NRP,,,
679,5274,,1,0,4,,,,,,0,4,,,,,,0,5,,,,,,0,2,,,,,,0,5,,,,,,0,4,,,,,,0,3,,,,,,0,5,,,,,,1,4,2014,,,,,1,5,2013,,,,,0,6,,,,,,0,2,,,,,,0,4,,,,,,0,5,,,,,,0,,2,,,,,,,,,,,,,,,,,,0,6,0,1,46,10,2013,,,,,,,,,,,,,,,,,,,,,,,,,,,,,,,,,,,,,,,,,,,,,,,,,,,,,,,,,,,,,,,,,,,,,,,,,,,,,,,,,,,,,,,,,,,,,,,,,,,,,,,,,,,,,,,,,,,,,,,,,,,,,,,,,,,,,,,,,,,,,,,,,,,,,,,,,,,,,,20AUG1972,5,1,3,2,4,4,2,NRP,,,,1,0,0,1,0,1,HONDA,125,CBR-R IE 2011,Routière / GT,2,2011,37,2,2,8000,7,,,,,,,,,,,,,,,,,,,,,,,,,,,,,,,,,,,,,,,,,,,,,8000,4,,,,,,,,,NRP,NRP,NRP,NRP,NRP,NRP,NRP,1991,NRP,,,
713,5275,,1,0,4,,,,,,0,4,,,,,,0,5,,,,,,0,3,,,,,,0,5,,,,,,0,4,,,,,,0,2,,,,,,0,4,,,,,,0,4,,,,,,0,4,,,,,,1,5,1987,,,,,0,2,,,,,,0,2,,,,,,2,5,2014,1987,,,,1,1,4,2014,,,,,meyzieu,,,,,arrêté avec un pied à terre à ras un passage piéton pour laisser traverser un piéton je me suis fait percuter par l'arrière par une voiture,,,,,0,0,2,0,29,1,71,15,2014,meyzieu,,,,,,,,,,,,,,,,,,,,,,,,,,,,,,,,,,,,,,,,,,,,,,,,,,,,,,,,,,,,,,,,,,,,,,,,,,,,,,,,,,,,,,,,,,,,,,,,,,,,,,,,,,,,,,,,,,,,,,,,,,,,,,,,,,,,,,,,,,,,,,,,,,,,,,,,,,,,,14SEP1967,5,1,3,2,4,4,2,NRP,,,,2,0,0,3,0,3,TRIUMPH,900,TROPHY,Routière / GT,2,1995,37,2,2,6000,7,KTM,690,LC4 ENDURO,"TOUT TERRAIN (TRIAL, ENDURO, CROSS)",2,2008,37,2,2,6000,7,HONDA,600,XL-R,TRAIL / SUPERMOTARD,2,1987,37,2,1,3500,7,,,,,,,,,,,,,,,,,,,,,,,15500,2,3,4,,,,,,,NRP,NRP,NRP,1985,1985,NRP,NRP,1986,NRP,,,
1932,5278,,1,0,4,,,,,,1,5,1975,,,,,0,5,,,,,,0,3,,,,,,1,5,1976,,,,,0,4,,,,,,0,2,,,,,,0,4,,,,,,3,5,1973,1975,1983,,,0,4,,,,,,0,4,,,,,,0,2,,,,,,0,3,,,,,,0,3,,,,,,0,,5,,,,,,,,,,,,,,,,,,2,0,42,1,21,5,1976,,,,,,,,,,,,,,,,,,,,,,,,,,,,,,,,,,,,,,,,,,,,,,,,,,,,,,,,,,,,,,,,,,,,,,,,,,,,,,,,,,,,,,,,,,,,,,,,,,,,,,,,,,,,,,,,,,,,,,,,,,,,,,,,,,,,,,,,,,,,,,,,,,,,,,,,,,,,,,10AUG1955,9,1,3,2,3,4,1,NRP,,,,2,0,0,1,0,1,HONDA,750,VF-S (SABRE),ROADSTER,2,1983,37,4,1,500,7,,,,,,,,,,,,,,,,,,,,,,,,,,,,,,,,,,,,,,,,,,,,,500,3,4,,,,,,,,NRP,NRP,NRP,NRP,1974,NRP,NRP,1978,NRP,,,
1026,5279,272,1,0,6,,,,,,0,6,,,,,,0,5,,,,,,0,3,,,,,,0,5,,,,,,0,5,,,,,,0,4,,,,,,2,5,2005,2012,,,,0,4,,,,,,0,6,,,,,,0,6,,,,,,0,4,,,,,,0,3,,,,,,0,5,,,,,,1,2,4,2012,2014,,,,villard de lans,Marseille,,,,"dans la montée d'un col de montagne, une voiture venant en sens inverse à couper le virage se retrouvant dans ma voie de circulation. j'ai alors percuter la barrière de protection pour l'éviter.",Sur un rond point ( à deux voies)une voiture à brusquement changer de voie de circulation venant alors me percuter,,,,0,0,6,0,10,1,71,15,2012,villard de lans,2012,Autre(s) type(s) d'accident(s).,5,6,,,,,,"Lors de la monté d'un col en direction de Villard de Lans, alors que je prenais un virage à gauche une voiture à ""couper"" le virage se retrouvant face à moi sur ma vois de circulation.  Dans un premiers temps j'ai réussi à éviter le choc frontal en m'engageant entre la voiture et la barrière de sécurité (il y avait à peine 1,5metre entre les deux). Malheureusement le virage se refermant et me trouvant en dehors de ma trajectoire je n'ai pu éviter le choc contre la barrière de sécurité car . J'ai eu le réflexe de bloquer volontairement la roue arrière par un freinage appuyer. Ce geste m'a permis d'éviter un choc frontal contre la barrière que j'ai heurter de 3/4 glissant ensuite contre la barrière sur une vingtaine de mètre sans tomber.","L'élément qui à transformer la situation ""normale"" en accident est le fait que le conducteur de la voiture qui à "" couper"" le virage sans visibilité s'est retrouver sur ma voix de circulation.","Dans un premier temps j'ai éviter le choc frontal avec la voiture par un évitement en me glissant entre elle et la barrière de sécurité. Dans un second temps j'ai eu le réflexe inconscient de bloquer la roue arrière par un freinage appuyer pour éviter de heurter frontalement la barrière ( le virage se refermant, me trouvant en dehors de la trajectoire normale je n'avais alors plus la possibilité de tourner).  J'ai l'ai alors heurter de 3/4  et glisser contre sur une vingtaine de mètre sans tomber.  Le conducteur n'a eu aucune réaction et ne s'est pas arrêter.",NRP,0,,,"la voiture sortant du virage sur ma voie de circulation au moment ou moi même je n'y engage, je n'avait d'autre solution que l'évitement par la droite ( entre la voiture et la barrière ). le virage se refermant je n'avais plus la possibilité de ""tourner"". Je n'ai eu d'autre choix que d'essayer de minimiser le choc contre la barrière.",2,1,2,,NSP,1,"Si le conducteur n'avait pas ""couper"" le virage en se retrouvant sur ma voie de circulation il n'y aurais pas eu d'accident.",1,2,3,6,,,,1,,3,,,2,,Lorsque j'ai heurter et glisser le long de la barrière j'ai eu peur de passer par dessus celle ci avec la moto et de tomber dans le précipice qu'il y avait ( plusieurs dizaines de mètres),4,3,,,1,1,3,4,3,1,1,1,4,1,4,4,4,10,,,,,,,,,2,,,,,,,,,2,2,,2,1,1,1,0,100,0,0,0,2,,,,,,1,1,,,,2,1,4,7,,,,,,0,,3,2,3,,0,70,1,10,2,3,4,7,,,,,4,4,4,4,4,4,YAMAHA,600,FZS FAZER,ROADSTER,2,1,1,1,1,1,1,1,1,1,1,75000,12,4,0,,,,,,,,27AUG1967,8,2,3,2,4,4,2,NRP,,,,1,0,0,1,0,1,BMW,800,F800R,ROADSTER,2,2012,28,1,2,15000,7,,,,,,,,,,,,,,,,,,,,,,,,,,,,,,,,,,,,,,,,,,,,,15000,4,3,,,,,,,,NRP,NRP,NRP,NRP,2002,NRP,NRP,1986,NRP,,,