Ligne,Ligne Q qualif,Ligne approfondissement Accident,ACCIDENT,NBACC1,ACCFREQUENCE1,ANNEEACC1_1,ANNEEACC1_2,ANNEEACC1_3,ANNEEACC1_4,ANNEEACC1_5,NBACC2,ACCFREQUENCE2,ANNEEACC2_1,ANNEEACC2_2,ANNEEACC2_3,ANNEEACC2_4,ANNEEACC2_5,NBACC3,ACCFREQUENCE3,ANNEEACC3_1,ANNEEACC3_2,ANNEEACC3_3,ANNEEACC3_4,ANNEEACC3_5,NBACC4,ACCFREQUENCE4,ANNEEACC4_1,ANNEEACC4_2,ANNEEACC4_3,ANNEEACC4_4,ANNEEACC4_5,NBACC5,ACCFREQUENCE5,ANNEEACC5_1,ANNEEACC5_2,ANNEEACC5_3,ANNEEACC5_4,ANNEEACC5_5,NBACC6,ACCFREQUENCE6,ANNEEACC6_1,ANNEEACC6_2,ANNEEACC6_3,ANNEEACC6_4,ANNEEACC6_5,NBACC7,ACCFREQUENCE7,ANNEEACC7_1,ANNEEACC7_2,ANNEEACC7_3,ANNEEACC7_4,ANNEEACC7_5,NBACC8,ACCFREQUENCE8,ANNEEACC8_1,ANNEEACC8_2,ANNEEACC8_3,ANNEEACC8_4,ANNEEACC8_5,NBACC9,ACCFREQUENCE9,ANNEEACC9_1,ANNEEACC9_2,ANNEEACC9_3,ANNEEACC9_4,ANNEEACC9_5,NBACC10,ACCFREQUENCE10,ANNEEACC10_1,ANNEEACC10_2,ANNEEACC10_3,ANNEEACC10_4,ANNEEACC10_5,NBACC11,ACCFREQUENCE11,ANNEEACC11_1,ANNEEACC11_2,ANNEEACC11_3,ANNEEACC11_4,ANNEEACC11_5,NBACC12,ACCFREQUENCE12,ANNEEACC12_1,ANNEEACC12_2,ANNEEACC12_3,ANNEEACC12_4,ANNEEACC12_5,NBACC13,ACCFREQUENCE13,ANNEEACC13_1,ANNEEACC13_2,ANNEEACC13_3,ANNEEACC13_4,ANNEEACC13_5,NBACC14,ACCFREQUENCE14,ANNEEACC14_1,ANNEEACC14_2,ANNEEACC14_3,ANNEEACC14_4,ANNEEACC14_5,AUTRESACC,NBAUTRESACC,TOTAL_AC,ANNEEAUTREACC1,ANNEEAUTREACC2,ANNEEAUTREACC3,ANNEEAUTREACC4,ANNEEAUTREACC5,LIEUAUTREACC1,LIEUAUTREACC2,LIEUAUTREACC3,LIEUAUTREACC4,LIEUAUTREACC5,DESCRIPTIONAUTRESACC1,DESCRIPTIONAUTRESACC2,DESCRIPTIONAUTRESACC3,DESCRIPTIONAUTRESACC4,DESCRIPTIONAUTRESACC5,NBAUTRESACCCIRCUIT,NBAUTRESTOUTTERRAIN,EXPCYCLO,EXP125,EXPSUP125,ACCORDNEXTQ,CHOIXACC,RGPMTACC,RECUPANNEE,RECUPLIEU,RECUPANNE,RGPMTAC,CHOIX1,CHOIX2,CHOIX3,CHOIX4,CHOIX5,CHOIX6,CHOIX7,DESCRIPTION,RUPTURE,FAITS,ABS_REACTION,AUTRE_REACTION,PRECISIONREACTIONOUI,RECUL,PRECISIONREACTIONNON,IMPACTCOMPORTEMENT,AUTREUSAGER,REACTIONAUTREUSAGER,CONNAISSANCEREACTIONUSAGER,DIFFICULTES,AGGRAVATION,DIFFICULTES2,EMOTIONS1,EMOTIONS2,EMOTIONS3,EMOTIONS4,EMOTIONS5,EMOTIONS6,AUTRESENTIMENT,CLASSEMENTEMOTIONS1,CLASSEMENTEMOTIONS,CLASSEMENTEMOTIONS5,CLASSEMENTEMOTIONS6,CLASSEMENTEMOTIONS7,CLASSEMENTEMOTIONS8,CLASSEMENTEMOTIONS9,EXPLICATIONRESSENTI,BIENEQUIPE,ALLURE,ALLUREVITEDETAIL,ALLURELENTEDETAIL,SITUATIONPRESSE,SITUATIONDISTRAIT,SITUATIONCONFIANT,SITUATIONCONTROLE,SITUATIONLUDIQUE,SITUATIONPERF,SITUATIONSTRESS,SITUATIONFATIGUE,HUMEURNEUTRE,HUMEURGAI,HUMEURMECONTENT,HUMEURTRISTE,HUMEURCOLERE,CONTRIBUTION1,CONTRIBUTION2,CONTRIBUTION3,CONTRIBUTION4,CONTRIBUTION5,CONTRIBUTION6,CONTRIBUTION7,CONTRIBUTION8,CONTRIBUTION9,ROLEINFRA,ELEMENTINFRA1,ELEMENTINFRA2,ELEMENTINFRA3,ELEMENTINFRA4,ELEMENTINFRA5,ELEMENTINFRA6,ELEMENTINFRA7,ELEMENTINFRA8,ELEMENTINFRA9,ALCOOL,TXALCOOL,STUP,SEMAINE,MOMENTJOURNEE,TEMPS,CAUSEACC1,CAUSEACC2,CAUSEACC3,CAUSEACC4,CAUSEACC5,FORMATIONCAUSE,FORMATION1,FORMATION2,FORMATION3,FORMATION4,FORMATION5,TRAFIC,CHAUSSEE1,CHAUSSEE2,CHAUSSEE3,CHAUSSEE4,TYPEACC,BLESSURE,TETE,COU,THORAX,MEMBRESSUP,COLONNE,BASSIN,MEMBRESINF,HOPITAL,PLUS24H,TRAJET,TYPEROUTE,MOTIF,SENSTRAJET,PASSAGER,VITESSE,DESCEQ1,DESCEQ2,DESCEQ3,DESCEQ4,DESCEQ5,DESCEQ6,DESCEQ7,DESCEQ8,DESCEQ9,DESCEQ10,VEHICULEETE,VEHICULEAUTOMNE,VEHICULEPRINTEMPS,VEHICULEHIVER,VEHICULESEMAINE,VEHICULEWE,VEHMARQUE,VEHCYLINDREE,VEHMODELE,VEHSEGMENT,VEHSIDE,EQ2RMABS,EQ2RMCBS,EQ2RMABSCBS,EQ2RMREGULATEUR,EQ2RMLIMITEUR,EQ2RMPHARESDIRECT,EQ2RMCOUPURE,EQ2RMANTIPATINAGE,EQ2RMANTIXHEELING,EQ2RMSTABILILTE,VEHKM,POINTS,DUREE,AUTRE2RM,VEHPRECMARQUE,VEHPRECCYLINDREE,VEHPRECMODELE,VEHPRECSEGMENT,VEHPRECSIDE,TEMPS2RMPREC,FREQVEHPREC,DATE_NAISS,CSP,SOCIETAIRE,SALARIE,SECTEUR2RM,NBPERSFOYER,SITFAM,NBENF,TRNBENF1,TRNBENF2,TRNBENF3,TRNBENF4,NBAUTOFOYER,NBCYCLOFOYER,NBSCOOTFOYER,NBMOTOFOYER,NBTRIKEFOYER,NB2RMCONDUIT,MARQUE1,CYLINDREE1,MODELE1,SEGMENT1,SIDE1,ANMISECIRCU1,ASS1,FREQ1,USAGE1,NBKM1,GARAGE1,MARQUE2,CYLINDREE2,MODELE2,SEGMENT2,SIDE2,ANMISECIRCU2,ASS2,FREQ2,USAGE2,NBKM2,GARAGE2,MARQUE3,CYLINDREE3,MODELE3,SEGMENT3,SIDE3,ANMISECIRCU3,ASS3,FREQ3,USAGE3,NBKM3,GARAGE3,MARQUE4,CYLINDREE4,MODELE4,SEGMENT4,SIDE4,ANMISECIRCU4,ASS4,FREQ4,USAGE4,NBKM4,GARAGE4,MARQUE5,CYLINDREE5,MODELE5,SEGMENT5,SIDE5,ANMISECIRCU5,ASS5,FREQ5,USAGE5,NBKM5,GARAGE5,NBKMTOT,PERMIS1,PERMIS2,PERMIS3,PERMIS4,PERMIS5,PERMIS6,PERMIS7,PERMIS8,PERMIS9,ANPERMIS1,ANPERMIS6,ANPERMIS7,ANPERMIS2,ANPERMIS3,ANPERMIS8,ANPERMIS9,ANPERMIS4,ANPERMIS5,,,
397,5280,,1,0,5,,,,,,1,5,NSP,,,,,0,3,,,,,,0,4,,,,,,0,4,,,,,,0,3,,,,,,0,3,,,,,,0,4,,,,,,0,3,,,,,,0,4,,,,,,1,5,NSP,,,,,0,2,,,,,,0,4,,,,,,0,2,,,,,,0,,2,,,,,,,,,,,,,,,,,,0,5,15,1,51,11,0,,,,,,,,,,,,,,,,,,,,,,,,,,,,,,,,,,,,,,,,,,,,,,,,,,,,,,,,,,,,,,,,,,,,,,,,,,,,,,,,,,,,,,,,,,,,,,,,,,,,,,,,,,,,,,,,,,,,,,,,,,,,,,,,,,,,,,,,,,,,,,,,,,,,,,,,,,,,,,12APR1960,5,2,3,2,1,1,,NRP,,,,1,0,0,1,0,1,SUZUKI,600,BANDIT-S,ROADSTER,2,2003,28,2,1,15000,4,,,,,,,,,,,,,,,,,,,,,,,,,,,,,,,,,,,,,,,,,,,,,15000,2,3,4,,,,,,,NRP,NRP,NRP,1977,1981,NRP,NRP,1984,NRP,,,
1981,5281,,1,0,3,,,,,,0,6,,,,,,0,5,,,,,,0,2,,,,,,0,3,,,,,,0,3,,,,,,0,2,,,,,,1,3,1980,,,,,3,6,1979,1980,1982,,,0,3,,,,,,1,6,2010,,,,,0,3,,,,,,0,6,,,,,,0,6,,,,,,0,,5,,,,,,,,,,,,,,,,,,3,2,30,1,51,11,2010,,,,,,,,,,,,,,,,,,,,,,,,,,,,,,,,,,,,,,,,,,,,,,,,,,,,,,,,,,,,,,,,,,,,,,,,,,,,,,,,,,,,,,,,,,,,,,,,,,,,,,,,,,,,,,,,,,,,,,,,,,,,,,,,,,,,,,,,,,,,,,,,,,,,,,,,,,,,,,15FEB1959,5,2,3,2,3,4,1,NRP,,,,2,0,0,3,0,3,DUCATI,999,999 SUPERBIKE BIPOSTO,SPORTIVE,2,2003,29,2,1,7000,5,SUZUKI,500,GS-E,ROADSTER,2,1994,29,1,2,12000,5,DUCATI,999,MONSTER S4R-S TESTATRETTA,ROADSTER,2,2009,29,2,2,5000,5,,,,,,,,,,,,,,,,,,,,,,,24000,3,4,,,,,,,,NRP,NRP,NRP,NRP,1980,NRP,NRP,1979,NRP,,,
1582,5282,,1,0,3,,,,,,0,2,,,,,,0,2,,,,,,0,3,,,,,,0,5,,,,,,0,2,,,,,,0,3,,,,,,0,3,,,,,,0,3,,,,,,0,3,,,,,,1,3,1982,,,,,0,1,,,,,,0,3,,,,,,0,1,,,,,,1,2,3,1980,1986,,,,corbeil essonne,nis-Yougoslavie,,,,"Dans une rue à sens unique, un véhicule a remonté la rue en sens inverse à grange vitesse face à moi et en freinant pour l'éviter je suis tombé","En doublant deux véhicules, le second a changé de file pour doubler le premier sans avoir regardé si un véhicule arrivait à sa gauche: percussion de l'arrière de l'auto sans avoir pu freiner",,,,0,0,0,0,19,1,72,15,1986,nis-Yougoslavie,,,,,,,,,,,,,,,,,,,,,,,,,,,,,,,,,,,,,,,,,,,,,,,,,,,,,,,,,,,,,,,,,,,,,,,,,,,,,,,,,,,,,,,,,,,,,,,,,,,,,,,,,,,,,,,,,,,,,,,,,,,,,,,,,,,,,,,,,,,,,,,,,,,,,,,,,,,,,02MAY1959,5,2,3,2,3,4,1,NRP,,,,3,0,0,1,0,1,BMW,1150,R1150GS ADVENTURE,TRAIL / SUPERMOTARD,2,2005,40,3,1,4000,7,,,,,,,,,,,,,,,,,,,,,,,,,,,,,,,,,,,,,,,,,,,,,4000,3,4,,,,,,,,NRP,NRP,NRP,NRP,1980,NRP,NRP,1979,NRP,,,
545,5283,,0,,,,,,,,,,,,,,,,,,,,,,,,,,,,,,,,,,,,,,,,,,,,,,,,,,,,,,,,,,,,,,,,,,,,,,,,,,,,,,,,,,,,,,,,,,,,,,,,,,,,,,,,,,,,,,,,,,,,,,,,,,,,,,,,,,,,,,,,,,,,,,,,,,,,,,,,,,,,,,,,,,,,,,,,,,,,,,,,,,,,,,,,,,,,,,,,,,,,,,,,,,,,,,,,,,,,,,,,,,,,,,,,,,,,,,,,,,,,,,,,,,,,,,,,,,,,,,,,,,,,,,,,,,,,,,,,,,,,,,,,,,,25MAR1964,5,1,3,2,4,4,2,NRP,,,,2,0,0,4,0,1,YAMAHA,1000,FZS FAZER,ROADSTER,2,2001,37,2,2,15000,7,,,,,,,,,,,,,,,,,,,,,,,,,,,,,,,,,,,,,,,,,,,,,15000,3,4,,,,,,,,NRP,NRP,NRP,NRP,1982,NRP,NRP,1982,NRP,,,
379,5286,,0,,,,,,,,,,,,,,,,,,,,,,,,,,,,,,,,,,,,,,,,,,,,,,,,,,,,,,,,,,,,,,,,,,,,,,,,,,,,,,,,,,,,,,,,,,,,,,,,,,,,,,,,,,,,,,,,,,,,,,,,,,,,,,,,,,,,,,,,,,,,,,,,,,,,,,,,,,,,,,,,,,,,,,,,,,,,,,,,,,,,,,,,,,,,,,,,,,,,,,,,,,,,,,,,,,,,,,,,,,,,,,,,,,,,,,,,,,,,,,,,,,,,,,,,,,,,,,,,,,,,,,,,,,,,,,,,,,,,,,,,,,,26SEP1970,6,1,3,2,2,3,,NRP,,,,1,0,0,1,0,1,SUZUKI,650,BANDIT-N,ROADSTER,2,2012,37,1,2,12000,4,,,,,,,,,,,,,,,,,,,,,,,,,,,,,,,,,,,,,,,,,,,,,12000,4,3,,,,,,,,NRP,NRP,NRP,NRP,1991,NRP,NRP,2010,NRP,,,
1243,5287,,0,,,,,,,,,,,,,,,,,,,,,,,,,,,,,,,,,,,,,,,,,,,,,,,,,,,,,,,,,,,,,,,,,,,,,,,,,,,,,,,,,,,,,,,,,,,,,,,,,,,,,,,,,,,,,,,,,,,,,,,,,,,,,,,,,,,,,,,,,,,,,,,,,,,,,,,,,,,,,,,,,,,,,,,,,,,,,,,,,,,,,,,,,,,,,,,,,,,,,,,,,,,,,,,,,,,,,,,,,,,,,,,,,,,,,,,,,,,,,,,,,,,,,,,,,,,,,,,,,,,,,,,,,,,,,,,,,,,,,,,,,,,21AUG1987,7,2,3,2,1,1,,NRP,,,,1,0,0,1,0,1,DUCATI,1100,MONSTER,ROADSTER,2,2010,33,2,1,6000,7,,,,,,,,,,,,,,,,,,,,,,,,,,,,,,,,,,,,,,,,,,,,,6000,4,3,,,,,,,,NRP,NRP,NRP,NRP,2008,NRP,NRP,2006,NRP,,,
2019,5294,,1,1,4,2005,,,,,2,6,2006,2009,,,,0,5,,,,,,0,2,,,,,,0,3,,,,,,0,6,,,,,,0,3,,,,,,0,3,,,,,,3,3,2002,2005,2008,,,0,6,,,,,,0,5,,,,,,0,1,,,,,,0,2,,,,,,0,6,,,,,,0,,6,,,,,,,,,,,,,,,,,,5,0,15,1,41,9,2002,,,,,,,,,,,,,,,,,,,,,,,,,,,,,,,,,,,,,,,,,,,,,,,,,,,,,,,,,,,,,,,,,,,,,,,,,,,,,,,,,,,,,,,,,,,,,,,,,,,,,,,,,,,,,,,,,,,,,,,,,,,,,,,,,,,,,,,,,,,,,,,,,,,,,,,,,,,,,,01JUN1981,12,1,3,2,5,4,3,NRP,,,,1,0,0,3,0,3,SUZUKI,650,V-STROM,TRAIL / SUPERMOTARD,2,2004,37,1,2,13000,4,KAWASAKI,800,VN VULCAN,CUSTOM,2,1999,37,1,2,7000,4,KAWASAKI,1000,GTR,Routière / GT,2,1989,37,2,1,5000,5,,,,,,,,,,,,,,,,,,,,,,,25000,3,4,,,,,,,,NRP,NRP,NRP,NRP,2001,NRP,NRP,2000,NRP,,,
1673,5300,,1,0,4,,,,,,1,5,NSP,,,,,1,5,2007,,,,,0,2,,,,,,1,5,2004,,,,,0,5,,,,,,1,3,NSP,,,,,0,4,,,,,,1,5,1999,,,,,0,5,,,,,,0,5,,,,,,0,2,,,,,,1,5,NSP,,,,,0,4,,,,,,1,2,8,1995,2000,,,,Paris,Paris,,,,"En m'arrétant à un feu Orange, la moto suivante est venue me percuter.","Idem, avec une voiture",,,,0,0,2,3,30,0,,NRP,,,,,,,,,,,,,,,,,,,,,,,,,,,,,,,,,,,,,,,,,,,,,,,,,,,,,,,,,,,,,,,,,,,,,,,,,,,,,,,,,,,,,,,,,,,,,,,,,,,,,,,,,,,,,,,,,,,,,,,,,,,,,,,,,,,,,,,,,,,,,,,,,,,,,,,,,,,,,,,24SEP1963,5,1,3,2,2,2,1,NRP,,,,1,0,0,1,0,1,ENFIELD,500,BULLET,ROADSTER,2,2011,37,3,1,7000,7,,,,,,,,,,,,,,,,,,,,,,,,,,,,,,,,,,,,,,,,,,,,,7000,3,4,,,,,,,,NRP,NRP,NRP,NRP,1983,NRP,NRP,1983,NRP,,,
1964,5304,,0,,,,,,,,,,,,,,,,,,,,,,,,,,,,,,,,,,,,,,,,,,,,,,,,,,,,,,,,,,,,,,,,,,,,,,,,,,,,,,,,,,,,,,,,,,,,,,,,,,,,,,,,,,,,,,,,,,,,,,,,,,,,,,,,,,,,,,,,,,,,,,,,,,,,,,,,,,,,,,,,,,,,,,,,,,,,,,,,,,,,,,,,,,,,,,,,,,,,,,,,,,,,,,,,,,,,,,,,,,,,,,,,,,,,,,,,,,,,,,,,,,,,,,,,,,,,,,,,,,,,,,,,,,,,,,,,,,,,,,,,,,,22FEB1961,8,1,3,2,4,4,2,NRP,,,,1,1,0,1,0,1,SUZUKI,1100,GS1100G,ROADSTER,2,1985,37,3,1,7000,7,,,,,,,,,,,,,,,,,,,,,,,,,,,,,,,,,,,,,,,,,,,,,7000,4,3,,,,,,,,NRP,NRP,NRP,NRP,1979,NRP,NRP,1982,NRP,,,
959,5305,,0,,,,,,,,,,,,,,,,,,,,,,,,,,,,,,,,,,,,,,,,,,,,,,,,,,,,,,,,,,,,,,,,,,,,,,,,,,,,,,,,,,,,,,,,,,,,,,,,,,,,,,,,,,,,,,,,,,,,,,,,,,,,,,,,,,,,,,,,,,,,,,,,,,,,,,,,,,,,,,,,,,,,,,,,,,,,,,,,,,,,,,,,,,,,,,,,,,,,,,,,,,,,,,,,,,,,,,,,,,,,,,,,,,,,,,,,,,,,,,,,,,,,,,,,,,,,,,,,,,,,,,,,,,,,,,,,,,,,,,,,,,,09APR1970,7,1,3,2,3,4,1,NRP,,,,1,1,0,1,0,1,KAWASAKI,1000,GTR,Routière / GT,2,1998,37,3,1,3000,7,,,,,,,,,,,,,,,,,,,,,,,,,,,,,,,,,,,,,,,,,,,,,3000,4,3,,,,,,,,NRP,NRP,NRP,NRP,2000,NRP,NRP,1988,NRP,,,
927,5306,,0,,,,,,,,,,,,,,,,,,,,,,,,,,,,,,,,,,,,,,,,,,,,,,,,,,,,,,,,,,,,,,,,,,,,,,,,,,,,,,,,,,,,,,,,,,,,,,,,,,,,,,,,,,,,,,,,,,,,,,,,,,,,,,,,,,,,,,,,,,,,,,,,,,,,,,,,,,,,,,,,,,,,,,,,,,,,,,,,,,,,,,,,,,,,,,,,,,,,,,,,,,,,,,,,,,,,,,,,,,,,,,,,,,,,,,,,,,,,,,,,,,,,,,,,,,,,,,,,,,,,,,,,,,,,,,,,,,,,,,,,,,,13APR1961,7,2,3,2,3,4,1,NRP,,,,2,1,0,1,0,1,YAMAHA,600,FZS FAZER,ROADSTER,2,2002,28,2,1,8000,4,,,,,,,,,,,,,,,,,,,,,,,,,,,,,,,,,,,,,,,,,,,,,8000,4,3,2,,,,,,,NRP,NRP,NRP,1977,2007,NRP,NRP,1981,NRP,,,
1328,5307,,1,0,3,,,,,,0,4,,,,,,0,5,,,,,,0,3,,,,,,0,4,,,,,,0,5,,,,,,0,4,,,,,,0,4,,,,,,1,4,2012,,,,,0,3,,,,,,0,6,,,,,,0,2,,,,,,1,3,2014,,,,,0,2,,,,,,1,1,3,2013,,,,,Issy-les-Moulin,,,,,Le véhicule me précedent s'étant trompé de route a entamé ne marche arrière alors que j'étais à l'arrêt derrière lui. Elle m'a percuté malgré mes coups de klaxon e ma tentative de marche arrière.,,,,,0,0,0,0,4,1,71,15,2013,Issy-les-Moulin,,,,,,,,,,,,,,,,,,,,,,,,,,,,,,,,,,,,,,,,,,,,,,,,,,,,,,,,,,,,,,,,,,,,,,,,,,,,,,,,,,,,,,,,,,,,,,,,,,,,,,,,,,,,,,,,,,,,,,,,,,,,,,,,,,,,,,,,,,,,,,,,,,,,,,,,,,,,,09APR1991,10,2,3,2,3,5,0,NRP,,,,1,4,0,4,0,1,KAWASAKI,650,"ER-6 ""N""  34CV",ROADSTER,2,2008,28,1,2,15000,6,,,,,,,,,,,,,,,,,,,,,,,,,,,,,,,,,,,,,,,,,,,,,15000,3,4,,,,,,,,NRP,NRP,NRP,NRP,2011,NRP,NRP,2010,NRP,,,
877,5313,,0,,,,,,,,,,,,,,,,,,,,,,,,,,,,,,,,,,,,,,,,,,,,,,,,,,,,,,,,,,,,,,,,,,,,,,,,,,,,,,,,,,,,,,,,,,,,,,,,,,,,,,,,,,,,,,,,,,,,,,,,,,,,,,,,,,,,,,,,,,,,,,,,,,,,,,,,,,,,,,,,,,,,,,,,,,,,,,,,,,,,,,,,,,,,,,,,,,,,,,,,,,,,,,,,,,,,,,,,,,,,,,,,,,,,,,,,,,,,,,,,,,,,,,,,,,,,,,,,,,,,,,,,,,,,,,,,,,,,,,,,,,,20MAR1948,9,2,3,2,2,3,,NRP,,,,2,0,0,2,0,2,BMW,1100,R1100RS,Routière / GT,2,1994,16,2,1,3000,7,KAWASAKI,300,KLX-R HOMOLOGUEE,"TOUT TERRAIN (TRIAL, ENDURO, CROSS)",2,1998,16,3,1,1000,7,,,,,,,,,,,,,,,,,,,,,,,,,,,,,,,,,,4000,3,4,,,,,,,,NRP,NRP,NRP,NRP,1989,NRP,NRP,1966,NRP,,,
1161,5316,103,1,0,5,,,,,,0,4,,,,,,0,5,,,,,,0,2,,,,,,1,5,2004,,,,,0,4,,,,,,0,3,,,,,,0,5,,,,,,1,6,2004,,,,,0,4,,,,,,0,6,,,,,,0,3,,,,,,0,3,,,,,,0,4,,,,,,0,,2,,,,,,,,,,,,,,,,,,3,0,37,1,41,9,2004,,2004,"Vous avez fait une sortie de route, une perte de contrôle ou une glissade sans rien percuter.",2,,,,,,,Chute et glissade de la moto après un freinage d'urgence sur route détrempée (véhicule arrivant rapidement sur ma droite) à une intersection de deux rues à Saint-Denis de la Réunion.,Sous estimation de la vitesse du véhicule arrivant sur ma droite. Vitesse excessive de ma part roulant sur une route détrempée et arrivant à une intersection. Freinage d'urgence avec une moto non équipée de l'ABS.,"Freinage d'urgence et trop important de la moto à partir du frein avant par rapport à l'utilisation du frein arrière (effet de surprise à la vue du véhicule qui arrivait). La moto se couche et glisse légèrement sur la rue devant le véhicule automobile qui arrivait sur ma droite (perte d'adhérence de la roue avant). Pas de blessure lors de cet accident ni de choc avec l'autre véhicule, la glissade de la moto est stoppée par le trottoir d'en face.",NRP,0,,,"Avec les mêmes conditions d'adhérence de la route et une vitesse un peu excessive dans ces conditions de circulation, en particulier dans cette région de l'océan indien (route très grasse dès les premières pluies, effet de verglas d'été) je ne pense pas avoir d'autre alternative qu'un freinage d'urgence pour éviter la collision avec l'automobile qui arrivait rapidement sur ma droite",1,0,,,,,,2,6,9,,,,"L'effet de surprise a été bref, une fois l'action brusque sur le levier et la pédale de freins de la moto, la roue avant s'est dérobée et la chute de la moto a été immédiate.",,1,,,,2,3,"Je ne m'attendais pas à voir un véhicule arriver sur ma droite, véhicule que j'ai aperçu au dernier moment, il était déjà trop tard pour franchir l'intersection sans risquer d'entrer en collision avec l'automobile qui avait la priorité. Les conditions météo étaient mauvaises, un gros orage s'abattait sur la ville à l'instant précis de l'accident.",3,1,3,,2,3,2,2,2,1,1,1,4,4,1,4,4,1,3,4,7,,,,,,1,2,3,,,,,,,2,2,,2,2,1,2,60,0,0,10,30,2,,,,,,2,2,AUT|verglas d'été,,,1,,,,,,,,,,,2,1,3,,0,60,1,10,2,3,4,7,,,,,4,4,4,2,4,3,HONDA,650,TRANSALP,TRAIL / SUPERMOTARD,2,1,1,1,1,1,1,1,1,1,1,14000,12,4,1,APRILIA,650,PEGASO,TRAIL / SUPERMOTARD,2,4,2,31MAY1958,7,1,3,2,2,3,,NRP,,,,1,0,0,2,0,2,BMW,800,F800GS,TRAIL / SUPERMOTARD,2,2010,37,3,1,4000,7,BMW,800,F800R ABS,ROADSTER,2,2012,37,3,1,1000,7,,,,,,,,,,,,,,,,,,,,,,,,,,,,,,,,,,5000,3,4,,,,,,,,NRP,NRP,NRP,NRP,1977,NRP,NRP,1978,NRP,,,
696,5318,,1,0,4,,,,,,1,4,2005,,,,,0,4,,,,,,0,4,,,,,,1,4,2010,,,,,0,3,,,,,,0,4,,,,,,0,4,,,,,,0,5,,,,,,0,3,,,,,,0,4,,,,,,0,3,,,,,,0,4,,,,,,0,4,,,,,,1,1,3,2008,,,,,toulouse,,,,,glissade sur plaque de gasoil,,,,,0,0,0,0,43,1,71,15,2008,toulouse,,,,,,,,,,,,,,,,,,,,,,,,,,,,,,,,,,,,,,,,,,,,,,,,,,,,,,,,,,,,,,,,,,,,,,,,,,,,,,,,,,,,,,,,,,,,,,,,,,,,,,,,,,,,,,,,,,,,,,,,,,,,,,,,,,,,,,,,,,,,,,,,,,,,,,,,,,,,,01MAR1954,3,1,3,2,2,3,,NRP,,,,3,0,0,2,0,1,HONDA,1800,GOLD WING,Routière / GT,2,2012,37,1,2,30000,5,,,,,,,,,,,,,,,,,,,,,,,,,,,,,,,,,,,,,,,,,,,,,30000,2,3,4,,,,,,,NRP,NRP,NRP,1972,1972,NRP,NRP,1973,NRP,,,
1641,5319,,1,0,6,,,,,,0,5,,,,,,0,5,,,,,,0,4,,,,,,0,5,,,,,,0,6,,,,,,1,5,1978,,,,,1,5,1982,,,,,3,6,1979,1982,1997,,,0,4,,,,,,0,4,,,,,,0,3,,,,,,1,5,1978,,,,,0,4,,,,,,0,,6,,,,,,,,,,,,,,,,,,3,3,35,1,36,8,1982,,,,,,,,,,,,,,,,,,,,,,,,,,,,,,,,,,,,,,,,,,,,,,,,,,,,,,,,,,,,,,,,,,,,,,,,,,,,,,,,,,,,,,,,,,,,,,,,,,,,,,,,,,,,,,,,,,,,,,,,,,,,,,,,,,,,,,,,,,,,,,,,,,,,,,,,,,,,,,09FEB1961,5,2,3,2,4,4,2,NRP,,,,3,0,0,4,0,4,MZ,250,ETZ 251,ROADSTER,2,1992,29,1,2,2000,7,MOTO GUZZI,1000,GT,Routière / GT,2,1988,29,3,1,2000,7,YAMAHA,1200,FJ,Routière / GT,1,1990,29,3,1,3000,7,YAMAHA,1100,XS,ROADSTER,2,1980,29,4,1,1000,7,,,,,,,,,,,,8000,2,3,4,,,,,,,NRP,NRP,NRP,1977,1979,NRP,NRP,1979,NRP,,,
567,5320,379,1,1,4,1974,,,,,0,4,,,,,,0,4,,,,,,0,4,,,,,,1,4,1985,,,,,0,4,,,,,,0,3,,,,,,0,4,,,,,,1,6,1979,,,,,0,4,,,,,,0,4,,,,,,0,4,,,,,,1,4,1980,,,,,0,4,,,,,,0,,4,,,,,,,,,,,,,,,,,,4,1,20,1,21,5,1985,,1985,Vous circuliez sur un axe prioritaire. Un véhicule venant dun axe non prioritaire vous a coupé la route.,4,5,6,,,,,"je circulais en ville, sur une avenue que je connais très bien, à moins d'un kilomètre de chez moi. Au carrefour, les feux étaient clignotants, je suis passé, mais de la gauche est arrivée une voiture que j'ai percutée sur la portière avant droite. 4 blessés. La voiture a fait un tonneau.","cet accident est du: feu tricolores qui fonctionnaient ce jour en feux orange clignotant au fait que j'étais pressé, que j'avais la priorité et que je roulai vite au fait que la voiture n'a pas ralenti à l'approche du carrefour","je ne me souviens de rien 3 blessés dans la voiture, la passagère coté porte droite, et les enfants passagers. (coupures dus à des bris de glace)",1,1,NRP,NRP,,2,1,2,,"a été surpris par ma vitesse, ne s'y attendai pas",1,"si la voiture avait ralenti vis à vis du danger potentiel venant de la droite, elle aurait pu s'arréter",7,,,,,,,,,,,,,,,2,1,3,,3,2,3,2,1,1,1,1,4,3,4,4,4,1,2,3,5,,,,,,1,4,,,,,,,,2,2,,2,2,1,1,50,50,0,0,0,2,,,,,,1,1,,,,2,1,4,,,,,,,1,0,1,1,3,,0,80,1,10,2,5,,,,,,,4,4,4,4,4,4,YAMAHA,1100,XS,ROADSTER,2,1,1,1,1,1,1,1,1,1,1,30,12,3,1,YAMAHA,500,XS,ROADSTER,2,3,4,11SEP1959,5,2,3,1,6,4,4,NRP,,,,2,0,0,1,0,1,HONDA,700,DN-01,CUSTOM,2,2010,31,2,2,15000,7,,,,,,,,,,,,,,,,,,,,,,,,,,,,,,,,,,,,,,,,,,,,,15000,3,4,,,,,,,,NRP,NRP,NRP,NRP,1978,NRP,NRP,1978,NRP,,,