Ligne,Ligne Q qualif,Ligne approfondissement Accident,ACCIDENT,NBACC1,ACCFREQUENCE1,ANNEEACC1_1,ANNEEACC1_2,ANNEEACC1_3,ANNEEACC1_4,ANNEEACC1_5,NBACC2,ACCFREQUENCE2,ANNEEACC2_1,ANNEEACC2_2,ANNEEACC2_3,ANNEEACC2_4,ANNEEACC2_5,NBACC3,ACCFREQUENCE3,ANNEEACC3_1,ANNEEACC3_2,ANNEEACC3_3,ANNEEACC3_4,ANNEEACC3_5,NBACC4,ACCFREQUENCE4,ANNEEACC4_1,ANNEEACC4_2,ANNEEACC4_3,ANNEEACC4_4,ANNEEACC4_5,NBACC5,ACCFREQUENCE5,ANNEEACC5_1,ANNEEACC5_2,ANNEEACC5_3,ANNEEACC5_4,ANNEEACC5_5,NBACC6,ACCFREQUENCE6,ANNEEACC6_1,ANNEEACC6_2,ANNEEACC6_3,ANNEEACC6_4,ANNEEACC6_5,NBACC7,ACCFREQUENCE7,ANNEEACC7_1,ANNEEACC7_2,ANNEEACC7_3,ANNEEACC7_4,ANNEEACC7_5,NBACC8,ACCFREQUENCE8,ANNEEACC8_1,ANNEEACC8_2,ANNEEACC8_3,ANNEEACC8_4,ANNEEACC8_5,NBACC9,ACCFREQUENCE9,ANNEEACC9_1,ANNEEACC9_2,ANNEEACC9_3,ANNEEACC9_4,ANNEEACC9_5,NBACC10,ACCFREQUENCE10,ANNEEACC10_1,ANNEEACC10_2,ANNEEACC10_3,ANNEEACC10_4,ANNEEACC10_5,NBACC11,ACCFREQUENCE11,ANNEEACC11_1,ANNEEACC11_2,ANNEEACC11_3,ANNEEACC11_4,ANNEEACC11_5,NBACC12,ACCFREQUENCE12,ANNEEACC12_1,ANNEEACC12_2,ANNEEACC12_3,ANNEEACC12_4,ANNEEACC12_5,NBACC13,ACCFREQUENCE13,ANNEEACC13_1,ANNEEACC13_2,ANNEEACC13_3,ANNEEACC13_4,ANNEEACC13_5,NBACC14,ACCFREQUENCE14,ANNEEACC14_1,ANNEEACC14_2,ANNEEACC14_3,ANNEEACC14_4,ANNEEACC14_5,AUTRESACC,NBAUTRESACC,TOTAL_AC,ANNEEAUTREACC1,ANNEEAUTREACC2,ANNEEAUTREACC3,ANNEEAUTREACC4,ANNEEAUTREACC5,LIEUAUTREACC1,LIEUAUTREACC2,LIEUAUTREACC3,LIEUAUTREACC4,LIEUAUTREACC5,DESCRIPTIONAUTRESACC1,DESCRIPTIONAUTRESACC2,DESCRIPTIONAUTRESACC3,DESCRIPTIONAUTRESACC4,DESCRIPTIONAUTRESACC5,NBAUTRESACCCIRCUIT,NBAUTRESTOUTTERRAIN,EXPCYCLO,EXP125,EXPSUP125,ACCORDNEXTQ,CHOIXACC,RGPMTACC,RECUPANNEE,RECUPLIEU,RECUPANNE,RGPMTAC,CHOIX1,CHOIX2,CHOIX3,CHOIX4,CHOIX5,CHOIX6,CHOIX7,DESCRIPTION,RUPTURE,FAITS,ABS_REACTION,AUTRE_REACTION,PRECISIONREACTIONOUI,RECUL,PRECISIONREACTIONNON,IMPACTCOMPORTEMENT,AUTREUSAGER,REACTIONAUTREUSAGER,CONNAISSANCEREACTIONUSAGER,DIFFICULTES,AGGRAVATION,DIFFICULTES2,EMOTIONS1,EMOTIONS2,EMOTIONS3,EMOTIONS4,EMOTIONS5,EMOTIONS6,AUTRESENTIMENT,CLASSEMENTEMOTIONS1,CLASSEMENTEMOTIONS,CLASSEMENTEMOTIONS5,CLASSEMENTEMOTIONS6,CLASSEMENTEMOTIONS7,CLASSEMENTEMOTIONS8,CLASSEMENTEMOTIONS9,EXPLICATIONRESSENTI,BIENEQUIPE,ALLURE,ALLUREVITEDETAIL,ALLURELENTEDETAIL,SITUATIONPRESSE,SITUATIONDISTRAIT,SITUATIONCONFIANT,SITUATIONCONTROLE,SITUATIONLUDIQUE,SITUATIONPERF,SITUATIONSTRESS,SITUATIONFATIGUE,HUMEURNEUTRE,HUMEURGAI,HUMEURMECONTENT,HUMEURTRISTE,HUMEURCOLERE,CONTRIBUTION1,CONTRIBUTION2,CONTRIBUTION3,CONTRIBUTION4,CONTRIBUTION5,CONTRIBUTION6,CONTRIBUTION7,CONTRIBUTION8,CONTRIBUTION9,ROLEINFRA,ELEMENTINFRA1,ELEMENTINFRA2,ELEMENTINFRA3,ELEMENTINFRA4,ELEMENTINFRA5,ELEMENTINFRA6,ELEMENTINFRA7,ELEMENTINFRA8,ELEMENTINFRA9,ALCOOL,TXALCOOL,STUP,SEMAINE,MOMENTJOURNEE,TEMPS,CAUSEACC1,CAUSEACC2,CAUSEACC3,CAUSEACC4,CAUSEACC5,FORMATIONCAUSE,FORMATION1,FORMATION2,FORMATION3,FORMATION4,FORMATION5,TRAFIC,CHAUSSEE1,CHAUSSEE2,CHAUSSEE3,CHAUSSEE4,TYPEACC,BLESSURE,TETE,COU,THORAX,MEMBRESSUP,COLONNE,BASSIN,MEMBRESINF,HOPITAL,PLUS24H,TRAJET,TYPEROUTE,MOTIF,SENSTRAJET,PASSAGER,VITESSE,DESCEQ1,DESCEQ2,DESCEQ3,DESCEQ4,DESCEQ5,DESCEQ6,DESCEQ7,DESCEQ8,DESCEQ9,DESCEQ10,VEHICULEETE,VEHICULEAUTOMNE,VEHICULEPRINTEMPS,VEHICULEHIVER,VEHICULESEMAINE,VEHICULEWE,VEHMARQUE,VEHCYLINDREE,VEHMODELE,VEHSEGMENT,VEHSIDE,EQ2RMABS,EQ2RMCBS,EQ2RMABSCBS,EQ2RMREGULATEUR,EQ2RMLIMITEUR,EQ2RMPHARESDIRECT,EQ2RMCOUPURE,EQ2RMANTIPATINAGE,EQ2RMANTIXHEELING,EQ2RMSTABILILTE,VEHKM,POINTS,DUREE,AUTRE2RM,VEHPRECMARQUE,VEHPRECCYLINDREE,VEHPRECMODELE,VEHPRECSEGMENT,VEHPRECSIDE,TEMPS2RMPREC,FREQVEHPREC,DATE_NAISS,CSP,SOCIETAIRE,SALARIE,SECTEUR2RM,NBPERSFOYER,SITFAM,NBENF,TRNBENF1,TRNBENF2,TRNBENF3,TRNBENF4,NBAUTOFOYER,NBCYCLOFOYER,NBSCOOTFOYER,NBMOTOFOYER,NBTRIKEFOYER,NB2RMCONDUIT,MARQUE1,CYLINDREE1,MODELE1,SEGMENT1,SIDE1,ANMISECIRCU1,ASS1,FREQ1,USAGE1,NBKM1,GARAGE1,MARQUE2,CYLINDREE2,MODELE2,SEGMENT2,SIDE2,ANMISECIRCU2,ASS2,FREQ2,USAGE2,NBKM2,GARAGE2,MARQUE3,CYLINDREE3,MODELE3,SEGMENT3,SIDE3,ANMISECIRCU3,ASS3,FREQ3,USAGE3,NBKM3,GARAGE3,MARQUE4,CYLINDREE4,MODELE4,SEGMENT4,SIDE4,ANMISECIRCU4,ASS4,FREQ4,USAGE4,NBKM4,GARAGE4,MARQUE5,CYLINDREE5,MODELE5,SEGMENT5,SIDE5,ANMISECIRCU5,ASS5,FREQ5,USAGE5,NBKM5,GARAGE5,NBKMTOT,PERMIS1,PERMIS2,PERMIS3,PERMIS4,PERMIS5,PERMIS6,PERMIS7,PERMIS8,PERMIS9,ANPERMIS1,ANPERMIS6,ANPERMIS7,ANPERMIS2,ANPERMIS3,ANPERMIS8,ANPERMIS9,ANPERMIS4,ANPERMIS5,,,
552,5321,229,1,0,4,,,,,,0,5,,,,,,1,6,2005,,,,,0,2,,,,,,0,2,,,,,,0,4,,,,,,0,3,,,,,,1,4,1998,,,,,0,4,,,,,,0,3,,,,,,1,5,2003,,,,,0,3,,,,,,0,3,,,,,,0,3,,,,,,0,,3,,,,,,,,,,,,,,,,,,3,2,19,1,51,11,2003,,2003,"Vous circuliez sur un axe constitué dau moins "" 2 X 2 voies "" (en urbain, périph, autoroute, RN ). Un véhicule vous a coupé la route en changeant de voie pour se placer sur celle de gauche.",4,,,,,,,"c'est un bus qui m'a coupé la route, je pense qu'il se sente invulnérable et prioritaire vu leur taille.","Le bus s'est rapproché de moi alors que j'étais au niveau de la vitre conducteur, j'ai essayé de l'éviter et j'ai comlpris que je ne pourrais pas.",j'ai essayé de changer de trajectoire mais le choc était inévitable,NRP,1,j'aurais dû plus anticiper le changement de voie du bus,j'étais pressé pour ne pas arriver en retard au travail!!!,,2,1,NSP,,NSP,1,il se croit prioritaire en rapport avec la taille du véhicule,9,,,,,,"J'ai compris que le choc était inévitable, j'ai essayé de m'y préparer",,,,,,,1,l'adrénaline,3,1,2,,4,1,4,4,1,1,1,1,2,3,4,4,4,3,,,,,,,,,2,,,,,,,,,2,2,,2,1,1,1,50,50,0,0,0,2,,,,,,3,1,,,,2,1,4,7,,,,,,1,1,1,4,1,1,0,40,1,2,3,4,7,,,,,,4,4,4,3,4,4,HONDA,800,VFR-F,Routière / GT,2,1,0,1,1,1,1,1,1,1,1,60000,12,4,1,HONDA,600,CBR 600F,SPORTIVE,2,4,4,29JAN1976,5,1,3,2,3,4,1,NRP,,,,3,1,0,5,1,6,DUCATI,1198,1198 SUPERBIKE,SPORTIVE,2,2010,37,2,2,6000,7,HONDA,600,CBR-RR IE,SPORTIVE,2,2008,37,3,1,5000,7,KTM,525,EXC RACING,"TOUT TERRAIN (TRIAL, ENDURO, CROSS)",2,2006,37,3,1,2000,7,GAS GAS,300,EC ENDUCROSS,"TOUT TERRAIN (TRIAL, ENDURO, CROSS)",2,2003,37,3,1,2000,7,LINHAI,300,QUAD HYTRACK 4X2 HOMOLOGUE,QUAD,2,2006,37,4,1,500,7,15500,2,3,4,,,,,,,NRP,NRP,NRP,1993,1994,NRP,NRP,1994,NRP,,,
1105,5322,,0,,,,,,,,,,,,,,,,,,,,,,,,,,,,,,,,,,,,,,,,,,,,,,,,,,,,,,,,,,,,,,,,,,,,,,,,,,,,,,,,,,,,,,,,,,,,,,,,,,,,,,,,,,,,,,,,,,,,,,,,,,,,,,,,,,,,,,,,,,,,,,,,,,,,,,,,,,,,,,,,,,,,,,,,,,,,,,,,,,,,,,,,,,,,,,,,,,,,,,,,,,,,,,,,,,,,,,,,,,,,,,,,,,,,,,,,,,,,,,,,,,,,,,,,,,,,,,,,,,,,,,,,,,,,,,,,,,,,,,,,,,,24AUG1953,5,2,3,2,2,3,,NRP,,,,1,0,0,1,0,1,BMW,1200,R1200RT,Routière / GT,2,2012,33,1,3,22000,4,,,,,,,,,,,,,,,,,,,,,,,,,,,,,,,,,,,,,,,,,,,,,22000,3,,,,,,,,,NRP,NRP,NRP,NRP,1997,NRP,NRP,NRP,NRP,,,
2128,5323,,1,0,2,,,,,,0,3,,,,,,0,5,,,,,,0,3,,,,,,0,3,,,,,,0,3,,,,,,0,2,,,,,,0,3,,,,,,1,3,1997,,,,,0,4,,,,,,1,4,1999,,,,,0,1,,,,,,0,4,,,,,,0,3,,,,,,1,3,5,1999,1997,2001,,,linas,paris,paris,,,"sur le périph'parisien , une voiture change de file sans contrôle ; Je ne circulait pas entre les files mais sur la file du milieu à la vitesse de la circulation ( +/- 70 km/h) ; Chute , grande glissade de moi et de la moto ; Pas de blessure , dégats matériels peu importants ; Retour maison à moto","Chute brutale sur une bretelle d'accès autoroute ; Glissade moi et moto ;  Chaussée gazolée  .  retour maison à moto , mais difficile ( guidon tordue + douleurs 'partout')","perte de contrôle sur plaque de gas oil en circulant entre les 2 files extérieures sur le périph' de Paris . Dégats matériels sur 4 voitures + la moto ; Pas de blessure mais choc final violent  Hospitalisation , moto chez police de la route .",,,0,0,2,2,35,1,73,15,2001,paris,,,,,,,,,,,,,,,,,,,,,,,,,,,,,,,,,,,,,,,,,,,,,,,,,,,,,,,,,,,,,,,,,,,,,,,,,,,,,,,,,,,,,,,,,,,,,,,,,,,,,,,,,,,,,,,,,,,,,,,,,,,,,,,,,,,,,,,,,,,,,,,,,,,,,,,,,,,,,18APR1962,6,1,3,2,4,4,2,NRP,,,,2,0,0,1,0,1,BMW,1000,R100RT,Routière / GT,2,1996,37,3,1,4000,7,,,,,,,,,,,,,,,,,,,,,,,,,,,,,,,,,,,,,,,,,,,,,4000,4,3,,,,,,,,NRP,NRP,NRP,NRP,1980,NRP,NRP,1980,NRP,,,
989,5328,,1,1,1,2009,,,,,0,5,,,,,,0,6,,,,,,0,2,,,,,,0,5,,,,,,0,5,,,,,,0,3,,,,,,0,4,,,,,,0,6,,,,,,0,4,,,,,,0,6,,,,,,0,6,,,,,,0,3,,,,,,0,2,,,,,,1,0,1,,,,,,,,,,,,,,,,0,0,0,0,6,0,,NRP,,,,,,,,,,,,,,,,,,,,,,,,,,,,,,,,,,,,,,,,,,,,,,,,,,,,,,,,,,,,,,,,,,,,,,,,,,,,,,,,,,,,,,,,,,,,,,,,,,,,,,,,,,,,,,,,,,,,,,,,,,,,,,,,,,,,,,,,,,,,,,,,,,,,,,,,,,,,,,,09SEP1980,7,2,3,2,2,3,,NRP,,,,2,0,0,3,0,2,SUZUKI,600,GSX-R,SPORTIVE,2,2007,24,2,1,3500,7,SUZUKI,600,GSX-R,SPORTIVE,2,2007,40,3,1,2000,7,,,,,,,,,,,,,,,,,,,,,,,,,,,,,,,,,,5500,3,4,,,,,,,,NRP,NRP,NRP,NRP,2006,NRP,NRP,1999,NRP,,,
1248,5329,,1,0,5,,,,,,0,4,,,,,,0,5,,,,,,2,6,2011,NSP,,,,0,5,,,,,,0,4,,,,,,0,3,,,,,,0,3,,,,,,0,1,,,,,,0,6,,,,,,0,4,,,,,,0,4,,,,,,0,5,,,,,,1,3,NSP,,,,,1,1,4,2011,,,,,Suresne,,,,,"Sur un sens giratoire , véhicule m'a percuté par l'arriere",,,,,0,0,12,3,9,1,66,14,0,,,,,,,,,,,,,,,,,,,,,,,,,,,,,,,,,,,,,,,,,,,,,,,,,,,,,,,,,,,,,,,,,,,,,,,,,,,,,,,,,,,,,,,,,,,,,,,,,,,,,,,,,,,,,,,,,,,,,,,,,,,,,,,,,,,,,,,,,,,,,,,,,,,,,,,,,,,,,,14OCT1965,5,1,3,2,4,4,2,NRP,,,,1,1,0,1,0,1,BMW,1600,K1600GT,Routière / GT,2,2012,28,1,2,10000,7,,,,,,,,,,,,,,,,,,,,,,,,,,,,,,,,,,,,,,,,,,,,,10000,3,4,,,,,,,,NRP,NRP,NRP,NRP,2006,NRP,NRP,1986,NRP,,,
1955,5330,,1,0,3,,,,,,1,4,1997,,,,,0,5,,,,,,0,3,,,,,,0,2,,,,,,0,4,,,,,,0,2,,,,,,0,4,,,,,,1,2,NSP,,,,,0,3,,,,,,0,3,,,,,,0,2,,,,,,0,2,,,,,,0,4,,,,,,0,,2,,,,,,,,,,,,,,,,,,3,0,22,1,6,2,1997,,,,,,,,,,,,,,,,,,,,,,,,,,,,,,,,,,,,,,,,,,,,,,,,,,,,,,,,,,,,,,,,,,,,,,,,,,,,,,,,,,,,,,,,,,,,,,,,,,,,,,,,,,,,,,,,,,,,,,,,,,,,,,,,,,,,,,,,,,,,,,,,,,,,,,,,,,,,,,21DEC1972,2,1,3,2,4,4,2,NRP,,,,2,0,0,1,0,1,BMW,800,F800ST ABS TOURING,Routière / GT,2,2011,37,1,2,8000,4,,,,,,,,,,,,,,,,,,,,,,,,,,,,,,,,,,,,,,,,,,,,,8000,3,4,,,,,,,,NRP,NRP,NRP,NRP,1996,NRP,NRP,1992,NRP,,,
2026,5332,,1,1,5,2008,,,,,0,3,,,,,,0,5,,,,,,0,2,,,,,,0,5,,,,,,0,5,,,,,,0,4,,,,,,0,3,,,,,,1,3,1978,,,,,0,5,,,,,,0,5,,,,,,0,2,,,,,,0,3,,,,,,0,3,,,,,,1,1,3,1979,,,,,Senlis,,,,,"Doublement d'un camion sur une route à 3 voies avec brouillard (voie centrale partagée par les 2 sens de circulation - n'existe plus aujourd'hui). Percussion d'un camion en sens opposé, doublant un autre véhicule.",,,,,0,0,3,2,35,1,1,1,2008,,,,,,,,,,,,,,,,,,,,,,,,,,,,,,,,,,,,,,,,,,,,,,,,,,,,,,,,,,,,,,,,,,,,,,,,,,,,,,,,,,,,,,,,,,,,,,,,,,,,,,,,,,,,,,,,,,,,,,,,,,,,,,,,,,,,,,,,,,,,,,,,,,,,,,,,,,,,,,25SEP1960,5,1,3,2,1,1,,NRP,,,,1,0,0,1,0,1,BMW,650,F650CS SCARVER,ROADSTER,2,2005,37,2,2,5000,7,,,,,,,,,,,,,,,,,,,,,,,,,,,,,,,,,,,,,,,,,,,,,5000,4,3,2,,,,,,,NRP,NRP,NRP,1977,1980,NRP,NRP,1978,NRP,,,
319,5335,,1,0,2,,,,,,0,4,,,,,,0,5,,,,,,0,2,,,,,,0,5,,,,,,0,4,,,,,,0,5,,,,,,0,5,,,,,,0,6,,,,,,0,4,,,,,,0,5,,,,,,0,4,,,,,,0,4,,,,,,0,2,,,,,,0,,0,,,,,,,,,,,,,,,,,,2,4,23,1,,NRP,,,,,,,,,,,,,,,,,,,,,,,,,,,,,,,,,,,,,,,,,,,,,,,,,,,,,,,,,,,,,,,,,,,,,,,,,,,,,,,,,,,,,,,,,,,,,,,,,,,,,,,,,,,,,,,,,,,,,,,,,,,,,,,,,,,,,,,,,,,,,,,,,,,,,,,,,,,,,,,28DEC1971,5,1,3,2,3,4,1,NRP,,,,2,0,0,2,0,2,YAMAHA,125,RDLC,SPORTIVE,2,1986,37,4,1,100,7,HONDA,750,VFR-F,Routière / GT,2,1997,37,3,1,12000,7,,,,,,,,,,,,,,,,,,,,,,,,,,,,,,,,,,12100,2,3,4,,,,,,,NRP,NRP,NRP,1990,1992,NRP,NRP,1990,NRP,,,
816,5337,444,1,0,4,,,,,,0,5,,,,,,0,5,,,,,,1,3,1980,,,,,0,3,,,,,,0,3,,,,,,0,2,,,,,,0,2,,,,,,1,5,NSP,,,,,1,5,NSP,,,,,3,6,1984,2000,2011,,,0,3,,,,,,0,5,,,,,,0,2,,,,,,0,,6,,,,,,,,,,,,,,,,,,2,3,35,1,53,11,2011,,2011,"Vous circuliez sur un axe constitué dau moins "" 2 X 2 voies "" (en urbain, périph, autoroute, RN ). Un véhicule vous a coupé la route en changeant de voie pour se placer sur celle de gauche.",4,,,,,,,"un véhicule 'a coupé la route, m'obligeant à freiner très brusquement pour l'éviter, ce avec succès. Le motard qui me suivait ne respectait pas les distances de sécurité, et m'a percuté par l'arrière de plein fouet. le choc a projeté ma moto par terre et moi par la même occasion. j'ai fini ma glissade dans le véhicule qui m'avait coupé la route, ma moto ayant heureusement suivi une autre trajectoire.",le manque de respect de la distance de sécurité par le motard qui me suivait,"coupure de ma trajectoire par l'automobiliste devant moi.  Freinage d'urgence de ma part, avec arrêt à un mètre de l'automobile, qui s'est arrêté quelques mètres plus loin.  incapacité de freinage de la part du motard qui me suivait de (beaucoup) trop près, me heurtant avec violence au niveau du porte-bagage.",NRP,0,,,parce que j'ai réussi à m'arrêter avant de heurter la voiture qui m'avait coupé la route.,2,1,2,,"je pense qu'il ne regardait pas devant lui, du fait de la vitesse qu'il observait au moment ou il m'a heurté.",1,"il n'a pas ""aggravé"" l'accident. Il l'a provoqué. c'est lui qui m'a propulsé dans la voiture devant moi.",1,6,9,,,,"un sentiment de colère, genre ""Ah le con ! "" j'avais déjà remarqué que le motard me suivait de trop près. j'ai eu moins de colère envers l'automobiliste qui, au moins, s'est arrêté quand il a vu qu'il avait provoqué l'accident.",3,,,,,1,2,"je savais que j'avais 9 chances sur 10 pour que je sois percuté par le motard derrière, en fait, j'ai attendu (un très court moment!) le choc.",4,3,,,1,1,3,3,1,1,1,2,1,4,2,4,4,10,,,,,,,,,2,,,,,,,,,2,2,,2,1,1,1,0,100,0,0,0,1,AUT|la formation n'insiste pas assez sur la distance de sécurité,,,,,2,1,,,,2,0,,,,,,,,,,1,4,1,1,0,60,1,2,3,4,7,9,,,,,4,4,4,4,4,4,HONDA,750,AFRICA TWIN,TRAIL / SUPERMOTARD,null,1,1,1,1,1,1,1,1,1,1,124000,10,4,1,HONDA,750,AFRICA TWIN,TRAIL / SUPERMOTARD,2,4,4,28NOV1960,5,2,3,2,1,1,,NRP,,,,1,0,0,2,0,2,HONDA,750,AFRICA TWIN,TRAIL / SUPERMOTARD,2,1994,29,1,2,30000,7,HONDA,750,AFRICA TWIN,TRAIL / SUPERMOTARD,2,1993,29,3,1,5000,7,,,,,,,,,,,,,,,,,,,,,,,,,,,,,,,,,,35000,2,3,4,,,,,,,NRP,NRP,NRP,1977,1979,NRP,NRP,1984,NRP,,,
1890,5338,,0,,,,,,,,,,,,,,,,,,,,,,,,,,,,,,,,,,,,,,,,,,,,,,,,,,,,,,,,,,,,,,,,,,,,,,,,,,,,,,,,,,,,,,,,,,,,,,,,,,,,,,,,,,,,,,,,,,,,,,,,,,,,,,,,,,,,,,,,,,,,,,,,,,,,,,,,,,,,,,,,,,,,,,,,,,,,,,,,,,,,,,,,,,,,,,,,,,,,,,,,,,,,,,,,,,,,,,,,,,,,,,,,,,,,,,,,,,,,,,,,,,,,,,,,,,,,,,,,,,,,,,,,,,,,,,,,,,,,,,,,,,,06FEB1960,8,1,3,2,2,2,1,NRP,,,,1,0,0,1,0,1,YAMAHA,900,XJS DIVERSION,Routière / GT,2,2003,37,3,1,15000,7,,,,,,,,,,,,,,,,,,,,,,,,,,,,,,,,,,,,,,,,,,,,,15000,3,4,,,,,,,,NRP,NRP,NRP,NRP,1999,NRP,NRP,1978,NRP,,,
1550,5339,,1,0,4,,,,,,0,6,,,,,,0,4,,,,,,0,4,,,,,,0,4,,,,,,0,5,,,,,,0,3,,,,,,1,3,2009,,,,,3,5,NSP,2005,2011,,,2,6,NSP,NSP,,,,0,4,,,,,,0,3,,,,,,0,3,,,,,,0,3,,,,,,0,,6,,,,,,,,,,,,,,,,,,4,25,7,0,,NRP,,,,,,,,,,,,,,,,,,,,,,,,,,,,,,,,,,,,,,,,,,,,,,,,,,,,,,,,,,,,,,,,,,,,,,,,,,,,,,,,,,,,,,,,,,,,,,,,,,,,,,,,,,,,,,,,,,,,,,,,,,,,,,,,,,,,,,,,,,,,,,,,,,,,,,,,,,,,,,,17JAN1963,5,1,3,2,5,4,3,NRP,,,,1,1,0,6,0,3,BMW,750,K75RT,Routière / GT,2,1987,37,1,2,35000,7,YAMAHA,600,SRX,ROADSTER,2,1999,37,3,1,6000,7,KAWASAKI,550,ZEPHYR,ROADSTER,2,1996,37,4,1,1000,7,,,,,,,,,,,,,,,,,,,,,,,42000,2,3,4,,,,,,,NRP,NRP,NRP,1979,2006,NRP,NRP,1981,NRP,,,
1284,5341,192,1,0,5,,,,,,0,5,,,,,,0,5,,,,,,0,4,,,,,,0,4,,,,,,0,4,,,,,,0,2,,,,,,0,4,,,,,,0,4,,,,,,0,5,,,,,,0,5,,,,,,0,3,,,,,,1,5,1979,,,,,0,4,,,,,,0,,1,,,,,,,,,,,,,,,,,,2,2,40,1,61,13,1979,,1979,Vous circuliez derrière un véhicule. Ce véhicule a freiné ou a ralenti et vous lavez percuté par larrière.,1,,,,,,,"Je repartais du grand prix de France au Mans le 2 septembre 1979 avec ma passagère. Beau grand prix autant que je m'en souvienne.  Il y avait du monde et je restais tranquillement dans ma file.  Devant moi, il y avait la camionnette de Vic SOUSSAN (pilote de l'époque).  Manque de concentration, je n'ai pas vu le ralentissement de la camionnette et je l'ai percutée.  Nous ne roulions pas vite mais le choc a suffit pour plier la fourche de ma Suzuki GS750.  Ni ma passagère, ni moi n'avons été blessés.  Cet accident sans gravité, sauf pour mon porte-monnaie, a finalement été une bonne chose : ma passagère qui n'était qu'une amie est devenue ma petite-amie suite à l'accident et puis elle est devenue ma femme. :o)","Pas la fatigue car nous n'avions pas fait la fête la nuit précédente et nous n'avions pas consommé d'alcool.  Certainement, un manque de concentration, de vigilance.  Vu la lenteur à laquelle nous roulions, peut-être que je parlais avec ma passagère (le sujet pouvait peut-être être Vic SOUSSAN) et je n'étais pas assez attentif à la circulation.",Cela fait loin mais je pense ne pas avoir eu le temps de freiner ou alors j'ai bloqué la roue avant.  De toutes façons je devais suivre de trop près le véhicule qui me précédait. Le conducteur de la camionnette est sorti de son véhicule calmement pour constater que sa camionnette n'avait rien.,3,1,"Oui, j'aurais du laisser plus d'espace entre ma moto et le véhicule précédent et être plus concentré. Dans ce cas, j'aurais pu freiner et m'arrêter avant de percuter le véhicule précédent.","Peut-être le plaisir d'une bonne journée de GP, le plaisir d'avoir ma passagère derrière moi ne m'ont pas permis d'être assez à ma conduite.",,3,1,2,,L'autre usager ne pouvait rien faire pour éviter l'accident car il devait s'arrêter pour ne pas percuter le véhicule précédent et il n'avait pas la place pour faire un évitement. En plus il ne pouvait pas me voir dans ses rétroviseurs extérieurs car j'étais au milieu de ma file et que l'arrière de sa camionnette n'était pas vitré.,2,Il n'y avait rien d'anormal dans la conduite de l'autre usager.,2,,,,,,,,1,,,,,,Tout simplement par ce que je ne m'attendais pas au choc,3,3,,,1,4,3,4,1,1,1,2,4,3,4,4,4,4,,,,,,,,,2,,,,,,,,,2,2,,2,2,1,1,100,0,0,0,0,2,,,,,,3,1,,,,1,,,,,,,,,,,3,1,3,,1,30,1,2,3,4,,,,,,,4,4,4,3,3,3,SUZUKI,750,GS,ROADSTER,2,1,1,1,1,1,1,1,1,1,1,12000,12,3,1,HONDA,400,"CB-F1 ""SUPERSPORT""",ROADSTER,2,4,3,16OCT1956,6,2,3,2,3,4,1,NRP,,,,3,0,0,3,0,1,TRIUMPH,1200,TIGER EXPLORER,TRAIL / SUPERMOTARD,2,2012,29,1,2,12500,7,,,,,,,,,,,,,,,,,,,,,,,,,,,,,,,,,,,,,,,,,,,,,12500,4,3,,,,,,,,NRP,NRP,NRP,NRP,1973,NRP,NRP,1975,NRP,,,
1490,5343,,1,0,3,,,,,,0,4,,,,,,0,4,,,,,,0,3,,,,,,0,5,,,,,,0,2,,,,,,0,3,,,,,,0,2,,,,,,1,4,2011,,,,,0,5,,,,,,0,5,,,,,,0,3,,,,,,1,5,2012,,,,,0,2,,,,,,0,,2,,,,,,,,,,,,,,,,,,0,2,8,1,41,9,2011,,,,,,,,,,,,,,,,,,,,,,,,,,,,,,,,,,,,,,,,,,,,,,,,,,,,,,,,,,,,,,,,,,,,,,,,,,,,,,,,,,,,,,,,,,,,,,,,,,,,,,,,,,,,,,,,,,,,,,,,,,,,,,,,,,,,,,,,,,,,,,,,,,,,,,,,,,,,,,27MAR1977,6,2,3,2,2,3,,NRP,,,,1,0,0,3,0,2,SUZUKI,600,GSR,ROADSTER,2,2009,16,2,1,9000,7,KAWASAKI,600,ZX-6R NINJA,SPORTIVE,2,1999,10,3,1,2000,7,,,,,,,,,,,,,,,,,,,,,,,,,,,,,,,,,,11000,3,4,,,,,,,,NRP,NRP,NRP,NRP,2007,NRP,NRP,1998,NRP,,,