Ligne,Ligne Q qualif,Ligne approfondissement Accident,ACCIDENT,NBACC1,ACCFREQUENCE1,ANNEEACC1_1,ANNEEACC1_2,ANNEEACC1_3,ANNEEACC1_4,ANNEEACC1_5,NBACC2,ACCFREQUENCE2,ANNEEACC2_1,ANNEEACC2_2,ANNEEACC2_3,ANNEEACC2_4,ANNEEACC2_5,NBACC3,ACCFREQUENCE3,ANNEEACC3_1,ANNEEACC3_2,ANNEEACC3_3,ANNEEACC3_4,ANNEEACC3_5,NBACC4,ACCFREQUENCE4,ANNEEACC4_1,ANNEEACC4_2,ANNEEACC4_3,ANNEEACC4_4,ANNEEACC4_5,NBACC5,ACCFREQUENCE5,ANNEEACC5_1,ANNEEACC5_2,ANNEEACC5_3,ANNEEACC5_4,ANNEEACC5_5,NBACC6,ACCFREQUENCE6,ANNEEACC6_1,ANNEEACC6_2,ANNEEACC6_3,ANNEEACC6_4,ANNEEACC6_5,NBACC7,ACCFREQUENCE7,ANNEEACC7_1,ANNEEACC7_2,ANNEEACC7_3,ANNEEACC7_4,ANNEEACC7_5,NBACC8,ACCFREQUENCE8,ANNEEACC8_1,ANNEEACC8_2,ANNEEACC8_3,ANNEEACC8_4,ANNEEACC8_5,NBACC9,ACCFREQUENCE9,ANNEEACC9_1,ANNEEACC9_2,ANNEEACC9_3,ANNEEACC9_4,ANNEEACC9_5,NBACC10,ACCFREQUENCE10,ANNEEACC10_1,ANNEEACC10_2,ANNEEACC10_3,ANNEEACC10_4,ANNEEACC10_5,NBACC11,ACCFREQUENCE11,ANNEEACC11_1,ANNEEACC11_2,ANNEEACC11_3,ANNEEACC11_4,ANNEEACC11_5,NBACC12,ACCFREQUENCE12,ANNEEACC12_1,ANNEEACC12_2,ANNEEACC12_3,ANNEEACC12_4,ANNEEACC12_5,NBACC13,ACCFREQUENCE13,ANNEEACC13_1,ANNEEACC13_2,ANNEEACC13_3,ANNEEACC13_4,ANNEEACC13_5,NBACC14,ACCFREQUENCE14,ANNEEACC14_1,ANNEEACC14_2,ANNEEACC14_3,ANNEEACC14_4,ANNEEACC14_5,AUTRESACC,NBAUTRESACC,TOTAL_AC,ANNEEAUTREACC1,ANNEEAUTREACC2,ANNEEAUTREACC3,ANNEEAUTREACC4,ANNEEAUTREACC5,LIEUAUTREACC1,LIEUAUTREACC2,LIEUAUTREACC3,LIEUAUTREACC4,LIEUAUTREACC5,DESCRIPTIONAUTRESACC1,DESCRIPTIONAUTRESACC2,DESCRIPTIONAUTRESACC3,DESCRIPTIONAUTRESACC4,DESCRIPTIONAUTRESACC5,NBAUTRESACCCIRCUIT,NBAUTRESTOUTTERRAIN,EXPCYCLO,EXP125,EXPSUP125,ACCORDNEXTQ,CHOIXACC,RGPMTACC,RECUPANNEE,RECUPLIEU,RECUPANNE,RGPMTAC,CHOIX1,CHOIX2,CHOIX3,CHOIX4,CHOIX5,CHOIX6,CHOIX7,DESCRIPTION,RUPTURE,FAITS,ABS_REACTION,AUTRE_REACTION,PRECISIONREACTIONOUI,RECUL,PRECISIONREACTIONNON,IMPACTCOMPORTEMENT,AUTREUSAGER,REACTIONAUTREUSAGER,CONNAISSANCEREACTIONUSAGER,DIFFICULTES,AGGRAVATION,DIFFICULTES2,EMOTIONS1,EMOTIONS2,EMOTIONS3,EMOTIONS4,EMOTIONS5,EMOTIONS6,AUTRESENTIMENT,CLASSEMENTEMOTIONS1,CLASSEMENTEMOTIONS,CLASSEMENTEMOTIONS5,CLASSEMENTEMOTIONS6,CLASSEMENTEMOTIONS7,CLASSEMENTEMOTIONS8,CLASSEMENTEMOTIONS9,EXPLICATIONRESSENTI,BIENEQUIPE,ALLURE,ALLUREVITEDETAIL,ALLURELENTEDETAIL,SITUATIONPRESSE,SITUATIONDISTRAIT,SITUATIONCONFIANT,SITUATIONCONTROLE,SITUATIONLUDIQUE,SITUATIONPERF,SITUATIONSTRESS,SITUATIONFATIGUE,HUMEURNEUTRE,HUMEURGAI,HUMEURMECONTENT,HUMEURTRISTE,HUMEURCOLERE,CONTRIBUTION1,CONTRIBUTION2,CONTRIBUTION3,CONTRIBUTION4,CONTRIBUTION5,CONTRIBUTION6,CONTRIBUTION7,CONTRIBUTION8,CONTRIBUTION9,ROLEINFRA,ELEMENTINFRA1,ELEMENTINFRA2,ELEMENTINFRA3,ELEMENTINFRA4,ELEMENTINFRA5,ELEMENTINFRA6,ELEMENTINFRA7,ELEMENTINFRA8,ELEMENTINFRA9,ALCOOL,TXALCOOL,STUP,SEMAINE,MOMENTJOURNEE,TEMPS,CAUSEACC1,CAUSEACC2,CAUSEACC3,CAUSEACC4,CAUSEACC5,FORMATIONCAUSE,FORMATION1,FORMATION2,FORMATION3,FORMATION4,FORMATION5,TRAFIC,CHAUSSEE1,CHAUSSEE2,CHAUSSEE3,CHAUSSEE4,TYPEACC,BLESSURE,TETE,COU,THORAX,MEMBRESSUP,COLONNE,BASSIN,MEMBRESINF,HOPITAL,PLUS24H,TRAJET,TYPEROUTE,MOTIF,SENSTRAJET,PASSAGER,VITESSE,DESCEQ1,DESCEQ2,DESCEQ3,DESCEQ4,DESCEQ5,DESCEQ6,DESCEQ7,DESCEQ8,DESCEQ9,DESCEQ10,VEHICULEETE,VEHICULEAUTOMNE,VEHICULEPRINTEMPS,VEHICULEHIVER,VEHICULESEMAINE,VEHICULEWE,VEHMARQUE,VEHCYLINDREE,VEHMODELE,VEHSEGMENT,VEHSIDE,EQ2RMABS,EQ2RMCBS,EQ2RMABSCBS,EQ2RMREGULATEUR,EQ2RMLIMITEUR,EQ2RMPHARESDIRECT,EQ2RMCOUPURE,EQ2RMANTIPATINAGE,EQ2RMANTIXHEELING,EQ2RMSTABILILTE,VEHKM,POINTS,DUREE,AUTRE2RM,VEHPRECMARQUE,VEHPRECCYLINDREE,VEHPRECMODELE,VEHPRECSEGMENT,VEHPRECSIDE,TEMPS2RMPREC,FREQVEHPREC,DATE_NAISS,CSP,SOCIETAIRE,SALARIE,SECTEUR2RM,NBPERSFOYER,SITFAM,NBENF,TRNBENF1,TRNBENF2,TRNBENF3,TRNBENF4,NBAUTOFOYER,NBCYCLOFOYER,NBSCOOTFOYER,NBMOTOFOYER,NBTRIKEFOYER,NB2RMCONDUIT,MARQUE1,CYLINDREE1,MODELE1,SEGMENT1,SIDE1,ANMISECIRCU1,ASS1,FREQ1,USAGE1,NBKM1,GARAGE1,MARQUE2,CYLINDREE2,MODELE2,SEGMENT2,SIDE2,ANMISECIRCU2,ASS2,FREQ2,USAGE2,NBKM2,GARAGE2,MARQUE3,CYLINDREE3,MODELE3,SEGMENT3,SIDE3,ANMISECIRCU3,ASS3,FREQ3,USAGE3,NBKM3,GARAGE3,MARQUE4,CYLINDREE4,MODELE4,SEGMENT4,SIDE4,ANMISECIRCU4,ASS4,FREQ4,USAGE4,NBKM4,GARAGE4,MARQUE5,CYLINDREE5,MODELE5,SEGMENT5,SIDE5,ANMISECIRCU5,ASS5,FREQ5,USAGE5,NBKM5,GARAGE5,NBKMTOT,PERMIS1,PERMIS2,PERMIS3,PERMIS4,PERMIS5,PERMIS6,PERMIS7,PERMIS8,PERMIS9,ANPERMIS1,ANPERMIS6,ANPERMIS7,ANPERMIS2,ANPERMIS3,ANPERMIS8,ANPERMIS9,ANPERMIS4,ANPERMIS5,,,
2156,5378,,1,0,4,,,,,,5,4,1975,1975,1977,1985,2007,0,3,,,,,,0,2,,,,,,0,3,,,,,,0,2,,,,,,0,3,,,,,,0,4,,,,,,5,4,1975,1975,1975,1975,1977,0,3,,,,,,0,3,,,,,,0,1,,,,,,0,2,,,,,,1,3,2006,,,,,1,1,12,1979,,,,,Arnières sur It,,,,,Arbre couché sur la route en sortie de virage,,,,,0,0,1,2,28,1,66,14,2006,,,,,,,,,,,,,,,,,,,,,,,,,,,,,,,,,,,,,,,,,,,,,,,,,,,,,,,,,,,,,,,,,,,,,,,,,,,,,,,,,,,,,,,,,,,,,,,,,,,,,,,,,,,,,,,,,,,,,,,,,,,,,,,,,,,,,,,,,,,,,,,,,,,,,,,,,,,,,,14JUL1956,5,1,3,2,2,3,,NRP,,,,2,1,0,4,0,2,DUCATI,620,MULTISTRADA,ROADSTER,2,2005,37,1,2,6000,7,BMW,750,R75/5,ROADSTER,2,1974,37,4,1,100,7,,,,,,,,,,,,,,,,,,,,,,,,,,,,,,,,,,6100,2,3,4,,,,,,,NRP,NRP,NRP,1975,1977,NRP,NRP,1975,NRP,,,
708,5380,24,1,1,4,2009,,,,,0,5,,,,,,0,5,,,,,,0,2,,,,,,0,5,,,,,,0,3,,,,,,0,3,,,,,,0,5,,,,,,0,5,,,,,,0,5,,,,,,0,6,,,,,,0,1,,,,,,0,4,,,,,,0,1,,,,,,0,,1,,,,,,,,,,,,,,,,,,4,1,15,1,1,1,2009,,2009,Vous circuliez sur un axe prioritaire. Un autre véhicule arrivant sur le même axe en sens opposé vous a coupé la route en tournant à gauche.,1,,,,,,,"La personne arrivant en sens opposé et m'ayant coupé la route en tournant à gauche semblait manifestement chercher sa direction : j'ai eu le temps de la voir lever la tête pour lire les panneaux de direction à mesure qu'elle s'avançait dans le carrefour. Puis, sans doute soudain certaine de sa direction, elle a accéléré et coupé la route au lieu de s'arrêter pour me laisse passer. Sous l'effet de surprise, je n'ai pas eu le temps de freiner ou éviter suffisamment à l'avance.","Le côté inattendu : un véhicule qui s'avance lentement dans un carrefour laisse penser qu'il va s'arrêter normalement pour céder le passage, et pas accélérer pour prendre sa direction.","Quand j'ai vu le véhicule reprendre de la vitesse pour couper le carrefour, j'ai eu un moment d'incrédulité et donc un léger temps de réaction avant de saisir les freins. J'ai tenté un freinage d'urgence en prenant garde de ne pas bloquer les roues mais je savais que la distance serait insuffisante. Je me suis préparée au choc en espérant avoir la vitesse la plus basse possible. L'automobiliste n'a rien vu venir (elle regardait toujours la route qu'elle envisageait de prendre).",1,0,,,Toute la scène avant l'accident semblait parfaitement conforme à une circulation normale. C'est la décision inattendue de la conductrice adverse qui a provoqué l'accident.,3,1,2,,"La conductrice adverse n'a jamais regardé le trafic opposé, elle était trop absorbée par sa recherche de direction. Son étourderie est seule en cause.",NSP,L'attitude de la conductrice adverse a contribué à créer l'accident.,2,,,,,,,,1,,,,,,Action complètement inattendue de la conductrice adverse.,4,3,,,1,1,4,4,1,1,1,1,3,3,4,4,4,5,,,,,,,,,2,,,,,,,,,2,2,,2,2,3,1,0,100,0,0,0,2,,,,,,2,1,,,,1,,,,,,,,,,,2,1,3,,0,45,1,2,3,4,7,9,,,,,4,3,4,3,3,4,DUCATI,800,SS IE 1/2 CARENEE,Routière / GT,2,1,1,1,1,1,1,1,1,1,1,98500,12,4,1,DUCATI,600,MONSTER DARK,ROADSTER,2,4,4,02OCT1974,4,1,3,2,2,3,,NRP,,,,1,0,0,4,0,4,DUCATI,800,SS IE 1/2 CARENEE,Routière / GT,2,2003,37,2,1,18000,7,DUCATI,996,996 BIPOSTO,SPORTIVE,2,2000,37,3,1,4000,7,DUCATI,900,SuperSport,NRP,2,1996,37,4,1,500,7,DUCATI,600,MONSTER,ROADSTER,2,1999,10,3,2,500,7,,,,,,,,,,,,23000,3,4,,,,,,,,NRP,NRP,NRP,NRP,1996,NRP,NRP,1992,NRP,,,
1185,5381,,1,0,5,,,,,,1,6,1992,,,,,1,6,NSP,,,,,0,1,,,,,,0,6,,,,,,0,5,,,,,,0,2,,,,,,0,5,,,,,,1,1,1989,,,,,0,5,,,,,,1,5,NSP,,,,,0,2,,,,,,0,2,,,,,,0,4,,,,,,0,,4,,,,,,,,,,,,,,,,,,2,10,34,1,6,2,1992,,,,,,,,,,,,,,,,,,,,,,,,,,,,,,,,,,,,,,,,,,,,,,,,,,,,,,,,,,,,,,,,,,,,,,,,,,,,,,,,,,,,,,,,,,,,,,,,,,,,,,,,,,,,,,,,,,,,,,,,,,,,,,,,,,,,,,,,,,,,,,,,,,,,,,,,,,,,,,11NOV1959,7,1,3,2,3,4,1,NRP,,,,2,0,0,1,0,1,YAMAHA,1200,XTZ SUPER TENERE,TRAIL / SUPERMOTARD,2,2011,37,3,1,10000,7,,,,,,,,,,,,,,,,,,,,,,,,,,,,,,,,,,,,,,,,,,,,,10000,3,4,,,,,,,,NRP,NRP,NRP,NRP,1979,NRP,NRP,1981,NRP,,,
2157,5386,,0,,,,,,,,,,,,,,,,,,,,,,,,,,,,,,,,,,,,,,,,,,,,,,,,,,,,,,,,,,,,,,,,,,,,,,,,,,,,,,,,,,,,,,,,,,,,,,,,,,,,,,,,,,,,,,,,,,,,,,,,,,,,,,,,,,,,,,,,,,,,,,,,,,,,,,,,,,,,,,,,,,,,,,,,,,,,,,,,,,,,,,,,,,,,,,,,,,,,,,,,,,,,,,,,,,,,,,,,,,,,,,,,,,,,,,,,,,,,,,,,,,,,,,,,,,,,,,,,,,,,,,,,,,,,,,,,,,,,,,,,,,,12APR1967,5,1,3,2,4,4,2,NRP,,,,2,0,1,1,0,2,KAWASAKI,1400,ZZR ABS PERFORMANCE,Routière / GT,2,2012,37,3,1,7500,7,PIAGGIO,125,EXAGON,SCOOTER,2,1999,37,2,1,1000,7,,,,,,,,,,,,,,,,,,,,,,,,,,,,,,,,,,8500,3,4,,,,,,,,NRP,NRP,NRP,NRP,1987,NRP,NRP,2007,NRP,,,
731,5387,16,1,0,5,,,,,,0,6,,,,,,0,6,,,,,,0,6,,,,,,0,6,,,,,,0,4,,,,,,1,5,2012,,,,,0,5,,,,,,2,5,1996,2012,,,,0,6,,,,,,2,6,1991,1993,,,,0,2,,,,,,0,5,,,,,,1,6,1998,,,,,1,1,7,2000,,,,,Montrouge,,,,,"j'étais sur la Nationale, j'ai ralenti afin de m'arrêter à un feu rouge et je me suis fait percuté par l'arrière par un automobiliste au téléphone. Il ne m'avait pas vu, m'a-t-il dit, et je pense qu'il n'avait pas vu le feu rouge non plus !!!",,,,,0,0,0,2,25,1,31,7,2012,,2012,"Vous avez fait une sortie de route, une perte de contrôle ou une glissade puis avez percuté un véhicule arrivant en sens inverse.",3,,,,,,,"J'allais au travail sur une route à double sens.  Je roulais sur une 125 YBR et je suivais un bus. J'ai pris le rond point, toujours en suivant le bus et en respectant les distances de sécurité, en cas de freinage du bus. Le bus emprunta la même sortie que moi, toujours en me précédant mais masqua l'état de la chaussée qui était recouverte de gravier (alors que la veille, elle ne l'était pas !). J'ai perdu aussitôt l'avant et glissé. La moto glissa sur la voie opposée, une voiture ariva et ne pû rien faire vu qu'il me vit au dernier moment vu que j'étais masqué par le bus. La voiture écrasa la moto ! Tout ça c'est pourtant passé à très faible vitesse. Pour ma part, je suis resté sur ma voie, je n'ai pas glissé autant que la moto. Rien à déplorer en ce qui me concerne ! J'étais bien équipé.","la conduite sur gravillon, quand ils ne sont pas signalés et deviennent une surprise au détour d'un virage sans visibilité, c'est perdu.  J'avais déjà vécu cette situation mais cette fois dans un virage à gauche lors d'une balade dans l'Allier avec ma Daytona 900, j'avais perdu l'avant et l'arrière, élargit le virage sur la droite et fini dans le champ sans chuter ! Le fait d'avoir toujours regarder ma sortie de virage m'avait permis de m'en sortir sans dégât. Si j'avais regardé le champ, je pense que cela aurait été plus grave.  Mais dans le cas présent, avec la 125, tout est arrivé très vite ! Aucune échappatoire.",Je n'ai pas eu le temps d'agir sur les commandes de mon véhicule. L'usager qui a écrasé ma moto était choqué car il n'a rien vu venir non plus. Il a été stoppé net par l'écrasement de ma moto.,2,1,Augmenter les distances de sécurité afin de pouvoir anticiper encore mieux par rapport à l'état de la route,L'habitude du trajet quotidien ... on n'imagine pas que la route est pu être refaite du jour au lendemain.,,2,1,NSP,,l'effet de surprise: j'étais masqué par le bus.,2,NRP,3,6,,,,,,,,1,,,2,,je ne comprenais pas que la moto perdait l'avant et dérapais et j'ai vite réalisé qu'il y avait des graviers.,4,3,,,1,3,3,4,1,1,1,1,1,1,4,4,4,5,,,,,,,,,1,3,,,,,,,,2,2,,2,1,1,1,50,0,0,50,0,2,,,,,,2,1,4,,,1,,,,,,,,,,,1,2,1,1,0,20,1,2,3,4,7,,,,,,4,4,4,4,4,NRP,YAMAHA,125,YB-R,ROADSTER,2,1,1,1,1,1,1,1,1,1,1,5000,9,3,1,TRIUMPH,955,TIGER,TRAIL / SUPERMOTARD,2,4,1,31DEC1965,5,1,3,2,2,2,1,NRP,,,,1,0,0,4,0,4,TRIUMPH,900,DAYTONA,Routière / GT,2,1996,37,4,1,2000,7,TRIUMPH,955,TIGER,TRAIL / SUPERMOTARD,2,2004,18,4,1,4000,7,TRIUMPH,955,DAYTONA IE,SPORTIVE,2,2006,37,3,1,3000,7,HONDA,600,"CB-F ""S"" ABS",ROADSTER,2,2009,37,1,2,12000,7,,,,,,,,,,,,21000,3,4,,,,,,,,NRP,NRP,NRP,NRP,1990,NRP,NRP,1984,NRP,,,
1986,5390,,1,0,6,,,,,,0,6,,,,,,0,6,,,,,,0,5,,,,,,1,6,1998,,,,,0,5,,,,,,0,4,,,,,,1,5,1999,,,,,5,5,1996,1996,1997,1998,1999,0,6,,,,,,1,6,1997,,,,,0,3,,,,,,0,5,,,,,,0,4,,,,,,0,,8,,,,,,,,,,,,,,,,,,0,0,19,1,51,11,1997,,,,,,,,,,,,,,,,,,,,,,,,,,,,,,,,,,,,,,,,,,,,,,,,,,,,,,,,,,,,,,,,,,,,,,,,,,,,,,,,,,,,,,,,,,,,,,,,,,,,,,,,,,,,,,,,,,,,,,,,,,,,,,,,,,,,,,,,,,,,,,,,,,,,,,,,,,,,,,04APR1974,7,1,3,2,1,1,,NRP,,,,0,0,0,1,0,1,HONDA,1300,CB-F,ROADSTER,2,2005,37,2,1,15000,6,,,,,,,,,,,,,,,,,,,,,,,,,,,,,,,,,,,,,,,,,,,,,15000,4,3,,,,,,,,NRP,NRP,NRP,NRP,1994,NRP,NRP,1993,NRP,,,
1852,5391,,1,1,5,1998,,,,,0,6,,,,,,0,4,,,,,,0,3,,,,,,1,6,2002,,,,,0,5,,,,,,0,4,,,,,,0,5,,,,,,0,5,,,,,,1,5,2004,,,,,0,6,,,,,,0,3,,,,,,0,4,,,,,,0,3,,,,,,0,,3,,,,,,,,,,,,,,,,,,0,0,34,0,,NRP,,,,,,,,,,,,,,,,,,,,,,,,,,,,,,,,,,,,,,,,,,,,,,,,,,,,,,,,,,,,,,,,,,,,,,,,,,,,,,,,,,,,,,,,,,,,,,,,,,,,,,,,,,,,,,,,,,,,,,,,,,,,,,,,,,,,,,,,,,,,,,,,,,,,,,,,,,,,,,,12OCT1961,5,1,3,2,2,3,,NRP,,,,1,0,0,1,0,1,BMW,1600,K1600GTL PACK 1 ET SECURITE,Routière / GT,2,2012,37,1,2,15000,7,,,,,,,,,,,,,,,,,,,,,,,,,,,,,,,,,,,,,,,,,,,,,15000,3,4,,,,,,,,NRP,NRP,NRP,NRP,1980,NRP,NRP,1982,NRP,,,
1055,5393,,0,,,,,,,,,,,,,,,,,,,,,,,,,,,,,,,,,,,,,,,,,,,,,,,,,,,,,,,,,,,,,,,,,,,,,,,,,,,,,,,,,,,,,,,,,,,,,,,,,,,,,,,,,,,,,,,,,,,,,,,,,,,,,,,,,,,,,,,,,,,,,,,,,,,,,,,,,,,,,,,,,,,,,,,,,,,,,,,,,,,,,,,,,,,,,,,,,,,,,,,,,,,,,,,,,,,,,,,,,,,,,,,,,,,,,,,,,,,,,,,,,,,,,,,,,,,,,,,,,,,,,,,,,,,,,,,,,,,,,,,,,,,20APR1972,7,2,3,2,2,3,,NRP,,,,2,0,0,1,0,1,TRIUMPH,675,STREET TRIPLE,ROADSTER,2,2009,10,2,1,2000,7,,,,,,,,,,,,,,,,,,,,,,,,,,,,,,,,,,,,,,,,,,,,,2000,4,3,,,,,,,,NRP,NRP,NRP,NRP,1998,NRP,NRP,1990,NRP,,,
1630,5394,,0,,,,,,,,,,,,,,,,,,,,,,,,,,,,,,,,,,,,,,,,,,,,,,,,,,,,,,,,,,,,,,,,,,,,,,,,,,,,,,,,,,,,,,,,,,,,,,,,,,,,,,,,,,,,,,,,,,,,,,,,,,,,,,,,,,,,,,,,,,,,,,,,,,,,,,,,,,,,,,,,,,,,,,,,,,,,,,,,,,,,,,,,,,,,,,,,,,,,,,,,,,,,,,,,,,,,,,,,,,,,,,,,,,,,,,,,,,,,,,,,,,,,,,,,,,,,,,,,,,,,,,,,,,,,,,,,,,,,,,,,,,,15MAR1957,3,2,3,2,4,4,2,NRP,,,,2,0,0,1,0,1,BMW,1200,R1200RT PACK,Routière / GT,2,2013,10,1,3,15000,7,,,,,,,,,,,,,,,,,,,,,,,,,,,,,,,,,,,,,,,,,,,,,15000,3,4,,,,,,,,NRP,NRP,NRP,NRP,2007,NRP,NRP,1976,NRP,,,
1831,5396,,0,,,,,,,,,,,,,,,,,,,,,,,,,,,,,,,,,,,,,,,,,,,,,,,,,,,,,,,,,,,,,,,,,,,,,,,,,,,,,,,,,,,,,,,,,,,,,,,,,,,,,,,,,,,,,,,,,,,,,,,,,,,,,,,,,,,,,,,,,,,,,,,,,,,,,,,,,,,,,,,,,,,,,,,,,,,,,,,,,,,,,,,,,,,,,,,,,,,,,,,,,,,,,,,,,,,,,,,,,,,,,,,,,,,,,,,,,,,,,,,,,,,,,,,,,,,,,,,,,,,,,,,,,,,,,,,,,,,,,,,,,,,18JAN1972,7,1,3,2,4,4,2,NRP,,,,2,0,0,2,0,2,YAMAHA,1200,XTZ SUPER TENERE,TRAIL / SUPERMOTARD,2,2011,37,1,2,15000,7,APRILIA,750,SHIVER GT,ROADSTER,2,2010,37,4,2,3000,7,,,,,,,,,,,,,,,,,,,,,,,,,,,,,,,,,,18000,3,4,,,,,,,,NRP,NRP,NRP,NRP,1990,NRP,NRP,1990,NRP,,,
548,5397,50,1,0,5,,,,,,0,5,,,,,,1,4,NSP,,,,,0,3,,,,,,1,4,1994,,,,,0,2,,,,,,0,3,,,,,,1,4,2014,,,,,4,5,NSP,NSP,NSP,2014,,1,5,2009,,,,,0,4,,,,,,0,3,,,,,,1,4,NSP,,,,,1,4,2013,,,,,1,0,10,,,,,,,,,,,,,,,,0,0,6,0,24,1,21,5,1994,,1994,Vous circuliez sur un axe prioritaire. Un véhicule venant dun axe non prioritaire vous a coupé la route.,4,,,,,,,un automobiliste de 75 ans venant en face de moi a décidé de faire demi tour en franchissant la  ligne continue.... J'ai été surpris de sa manuvre et je n'ai pas eu le temps de l'éviter surtout que lorsque il m'a vu il est resté figé sur la route et n'a pas continué sa route ce qui m'aurai permis d'avoir plus de chance pour l'éviter.,surpris par la manuvre brusque puis le fait que je ne pouvais pas me dégager sur ma droite car présence d'un bus et sur ma gauche car voiture venant sur la voie opposée,Lorsque j'ai vu que je ne pouvais plus l'éviter car il était figé au milieu de la voie plus le fait que sur ma droite il y avait un bus et sur ma gauche une voiture venant en sens inverse j'ai pris les freins au maximum et j'ai tenté de passer entre le véhicule figé et celui qui venait en sens inverse. Malheureusement c'était trop étroit et j'ai touché le véhicule figé au milieu de la voie ce qui m'a value de chuter lourdement.,NRP,0,,,bloqué de chaque coté par des véhicules et le véhicule de la personne agée qui est devant moi et qui n'avance plus.,2,1,2,,je pense que la personne agée a eu peur en me voyant et que c'est pour cela qu'elle n'a pas réagi,1,"si l'automobiliste avait continué sa route, sans s'arrêté j'aurai pu continué la mienne sans percuté la voiture",2,3,6,,,,,,1,2,,,3,,vu qu'il y avait une ligne continue entre les deux voies de circulation il n'y avait aucune raison que la voiture fasse un demi tour soudainement,4,3,,,1,1,4,4,1,1,1,1,3,3,4,4,4,10,,,,,,,,,2,,,,,,,,,2,2,,2,2,1,1,0,100,0,0,0,2,,,,,,2,1,,,,2,1,1,3,4,,,,,1,1,2,1,3,,0,70,1,10,2,4,,,,,,,4,4,4,4,4,4,YAMAHA,1000,FZ-R EXUP,SPORTIVE,2,1,1,1,1,1,1,1,1,1,1,10000,12,4,1,KAWASAKI,750,"ZXR  ""STINGER""",SPORTIVE,2,2,4,29NOV1970,7,1,3,2,4,4,2,NRP,,,,1,0,1,2,0,3,BMW,1300,K1300R,ROADSTER,2,2011,37,2,1,8000,6,KAWASAKI,500,KLE,TRAIL / SUPERMOTARD,2,1992,37,1,2,10000,6,PIAGGIO,125,FLY,SCOOTER,2,2005,37,1,2,5000,6,,,,,,,,,,,,,,,,,,,,,,,23000,3,4,,,,,,,,NRP,NRP,NRP,NRP,1991,NRP,NRP,2007,NRP,,,