Ligne,Ligne Q qualif,Ligne approfondissement Accident,ACCIDENT,NBACC1,ACCFREQUENCE1,ANNEEACC1_1,ANNEEACC1_2,ANNEEACC1_3,ANNEEACC1_4,ANNEEACC1_5,NBACC2,ACCFREQUENCE2,ANNEEACC2_1,ANNEEACC2_2,ANNEEACC2_3,ANNEEACC2_4,ANNEEACC2_5,NBACC3,ACCFREQUENCE3,ANNEEACC3_1,ANNEEACC3_2,ANNEEACC3_3,ANNEEACC3_4,ANNEEACC3_5,NBACC4,ACCFREQUENCE4,ANNEEACC4_1,ANNEEACC4_2,ANNEEACC4_3,ANNEEACC4_4,ANNEEACC4_5,NBACC5,ACCFREQUENCE5,ANNEEACC5_1,ANNEEACC5_2,ANNEEACC5_3,ANNEEACC5_4,ANNEEACC5_5,NBACC6,ACCFREQUENCE6,ANNEEACC6_1,ANNEEACC6_2,ANNEEACC6_3,ANNEEACC6_4,ANNEEACC6_5,NBACC7,ACCFREQUENCE7,ANNEEACC7_1,ANNEEACC7_2,ANNEEACC7_3,ANNEEACC7_4,ANNEEACC7_5,NBACC8,ACCFREQUENCE8,ANNEEACC8_1,ANNEEACC8_2,ANNEEACC8_3,ANNEEACC8_4,ANNEEACC8_5,NBACC9,ACCFREQUENCE9,ANNEEACC9_1,ANNEEACC9_2,ANNEEACC9_3,ANNEEACC9_4,ANNEEACC9_5,NBACC10,ACCFREQUENCE10,ANNEEACC10_1,ANNEEACC10_2,ANNEEACC10_3,ANNEEACC10_4,ANNEEACC10_5,NBACC11,ACCFREQUENCE11,ANNEEACC11_1,ANNEEACC11_2,ANNEEACC11_3,ANNEEACC11_4,ANNEEACC11_5,NBACC12,ACCFREQUENCE12,ANNEEACC12_1,ANNEEACC12_2,ANNEEACC12_3,ANNEEACC12_4,ANNEEACC12_5,NBACC13,ACCFREQUENCE13,ANNEEACC13_1,ANNEEACC13_2,ANNEEACC13_3,ANNEEACC13_4,ANNEEACC13_5,NBACC14,ACCFREQUENCE14,ANNEEACC14_1,ANNEEACC14_2,ANNEEACC14_3,ANNEEACC14_4,ANNEEACC14_5,AUTRESACC,NBAUTRESACC,TOTAL_AC,ANNEEAUTREACC1,ANNEEAUTREACC2,ANNEEAUTREACC3,ANNEEAUTREACC4,ANNEEAUTREACC5,LIEUAUTREACC1,LIEUAUTREACC2,LIEUAUTREACC3,LIEUAUTREACC4,LIEUAUTREACC5,DESCRIPTIONAUTRESACC1,DESCRIPTIONAUTRESACC2,DESCRIPTIONAUTRESACC3,DESCRIPTIONAUTRESACC4,DESCRIPTIONAUTRESACC5,NBAUTRESACCCIRCUIT,NBAUTRESTOUTTERRAIN,EXPCYCLO,EXP125,EXPSUP125,ACCORDNEXTQ,CHOIXACC,RGPMTACC,RECUPANNEE,RECUPLIEU,RECUPANNE,RGPMTAC,CHOIX1,CHOIX2,CHOIX3,CHOIX4,CHOIX5,CHOIX6,CHOIX7,DESCRIPTION,RUPTURE,FAITS,ABS_REACTION,AUTRE_REACTION,PRECISIONREACTIONOUI,RECUL,PRECISIONREACTIONNON,IMPACTCOMPORTEMENT,AUTREUSAGER,REACTIONAUTREUSAGER,CONNAISSANCEREACTIONUSAGER,DIFFICULTES,AGGRAVATION,DIFFICULTES2,EMOTIONS1,EMOTIONS2,EMOTIONS3,EMOTIONS4,EMOTIONS5,EMOTIONS6,AUTRESENTIMENT,CLASSEMENTEMOTIONS1,CLASSEMENTEMOTIONS,CLASSEMENTEMOTIONS5,CLASSEMENTEMOTIONS6,CLASSEMENTEMOTIONS7,CLASSEMENTEMOTIONS8,CLASSEMENTEMOTIONS9,EXPLICATIONRESSENTI,BIENEQUIPE,ALLURE,ALLUREVITEDETAIL,ALLURELENTEDETAIL,SITUATIONPRESSE,SITUATIONDISTRAIT,SITUATIONCONFIANT,SITUATIONCONTROLE,SITUATIONLUDIQUE,SITUATIONPERF,SITUATIONSTRESS,SITUATIONFATIGUE,HUMEURNEUTRE,HUMEURGAI,HUMEURMECONTENT,HUMEURTRISTE,HUMEURCOLERE,CONTRIBUTION1,CONTRIBUTION2,CONTRIBUTION3,CONTRIBUTION4,CONTRIBUTION5,CONTRIBUTION6,CONTRIBUTION7,CONTRIBUTION8,CONTRIBUTION9,ROLEINFRA,ELEMENTINFRA1,ELEMENTINFRA2,ELEMENTINFRA3,ELEMENTINFRA4,ELEMENTINFRA5,ELEMENTINFRA6,ELEMENTINFRA7,ELEMENTINFRA8,ELEMENTINFRA9,ALCOOL,TXALCOOL,STUP,SEMAINE,MOMENTJOURNEE,TEMPS,CAUSEACC1,CAUSEACC2,CAUSEACC3,CAUSEACC4,CAUSEACC5,FORMATIONCAUSE,FORMATION1,FORMATION2,FORMATION3,FORMATION4,FORMATION5,TRAFIC,CHAUSSEE1,CHAUSSEE2,CHAUSSEE3,CHAUSSEE4,TYPEACC,BLESSURE,TETE,COU,THORAX,MEMBRESSUP,COLONNE,BASSIN,MEMBRESINF,HOPITAL,PLUS24H,TRAJET,TYPEROUTE,MOTIF,SENSTRAJET,PASSAGER,VITESSE,DESCEQ1,DESCEQ2,DESCEQ3,DESCEQ4,DESCEQ5,DESCEQ6,DESCEQ7,DESCEQ8,DESCEQ9,DESCEQ10,VEHICULEETE,VEHICULEAUTOMNE,VEHICULEPRINTEMPS,VEHICULEHIVER,VEHICULESEMAINE,VEHICULEWE,VEHMARQUE,VEHCYLINDREE,VEHMODELE,VEHSEGMENT,VEHSIDE,EQ2RMABS,EQ2RMCBS,EQ2RMABSCBS,EQ2RMREGULATEUR,EQ2RMLIMITEUR,EQ2RMPHARESDIRECT,EQ2RMCOUPURE,EQ2RMANTIPATINAGE,EQ2RMANTIXHEELING,EQ2RMSTABILILTE,VEHKM,POINTS,DUREE,AUTRE2RM,VEHPRECMARQUE,VEHPRECCYLINDREE,VEHPRECMODELE,VEHPRECSEGMENT,VEHPRECSIDE,TEMPS2RMPREC,FREQVEHPREC,DATE_NAISS,CSP,SOCIETAIRE,SALARIE,SECTEUR2RM,NBPERSFOYER,SITFAM,NBENF,TRNBENF1,TRNBENF2,TRNBENF3,TRNBENF4,NBAUTOFOYER,NBCYCLOFOYER,NBSCOOTFOYER,NBMOTOFOYER,NBTRIKEFOYER,NB2RMCONDUIT,MARQUE1,CYLINDREE1,MODELE1,SEGMENT1,SIDE1,ANMISECIRCU1,ASS1,FREQ1,USAGE1,NBKM1,GARAGE1,MARQUE2,CYLINDREE2,MODELE2,SEGMENT2,SIDE2,ANMISECIRCU2,ASS2,FREQ2,USAGE2,NBKM2,GARAGE2,MARQUE3,CYLINDREE3,MODELE3,SEGMENT3,SIDE3,ANMISECIRCU3,ASS3,FREQ3,USAGE3,NBKM3,GARAGE3,MARQUE4,CYLINDREE4,MODELE4,SEGMENT4,SIDE4,ANMISECIRCU4,ASS4,FREQ4,USAGE4,NBKM4,GARAGE4,MARQUE5,CYLINDREE5,MODELE5,SEGMENT5,SIDE5,ANMISECIRCU5,ASS5,FREQ5,USAGE5,NBKM5,GARAGE5,NBKMTOT,PERMIS1,PERMIS2,PERMIS3,PERMIS4,PERMIS5,PERMIS6,PERMIS7,PERMIS8,PERMIS9,ANPERMIS1,ANPERMIS6,ANPERMIS7,ANPERMIS2,ANPERMIS3,ANPERMIS8,ANPERMIS9,ANPERMIS4,ANPERMIS5,,,
169,5398,Pré test 2,1,0,4,,,,,,0,5,,,,,,1,5,2010,,,,,0,4,,,,,,0,5,,,,,,0,4,,,,,,0,3,,,,,,0,2,,,,,,1,6,2014,,,,,0,5,,,,,,0,6,,,,,,0,4,,,,,,0,4,,,,,,0,2,,,,,,0,,2,,,,,,,,,,,,,,,,,,0,0,5,1,11,3,2010,,2010,Vous remontiez une file de véhicules (à larrêt ou au ralenti) par la gauche. Un véhicule de cette file vous a coupé la route en tournant à gauche.,2,4,,,,,,"Sur une voie à double sens, les véhicules dans le même sens que moi étaient au pas. Je remontais les véhicules de cette file en faisant attention de ne pas dépasser la ligne continue à la même vitesse que les autres véhicules. Plus loin (100m environ), la voie en un seul sens, se transformait en 2 voies, l'une pour tourner à gauche, l'autre pour aller tout droit ou à droite. A un moment, les voitures se sont mises à redémarrer. A cette instant, alors que je me trouvais à côté d'une d'entre elle au niveau du conducteur, celle-ci s'est décalée sur la gauche semble t'il pour se préparer à aller sur la file dédiée 100m plus loin. Le guidon de ma moto s'est accroché au niveau du rétro gauche du véhicule, entrainant une chute, se terminant sur la file en contre sens.  Heureusement, il n'y avait pas de véhicule venant en face. La chute a provoqué un peu de casse (sélecteur, top-bloc, béquille, rétro, casque,  ...) et des contusions.  En analysant après coup les conditions de l'accident, je me suis dit : - il aurait été préférable de mordre sur la ligne blanche, voire de rouler sur la file opposée, celà m'aurait laissé plus de distance entre les voitures et moi, ce que je fais dorénavant, - le sol est dur et heureusement que j'ai un bon équipement. Je me suis demandé s'il ne serait pas utile d'investir dans des protections au niveau des hanches et genoux (peux de constructeurs proposent des articles de ce genre) - la personne dans son véhicule n'a pas jeté un coup d'oeil sur sa gauche, alors que j'étais dans son champs de vision latéral.  Suite a cet accident, j'ai acheté un pantalon renforcé (ça peut toujours servir) et surtout pris l'habitude de m'écarter suffisamment de la file de voiture.","- il aurait été préférable de mordre sur la ligne blanche, voire de rouler sur la file opposée, celà m'aurait laissé plus de distance entre les voitures et moi, ce que je fais dorénavant, - le sol est dur et heureusement que j'ai un bon équipement. Je me","Pas de réaction du tout car même si les vitesses étaient proches de 0 km/h, je ne pouvais de toute façon ni me déporter, ni freiner, ni accélérer.  Comme toujours dans ce genre de situation, personne ne s'arrête, ou pose la question ""est ce que ça va, je peux vous aider ?"" , personne n'ai sorti de son véhicule. Même la personne ayant provoqué l'accident a mis un temps certain à se décider de se mettre sur le côté droit et de sortir de son véhicule. Seule un piéton, me voyant par terre a eu la gentillesse de m'aider à relever la moto.",3,0,,,"Le problème n'ai pas la réaction a avoir. Il ne pouvait pas y en avoir d'autre. Il aurait plutôt fallut, dans ce cas précis, anticiper, c'est à dire prévoir le fait que le véhicule pouvait se déporter (ou ouvrir sa portière pour aller chercher quelque chose dans son coffre). L'option serait soit de rester devant ou derrière le véhicule (en étant décalé mais pas sur le côté), soit de prévoir une marge latérale bien plus grande.",1,0,0,"Aucune. Il souhaitait juste changer de file, sachant que la séparation des voies était 100m plus loin ...","1- Reconnaître ses tords (de ne pas avoir regarder dans ce cas précis) et arrêter d'être de mauvaise foi, 2- Apprendre a regarder partout dans son environnement, et ce qq soit le véhicule utilisé.",1,6,,,,,,,,,,,,1,,3,3,,,1,2,3,3,NSP,1,3,2,1,4,4,3,4,4,6,,,,,,,,2,2,,2,3,2,2,,,,,,,,,1,1,1,20,80,0,0,0,,4,1,,,,2,1,4,6,7,,,,,1,0,1,1,1,2,0,10,1,10,2,3,4,7,,,,,4,4,4,4,4,4,SUZUKI,600,GSR,8377,ROADSTER,"SUZUKI, 600 GSR",1,2,1,1,1,1,1,1,1,6000,12,3,0,,,,,,,,,,,,,09JAN1970,5,2,3,2,4,4,2,NRP,,,,2,2,0,2,0,2,SUZUKI,600,GSR,ROADSTER,2,2010,33,2,2,6000,4,KAWASAKI,650,ER-6  F,Routière / GT,2,2010,33,4,1,2500,4,,,,,,,,,,,,,,,,,,,,,,,,,,,,,,,,,,8500,3,4,,,,,,,,NRP,NRP,NRP,NRP,2010,NRP,NRP,1988,NRP,,,
2090,5399,,1,0,5,,,,,,0,3,,,,,,0,3,,,,,,1,3,2007,,,,,0,3,,,,,,0,6,,,,,,1,3,2005,,,,,0,5,,,,,,0,6,,,,,,1,5,NSP,,,,,0,4,,,,,,0,2,,,,,,0,5,,,,,,0,4,,,,,,0,,3,,,,,,,,,,,,,,,,,,0,2,9,1,16,4,2007,,,,,,,,,,,,,,,,,,,,,,,,,,,,,,,,,,,,,,,,,,,,,,,,,,,,,,,,,,,,,,,,,,,,,,,,,,,,,,,,,,,,,,,,,,,,,,,,,,,,,,,,,,,,,,,,,,,,,,,,,,,,,,,,,,,,,,,,,,,,,,,,,,,,,,,,,,,,,,16JUL1981,8,1,3,2,2,3,,NRP,,,,1,0,0,2,0,1,SUZUKI,750,GSX-F,Routière / GT,2,1997,37,2,2,5000,7,,,,,,,,,,,,,,,,,,,,,,,,,,,,,,,,,,,,,,,,,,,,,5000,3,4,,,,,,,,NRP,NRP,NRP,NRP,2006,NRP,NRP,2000,NRP,,,
391,5400,429,1,0,3,,,,,,0,2,,,,,,0,4,,,,,,0,2,,,,,,0,6,,,,,,0,2,,,,,,0,3,,,,,,0,4,,,,,,1,5,2013,,,,,0,5,,,,,,0,3,,,,,,0,1,,,,,,0,4,,,,,,0,3,,,,,,0,,1,,,,,,,,,,,,,,,,,,0,0,5,1,41,9,2013,,2013,"Vous avez fait une sortie de route, une perte de contrôle ou une glissade sans rien percuter.",1,,,,,,,"A la sortie d'un carrefour giratoire, j'ai glissé sur une trace d'huile provenant d'un véhicule qui avait eu un accident la veille. La trace d'huile se propage sur plusieurs dizaines de mètre. La moto a quant à elle glissé sur quelques mètres.",Une trace d'huile sur la route qui a entraîné une perte de contrôle du véhicule,"Aucune réaction de ma part, j'ai juste eu le temps de m'enlever de la moto pour éviter de partir en glissade avec elle. Ensuite, la priorité a été de relever la moto et de la dégager de la route car elle perdait de l'huile.",AUT|Je n'ai pas eu le réfléxe,1,NRP,NRP,,2,0,,,,,,1,5,,,,,,2,,,,1,,,J'ai eu peur qu'un autre véhicule arrive et me percute,3,3,,,4,2,3,3,3,1,1,1,4,3,3,4,4,4,7,,,,,,,,1,3,5,,,,,,,2,2,,2,3,1,1,70,0,0,30,0,2,,,,,,1,6,,,,1,,,,,,,,,,,1,1,3,,0,40,1,10,2,3,5,,,,,,4,3,3,1,3,4,KAWASAKI,750,Z 750-N IE ABS,ROADSTER,2,0,2,2,1,1,1,1,2,1,2,40000,11,4,0,,,,,,,,09NOV1989,7,2,3,2,2,3,,NRP,,,,2,0,0,1,0,1,KAWASAKI,750,Z 750-N IE,ROADSTER,2,2004,28,2,1,10000,7,,,,,,,,,,,,,,,,,,,,,,,,,,,,,,,,,,,,,,,,,,,,,10000,4,3,,,,,,,,NRP,NRP,NRP,NRP,2009,NRP,NRP,2007,NRP,,,
1638,5402,,0,,,,,,,,,,,,,,,,,,,,,,,,,,,,,,,,,,,,,,,,,,,,,,,,,,,,,,,,,,,,,,,,,,,,,,,,,,,,,,,,,,,,,,,,,,,,,,,,,,,,,,,,,,,,,,,,,,,,,,,,,,,,,,,,,,,,,,,,,,,,,,,,,,,,,,,,,,,,,,,,,,,,,,,,,,,,,,,,,,,,,,,,,,,,,,,,,,,,,,,,,,,,,,,,,,,,,,,,,,,,,,,,,,,,,,,,,,,,,,,,,,,,,,,,,,,,,,,,,,,,,,,,,,,,,,,,,,,,,,,,,,,05MAR1963,7,2,3,2,2,3,,NRP,,,,1,1,0,1,0,1,HONDA,1200,CROSSTOURER DCT,TRAIL / SUPERMOTARD,2,2012,28,2,2,8000,7,,,,,,,,,,,,,,,,,,,,,,,,,,,,,,,,,,,,,,,,,,,,,8000,3,4,,,,,,,,NRP,NRP,NRP,NRP,1982,NRP,NRP,1981,NRP,,,
326,5404,,1,0,5,,,,,,1,5,2009,,,,,1,5,2009,,,,,0,1,,,,,,0,3,,,,,,0,4,,,,,,0,4,,,,,,0,5,,,,,,0,4,,,,,,1,5,2011,,,,,0,6,,,,,,0,3,,,,,,0,3,,,,,,0,5,,,,,,1,1,4,2008,,,,,narbonne,,,,,un véhicule m'a percuté par l'arrière en pensant que j'allais m'engager dans un giratoire,,,,,0,0,2,0,10,1,46,10,2011,,,,,,,,,,,,,,,,,,,,,,,,,,,,,,,,,,,,,,,,,,,,,,,,,,,,,,,,,,,,,,,,,,,,,,,,,,,,,,,,,,,,,,,,,,,,,,,,,,,,,,,,,,,,,,,,,,,,,,,,,,,,,,,,,,,,,,,,,,,,,,,,,,,,,,,,,,,,,,02JUN1972,7,2,3,2,3,4,1,NRP,,,,2,0,0,1,0,1,BMW,650,F650ST STRADA,ROADSTER,2,1998,16,2,2,13000,7,,,,,,,,,,,,,,,,,,,,,,,,,,,,,,,,,,,,,,,,,,,,,13000,4,3,,,,,,,,NRP,NRP,NRP,NRP,2009,NRP,NRP,1993,NRP,,,
279,5405,435,1,0,5,,,,,,0,3,,,,,,1,5,1997,,,,,0,5,,,,,,0,5,,,,,,0,2,,,,,,0,4,,,,,,1,4,2001,,,,,1,3,1997,,,,,0,5,,,,,,0,6,,,,,,0,3,,,,,,0,3,,,,,,0,4,,,,,,0,,3,,,,,,,,,,,,,,,,,,5,0,14,1,11,3,1997,,1997,Vous remontiez une file de véhicules (à larrêt ou au ralenti) par la gauche. Un véhicule de cette file vous a coupé la route en tournant à gauche.,2,6,,,,,,"Je remontais 1 file de voiture à l'arrêt, en agglomération. J'avais le soleil de face et celui ci était bas (fin d'après-midi). De plus la première voiture ne dépassait pas sur la gauche par rapport à celles qui la suivaient. Ceci m'a empêché de voir qu'à priori la 1ere voiture avait mis son clignotant pour tourner à gauche. Elle n'a pas regardé son rétroviseur avant de tourner. Jai essayé de l'éviter en tournant avec elle mais je n'ai pas réussi et j'ai tapé son aile avant gauche. Je suis tombé et j'ai glissé sur le dos. La glissade s'est terminé lorsque mon casque a tapé le trottoir. Heureusement pour moi je ne roulais pas très vite et je m'en suis tiré avec juste quelques douleurs au cou pendant quelques jours. Mon passager lui n'a rien eu.",Le manque de visibilité et le manque d'attention de la voiture qui tournait (et peut être aussi un peu le mien!).,Lorsque j'ai vu la voiture commencer à tourner j'ai tourné avec elle mais je n'ai pu éviter le choc. La conductrice de la voiture n'a rien vu et a stoppé sa manuvre qu'au moment du choc.,NRP,1,J'aurais pu être plus attentif et voir le clignotant ou deviner que si la voiture était arrêtée à 1 intersection c'était pour tourner.,"Je n'ai pas vu le clignotant et ayant 16ans, sans formation préalable et sans grande expérience de la route je n'ai pas pu analyser complétement la situation.",,2,1,2,,Je pense qu'ayant mis le clignotant la conductrice ne pensait pas qu'un 2 roues passerait.,2,NRP,1,6,,,,,,1,,,,,2,,Le souffle qui s'arrête en attendant la suite.,2,3,,,2,2,3,3,3,1,1,1,1,3,4,4,4,7,,,,,,,,,2,,,,,,,,,2,2,,2,1,1,1,40,40,0,0,20,1,"AUT|à l'époque, pas de BSR ou autre formation pour conduire un 2 roues",,,,,4,1,,,,1,,,,,,,,,,,1,1,3,,1,40,1,10,2,5,,,,,,,4,4,4,4,4,4,PIAGGIO,50,NRG,SCOOTER,null,1,1,1,1,1,1,1,1,1,1,NSP,NSP,3,0,,,,,,,,25APR1981,8,1,3,2,2,3,,NRP,,,,3,0,0,1,0,1,YAMAHA,1000,FZ1 FAZER,ROADSTER,2,2009,37,4,1,6000,7,,,,,,,,,,,,,,,,,,,,,,,,,,,,,,,,,,,,,,,,,,,,,6000,4,3,,,,,,,,NRP,NRP,NRP,NRP,2000,NRP,NRP,2000,NRP,,,
395,5406,169,1,0,3,,,,,,0,3,,,,,,0,3,,,,,,0,3,,,,,,0,4,,,,,,0,4,,,,,,0,3,,,,,,0,4,,,,,,1,4,2005,,,,,0,3,,,,,,0,5,,,,,,0,4,,,,,,0,2,,,,,,0,2,,,,,,1,1,2,2013,,,,,Suisse,,,,,Chute sur un parking moto. Dommages sur 2 autres motos (effet domino),,,,,0,0,7,0,10,1,41,9,2005,,2005,"Vous avez fait une sortie de route, une perte de contrôle ou une glissade sans rien percuter.",1,2,,,,,,"Permis moto depuis quelques mois, je circule sur route normande secondaire mouillée. Mon épouse est passagère. Courbe en S droite-gauche. Je vois tardivement qu'elle débouche sur une autre route perpendiculaire prioritaire et que je dois m'arrêter à un stop. J'hésite à freiner brusquement en courbe, met la roue avant dans l'herbe et hop! au tas. Pas de blessure mais mon épouse a eu mal au genou quelques jours. On redresse la moto, béquille, je remonte sur la moto et... rechute sur l'autre côté: la moto était trop à la verticale et j'ai basculé du côté opposé à la béquille. Pas de bobo à l'exception de l'ego du motard qui en a pris un bon coup.",Je n'ai pas vu le panneau annonçant le stop. Bien que roulant à vitesse modérée (j'avais 50 ans et aucune envie de nous faire mal) j'ai eu peur de freiner fermement en courbe sur route mouillée J'ai fixé mon regard dans la direction où je ne voulais pas aller. J'étais tellement honteux que je n'ai pas pris assez de précaution pour remonter sur la moto d'où la deuxième chute.,"Nous étions seuls sur la route et il n'y a pas eu de collision. Je ne me souviens pas d'avoir rétrogradé, mais je crois que non. Je devais être en troisième.J'ai essayé de freiner à l'économie. Je pense que cela aurait été suffisant pour nous arrêter tout juste. L'erreur fondamentale était dans le regard porté sur la mauvaise direction. Mon épouse n'a pas fait de faux mouvement et a accompagné la chute.",NRP,1,Regarder dans la bonne direction (j'ai toujours du mal à le faire en situation stressante) Etre plus attentif aux panneaux de signalisation même quand on se promène. Faire davantage confiance à l'ABS.,Manque d'expérience. Depuis nous avons parcouru entre 50 et 60000km. Les seuls autres événements ont été des chutes à l'arrêt.,,2,0,,,,,,1,6,,,,,,1,,,,,2,,J'ai eu peur: d'une collision car je ne voyais pas s'il un autre véhicule circulait sur a route prioritaire que nous nous blessions,4,1,1,,1,2,3,3,1,1,2,1,1,4,3,4,4,4,7,,,,,,,,2,,,,,,,,,2,2,,2,1,1,2,100,0,0,0,0,2,,,,,,AUT|Nul,2,,,,1,,,,,,,,,,,3,2,3,,1,50,1,2,3,4,7,9,,,,,2,2,2,2,NRP,3,HONDA,650,DEAUVILLE,Routière / GT,2,1,1,0,1,1,1,2,1,1,1,5000,12,1,0,,,,,,,,14JUL1954,5,2,3,2,2,3,,NRP,,,,1,0,0,1,0,1,BMW,1600,K1600GTL PACK 1 ET SECURITE,Routière / GT,2,2012,40,3,1,6000,6,,,,,,,,,,,,,,,,,,,,,,,,,,,,,,,,,,,,,,,,,,,,,6000,2,3,4,,,,,,,NRP,NRP,NRP,1973,2004,NRP,NRP,1973,NRP,,,
345,5410,,1,0,3,,,,,,0,4,,,,,,0,3,,,,,,0,3,,,,,,0,3,,,,,,0,2,,,,,,0,4,,,,,,0,3,,,,,,1,4,2001,,,,,0,1,,,,,,0,1,,,,,,0,2,,,,,,0,3,,,,,,0,2,,,,,,0,,1,,,,,,,,,,,,,,,,,,0,0,14,1,41,9,2001,,,,,,,,,,,,,,,,,,,,,,,,,,,,,,,,,,,,,,,,,,,,,,,,,,,,,,,,,,,,,,,,,,,,,,,,,,,,,,,,,,,,,,,,,,,,,,,,,,,,,,,,,,,,,,,,,,,,,,,,,,,,,,,,,,,,,,,,,,,,,,,,,,,,,,,,,,,,,,01SEP1979,7,1,3,2,1,1,,NRP,,,,1,0,0,1,0,1,SUZUKI,650,SV-N,ROADSTER,2,1999,37,3,1,6000,7,,,,,,,,,,,,,,,,,,,,,,,,,,,,,,,,,,,,,,,,,,,,,6000,4,3,,,,,,,,NRP,NRP,NRP,NRP,2002,NRP,NRP,1997,NRP,,,
2064,5411,,1,0,5,,,,,,0,4,,,,,,0,6,,,,,,0,6,,,,,,1,4,2013,,,,,2,4,2013,2013,,,,0,3,,,,,,0,5,,,,,,0,4,,,,,,0,6,,,,,,0,5,,,,,,0,3,,,,,,0,3,,,,,,0,5,,,,,,1,1,4,2013,,,,,Marseille,,,,,"J'étais sur un axe non prioritaire avec un panneau stop. Je me trouvais sur cet axe, à 1m50 derrière une voiture elle même arrêtée au stop. La conductrice s'est alors engagée puis voyant arrivée une voiture en sens inverse s'est mise à reculer pour se replacer à l'endroit ou elle avait marqué le stop. Lors de cette manoeuvre cette dame est venue percuter l'avant de la moto car je n'ai pas pu reculer ni anticiper sa manoeuvre.",,,,,0,0,0,0,15,1,21,5,2013,,,,,,,,,,,,,,,,,,,,,,,,,,,,,,,,,,,,,,,,,,,,,,,,,,,,,,,,,,,,,,,,,,,,,,,,,,,,,,,,,,,,,,,,,,,,,,,,,,,,,,,,,,,,,,,,,,,,,,,,,,,,,,,,,,,,,,,,,,,,,,,,,,,,,,,,,,,,,,08OCT1970,5,1,3,2,4,4,2,NRP,,,,2,1,0,1,0,2,BMW,1200,R1200GS ADVENTURE ABS PACK,TRAIL / SUPERMOTARD,2,2010,37,1,2,18000,7,VESPA,50,SPECIAL,SCOOTER,2,1970,37,3,1,1000,7,,,,,,,,,,,,,,,,,,,,,,,,,,,,,,,,,,19000,2,4,,,,,,,,NRP,NRP,NRP,1995,NRP,NRP,NRP,1995,NRP,,,
2180,5413,,1,0,6,,,,,,0,6,,,,,,0,6,,,,,,0,6,,,,,,0,6,,,,,,0,6,,,,,,0,6,,,,,,0,6,,,,,,0,6,,,,,,0,6,,,,,,0,6,,,,,,0,2,,,,,,0,3,,,,,,0,5,,,,,,1,1,1,1980,,,,,Le castellet,,,,,"A un STOP, la moto devant moi a avancé et a marqué le stop. J'ai pensé qu'elle demarrait, j'ai regardé la route à gauche, et j'ai démarré et percuté (doucement) la moto devant.",,,,,0,0,0,0,37,0,,NRP,,,,,,,,,,,,,,,,,,,,,,,,,,,,,,,,,,,,,,,,,,,,,,,,,,,,,,,,,,,,,,,,,,,,,,,,,,,,,,,,,,,,,,,,,,,,,,,,,,,,,,,,,,,,,,,,,,,,,,,,,,,,,,,,,,,,,,,,,,,,,,,,,,,,,,,,,,,,,,,14JUL1952,5,1,3,2,1,1,,NRP,,,,0,0,0,2,0,2,BMW,1200,R1200GS,TRAIL / SUPERMOTARD,2,2010,37,3,1,15000,6,PANDA,1000,K1 SIDE-CAR,SIDE-CAR / TRIKE,1,1992,37,4,1,5000,6,,,,,,,,,,,,,,,,,,,,,,,,,,,,,,,,,,20000,3,4,,,,,,,,NRP,NRP,NRP,NRP,1971,NRP,NRP,1978,NRP,,,
2208,5414,,1,0,3,,,,,,0,4,,,,,,0,4,,,,,,0,2,,,,,,1,3,1983,,,,,0,4,,,,,,0,4,,,,,,0,5,,,,,,1,5,1986,,,,,1,5,1987,,,,,0,5,,,,,,0,2,,,,,,0,3,,,,,,0,2,,,,,,0,,3,,,,,,,,,,,,,,,,,,3,1,37,1,41,9,1986,,,,,,,,,,,,,,,,,,,,,,,,,,,,,,,,,,,,,,,,,,,,,,,,,,,,,,,,,,,,,,,,,,,,,,,,,,,,,,,,,,,,,,,,,,,,,,,,,,,,,,,,,,,,,,,,,,,,,,,,,,,,,,,,,,,,,,,,,,,,,,,,,,,,,,,,,,,,,,24SEP1958,5,1,3,2,1,1,,NRP,,,,1,0,0,3,0,3,DUCATI,1000,GT,ROADSTER,2,2009,37,1,2,25000,7,BIMOTA,1100,DB6 DELIRIO,ROADSTER,2,2008,37,3,1,3000,7,BETAMOTOR,250,EVO 2T,"TOUT TERRAIN (TRIAL, ENDURO, CROSS)",2,2010,37,4,1,500,7,,,,,,,,,,,,,,,,,,,,,,,28500,3,4,,,,,,,,NRP,NRP,NRP,NRP,1977,NRP,NRP,1977,NRP,,,
821,5416,,1,0,1,,,,,,0,2,,,,,,0,5,,,,,,0,1,,,,,,0,4,,,,,,0,4,,,,,,0,2,,,,,,0,4,,,,,,1,3,2012,,,,,0,2,,,,,,0,2,,,,,,0,4,,,,,,1,4,2012,,,,,1,4,2012,,,,,0,,3,,,,,,,,,,,,,,,,,,5,3,1,0,,NRP,,,,,,,,,,,,,,,,,,,,,,,,,,,,,,,,,,,,,,,,,,,,,,,,,,,,,,,,,,,,,,,,,,,,,,,,,,,,,,,,,,,,,,,,,,,,,,,,,,,,,,,,,,,,,,,,,,,,,,,,,,,,,,,,,,,,,,,,,,,,,,,,,,,,,,,,,,,,,,,14NOV1995,10,2,3,2,3,5,0,NRP,,,,4,1,0,1,0,1,PIAGGIO,125,BEVERLY IE,SCOOTER,2,2012,33,1,2,8000,5,,,,,,,,,,,,,,,,,,,,,,,,,,,,,,,,,,,,,,,,,,,,,8000,2,,,,,,,,,NRP,NRP,NRP,2012,NRP,NRP,NRP,NRP,NRP,,,