Ligne,Ligne Q qualif,Ligne approfondissement Accident,ACCIDENT,NBACC1,ACCFREQUENCE1,ANNEEACC1_1,ANNEEACC1_2,ANNEEACC1_3,ANNEEACC1_4,ANNEEACC1_5,NBACC2,ACCFREQUENCE2,ANNEEACC2_1,ANNEEACC2_2,ANNEEACC2_3,ANNEEACC2_4,ANNEEACC2_5,NBACC3,ACCFREQUENCE3,ANNEEACC3_1,ANNEEACC3_2,ANNEEACC3_3,ANNEEACC3_4,ANNEEACC3_5,NBACC4,ACCFREQUENCE4,ANNEEACC4_1,ANNEEACC4_2,ANNEEACC4_3,ANNEEACC4_4,ANNEEACC4_5,NBACC5,ACCFREQUENCE5,ANNEEACC5_1,ANNEEACC5_2,ANNEEACC5_3,ANNEEACC5_4,ANNEEACC5_5,NBACC6,ACCFREQUENCE6,ANNEEACC6_1,ANNEEACC6_2,ANNEEACC6_3,ANNEEACC6_4,ANNEEACC6_5,NBACC7,ACCFREQUENCE7,ANNEEACC7_1,ANNEEACC7_2,ANNEEACC7_3,ANNEEACC7_4,ANNEEACC7_5,NBACC8,ACCFREQUENCE8,ANNEEACC8_1,ANNEEACC8_2,ANNEEACC8_3,ANNEEACC8_4,ANNEEACC8_5,NBACC9,ACCFREQUENCE9,ANNEEACC9_1,ANNEEACC9_2,ANNEEACC9_3,ANNEEACC9_4,ANNEEACC9_5,NBACC10,ACCFREQUENCE10,ANNEEACC10_1,ANNEEACC10_2,ANNEEACC10_3,ANNEEACC10_4,ANNEEACC10_5,NBACC11,ACCFREQUENCE11,ANNEEACC11_1,ANNEEACC11_2,ANNEEACC11_3,ANNEEACC11_4,ANNEEACC11_5,NBACC12,ACCFREQUENCE12,ANNEEACC12_1,ANNEEACC12_2,ANNEEACC12_3,ANNEEACC12_4,ANNEEACC12_5,NBACC13,ACCFREQUENCE13,ANNEEACC13_1,ANNEEACC13_2,ANNEEACC13_3,ANNEEACC13_4,ANNEEACC13_5,NBACC14,ACCFREQUENCE14,ANNEEACC14_1,ANNEEACC14_2,ANNEEACC14_3,ANNEEACC14_4,ANNEEACC14_5,AUTRESACC,NBAUTRESACC,TOTAL_AC,ANNEEAUTREACC1,ANNEEAUTREACC2,ANNEEAUTREACC3,ANNEEAUTREACC4,ANNEEAUTREACC5,LIEUAUTREACC1,LIEUAUTREACC2,LIEUAUTREACC3,LIEUAUTREACC4,LIEUAUTREACC5,DESCRIPTIONAUTRESACC1,DESCRIPTIONAUTRESACC2,DESCRIPTIONAUTRESACC3,DESCRIPTIONAUTRESACC4,DESCRIPTIONAUTRESACC5,NBAUTRESACCCIRCUIT,NBAUTRESTOUTTERRAIN,EXPCYCLO,EXP125,EXPSUP125,ACCORDNEXTQ,CHOIXACC,RGPMTACC,RECUPANNEE,RECUPLIEU,RECUPANNE,RGPMTAC,CHOIX1,CHOIX2,CHOIX3,CHOIX4,CHOIX5,CHOIX6,CHOIX7,DESCRIPTION,RUPTURE,FAITS,ABS_REACTION,AUTRE_REACTION,PRECISIONREACTIONOUI,RECUL,PRECISIONREACTIONNON,IMPACTCOMPORTEMENT,AUTREUSAGER,REACTIONAUTREUSAGER,CONNAISSANCEREACTIONUSAGER,DIFFICULTES,AGGRAVATION,DIFFICULTES2,EMOTIONS1,EMOTIONS2,EMOTIONS3,EMOTIONS4,EMOTIONS5,EMOTIONS6,AUTRESENTIMENT,CLASSEMENTEMOTIONS1,CLASSEMENTEMOTIONS,CLASSEMENTEMOTIONS5,CLASSEMENTEMOTIONS6,CLASSEMENTEMOTIONS7,CLASSEMENTEMOTIONS8,CLASSEMENTEMOTIONS9,EXPLICATIONRESSENTI,BIENEQUIPE,ALLURE,ALLUREVITEDETAIL,ALLURELENTEDETAIL,SITUATIONPRESSE,SITUATIONDISTRAIT,SITUATIONCONFIANT,SITUATIONCONTROLE,SITUATIONLUDIQUE,SITUATIONPERF,SITUATIONSTRESS,SITUATIONFATIGUE,HUMEURNEUTRE,HUMEURGAI,HUMEURMECONTENT,HUMEURTRISTE,HUMEURCOLERE,CONTRIBUTION1,CONTRIBUTION2,CONTRIBUTION3,CONTRIBUTION4,CONTRIBUTION5,CONTRIBUTION6,CONTRIBUTION7,CONTRIBUTION8,CONTRIBUTION9,ROLEINFRA,ELEMENTINFRA1,ELEMENTINFRA2,ELEMENTINFRA3,ELEMENTINFRA4,ELEMENTINFRA5,ELEMENTINFRA6,ELEMENTINFRA7,ELEMENTINFRA8,ELEMENTINFRA9,ALCOOL,TXALCOOL,STUP,SEMAINE,MOMENTJOURNEE,TEMPS,CAUSEACC1,CAUSEACC2,CAUSEACC3,CAUSEACC4,CAUSEACC5,FORMATIONCAUSE,FORMATION1,FORMATION2,FORMATION3,FORMATION4,FORMATION5,TRAFIC,CHAUSSEE1,CHAUSSEE2,CHAUSSEE3,CHAUSSEE4,TYPEACC,BLESSURE,TETE,COU,THORAX,MEMBRESSUP,COLONNE,BASSIN,MEMBRESINF,HOPITAL,PLUS24H,TRAJET,TYPEROUTE,MOTIF,SENSTRAJET,PASSAGER,VITESSE,DESCEQ1,DESCEQ2,DESCEQ3,DESCEQ4,DESCEQ5,DESCEQ6,DESCEQ7,DESCEQ8,DESCEQ9,DESCEQ10,VEHICULEETE,VEHICULEAUTOMNE,VEHICULEPRINTEMPS,VEHICULEHIVER,VEHICULESEMAINE,VEHICULEWE,VEHMARQUE,VEHCYLINDREE,VEHMODELE,VEHSEGMENT,VEHSIDE,EQ2RMABS,EQ2RMCBS,EQ2RMABSCBS,EQ2RMREGULATEUR,EQ2RMLIMITEUR,EQ2RMPHARESDIRECT,EQ2RMCOUPURE,EQ2RMANTIPATINAGE,EQ2RMANTIXHEELING,EQ2RMSTABILILTE,VEHKM,POINTS,DUREE,AUTRE2RM,VEHPRECMARQUE,VEHPRECCYLINDREE,VEHPRECMODELE,VEHPRECSEGMENT,VEHPRECSIDE,TEMPS2RMPREC,FREQVEHPREC,DATE_NAISS,CSP,SOCIETAIRE,SALARIE,SECTEUR2RM,NBPERSFOYER,SITFAM,NBENF,TRNBENF1,TRNBENF2,TRNBENF3,TRNBENF4,NBAUTOFOYER,NBCYCLOFOYER,NBSCOOTFOYER,NBMOTOFOYER,NBTRIKEFOYER,NB2RMCONDUIT,MARQUE1,CYLINDREE1,MODELE1,SEGMENT1,SIDE1,ANMISECIRCU1,ASS1,FREQ1,USAGE1,NBKM1,GARAGE1,MARQUE2,CYLINDREE2,MODELE2,SEGMENT2,SIDE2,ANMISECIRCU2,ASS2,FREQ2,USAGE2,NBKM2,GARAGE2,MARQUE3,CYLINDREE3,MODELE3,SEGMENT3,SIDE3,ANMISECIRCU3,ASS3,FREQ3,USAGE3,NBKM3,GARAGE3,MARQUE4,CYLINDREE4,MODELE4,SEGMENT4,SIDE4,ANMISECIRCU4,ASS4,FREQ4,USAGE4,NBKM4,GARAGE4,MARQUE5,CYLINDREE5,MODELE5,SEGMENT5,SIDE5,ANMISECIRCU5,ASS5,FREQ5,USAGE5,NBKM5,GARAGE5,NBKMTOT,PERMIS1,PERMIS2,PERMIS3,PERMIS4,PERMIS5,PERMIS6,PERMIS7,PERMIS8,PERMIS9,ANPERMIS1,ANPERMIS6,ANPERMIS7,ANPERMIS2,ANPERMIS3,ANPERMIS8,ANPERMIS9,ANPERMIS4,ANPERMIS5,,,
625,5563,353,1,0,3,,,,,,0,5,,,,,,0,4,,,,,,0,4,,,,,,3,5,1980,2000,2007,,,0,3,,,,,,0,3,,,,,,0,4,,,,,,0,3,,,,,,1,3,1991,,,,,0,4,,,,,,0,2,,,,,,0,4,,,,,,0,2,,,,,,1,3,7,1992,1997,2011,,,pierre benite,orlienas,St Laurent agn,,,chute sur une 2 voies en hiver frloé le frein avant sur une plaque de verglas : chute inévitable,chute sur departementale hiver perdu l'avant en entrant dans le village virage à droite la moto n'a pas traversé ma voie de circulation. verglas invisible.,"Chute seul dans un rond point en hiver, choc sur la tête pas de souvenir du ce qu'il s'est passé. Je suppose un gros gravier lève la roue arrière et la moto part en high side.",,,0,1,2,2,32,1,22,5,2000,,2000,Vous circuliez sur un axe prioritaire. Un véhicule venant dun axe non prioritaire vous a coupé la route.,4,,,,,,,"En rentrant du travail sur la route départementale, une personne est sortie de chez elle sans me voir. Ceci est arrivé car la vus à la sortie de sa villa etait obturée pas un mur. J'ai tenu à éviquer cet accident car des les campagnes à proximité des agglomération les sorties d'habitation non signalées et ne présentant ni espace ni visibilité suffisante se multiplient de manière significative. Finalement la personne appercevant la moto venir s'est arretée au milieu de la route. Les gendarmes ayant fait l'enquette n'ont rien retenu contre moi, ni vitesse ni position sur la route et m'ont assuré que mes chances d'évitemznt étaient nules. Le constat a été fait à l'amiable suivant les indications de la gendarmerie. La perssonne qui avait provoqué l'accident à finalement monté un mirroir en fac de sa sortie de villa. C'est là le point qu'il me semble important de soulever, des éléments permettant aux personnes concernées de sortir sans riquer de provoquer un accident ainsi qu'une borne caractéristique devraient être obligatoire pour baliser ces zones à haut risque. J'étais en moto et j'ai percuté une voiture mais si la personne était sortie devant un poids lourd les domages auraient pu être dramatiques.",Abscence de visibilité du véhicule sortant de chez lui. Pas de balisage de la zone à risque. Chaussée étroite. Peur du conducteur qui l'a fait stopper au milieu de la route.,"J'ai d'abord vu le nez d'une voiture sortir et marquer un temps d'arret. J'avais coupé les gaz et pris légèrement le frein avant. Voyant la voiture à l'arret j'ai relaché les freins. Puis la voiture est sortie. J'étais alors dans une légère courbure à gauche de la route quand j'ai du freiner à pleinne puissance. cela a eu pour effet de lever la roue arrière. J'ai du relacher et reprendre les freins. Mais la voiture était arretée au milieu de la route. Le conducteur étant paralisé par la surprise. J'ai ""accompagné"" la moto au plus près de l'impact et j'ai ""sauté"" de la moto. J'ai fait un roulé boulé qui m'a amené sur le bord droit de la chaussée au niveau de la sortie de la villa. La moto a été stoppée par la voiture.",NRP,1,"J'ai appris de cette accident deux choses importantes. Premèrement à porter plus d'attention aux signes indiquant une sortie d'ahbitation privée. Deuxièmement au moindre mouvement suspect à l'abbord de ce type d'endroit, je freinne de sorte que ma vitesse soit minimale si quelque chose apparait. J'utilise aussi le klaxon si je doute.",J'ai mal évalué la situation quand j'ai vu la voiture marquer un temps d'arrêt j'ai supposé qu'elle m'avait vu or j'aurai du n'en tenir aucun compte car la vitre avant du chauffeur était cachée par le mur de cloture de la maison.,,2,1,2,,le conducteur voyant arriver mo véhicule a été paralysé par la surprise,1,NSP,2,4,,,,,,,1,,2,,,,Alarme ! la voiture sort ! Freiner !,4,3,,,2,2,4,4,2,1,2,2,3,3,4,4,4,5,6,,,,,,,,1,2,AUT|aménagement de la villa mur trop haut pour permettre de voir le trafic,,,,,,,2,2,,2,1,1,1,10,60,0,30,0,2,,,,,,1,1,,,,2,1,3,4,7,,,,,1,1,1,2,1,2,0,65,1,10,2,5,,,,,,,4,4,4,2,4,4,SUZUKI,1200,BANDIT-S,ROADSTER,1,1,1,1,1,1,1,1,1,1,1,25000,12,3,1,HONDA,600,CBR 600F,SPORTIVE,2,4,4,11JAN1965,7,1,3,2,4,4,2,NRP,,,,2,0,0,2,0,2,SUZUKI,1200,BANDIT-N,ROADSTER,2,2007,37,3,1,7000,7,SUZUKI,650,SV-N,ROADSTER,2,2001,37,3,1,5000,7,,,,,,,,,,,,,,,,,,,,,,,,,,,,,,,,,,12000,2,3,4,,,,,,,NRP,NRP,NRP,1981,1983,NRP,NRP,1983,NRP,,,
494,5568,57,1,0,3,,,,,,1,4,2009,,,,,0,4,,,,,,0,2,,,,,,0,3,,,,,,0,2,,,,,,0,2,,,,,,0,2,,,,,,0,1,,,,,,0,4,,,,,,0,6,,,,,,0,2,,,,,,0,2,,,,,,0,2,,,,,,0,,1,,,,,,,,,,,,,,,,,,2,8,0,1,6,2,2009,,2009,Vous circuliez derrière un véhicule. Ce véhicule a ralenti. Vous avez entrepris de dépasser ce véhicule par la gauche et celui-ci vous a coupé la route en tournant à gauche (ou en effectuant un œ tour,1,,,,,,,"Je remontais une file de voiture à allure modérée. les automobiles étaient àl'arrêt. Lorsque un véhicule qui était devant moi, a tourné pour rejoindre une zone commerciale sans prévenir de son intention. Pas de feux de direction. L'écart que j'ai fait n'a pas été suffisant pour l'éviter et j'ai fini en glissade. . Le plus important, le delta de vitesse était peu important,le conducteur de véhicule n'a pas affiché son intention de changer de direction.","le véhicule a tourné devant moi sans prévenir. Il n'y avait aucun véhicule qui arrivait en face, elle n'a pas regardé derrière.","J'ai essayé de l'éviter et j'ai essayé de freiner et elle a plantée son véhicule lorsqu'elle m'a vu au niveau de sa porte. J'ai touché le rétro et l'angle que j'avais déjà pris m'a fait terminé en glissade de deux metres. Elle ne m'avait pas vu et considérait que je roulais vite. Mon scooter chinois a eu le cadre qui s'est voilé. J'ai troué la manche de la veste  que je portais. Je me suis relevé immédiatement, et sorti mon scooter de la chaussée pour éviter le suraccident. je n'ai pas fait de commentaires particuliers. La conductrice avait ses enfants en bas age derrière et était déjà assez secoués. Nous avons rempli le constat et chacun est rentré chez soi avec son véhicule.",NRP,1,"Je surveille beaucoup plus les conducteurs des véhicules que je remonte. Je regarde si ils peuvent avoir quelques choses qui les distraient. Enfants, téléphone,discussion avec les autres passagers etc...",je conduisais le scooter depuis un an et n'avais encore eu aucune alerte sérieuse.,,2,1,1,1,"la conductrice parlait avec ses enfants et a décidé d'acheter de la viande en passant devant la boucherie. Les véhicules étaient à l'arrêt, elle a tourné sans regarder derrière elle pour rejoindre le centre commercial",1,Elle n'a pas pense qu'il pouvait avoir d'autres usagers que des voitures sur la route. Et donc qu'un deux roues pouvait remonté la file,6,,,,,,,,,,,,1,,"si je freinais je ne pouvais pas m'arreter,de même si j'accélérais. Je n'étais plus maitre de la situation je devais toucher ou finir en glissade",2,3,,,1,1,3,3,1,1,2,1,1,4,4,4,4,5,,,,,,,,,2,,,,,,,,,2,2,,2,1,1,1,25,75,0,0,0,2,,,,,,4,1,,,,1,,,,,,,,,,,1,1,1,2,0,25,1,2,5,,,,,,,,4,4,4,4,4,3,JONWAY,125,SCOOTER,SCOOTER,2,1,1,1,1,1,1,1,1,1,1,10000,11,2,0,,,,,,,,09JUL1962,6,2,3,2,4,4,2,NRP,,,,2,0,1,0,0,1,DAELIM,125,S2 FREEWING,SCOOTER,2,2006,16,1,2,8000,4,,,,,,,,,,,,,,,,,,,,,,,,,,,,,,,,,,,,,,,,,,,,,8000,4,2,,,,,,,,NRP,NRP,NRP,1980,NRP,NRP,NRP,1980,NRP,,,
438,5570,,0,,,,,,,,,,,,,,,,,,,,,,,,,,,,,,,,,,,,,,,,,,,,,,,,,,,,,,,,,,,,,,,,,,,,,,,,,,,,,,,,,,,,,,,,,,,,,,,,,,,,,,,,,,,,,,,,,,,,,,,,,,,,,,,,,,,,,,,,,,,,,,,,,,,,,,,,,,,,,,,,,,,,,,,,,,,,,,,,,,,,,,,,,,,,,,,,,,,,,,,,,,,,,,,,,,,,,,,,,,,,,,,,,,,,,,,,,,,,,,,,,,,,,,,,,,,,,,,,,,,,,,,,,,,,,,,,,,,,,,,,,,,23APR1981,5,1,3,2,4,4,2,NRP,,,,2,0,0,1,0,1,YAMAHA,600,XJ6 DIVERSION,ROADSTER,2,2010,37,2,2,15000,7,,,,,,,,,,,,,,,,,,,,,,,,,,,,,,,,,,,,,,,,,,,,,15000,3,4,,,,,,,,NRP,NRP,NRP,NRP,2011,NRP,NRP,1999,NRP,,,
550,5571,,0,,,,,,,,,,,,,,,,,,,,,,,,,,,,,,,,,,,,,,,,,,,,,,,,,,,,,,,,,,,,,,,,,,,,,,,,,,,,,,,,,,,,,,,,,,,,,,,,,,,,,,,,,,,,,,,,,,,,,,,,,,,,,,,,,,,,,,,,,,,,,,,,,,,,,,,,,,,,,,,,,,,,,,,,,,,,,,,,,,,,,,,,,,,,,,,,,,,,,,,,,,,,,,,,,,,,,,,,,,,,,,,,,,,,,,,,,,,,,,,,,,,,,,,,,,,,,,,,,,,,,,,,,,,,,,,,,,,,,,,,,,,18OCT1966,7,1,3,2,4,4,2,NRP,,,,3,0,0,1,0,1,SUZUKI,900,RF900F,Routière / GT,2,1994,37,2,2,5000,7,,,,,,,,,,,,,,,,,,,,,,,,,,,,,,,,,,,,,,,,,,,,,5000,3,4,,,,,,,,NRP,NRP,NRP,NRP,1989,NRP,NRP,1985,NRP,,,
956,5573,,0,,,,,,,,,,,,,,,,,,,,,,,,,,,,,,,,,,,,,,,,,,,,,,,,,,,,,,,,,,,,,,,,,,,,,,,,,,,,,,,,,,,,,,,,,,,,,,,,,,,,,,,,,,,,,,,,,,,,,,,,,,,,,,,,,,,,,,,,,,,,,,,,,,,,,,,,,,,,,,,,,,,,,,,,,,,,,,,,,,,,,,,,,,,,,,,,,,,,,,,,,,,,,,,,,,,,,,,,,,,,,,,,,,,,,,,,,,,,,,,,,,,,,,,,,,,,,,,,,,,,,,,,,,,,,,,,,,,,,,,,,,,27MAY1964,5,1,3,2,1,1,,NRP,,,,1,0,0,1,0,1,TRIUMPH,1050,SPRINT ST,Routière / GT,2,2006,37,2,1,10000,7,,,,,,,,,,,,,,,,,,,,,,,,,,,,,,,,,,,,,,,,,,,,,10000,3,4,,,,,,,,NRP,NRP,NRP,NRP,2004,NRP,NRP,1985,NRP,,,
1860,5575,,0,,,,,,,,,,,,,,,,,,,,,,,,,,,,,,,,,,,,,,,,,,,,,,,,,,,,,,,,,,,,,,,,,,,,,,,,,,,,,,,,,,,,,,,,,,,,,,,,,,,,,,,,,,,,,,,,,,,,,,,,,,,,,,,,,,,,,,,,,,,,,,,,,,,,,,,,,,,,,,,,,,,,,,,,,,,,,,,,,,,,,,,,,,,,,,,,,,,,,,,,,,,,,,,,,,,,,,,,,,,,,,,,,,,,,,,,,,,,,,,,,,,,,,,,,,,,,,,,,,,,,,,,,,,,,,,,,,,,,,,,,,,16AUG1973,7,2,3,2,2,3,,NRP,,,,2,0,0,2,0,2,BMW,1200,R1200RT,Routière / GT,2,2006,22,2,2,12000,4,TRIUMPH,800,TIGER ABS,ROADSTER,2,2011,31,4,2,500,4,,,,,,,,,,,,,,,,,,,,,,,,,,,,,,,,,,12500,2,3,4,,,,,,,NRP,NRP,NRP,1990,1992,NRP,NRP,1992,NRP,,,
2105,5577,,0,,,,,,,,,,,,,,,,,,,,,,,,,,,,,,,,,,,,,,,,,,,,,,,,,,,,,,,,,,,,,,,,,,,,,,,,,,,,,,,,,,,,,,,,,,,,,,,,,,,,,,,,,,,,,,,,,,,,,,,,,,,,,,,,,,,,,,,,,,,,,,,,,,,,,,,,,,,,,,,,,,,,,,,,,,,,,,,,,,,,,,,,,,,,,,,,,,,,,,,,,,,,,,,,,,,,,,,,,,,,,,,,,,,,,,,,,,,,,,,,,,,,,,,,,,,,,,,,,,,,,,,,,,,,,,,,,,,,,,,,,,,23JAN1971,5,1,3,2,3,4,1,NRP,,,,1,0,1,1,0,2,BMW,1200,R1200S,Routière / GT,2,2006,37,2,2,6000,7,YAMAHA,125,X-MAX,SCOOTER,2,2010,37,2,2,4000,7,,,,,,,,,,,,,,,,,,,,,,,,,,,,,,,,,,10000,2,3,4,,,,,,,NRP,NRP,NRP,1987,1989,NRP,NRP,1989,NRP,,,
1422,5581,,1,0,4,,,,,,0,1,,,,,,0,5,,,,,,0,1,,,,,,0,4,,,,,,0,1,,,,,,0,3,,,,,,0,4,,,,,,0,4,,,,,,0,5,,,,,,1,5,2002,,,,,0,2,,,,,,0,2,,,,,,0,1,,,,,,0,,1,,,,,,,,,,,,,,,,,,17,2,15,1,51,11,2002,,,,,,,,,,,,,,,,,,,,,,,,,,,,,,,,,,,,,,,,,,,,,,,,,,,,,,,,,,,,,,,,,,,,,,,,,,,,,,,,,,,,,,,,,,,,,,,,,,,,,,,,,,,,,,,,,,,,,,,,,,,,,,,,,,,,,,,,,,,,,,,,,,,,,,,,,,,,,,11JAN1965,7,2,3,2,4,4,2,NRP,,,,2,1,0,1,0,1,HONDA,1000,CB-F,ROADSTER,2,2007,22,1,2,12000,7,,,,,,,,,,,,,,,,,,,,,,,,,,,,,,,,,,,,,,,,,,,,,12000,3,4,,,,,,,,NRP,NRP,NRP,NRP,1997,NRP,NRP,1984,NRP,,,
270,5590,,1,0,6,,,,,,0,4,,,,,,0,4,,,,,,0,3,,,,,,0,6,,,,,,0,3,,,,,,0,3,,,,,,0,6,,,,,,1,4,2014,,,,,0,3,,,,,,0,4,,,,,,0,2,,,,,,1,4,NSP,,,,,0,3,,,,,,0,,2,,,,,,,,,,,,,,,,,,2,0,4,0,,NRP,,,,,,,,,,,,,,,,,,,,,,,,,,,,,,,,,,,,,,,,,,,,,,,,,,,,,,,,,,,,,,,,,,,,,,,,,,,,,,,,,,,,,,,,,,,,,,,,,,,,,,,,,,,,,,,,,,,,,,,,,,,,,,,,,,,,,,,,,,,,,,,,,,,,,,,,,,,,,,,25AUG1991,7,2,3,2,4,4,2,NRP,,,,2,3,1,3,0,2,BMW,800,F800R ABS,ROADSTER,2,2011,16,2,1,15000,7,HONDA,1000,CB-F C-ABS,ROADSTER,2,2012,29,1,2,20000,7,,,,,,,,,,,,,,,,,,,,,,,,,,,,,,,,,,35000,3,4,,,,,,,,NRP,NRP,NRP,NRP,2010,NRP,NRP,2010,NRP,,,
465,5591,,0,,,,,,,,,,,,,,,,,,,,,,,,,,,,,,,,,,,,,,,,,,,,,,,,,,,,,,,,,,,,,,,,,,,,,,,,,,,,,,,,,,,,,,,,,,,,,,,,,,,,,,,,,,,,,,,,,,,,,,,,,,,,,,,,,,,,,,,,,,,,,,,,,,,,,,,,,,,,,,,,,,,,,,,,,,,,,,,,,,,,,,,,,,,,,,,,,,,,,,,,,,,,,,,,,,,,,,,,,,,,,,,,,,,,,,,,,,,,,,,,,,,,,,,,,,,,,,,,,,,,,,,,,,,,,,,,,,,,,,,,,,,12NOV1961,7,2,3,2,2,3,,NRP,,,,1,0,0,1,0,1,HONDA,1300,PAN EUROPEAN,Routière / GT,2,2006,18,1,2,20000,7,,,,,,,,,,,,,,,,,,,,,,,,,,,,,,,,,,,,,,,,,,,,,20000,3,4,,,,,,,,NRP,NRP,NRP,NRP,2004,NRP,NRP,1980,NRP,,,
1397,5592,,1,1,3,2005,,,,,0,3,,,,,,0,3,,,,,,0,3,,,,,,1,5,2006,,,,,0,3,,,,,,0,3,,,,,,2,5,1992,2010,,,,2,5,1992,2010,,,,0,3,,,,,,0,4,,,,,,0,3,,,,,,0,3,,,,,,0,3,,,,,,0,,6,,,,,,,,,,,,,,,,,,2,0,27,1,36,8,1992,,,,,,,,,,,,,,,,,,,,,,,,,,,,,,,,,,,,,,,,,,,,,,,,,,,,,,,,,,,,,,,,,,,,,,,,,,,,,,,,,,,,,,,,,,,,,,,,,,,,,,,,,,,,,,,,,,,,,,,,,,,,,,,,,,,,,,,,,,,,,,,,,,,,,,,,,,,,,,04JUL1963,6,2,3,2,3,4,1,NRP,,,,2,0,0,1,0,1,YAMAHA,1300,FJR ABS  AS,Routière / GT,2,2003,16,1,2,15000,7,,,,,,,,,,,,,,,,,,,,,,,,,,,,,,,,,,,,,,,,,,,,,15000,3,4,,,,,,,,NRP,NRP,NRP,NRP,1988,NRP,NRP,1982,NRP,,,
573,5594,,1,0,4,,,,,,0,5,,,,,,0,5,,,,,,0,4,,,,,,1,6,2013,,,,,0,3,,,,,,0,5,,,,,,0,5,,,,,,1,5,2011,,,,,0,6,,,,,,0,6,,,,,,0,3,,,,,,0,4,,,,,,0,4,,,,,,0,,2,,,,,,,,,,,,,,,,,,0,20,5,1,41,9,2011,,,,,,,,,,,,,,,,,,,,,,,,,,,,,,,,,,,,,,,,,,,,,,,,,,,,,,,,,,,,,,,,,,,,,,,,,,,,,,,,,,,,,,,,,,,,,,,,,,,,,,,,,,,,,,,,,,,,,,,,,,,,,,,,,,,,,,,,,,,,,,,,,,,,,,,,,,,,,,07SEP1978,5,1,3,2,2,3,,NRP,,,,2,0,0,2,0,2,HONDA,600,HORNET,ROADSTER,2,2008,37,1,2,20000,7,HONDA,600,HORNET,ROADSTER,2,2001,37,1,2,10000,7,,,,,,,,,,,,,,,,,,,,,,,,,,,,,,,,,,30000,3,4,,,,,,,,NRP,NRP,NRP,NRP,2010,NRP,NRP,1998,NRP,,,
136,5596,,0,,,,,,,,,,,,,,,,,,,,,,,,,,,,,,,,,,,,,,,,,,,,,,,,,,,,,,,,,,,,,,,,,,,,,,,,,,,,,,,,,,,,,,,,,,,,,,,,,,,,,,,,,,,,,,,,,,,,,,,,,,,,,,,,,,,,,,,,,,,,,,,,,,,,,,,,,,,,,,,,,,,,,,,,,,,,,,,,,,,,,,,,,,,,,,,,,,,,,,,,,,,,,,,,,,,,,,,,,,,,,,,,,,,,,,,,,,,,,,,,,,,,,,,,,,,,,,,,,,,,,,,,,,,,,,,,,,,,,,,,,,,31AUG1970,5,1,3,1,4,4,2,NRP,,,,1,0,0,1,0,1,KAWASAKI,650,VERSYS ABS,ROADSTER,2,2010,37,1,2,15000,2,,,,,,,,,,,,,,,,,,,,,,,,,,,,,,,,,,,,,,,,,,,,,15000,3,4,,,,,,,,NRP,NRP,NRP,NRP,2010,NRP,NRP,1989,NRP,,,
1280,5599,,0,,,,,,,,,,,,,,,,,,,,,,,,,,,,,,,,,,,,,,,,,,,,,,,,,,,,,,,,,,,,,,,,,,,,,,,,,,,,,,,,,,,,,,,,,,,,,,,,,,,,,,,,,,,,,,,,,,,,,,,,,,,,,,,,,,,,,,,,,,,,,,,,,,,,,,,,,,,,,,,,,,,,,,,,,,,,,,,,,,,,,,,,,,,,,,,,,,,,,,,,,,,,,,,,,,,,,,,,,,,,,,,,,,,,,,,,,,,,,,,,,,,,,,,,,,,,,,,,,,,,,,,,,,,,,,,,,,,,,,,,,,,11OCT1961,5,2,3,2,3,2,2,NRP,,,,1,0,0,2,0,2,HONDA,650,DEAUVILLE,Routière / GT,2,2002,33,1,2,20000,7,SHERCO,300,3.0I RACING,"TOUT TERRAIN (TRIAL, ENDURO, CROSS)",2,2010,33,3,1,2000,7,,,,,,,,,,,,,,,,,,,,,,,,,,,,,,,,,,22000,3,4,,,,,,,,NRP,NRP,NRP,NRP,1990,NRP,NRP,1985,NRP,,,
1476,5600,,0,,,,,,,,,,,,,,,,,,,,,,,,,,,,,,,,,,,,,,,,,,,,,,,,,,,,,,,,,,,,,,,,,,,,,,,,,,,,,,,,,,,,,,,,,,,,,,,,,,,,,,,,,,,,,,,,,,,,,,,,,,,,,,,,,,,,,,,,,,,,,,,,,,,,,,,,,,,,,,,,,,,,,,,,,,,,,,,,,,,,,,,,,,,,,,,,,,,,,,,,,,,,,,,,,,,,,,,,,,,,,,,,,,,,,,,,,,,,,,,,,,,,,,,,,,,,,,,,,,,,,,,,,,,,,,,,,,,,,,,,,,,30MAY1965,7,1,3,2,2,3,,NRP,,,,2,2,0,2,0,2,KAWASAKI,1100,ZZR,Routière / GT,2,1996,37,3,1,3000,7,KAWASAKI,650,VERSYS ABS 34CV 2010,ROADSTER,2,2007,37,1,2,15000,7,,,,,,,,,,,,,,,,,,,,,,,,,,,,,,,,,,18000,2,3,4,,,,,,,NRP,NRP,NRP,2002,2002,NRP,NRP,1983,NRP,,,
441,5603,,0,,,,,,,,,,,,,,,,,,,,,,,,,,,,,,,,,,,,,,,,,,,,,,,,,,,,,,,,,,,,,,,,,,,,,,,,,,,,,,,,,,,,,,,,,,,,,,,,,,,,,,,,,,,,,,,,,,,,,,,,,,,,,,,,,,,,,,,,,,,,,,,,,,,,,,,,,,,,,,,,,,,,,,,,,,,,,,,,,,,,,,,,,,,,,,,,,,,,,,,,,,,,,,,,,,,,,,,,,,,,,,,,,,,,,,,,,,,,,,,,,,,,,,,,,,,,,,,,,,,,,,,,,,,,,,,,,,,,,,,,,,,20APR1972,12,2,3,2,1,1,,NRP,,,,1,0,0,3,0,3,YAMAHA,1000,XV VIRAGO,CUSTOM,2,1986,2,1,3,10000,7,BMW,650,F650 FUNDURO,TRAIL / SUPERMOTARD,2,1995,2,2,1,3000,7,SUZUKI,750,GSX-F,Routière / GT,2,2005,2,1,2,1000,7,,,,,,,,,,,,,,,,,,,,,,,14000,3,4,,,,,,,,NRP,NRP,NRP,NRP,2007,NRP,NRP,1990,NRP,,,
1921,5605,,1,0,4,,,,,,0,6,,,,,,0,5,,,,,,0,1,,,,,,0,5,,,,,,0,4,,,,,,0,5,,,,,,0,5,,,,,,1,6,2010,,,,,0,5,,,,,,0,5,,,,,,0,3,,,,,,0,4,,,,,,0,3,,,,,,0,,1,,,,,,,,,,,,,,,,,,2,0,9,1,41,9,2010,,,,,,,,,,,,,,,,,,,,,,,,,,,,,,,,,,,,,,,,,,,,,,,,,,,,,,,,,,,,,,,,,,,,,,,,,,,,,,,,,,,,,,,,,,,,,,,,,,,,,,,,,,,,,,,,,,,,,,,,,,,,,,,,,,,,,,,,,,,,,,,,,,,,,,,,,,,,,,05MAR1980,7,2,3,2,2,3,,NRP,,,,2,0,0,2,0,2,YAMAHA,800,FZ8 R,ROADSTER,2,2012,28,2,1,20000,7,YAMAHA,1300,FJR ABS (SANS VALISE),Routière / GT,2,2013,28,2,1,20000,7,,,,,,,,,,,,,,,,,,,,,,,,,,,,,,,,,,40000,3,4,,,,,,,,NRP,NRP,NRP,NRP,1998,NRP,NRP,2001,NRP,,,
1895,5606,,1,0,5,,,,,,0,4,,,,,,0,5,,,,,,0,3,,,,,,0,5,,,,,,0,4,,,,,,0,5,,,,,,0,3,,,,,,0,4,,,,,,0,2,,,,,,0,6,,,,,,0,2,,,,,,0,4,,,,,,0,4,,,,,,1,1,1,2011,,,,,pont de l'arche,,,,,refus de priorité dans un rond point par une voiture,,,,,0,0,3,0,24,1,71,15,2011,pont de l'arche,,,,,,,,,,,,,,,,,,,,,,,,,,,,,,,,,,,,,,,,,,,,,,,,,,,,,,,,,,,,,,,,,,,,,,,,,,,,,,,,,,,,,,,,,,,,,,,,,,,,,,,,,,,,,,,,,,,,,,,,,,,,,,,,,,,,,,,,,,,,,,,,,,,,,,,,,,,,,25MAR1970,7,1,3,2,6,4,4,NRP,,,,1,0,0,1,0,1,KAWASAKI,650,ER-6  N,ROADSTER,2,2008,37,1,2,3000,4,,,,,,,,,,,,,,,,,,,,,,,,,,,,,,,,,,,,,,,,,,,,,3000,3,4,,,,,,,,NRP,NRP,NRP,NRP,1991,NRP,NRP,1988,NRP,,,