Ligne,Ligne Q qualif,Ligne approfondissement Accident,ACCIDENT,NBACC1,ACCFREQUENCE1,ANNEEACC1_1,ANNEEACC1_2,ANNEEACC1_3,ANNEEACC1_4,ANNEEACC1_5,NBACC2,ACCFREQUENCE2,ANNEEACC2_1,ANNEEACC2_2,ANNEEACC2_3,ANNEEACC2_4,ANNEEACC2_5,NBACC3,ACCFREQUENCE3,ANNEEACC3_1,ANNEEACC3_2,ANNEEACC3_3,ANNEEACC3_4,ANNEEACC3_5,NBACC4,ACCFREQUENCE4,ANNEEACC4_1,ANNEEACC4_2,ANNEEACC4_3,ANNEEACC4_4,ANNEEACC4_5,NBACC5,ACCFREQUENCE5,ANNEEACC5_1,ANNEEACC5_2,ANNEEACC5_3,ANNEEACC5_4,ANNEEACC5_5,NBACC6,ACCFREQUENCE6,ANNEEACC6_1,ANNEEACC6_2,ANNEEACC6_3,ANNEEACC6_4,ANNEEACC6_5,NBACC7,ACCFREQUENCE7,ANNEEACC7_1,ANNEEACC7_2,ANNEEACC7_3,ANNEEACC7_4,ANNEEACC7_5,NBACC8,ACCFREQUENCE8,ANNEEACC8_1,ANNEEACC8_2,ANNEEACC8_3,ANNEEACC8_4,ANNEEACC8_5,NBACC9,ACCFREQUENCE9,ANNEEACC9_1,ANNEEACC9_2,ANNEEACC9_3,ANNEEACC9_4,ANNEEACC9_5,NBACC10,ACCFREQUENCE10,ANNEEACC10_1,ANNEEACC10_2,ANNEEACC10_3,ANNEEACC10_4,ANNEEACC10_5,NBACC11,ACCFREQUENCE11,ANNEEACC11_1,ANNEEACC11_2,ANNEEACC11_3,ANNEEACC11_4,ANNEEACC11_5,NBACC12,ACCFREQUENCE12,ANNEEACC12_1,ANNEEACC12_2,ANNEEACC12_3,ANNEEACC12_4,ANNEEACC12_5,NBACC13,ACCFREQUENCE13,ANNEEACC13_1,ANNEEACC13_2,ANNEEACC13_3,ANNEEACC13_4,ANNEEACC13_5,NBACC14,ACCFREQUENCE14,ANNEEACC14_1,ANNEEACC14_2,ANNEEACC14_3,ANNEEACC14_4,ANNEEACC14_5,AUTRESACC,NBAUTRESACC,TOTAL_AC,ANNEEAUTREACC1,ANNEEAUTREACC2,ANNEEAUTREACC3,ANNEEAUTREACC4,ANNEEAUTREACC5,LIEUAUTREACC1,LIEUAUTREACC2,LIEUAUTREACC3,LIEUAUTREACC4,LIEUAUTREACC5,DESCRIPTIONAUTRESACC1,DESCRIPTIONAUTRESACC2,DESCRIPTIONAUTRESACC3,DESCRIPTIONAUTRESACC4,DESCRIPTIONAUTRESACC5,NBAUTRESACCCIRCUIT,NBAUTRESTOUTTERRAIN,EXPCYCLO,EXP125,EXPSUP125,ACCORDNEXTQ,CHOIXACC,RGPMTACC,RECUPANNEE,RECUPLIEU,RECUPANNE,RGPMTAC,CHOIX1,CHOIX2,CHOIX3,CHOIX4,CHOIX5,CHOIX6,CHOIX7,DESCRIPTION,RUPTURE,FAITS,ABS_REACTION,AUTRE_REACTION,PRECISIONREACTIONOUI,RECUL,PRECISIONREACTIONNON,IMPACTCOMPORTEMENT,AUTREUSAGER,REACTIONAUTREUSAGER,CONNAISSANCEREACTIONUSAGER,DIFFICULTES,AGGRAVATION,DIFFICULTES2,EMOTIONS1,EMOTIONS2,EMOTIONS3,EMOTIONS4,EMOTIONS5,EMOTIONS6,AUTRESENTIMENT,CLASSEMENTEMOTIONS1,CLASSEMENTEMOTIONS,CLASSEMENTEMOTIONS5,CLASSEMENTEMOTIONS6,CLASSEMENTEMOTIONS7,CLASSEMENTEMOTIONS8,CLASSEMENTEMOTIONS9,EXPLICATIONRESSENTI,BIENEQUIPE,ALLURE,ALLUREVITEDETAIL,ALLURELENTEDETAIL,SITUATIONPRESSE,SITUATIONDISTRAIT,SITUATIONCONFIANT,SITUATIONCONTROLE,SITUATIONLUDIQUE,SITUATIONPERF,SITUATIONSTRESS,SITUATIONFATIGUE,HUMEURNEUTRE,HUMEURGAI,HUMEURMECONTENT,HUMEURTRISTE,HUMEURCOLERE,CONTRIBUTION1,CONTRIBUTION2,CONTRIBUTION3,CONTRIBUTION4,CONTRIBUTION5,CONTRIBUTION6,CONTRIBUTION7,CONTRIBUTION8,CONTRIBUTION9,ROLEINFRA,ELEMENTINFRA1,ELEMENTINFRA2,ELEMENTINFRA3,ELEMENTINFRA4,ELEMENTINFRA5,ELEMENTINFRA6,ELEMENTINFRA7,ELEMENTINFRA8,ELEMENTINFRA9,ALCOOL,TXALCOOL,STUP,SEMAINE,MOMENTJOURNEE,TEMPS,CAUSEACC1,CAUSEACC2,CAUSEACC3,CAUSEACC4,CAUSEACC5,FORMATIONCAUSE,FORMATION1,FORMATION2,FORMATION3,FORMATION4,FORMATION5,TRAFIC,CHAUSSEE1,CHAUSSEE2,CHAUSSEE3,CHAUSSEE4,TYPEACC,BLESSURE,TETE,COU,THORAX,MEMBRESSUP,COLONNE,BASSIN,MEMBRESINF,HOPITAL,PLUS24H,TRAJET,TYPEROUTE,MOTIF,SENSTRAJET,PASSAGER,VITESSE,DESCEQ1,DESCEQ2,DESCEQ3,DESCEQ4,DESCEQ5,DESCEQ6,DESCEQ7,DESCEQ8,DESCEQ9,DESCEQ10,VEHICULEETE,VEHICULEAUTOMNE,VEHICULEPRINTEMPS,VEHICULEHIVER,VEHICULESEMAINE,VEHICULEWE,VEHMARQUE,VEHCYLINDREE,VEHMODELE,VEHSEGMENT,VEHSIDE,EQ2RMABS,EQ2RMCBS,EQ2RMABSCBS,EQ2RMREGULATEUR,EQ2RMLIMITEUR,EQ2RMPHARESDIRECT,EQ2RMCOUPURE,EQ2RMANTIPATINAGE,EQ2RMANTIXHEELING,EQ2RMSTABILILTE,VEHKM,POINTS,DUREE,AUTRE2RM,VEHPRECMARQUE,VEHPRECCYLINDREE,VEHPRECMODELE,VEHPRECSEGMENT,VEHPRECSIDE,TEMPS2RMPREC,FREQVEHPREC,DATE_NAISS,CSP,SOCIETAIRE,SALARIE,SECTEUR2RM,NBPERSFOYER,SITFAM,NBENF,TRNBENF1,TRNBENF2,TRNBENF3,TRNBENF4,NBAUTOFOYER,NBCYCLOFOYER,NBSCOOTFOYER,NBMOTOFOYER,NBTRIKEFOYER,NB2RMCONDUIT,MARQUE1,CYLINDREE1,MODELE1,SEGMENT1,SIDE1,ANMISECIRCU1,ASS1,FREQ1,USAGE1,NBKM1,GARAGE1,MARQUE2,CYLINDREE2,MODELE2,SEGMENT2,SIDE2,ANMISECIRCU2,ASS2,FREQ2,USAGE2,NBKM2,GARAGE2,MARQUE3,CYLINDREE3,MODELE3,SEGMENT3,SIDE3,ANMISECIRCU3,ASS3,FREQ3,USAGE3,NBKM3,GARAGE3,MARQUE4,CYLINDREE4,MODELE4,SEGMENT4,SIDE4,ANMISECIRCU4,ASS4,FREQ4,USAGE4,NBKM4,GARAGE4,MARQUE5,CYLINDREE5,MODELE5,SEGMENT5,SIDE5,ANMISECIRCU5,ASS5,FREQ5,USAGE5,NBKM5,GARAGE5,NBKMTOT,PERMIS1,PERMIS2,PERMIS3,PERMIS4,PERMIS5,PERMIS6,PERMIS7,PERMIS8,PERMIS9,ANPERMIS1,ANPERMIS6,ANPERMIS7,ANPERMIS2,ANPERMIS3,ANPERMIS8,ANPERMIS9,ANPERMIS4,ANPERMIS5,,,
2034,5653,,0,,,,,,,,,,,,,,,,,,,,,,,,,,,,,,,,,,,,,,,,,,,,,,,,,,,,,,,,,,,,,,,,,,,,,,,,,,,,,,,,,,,,,,,,,,,,,,,,,,,,,,,,,,,,,,,,,,,,,,,,,,,,,,,,,,,,,,,,,,,,,,,,,,,,,,,,,,,,,,,,,,,,,,,,,,,,,,,,,,,,,,,,,,,,,,,,,,,,,,,,,,,,,,,,,,,,,,,,,,,,,,,,,,,,,,,,,,,,,,,,,,,,,,,,,,,,,,,,,,,,,,,,,,,,,,,,,,,,,,,,,,,05MAY1964,6,1,3,2,2,3,,NRP,,,,2,0,1,1,0,2,BMW,1200,R1200R ABS ASC +PACK,ROADSTER,2,2011,37,2,1,8000,7,PIAGGIO,300,MP3 LT TOURING,SIDE-CAR / TRIKE,2,2012,37,1,2,4000,7,,,,,,,,,,,,,,,,,,,,,,,,,,,,,,,,,,12000,3,4,,,,,,,,NRP,NRP,NRP,NRP,2008,NRP,NRP,1983,NRP,,,
863,5654,430,1,0,5,,,,,,0,3,,,,,,0,2,,,,,,0,2,,,,,,0,5,,,,,,0,2,,,,,,0,2,,,,,,1,4,1999,,,,,0,2,,,,,,0,2,,,,,,0,2,,,,,,0,1,,,,,,0,2,,,,,,0,2,,,,,,1,2,3,1994,2000,,,,chasse / rhone,brignais,,,,"une autre moto (qui a elle aussi chuté), qui me doublait dans une bretelle d'acces d'autoroute a 1 voie, ma entrainé dans sa chute en me dépassant dans un virage a droite.","lors d'un dépassement sur une départementale,le véhicule que je doublais a fait un écart et ma touché, ce qui a entrainé ma chute.",,,,0,1,4,0,21,1,36,8,1999,,1999,"Vous avez fait une sortie de route, une perte de contrôle ou une glissade puis avez percuté un obstacle fixe (panneau, arbre poteau ).",5,,,,,,,"c'était lors d'une sortie avec 2 collègues. on étaient hors agglomération sur une départementale, entre la terrasse en dorlay et l'auberge du pavezin, dans le parc du pilat(42). j'était devant le groupe, lorsque arrivant dans une courbe à droite, je me suis retrouvé dans le virage avec de la terre de partout sur la chaussée et je n'ai rien pu faire. la moto a dérapé et j'ai glissé en traversant la chaussée, me retrouvant en contre bas à 2 mètres en dessous de la route. Heureusement mes collègues ont pu s'arreté en voyant un nuage de poussière et Heureusement que personne n'arrivait en face. Je n'ai aussi pas touché d'arbres qui jonchaient le bas coté. J'était équipé correctement et n'ai rien eu. La moto a frotté sur les 2 cotés et l'assurance n'a pas voulu engagé de recours envers la DDE. résultat, cela a tout été pour moi et j'avais assuré la moto en tous risque, donc pas trop de perte d'argent. Voila tous ce que je peu dire sur cette mésaventure.",virage qui se referme et terre en sortie pas signalé.,j'ai laissé faire.,1,0,,,NRP,2,0,,,,,,8,,,,,,,,,,,,,,,3,3,,,1,1,3,3,2,1,1,1,3,3,4,4,4,10,,,,,,,,,1,5,7,,,,,,,2,2,,2,1,1,1,0,0,0,100,0,2,,,,,,1,1,AUT|terre,,,1,,,,,,,,,,,2,2,3,,0,75,1,10,2,3,4,,,,,,4,4,4,4,4,4,SUZUKI,600,GSX-R,SPORTIVE,2,1,1,1,1,1,1,1,1,1,1,8000,12,3,1,SUZUKI,750,GSX-R,SPORTIVE,2,4,3,11JUL1971,8,1,3,2,3,4,1,NRP,,,,2,0,0,3,0,3,SUZUKI,600,GSX-R,SPORTIVE,2,2006,37,2,1,4000,7,BMW,650,F650 FUNDURO,TRAIL / SUPERMOTARD,2,1998,37,2,2,6000,7,DAELIM,125,VT EVOLUTION,CUSTOM,2,1997,37,4,1,1500,7,,,,,,,,,,,,,,,,,,,,,,,11500,3,4,,,,,,,,NRP,NRP,NRP,NRP,1994,NRP,NRP,1990,NRP,,,
1470,5655,,1,0,5,,,,,,0,5,,,,,,1,6,2010,,,,,0,3,,,,,,1,5,2006,,,,,0,4,,,,,,0,2,,,,,,0,4,,,,,,1,3,2014,,,,,0,3,,,,,,0,5,,,,,,0,3,,,,,,0,4,,,,,,0,4,,,,,,1,1,4,2006,,,,,asnières/seine,,,,,"2 roues arrété à un feu rouge ou à un cédez le passage, percuté par l'arrière par un autre véhicule.",,,,,2,0,1,1,10,1,71,15,2006,asnières/seine,,,,,,,,,,,,,,,,,,,,,,,,,,,,,,,,,,,,,,,,,,,,,,,,,,,,,,,,,,,,,,,,,,,,,,,,,,,,,,,,,,,,,,,,,,,,,,,,,,,,,,,,,,,,,,,,,,,,,,,,,,,,,,,,,,,,,,,,,,,,,,,,,,,,,,,,,,,,,09FEB1977,5,2,3,2,2,3,,NRP,,,,1,0,0,2,0,2,KAWASAKI,750,Z 750-S IE,ROADSTER,2,2006,31,2,2,12000,6,SUZUKI,400,DRZ-SM,TRAIL / SUPERMOTARD,2,2005,31,2,2,8000,6,,,,,,,,,,,,,,,,,,,,,,,,,,,,,,,,,,20000,3,4,,,,,,,,NRP,NRP,NRP,NRP,2005,NRP,NRP,1995,NRP,,,
312,5659,,0,,,,,,,,,,,,,,,,,,,,,,,,,,,,,,,,,,,,,,,,,,,,,,,,,,,,,,,,,,,,,,,,,,,,,,,,,,,,,,,,,,,,,,,,,,,,,,,,,,,,,,,,,,,,,,,,,,,,,,,,,,,,,,,,,,,,,,,,,,,,,,,,,,,,,,,,,,,,,,,,,,,,,,,,,,,,,,,,,,,,,,,,,,,,,,,,,,,,,,,,,,,,,,,,,,,,,,,,,,,,,,,,,,,,,,,,,,,,,,,,,,,,,,,,,,,,,,,,,,,,,,,,,,,,,,,,,,,,,,,,,,,17AUG1972,5,1,3,2,4,4,2,NRP,,,,1,0,0,1,0,1,BMW,1200,R1200R ABS,ROADSTER,2,2011,37,1,2,5000,7,,,,,,,,,,,,,,,,,,,,,,,,,,,,,,,,,,,,,,,,,,,,,5000,4,3,,,,,,,,NRP,NRP,NRP,NRP,2010,NRP,NRP,1990,NRP,,,
336,5663,,1,0,2,,,,,,0,5,,,,,,0,5,,,,,,0,1,,,,,,0,2,,,,,,0,1,,,,,,0,2,,,,,,0,5,,,,,,0,6,,,,,,0,2,,,,,,0,6,,,,,,0,2,,,,,,0,4,,,,,,0,3,,,,,,0,,0,,,,,,,,,,,,,,,,,,10,2,15,1,,NRP,,,,,,,,,,,,,,,,,,,,,,,,,,,,,,,,,,,,,,,,,,,,,,,,,,,,,,,,,,,,,,,,,,,,,,,,,,,,,,,,,,,,,,,,,,,,,,,,,,,,,,,,,,,,,,,,,,,,,,,,,,,,,,,,,,,,,,,,,,,,,,,,,,,,,,,,,,,,,,,24SEP1959,9,2,3,2,2,3,,NRP,,,,2,0,0,1,0,1,SUZUKI,600,BANDIT-S,ROADSTER,2,2001,33,2,1,4000,7,,,,,,,,,,,,,,,,,,,,,,,,,,,,,,,,,,,,,,,,,,,,,4000,4,3,,,,,,,,NRP,NRP,NRP,NRP,2001,NRP,NRP,1980,NRP,,,
1199,5664,107,1,0,4,,,,,,1,4,2006,,,,,0,5,,,,,,0,4,,,,,,0,4,,,,,,0,3,,,,,,0,4,,,,,,0,5,,,,,,1,4,2006,,,,,2,5,2001,2006,,,,0,4,,,,,,0,4,,,,,,0,4,,,,,,0,4,,,,,,1,3,7,2001,2006,2006,,,Poitiers,Cahors,Chatellerault,,,une voiture m'a coupée la route en grillant un feu rouge alors que je redémarrais au feu vert,j'ai perdu le contrôle à 50 km/h en perdant l'adhérence de la roue avant dans une légère courbe alors qu'il commençait à pleuvoir et qu'il y avait du gasoil au sol,j'ai dépassé trois voiture en agglomération qui roulaient doucement à l'approche d'un carrefour avec une rue à gauche et la 2ème voiture que je dépassais à tournée à gauche sans clignotant lorsque je me suis trouvé à ça hauteur,,,0,2,0,0,19,1,6,2,2006,,2006,Vous circuliez derrière un véhicule. Ce véhicule a ralenti. Vous avez entrepris de dépasser ce véhicule par la gauche et celui-ci vous a coupé la route en tournant à gauche (ou en effectuant un œ tour,3,5,6,,,,,"Je sortais d'une agglomération (Chatellerault (86))et j'ai entrepris d dépasser par la gauche (en aillant mis mon clignotant) les 3 voitures qui étaient devant moi. Il y avait de pointillé serrés et un rue à gauche que je n'ai vu qu'au dernier moment lorsque qu'arrivé à la hauteur de la 2eme voiture cette dernière à pris la rue de gauche sans mettre son clignotant. je me suis retrouver à faire un évitement par la gauche en passant devant la voiture (que je n'ai pas touché d'ailleurs) mais lorsque je me suis déporté je ne suis retrouver dans l'alignement du trottoir de gauche juste en face de moi (je me suis mis debout sur la moto pour passer la bordure et lorsque la moto est monté sur le trottoir je me suis fait éjecté (coup de raquette quand la roue arrière à passée la bordure du trottoir). j'ai été propulsé dans la clôture à 2m de haut et ai fait un  vol plané (les pieds en l'air de 12m de long) avant de retomber à terre. je me suis relevé, l'automobiliste à pris la fuite et je n'ai pu le rattraper même en courant après la voiture. Conclusion: 100% de responsabilité pour non maitrise de mon véhicule.  De cette expérience je me dit que l'automobiliste ne m'a pas forcement vu même si il a fait une faute ne signalant pas son changement de direction. je déplore sa fuite mais moi je n'avais pas à doubler là. Aujourd'hui, j'anticipe plus mes dépassement, les intersection et le regarde des autres conducteurs dans leurs rétroviseurs.",Lorsque j'ai apercu la masse de la voiture se rabattre sur moi alors que j'étais à la hauteur de sa portière. un réflexe d'évitement mais il était trop tard.,"Un réflexe d'évitement, me mettre debout sur la moto et tirer sur le guidon pour franchir le trottoir. Le conducteur de la voiture n'a fait aucune manoeuvre, il ne m'a pas vu.",NRP,1,j'aurai pu prendre la route de gauche au  leu de faire un évitement et ne pas avoir été éjecté en montant sur le trottoir,Avoir été surpris par la manoeuvre du conducteur de la voiture,,2,1,NSP,,"je ne sais pas car il m'a vu courir derrière sa voiture, i la ralenti et est parti",NSP,NSP,1,9,,,,,réagir toute de suite et prendre la meilleur décision pour m'en sortir,1,,,,,,2,la peur de percuter la voiture et de mourir,4,3,,,2,2,3,1,1,1,1,2,1,1,4,4,4,10,,,,,,,,,1,1,4,,,,,,,2,2,,2,2,1,1,40,40,0,20,0,2,,,,,,3,1,,,,2,1,4,,,,,,,1,0,2,1,3,,0,40,1,2,3,4,7,9,,,,,3,3,3,2,2,3,YAMAHA,900,TDM,ROADSTER,2,1,1,1,1,1,1,1,1,1,1,20000,12,4,1,YAMAHA,900,TDM,ROADSTER,2,4,1,06APR1970,5,1,3,2,5,4,3,NRP,,,,2,0,0,3,0,3,YAMAHA,900,TDM,ROADSTER,2,2003,34,3,1,7000,7,YAMAHA,600,XJ6 DIVERSION,ROADSTER,2,2009,37,3,1,5000,7,KTM,520,EXC RACING,"TOUT TERRAIN (TRIAL, ENDURO, CROSS)",2,2001,37,4,1,1000,7,,,,,,,,,,,,,,,,,,,,,,,13000,3,4,,,,,,,,NRP,NRP,NRP,NRP,1996,NRP,NRP,1990,NRP,,,
1239,5668,,0,,,,,,,,,,,,,,,,,,,,,,,,,,,,,,,,,,,,,,,,,,,,,,,,,,,,,,,,,,,,,,,,,,,,,,,,,,,,,,,,,,,,,,,,,,,,,,,,,,,,,,,,,,,,,,,,,,,,,,,,,,,,,,,,,,,,,,,,,,,,,,,,,,,,,,,,,,,,,,,,,,,,,,,,,,,,,,,,,,,,,,,,,,,,,,,,,,,,,,,,,,,,,,,,,,,,,,,,,,,,,,,,,,,,,,,,,,,,,,,,,,,,,,,,,,,,,,,,,,,,,,,,,,,,,,,,,,,,,,,,,,,19MAY1970,6,2,3,2,4,4,2,NRP,,,,1,0,0,1,0,1,YAMAHA,900,TDM,ROADSTER,2,2003,29,2,1,7000,7,,,,,,,,,,,,,,,,,,,,,,,,,,,,,,,,,,,,,,,,,,,,,7000,4,3,,,,,,,,NRP,NRP,NRP,NRP,2006,NRP,NRP,1991,NRP,,,
200,5669,401,1,1,5,1968,,,,,0,5,,,,,,0,4,,,,,,0,4,,,,,,0,4,,,,,,0,4,,,,,,0,3,,,,,,0,4,,,,,,2,4,NSP,NSP,,,,0,4,,,,,,0,4,,,,,,0,4,,,,,,0,4,,,,,,0,5,,,,,,0,,3,,,,,,,,,,,,,,,,,,10,6,24,1,1,1,1968,,1968,Vous circuliez sur un axe prioritaire. Un autre véhicule arrivant sur le même axe en sens opposé vous a coupé la route en tournant à gauche.,4,,,,,,,"Le temps passe si vite, cet accident a eu lieu il y a 47 ans. Bien que nombre de détails restent encore dans ma mémoire, je n'ai pas envie de dire l'accident, banal comme la plupart des accidents, ni l'ambulance, puis l'hopital, la réa., le pretre qui vient pour un autre jeune qui a eu moins de chance et que j'ai entendu agoniser, le couchage tete en bas pendant 3 semaines, et l'absence au lycée pendant 45 jours alors que l'année était cruciale pour mon avenir. Non, ce que je garde de cet accident, plus que les séquelles qui m'ont ennuyé pendant un temps, c'est l'environnement, les questions des policiers, des assureurs qui vous font peu à peu glisser dans votre esprit l'idée que vous etes coupable de ce qui vous arrive. On vous dit que vous etes jeune, que vous rouliez trop vite, que vous n'avez pas respecté les feux...Malgré mes démentis incessants, cette idée s'est peu à peu emparée de moi et celle aussi de notre impuissance devant la quasi étatisation d'un monde obscur, qui vous broie, qui vous fait peur avec l'intention de vous faire peur, peut-etre pour mieux vous éduquer, pour vous éviter de recommencer. N'ayant pas connu semblable situation depuis, je me plais à penser que les choses ont un peu changé depuis mais quand je lis certaine presse, j'ai des doutes...","Un accident, j'en ai acquis la conviction depuis ce temps-là, n'arrive jamais par hasard. C'est la conjonction de plusieurs évènements, professionnels ou privés, qui font que cela arrive. Un déménagement, la perte de certains repères, une vie personnelle bouleversée, un environnement modifié , d'un village à celui d'une ville en ce qui me concerne, le sentiment, faux, de ne pas etre à l'heure, vouloir ""rattraper le temps perdu"", le leitmotiv de tous ceux qui foncent le matin pour aller travailler...Avec la retraite, cette habitude-là, je ne l'ai plus, heureusement !",NRP,"AUT|j'étais en état de choc, le casque n'était pas obligatoire, les propos étaient assez discordants d'après ce qui m'a été rapporté",1,"L'envie de rattraper le prétendu retard: J'ai souvent réfléchi à la question depuis et ma conclusion est la suivante: j'avais 10-12 minutes d'avance avant que les grilles du lycée ne ferment et un temps de trajet de 5 minutes seulement. Aujourd'hui, j'agirais différemment.",NRP,,2,1,2,,"Véhicule venant en face, tournant à gauche, empiétant sur la voie opposée, ma voie, immobile, attendant mon passage mais obstruant en partie mon couloir de circulation",1,Réponse pécédente,2,,,,,,,,1,,,,,,NRP,1,3,,,3,1,3,3,1,1,2,2,1,2,4,3,4,10,,,,,,,,,2,,,,,,,,,2,2,,2,1,1,1,10,90,0,0,0,NSP,,,,,,3,1,,,,2,1,1,,,,,,,1,1,1,1,1,1,0,30,11,,,,,,,,,,4,4,4,4,4,4,MOBYLETTE,50,MOBYMATIC STANDARD,ROADSTER,2,1,1,1,1,1,1,1,1,1,1,NSP,NSP,4,0,,,,,,,,18OCT1950,9,1,3,2,1,1,,NRP,,,,1,0,0,1,0,1,YAMAHA,600,XJ6 DIVERSION ABS,ROADSTER,2,2010,37,3,1,5000,7,,,,,,,,,,,,,,,,,,,,,,,,,,,,,,,,,,,,,,,,,,,,,5000,3,4,,,,,,,,NRP,NRP,NRP,NRP,1991,NRP,NRP,1970,NRP,,,
1223,5671,,1,1,6,NSP,,,,,0,3,,,,,,0,3,,,,,,0,3,,,,,,0,3,,,,,,0,2,,,,,,0,4,,,,,,0,2,,,,,,1,2,NSP,,,,,0,3,,,,,,0,4,,,,,,0,2,,,,,,0,4,,,,,,0,3,,,,,,1,1,3,NSP,,,,,grenoble,,,,,"une voiture à laisser de l'huile ou du gazoil dans un virage après un feu (constat de police), glissage sur 10 m avec moins de 30km/h en ville --> + de 3000 euros de dégat corporel et matériel.",,,,,0,0,1,0,12,1,1,1,0,,,,,,,,,,,,,,,,,,,,,,,,,,,,,,,,,,,,,,,,,,,,,,,,,,,,,,,,,,,,,,,,,,,,,,,,,,,,,,,,,,,,,,,,,,,,,,,,,,,,,,,,,,,,,,,,,,,,,,,,,,,,,,,,,,,,,,,,,,,,,,,,,,,,,,,,,,,,,,20JAN1983,5,1,3,2,2,3,,NRP,,,,2,0,0,2,0,2,YAMAHA,650,XJ,ROADSTER,2,2007,40,2,1,7000,7,SUZUKI,1250,BANDIT-N,ROADSTER,2,2007,37,2,2,7000,7,,,,,,,,,,,,,,,,,,,,,,,,,,,,,,,,,,14000,3,4,,,,,,,,NRP,NRP,NRP,NRP,2003,NRP,NRP,2001,NRP,,,
1855,5676,,0,,,,,,,,,,,,,,,,,,,,,,,,,,,,,,,,,,,,,,,,,,,,,,,,,,,,,,,,,,,,,,,,,,,,,,,,,,,,,,,,,,,,,,,,,,,,,,,,,,,,,,,,,,,,,,,,,,,,,,,,,,,,,,,,,,,,,,,,,,,,,,,,,,,,,,,,,,,,,,,,,,,,,,,,,,,,,,,,,,,,,,,,,,,,,,,,,,,,,,,,,,,,,,,,,,,,,,,,,,,,,,,,,,,,,,,,,,,,,,,,,,,,,,,,,,,,,,,,,,,,,,,,,,,,,,,,,,,,,,,,,,,28JUL1970,4,2,3,2,2,3,,NRP,,,,2,2,0,2,0,2,HONDA,750,CB  F1,ROADSTER,2,2002,29,4,1,1000,4,YAMAHA,125,TW,TRAIL / SUPERMOTARD,2,2000,29,4,1,500,4,,,,,,,,,,,,,,,,,,,,,,,,,,,,,,,,,,1500,3,4,,,,,,,,NRP,NRP,NRP,NRP,1997,NRP,NRP,1988,NRP,,,
535,5680,112,1,0,3,,,,,,0,2,,,,,,0,3,,,,,,0,1,,,,,,0,3,,,,,,0,4,,,,,,0,4,,,,,,0,3,,,,,,5,5,2011,2012,2013,2013,2014,1,3,2009,,,,,0,1,,,,,,0,3,,,,,,0,1,,,,,,0,1,,,,,,0,,6,,,,,,,,,,,,,,,,,,1,2,4,1,41,9,2011,,2011,"Vous avez fait une sortie de route, une perte de contrôle ou une glissade sans rien percuter.",6,,,,,,,"Je rouler tranquillement avec ma copine quand en sortant du rond point la moto a chassé de l'arrière sans aucune raison apparente. En regardant l'état de la route suite à l'accident j'ai effectivement glissé sur les fameuse ""bandes de goudrons liquides noires"" qui était à la sorti du rond point par chance il n'y avait aucune voiture qui arrivait en face car ma copine elle a glissé sur l'autre voie de circulation dans une zone non éclairé.",perte d'adhérence du pneu arrière a basse vitesse à cause des bandes de goudrons liquides.,"Je n'ai rien pu faire à cause du manque de vitesse  et du poids apporté en plus sur l'arrière de la moto à cause de la passagère Si javais roulé ""normalement"" c'est à dire à une vitesse non recommandé par le code de la route la moto aurait légérement glissé mais je ne serai pas tombé",NRP,1,Rouler plus vite,Je ne voulais pas perdre de point sur mon permis et j'avais envie de rouler tranquille,,2,0,,,,,,9,,,,,,"J'ai fait en sorte de limiter les dégâts corporel vu que c'était une chute ""lente"" environ 50km/h",,,,,,,1,"J'ai compris que je glissé et que j'allais tomber j'ai gardé mon sang froid et tout fait pour eviter le sur accident et porter secours a ma copine qui elle était en état de choque figé, allongé sur la route",4,2,,2,1,1,2,4,4,1,1,1,1,3,4,4,4,1,,,,,,,,,1,3,5,,,,,,,2,2,,2,2,3,1,20,0,0,80,0,2,,,,,,1,1,7,,,2,0,,,,,,,,,,1,2,3,,1,50,1,10,2,3,4,,,,,,4,4,4,4,4,4,KAWASAKI,800,Z800  ABS,ROADSTER,2,0,1,1,1,1,1,0,1,1,1,12000,4,4,1,SUZUKI,650,SV-S,SPORTIVE,2,2,4,12NOV1991,10,1,3,2,3,5,0,NRP,,,,0,0,1,2,0,1,KAWASAKI,800,Z800  ABS,ROADSTER,2,2013,37,1,2,20000,7,,,,,,,,,,,,,,,,,,,,,,,,,,,,,,,,,,,,,,,,,,,,,20000,1,2,3,4,,,,,,2009,NRP,NRP,2010,2012,NRP,NRP,2012,NRP,,,