Ligne,Ligne Q qualif,Ligne approfondissement Accident,ACCIDENT,NBACC1,ACCFREQUENCE1,ANNEEACC1_1,ANNEEACC1_2,ANNEEACC1_3,ANNEEACC1_4,ANNEEACC1_5,NBACC2,ACCFREQUENCE2,ANNEEACC2_1,ANNEEACC2_2,ANNEEACC2_3,ANNEEACC2_4,ANNEEACC2_5,NBACC3,ACCFREQUENCE3,ANNEEACC3_1,ANNEEACC3_2,ANNEEACC3_3,ANNEEACC3_4,ANNEEACC3_5,NBACC4,ACCFREQUENCE4,ANNEEACC4_1,ANNEEACC4_2,ANNEEACC4_3,ANNEEACC4_4,ANNEEACC4_5,NBACC5,ACCFREQUENCE5,ANNEEACC5_1,ANNEEACC5_2,ANNEEACC5_3,ANNEEACC5_4,ANNEEACC5_5,NBACC6,ACCFREQUENCE6,ANNEEACC6_1,ANNEEACC6_2,ANNEEACC6_3,ANNEEACC6_4,ANNEEACC6_5,NBACC7,ACCFREQUENCE7,ANNEEACC7_1,ANNEEACC7_2,ANNEEACC7_3,ANNEEACC7_4,ANNEEACC7_5,NBACC8,ACCFREQUENCE8,ANNEEACC8_1,ANNEEACC8_2,ANNEEACC8_3,ANNEEACC8_4,ANNEEACC8_5,NBACC9,ACCFREQUENCE9,ANNEEACC9_1,ANNEEACC9_2,ANNEEACC9_3,ANNEEACC9_4,ANNEEACC9_5,NBACC10,ACCFREQUENCE10,ANNEEACC10_1,ANNEEACC10_2,ANNEEACC10_3,ANNEEACC10_4,ANNEEACC10_5,NBACC11,ACCFREQUENCE11,ANNEEACC11_1,ANNEEACC11_2,ANNEEACC11_3,ANNEEACC11_4,ANNEEACC11_5,NBACC12,ACCFREQUENCE12,ANNEEACC12_1,ANNEEACC12_2,ANNEEACC12_3,ANNEEACC12_4,ANNEEACC12_5,NBACC13,ACCFREQUENCE13,ANNEEACC13_1,ANNEEACC13_2,ANNEEACC13_3,ANNEEACC13_4,ANNEEACC13_5,NBACC14,ACCFREQUENCE14,ANNEEACC14_1,ANNEEACC14_2,ANNEEACC14_3,ANNEEACC14_4,ANNEEACC14_5,AUTRESACC,NBAUTRESACC,TOTAL_AC,ANNEEAUTREACC1,ANNEEAUTREACC2,ANNEEAUTREACC3,ANNEEAUTREACC4,ANNEEAUTREACC5,LIEUAUTREACC1,LIEUAUTREACC2,LIEUAUTREACC3,LIEUAUTREACC4,LIEUAUTREACC5,DESCRIPTIONAUTRESACC1,DESCRIPTIONAUTRESACC2,DESCRIPTIONAUTRESACC3,DESCRIPTIONAUTRESACC4,DESCRIPTIONAUTRESACC5,NBAUTRESACCCIRCUIT,NBAUTRESTOUTTERRAIN,EXPCYCLO,EXP125,EXPSUP125,ACCORDNEXTQ,CHOIXACC,RGPMTACC,RECUPANNEE,RECUPLIEU,RECUPANNE,RGPMTAC,CHOIX1,CHOIX2,CHOIX3,CHOIX4,CHOIX5,CHOIX6,CHOIX7,DESCRIPTION,RUPTURE,FAITS,ABS_REACTION,AUTRE_REACTION,PRECISIONREACTIONOUI,RECUL,PRECISIONREACTIONNON,IMPACTCOMPORTEMENT,AUTREUSAGER,REACTIONAUTREUSAGER,CONNAISSANCEREACTIONUSAGER,DIFFICULTES,AGGRAVATION,DIFFICULTES2,EMOTIONS1,EMOTIONS2,EMOTIONS3,EMOTIONS4,EMOTIONS5,EMOTIONS6,AUTRESENTIMENT,CLASSEMENTEMOTIONS1,CLASSEMENTEMOTIONS,CLASSEMENTEMOTIONS5,CLASSEMENTEMOTIONS6,CLASSEMENTEMOTIONS7,CLASSEMENTEMOTIONS8,CLASSEMENTEMOTIONS9,EXPLICATIONRESSENTI,BIENEQUIPE,ALLURE,ALLUREVITEDETAIL,ALLURELENTEDETAIL,SITUATIONPRESSE,SITUATIONDISTRAIT,SITUATIONCONFIANT,SITUATIONCONTROLE,SITUATIONLUDIQUE,SITUATIONPERF,SITUATIONSTRESS,SITUATIONFATIGUE,HUMEURNEUTRE,HUMEURGAI,HUMEURMECONTENT,HUMEURTRISTE,HUMEURCOLERE,CONTRIBUTION1,CONTRIBUTION2,CONTRIBUTION3,CONTRIBUTION4,CONTRIBUTION5,CONTRIBUTION6,CONTRIBUTION7,CONTRIBUTION8,CONTRIBUTION9,ROLEINFRA,ELEMENTINFRA1,ELEMENTINFRA2,ELEMENTINFRA3,ELEMENTINFRA4,ELEMENTINFRA5,ELEMENTINFRA6,ELEMENTINFRA7,ELEMENTINFRA8,ELEMENTINFRA9,ALCOOL,TXALCOOL,STUP,SEMAINE,MOMENTJOURNEE,TEMPS,CAUSEACC1,CAUSEACC2,CAUSEACC3,CAUSEACC4,CAUSEACC5,FORMATIONCAUSE,FORMATION1,FORMATION2,FORMATION3,FORMATION4,FORMATION5,TRAFIC,CHAUSSEE1,CHAUSSEE2,CHAUSSEE3,CHAUSSEE4,TYPEACC,BLESSURE,TETE,COU,THORAX,MEMBRESSUP,COLONNE,BASSIN,MEMBRESINF,HOPITAL,PLUS24H,TRAJET,TYPEROUTE,MOTIF,SENSTRAJET,PASSAGER,VITESSE,DESCEQ1,DESCEQ2,DESCEQ3,DESCEQ4,DESCEQ5,DESCEQ6,DESCEQ7,DESCEQ8,DESCEQ9,DESCEQ10,VEHICULEETE,VEHICULEAUTOMNE,VEHICULEPRINTEMPS,VEHICULEHIVER,VEHICULESEMAINE,VEHICULEWE,VEHMARQUE,VEHCYLINDREE,VEHMODELE,VEHSEGMENT,VEHSIDE,EQ2RMABS,EQ2RMCBS,EQ2RMABSCBS,EQ2RMREGULATEUR,EQ2RMLIMITEUR,EQ2RMPHARESDIRECT,EQ2RMCOUPURE,EQ2RMANTIPATINAGE,EQ2RMANTIXHEELING,EQ2RMSTABILILTE,VEHKM,POINTS,DUREE,AUTRE2RM,VEHPRECMARQUE,VEHPRECCYLINDREE,VEHPRECMODELE,VEHPRECSEGMENT,VEHPRECSIDE,TEMPS2RMPREC,FREQVEHPREC,DATE_NAISS,CSP,SOCIETAIRE,SALARIE,SECTEUR2RM,NBPERSFOYER,SITFAM,NBENF,TRNBENF1,TRNBENF2,TRNBENF3,TRNBENF4,NBAUTOFOYER,NBCYCLOFOYER,NBSCOOTFOYER,NBMOTOFOYER,NBTRIKEFOYER,NB2RMCONDUIT,MARQUE1,CYLINDREE1,MODELE1,SEGMENT1,SIDE1,ANMISECIRCU1,ASS1,FREQ1,USAGE1,NBKM1,GARAGE1,MARQUE2,CYLINDREE2,MODELE2,SEGMENT2,SIDE2,ANMISECIRCU2,ASS2,FREQ2,USAGE2,NBKM2,GARAGE2,MARQUE3,CYLINDREE3,MODELE3,SEGMENT3,SIDE3,ANMISECIRCU3,ASS3,FREQ3,USAGE3,NBKM3,GARAGE3,MARQUE4,CYLINDREE4,MODELE4,SEGMENT4,SIDE4,ANMISECIRCU4,ASS4,FREQ4,USAGE4,NBKM4,GARAGE4,MARQUE5,CYLINDREE5,MODELE5,SEGMENT5,SIDE5,ANMISECIRCU5,ASS5,FREQ5,USAGE5,NBKM5,GARAGE5,NBKMTOT,PERMIS1,PERMIS2,PERMIS3,PERMIS4,PERMIS5,PERMIS6,PERMIS7,PERMIS8,PERMIS9,ANPERMIS1,ANPERMIS6,ANPERMIS7,ANPERMIS2,ANPERMIS3,ANPERMIS8,ANPERMIS9,ANPERMIS4,ANPERMIS5,,,
1650,5717,,0,,,,,,,,,,,,,,,,,,,,,,,,,,,,,,,,,,,,,,,,,,,,,,,,,,,,,,,,,,,,,,,,,,,,,,,,,,,,,,,,,,,,,,,,,,,,,,,,,,,,,,,,,,,,,,,,,,,,,,,,,,,,,,,,,,,,,,,,,,,,,,,,,,,,,,,,,,,,,,,,,,,,,,,,,,,,,,,,,,,,,,,,,,,,,,,,,,,,,,,,,,,,,,,,,,,,,,,,,,,,,,,,,,,,,,,,,,,,,,,,,,,,,,,,,,,,,,,,,,,,,,,,,,,,,,,,,,,,,,,,,,,14JUL1969,5,1,3,2,4,4,2,NRP,,,,1,1,0,3,0,4,BMW,1100,R1100S,Routière / GT,2,1998,37,2,2,5000,7,BMW,600,R60/5,ROADSTER,2,1973,37,2,2,3000,7,HONDA,1000,VTR  FIRESTORM,SPORTIVE,2,2000,37,2,2,3000,7,PEUGEOT,50,SPEED,SCOOTER,2,1960,37,2,2,1000,7,,,,,,,,,,,,12000,3,4,,,,,,,,NRP,NRP,NRP,NRP,1997,NRP,NRP,1988,NRP,,,
1380,5718,,1,0,5,,,,,,0,5,,,,,,0,5,,,,,,0,5,,,,,,0,5,,,,,,0,5,,,,,,0,5,,,,,,0,5,,,,,,0,5,,,,,,0,5,,,,,,1,5,2011,,,,,0,5,,,,,,0,5,,,,,,0,5,,,,,,0,,1,,,,,,,,,,,,,,,,,,0,0,7,0,,NRP,,,,,,,,,,,,,,,,,,,,,,,,,,,,,,,,,,,,,,,,,,,,,,,,,,,,,,,,,,,,,,,,,,,,,,,,,,,,,,,,,,,,,,,,,,,,,,,,,,,,,,,,,,,,,,,,,,,,,,,,,,,,,,,,,,,,,,,,,,,,,,,,,,,,,,,,,,,,,,,16MAR1982,11,2,3,2,2,5,0,NRP,,,,1,0,0,1,0,1,KAWASAKI,650,ER-6  N,ROADSTER,2,2006,28,1,1,8000,4,,,,,,,,,,,,,,,,,,,,,,,,,,,,,,,,,,,,,,,,,,,,,8000,2,3,4,,,,,,,NRP,NRP,NRP,2001,2008,NRP,NRP,2001,NRP,,,
1820,5719,,0,,,,,,,,,,,,,,,,,,,,,,,,,,,,,,,,,,,,,,,,,,,,,,,,,,,,,,,,,,,,,,,,,,,,,,,,,,,,,,,,,,,,,,,,,,,,,,,,,,,,,,,,,,,,,,,,,,,,,,,,,,,,,,,,,,,,,,,,,,,,,,,,,,,,,,,,,,,,,,,,,,,,,,,,,,,,,,,,,,,,,,,,,,,,,,,,,,,,,,,,,,,,,,,,,,,,,,,,,,,,,,,,,,,,,,,,,,,,,,,,,,,,,,,,,,,,,,,,,,,,,,,,,,,,,,,,,,,,,,,,,,,09APR1972,7,2,3,2,4,4,2,NRP,,,,2,1,0,1,0,1,HONDA,1000,CB-F ABS,ROADSTER,2,2010,10,2,1,4000,7,,,,,,,,,,,,,,,,,,,,,,,,,,,,,,,,,,,,,,,,,,,,,4000,2,3,4,,,,,,,NRP,NRP,NRP,1990,1998,NRP,NRP,1990,NRP,,,
2086,5721,,0,,,,,,,,,,,,,,,,,,,,,,,,,,,,,,,,,,,,,,,,,,,,,,,,,,,,,,,,,,,,,,,,,,,,,,,,,,,,,,,,,,,,,,,,,,,,,,,,,,,,,,,,,,,,,,,,,,,,,,,,,,,,,,,,,,,,,,,,,,,,,,,,,,,,,,,,,,,,,,,,,,,,,,,,,,,,,,,,,,,,,,,,,,,,,,,,,,,,,,,,,,,,,,,,,,,,,,,,,,,,,,,,,,,,,,,,,,,,,,,,,,,,,,,,,,,,,,,,,,,,,,,,,,,,,,,,,,,,,,,,,,,17SEP1978,4,1,3,2,2,3,,NRP,,,,1,0,0,1,0,1,BMW,1200,R1200R,ROADSTER,2,2006,37,3,1,8000,7,,,,,,,,,,,,,,,,,,,,,,,,,,,,,,,,,,,,,,,,,,,,,8000,3,4,,,,,,,,NRP,NRP,NRP,NRP,2011,NRP,NRP,1996,NRP,,,
1112,5723,,1,0,6,,,,,,0,5,,,,,,0,5,,,,,,0,1,,,,,,0,5,,,,,,0,4,,,,,,0,4,,,,,,1,5,2010,,,,,0,5,,,,,,0,4,,,,,,0,6,,,,,,0,1,,,,,,0,2,,,,,,0,3,,,,,,0,,1,,,,,,,,,,,,,,,,,,5,0,5,0,,NRP,,,,,,,,,,,,,,,,,,,,,,,,,,,,,,,,,,,,,,,,,,,,,,,,,,,,,,,,,,,,,,,,,,,,,,,,,,,,,,,,,,,,,,,,,,,,,,,,,,,,,,,,,,,,,,,,,,,,,,,,,,,,,,,,,,,,,,,,,,,,,,,,,,,,,,,,,,,,,,,21FEB1988,7,1,3,1,2,3,,NRP,,,,2,0,0,1,1,2,HONDA,600,HORNET,ROADSTER,2,2007,37,1,2,10000,4,ZONGSHEN,250,ZIP STAR,CUSTOM,2,2006,41,4,1,100,4,,,,,,,,,,,,,,,,,,,,,,,,,,,,,,,,,,10100,3,4,,,,,,,,NRP,NRP,NRP,NRP,2010,NRP,NRP,2008,NRP,,,
1148,5730,325,1,0,6,,,,,,0,5,,,,,,0,5,,,,,,0,2,,,,,,0,5,,,,,,0,4,,,,,,0,5,,,,,,0,6,,,,,,2,6,2009,2014,,,,0,5,,,,,,0,5,,,,,,0,1,,,,,,0,3,,,,,,0,4,,,,,,0,,2,,,,,,,,,,,,,,,,,,5,0,5,1,42,9,2014,,2014,"Vous avez fait une sortie de route, une perte de contrôle ou une glissade sans rien percuter.",3,4,6,,,,,"C'était le dernier jour de travail de la semaine, le retour à la maison, une heure de trajet.  Je ne portais pas mon casque habituel mais celui de ma femme, faute à un traitement anti-poux en cours pour mon casque. Ce casque est bruyant et peu agréable.  Pour le trajet de retour, ayant conscience de mon état de fatigue, je privilégie la voie rapide et droite, et non le trajet sinueux.  Mais je ne me voyais pas faire mon retour dans le bruit et l'inconfort du casque de ma compagne et donc décide de ne pas emprunter la voie rapide. Ma concentration fit défaut au premier grand virage: je penche pour le prendre mais pas suffisamment et malgré la vue du fossé qui tendait à m'attirer de plus en plus, je n'ai rien fait pour éviter la chute et n'ai fait que penser ""qu'avec un peu de chance, il n'arrivera rien"". La moto toujours penchée, toucha le bas-côté, la roue avant dérapa et la glissade s'en suivi.  mon premier réflexe fut de sortir la jambe gauche comme pour retenir le véhicule. Mon pied toucha le sol et se déroba, je senti un ""clac"" dans le genou. Puis un retour du genou qui percuta une arête du moteur.  N'a été à déplorer qu'une entorse au genou gauche et un rétroviseur cassé.",La fatigue qui causa une mauvaise appréciation du virage.,NRP,AUT|je me dis que rien ne va arriver.,1,"Si j'avais eu mon propre casque et non celui de ma compagne, ma concentration aurait été au niveau habituel, je n'aurais pas eu en tête de penser à son inconfort.","la fatigue du trajet. C'était ma deuxième semaine où j'allais au travail à moto, à une heure de chez moi.",,2,0,,,,,,1,2,6,,,,,2,1,,,,3,,Comme j'espérais qu'il ne se passe rien. Il n'en fut rien.,3,3,,,1,4,3,2,1,1,2,4,4,4,2,4,4,4,6,,,,,,,,2,,,,,,,,,2,2,,2,1,1,1,100,0,0,0,0,NSP,,,,,,1,1,,,,2,1,4,7,,,,,,0,,2,2,1,2,0,70,1,2,3,4,7,9,,,,,4,4,4,4,4,4,HONDA,750,CB-SEVEN FIFTY,ROADSTER,2,1,1,1,1,1,1,1,1,1,1,95000,12,4,0,,,,,,,,21AUG1983,7,2,3,2,3,4,1,NRP,,,,1,0,0,1,0,1,HONDA,750,CB-SEVEN FIFTY,ROADSTER,2,1997,16,1,2,7000,7,,,,,,,,,,,,,,,,,,,,,,,,,,,,,,,,,,,,,,,,,,,,,7000,3,4,,,,,,,,NRP,NRP,NRP,NRP,2009,NRP,NRP,2007,NRP,,,
1590,5732,,1,0,2,,,,,,0,2,,,,,,0,2,,,,,,0,3,,,,,,0,3,,,,,,0,2,,,,,,0,2,,,,,,0,2,,,,,,0,2,,,,,,0,2,,,,,,0,2,,,,,,0,2,,,,,,0,2,,,,,,0,2,,,,,,0,,0,,,,,,,,,,,,,,,,,,0,0,40,1,,NRP,,,,,,,,,,,,,,,,,,,,,,,,,,,,,,,,,,,,,,,,,,,,,,,,,,,,,,,,,,,,,,,,,,,,,,,,,,,,,,,,,,,,,,,,,,,,,,,,,,,,,,,,,,,,,,,,,,,,,,,,,,,,,,,,,,,,,,,,,,,,,,,,,,,,,,,,,,,,,,,21NOV1960,7,2,3,2,4,4,2,NRP,,,,1,0,0,1,0,1,HONDA,650,TRANSALP,TRAIL / SUPERMOTARD,2,2004,31,1,2,4500,7,,,,,,,,,,,,,,,,,,,,,,,,,,,,,,,,,,,,,,,,,,,,,4500,3,4,,,,,,,,NRP,NRP,NRP,NRP,1980,NRP,NRP,1978,NRP,,,
1764,5733,,0,,,,,,,,,,,,,,,,,,,,,,,,,,,,,,,,,,,,,,,,,,,,,,,,,,,,,,,,,,,,,,,,,,,,,,,,,,,,,,,,,,,,,,,,,,,,,,,,,,,,,,,,,,,,,,,,,,,,,,,,,,,,,,,,,,,,,,,,,,,,,,,,,,,,,,,,,,,,,,,,,,,,,,,,,,,,,,,,,,,,,,,,,,,,,,,,,,,,,,,,,,,,,,,,,,,,,,,,,,,,,,,,,,,,,,,,,,,,,,,,,,,,,,,,,,,,,,,,,,,,,,,,,,,,,,,,,,,,,,,,,,,25JUL1959,2,1,3,1,2,3,,NRP,,,,3,4,2,1,1,4,LONCIN,250,QUAD LX BLACK BEAR,QUAD,2,2007,2,4,1,50,7,YIYING,125,GT STAR,SCOOTER,2,2012,2,1,2,2000,7,YIYING,50,SCOOTER BAOTIAN QT-15,SCOOTER,2,2011,2,3,3,500,7,YIYING,50,DOLCE VITA,SCOOTER,2,2012,2,3,3,1000,7,,,,,,,,,,,,3550,4,,,,,,,,,NRP,NRP,NRP,NRP,NRP,NRP,NRP,1986,NRP,,,
557,5737,,1,0,6,,,,,,0,6,,,,,,0,6,,,,,,0,5,,,,,,0,6,,,,,,0,6,,,,,,0,5,,,,,,0,5,,,,,,1,6,2004,,,,,0,6,,,,,,0,6,,,,,,0,5,,,,,,0,5,,,,,,0,6,,,,,,0,,1,,,,,,,,,,,,,,,,,,3,2,12,1,41,9,2004,,,,,,,,,,,,,,,,,,,,,,,,,,,,,,,,,,,,,,,,,,,,,,,,,,,,,,,,,,,,,,,,,,,,,,,,,,,,,,,,,,,,,,,,,,,,,,,,,,,,,,,,,,,,,,,,,,,,,,,,,,,,,,,,,,,,,,,,,,,,,,,,,,,,,,,,,,,,,,26SEP1946,9,2,3,2,2,3,,NRP,,,,1,0,0,1,0,1,YAMAHA,800,FAZER8 ABS,ROADSTER,2,2012,16,3,1,6000,7,,,,,,,,,,,,,,,,,,,,,,,,,,,,,,,,,,,,,,,,,,,,,6000,3,4,,,,,,,,NRP,NRP,NRP,NRP,2003,NRP,NRP,1966,NRP,,,
1707,5741,,1,0,4,,,,,,0,4,,,,,,0,5,,,,,,0,4,,,,,,0,4,,,,,,0,4,,,,,,0,3,,,,,,1,4,2012,,,,,0,3,,,,,,0,5,,,,,,0,5,,,,,,0,5,,,,,,0,3,,,,,,0,5,,,,,,0,,1,,,,,,,,,,,,,,,,,,4,0,4,1,36,8,2012,,,,,,,,,,,,,,,,,,,,,,,,,,,,,,,,,,,,,,,,,,,,,,,,,,,,,,,,,,,,,,,,,,,,,,,,,,,,,,,,,,,,,,,,,,,,,,,,,,,,,,,,,,,,,,,,,,,,,,,,,,,,,,,,,,,,,,,,,,,,,,,,,,,,,,,,,,,,,,20SEP1988,8,2,3,2,3,5,0,NRP,,,,3,0,0,1,0,1,YAMAHA,600,XJ6,ROADSTER,2,1999,24,1,2,20000,7,,,,,,,,,,,,,,,,,,,,,,,,,,,,,,,,,,,,,,,,,,,,,20000,3,4,,,,,,,,NRP,NRP,NRP,NRP,2011,NRP,NRP,2010,NRP,,,
1039,5742,198,1,0,3,,,,,,0,4,,,,,,1,5,2013,,,,,0,3,,,,,,0,6,,,,,,0,5,,,,,,0,3,,,,,,0,5,,,,,,1,3,1992,,,,,0,5,,,,,,0,6,,,,,,0,3,,,,,,0,3,,,,,,0,4,,,,,,0,,2,,,,,,,,,,,,,,,,,,37,15,8,1,11,3,2013,,2013,Vous remontiez une file de véhicules (à larrêt ou au ralenti) par la gauche. Un véhicule de cette file vous a coupé la route en tournant à gauche.,3,,,,,,,"Remontée de file sur une avenue urbaine à deux voies, quelques dizaines de mètre avant que se matérialise une voie centrale pour tourner à gauche à un carrefour tricolore.  Pendant mon dépassement un véhicule s'est décalé sur la gauche pour prendre cette voie centrale, sans contrôle rétroviseurs et sans clignotant.  Nous nous somme percutés latteralement (bord à bord) à environ 40 km/h  Le choc n'a pas été très violent. Mais je pense qu'il y aurait eu des conséquenses si je n'avais pas porté de gants, ni de protections aux coudes.  Je conduisais une moto légère (Honda CM125) avec laquelle j'ai un très bon appui sur les pieds sinon j'aurais très certainement chuté.",Quand la tonne roulante qui est à ta droite décide de virer à gauche sur toi..,"Choc lattéral au niveau du guidon (droit), main, et coude.  Verrouillage du guidon  Louvoiment stabilisé avec les pieds.  L'autre a franchi le carrefour en tournant à droite, je l'ai rejoins pour prendre ses coordonnées.",NRP,0,,,NRP,2,0,,,,,,3,8,,,,,,,,1,,,,,"Le choc s'est produit sans que je n'ai pu le percevoir, ou l'anticiper, hors champ visuel, pas de cligno de l'autre véhicule.",4,2,,3,3,2,4,4,1,1,1,2,1,3,4,4,4,3,5,,,,,,,,2,,,,,,,,,2,2,,2,1,1,1,10,90,0,0,0,2,,,,,,3,1,,,,1,,,,,,,,,,,1,1,1,2,0,40,1,2,3,4,7,9,,,,,4,4,4,4,4,2,HONDA,125,CM-C,CUSTOM,2,1,1,1,1,1,1,1,1,1,1,18000,12,4,1,APRILIA,750,SHIVER,ROADSTER,2,3,3,28APR1965,5,1,3,2,2,3,,NRP,,,,2,0,0,3,0,3,HONDA,125,CM-C,CUSTOM,2,1994,37,4,2,2200,7,APRILIA,750,SHIVER,ROADSTER,2,2008,37,2,2,6500,7,MOTO GUZZI,750,V7 SPECIAL,ROADSTER,2,2012,37,1,2,4000,7,,,,,,,,,,,,,,,,,,,,,,,12700,2,3,4,,,,,,,NRP,NRP,NRP,1991,2008,NRP,NRP,1991,NRP,,,
2067,5743,,0,,,,,,,,,,,,,,,,,,,,,,,,,,,,,,,,,,,,,,,,,,,,,,,,,,,,,,,,,,,,,,,,,,,,,,,,,,,,,,,,,,,,,,,,,,,,,,,,,,,,,,,,,,,,,,,,,,,,,,,,,,,,,,,,,,,,,,,,,,,,,,,,,,,,,,,,,,,,,,,,,,,,,,,,,,,,,,,,,,,,,,,,,,,,,,,,,,,,,,,,,,,,,,,,,,,,,,,,,,,,,,,,,,,,,,,,,,,,,,,,,,,,,,,,,,,,,,,,,,,,,,,,,,,,,,,,,,,,,,,,,,,19APR1987,7,2,3,2,2,3,,NRP,,,,1,0,0,2,0,2,KTM,990,SM-T,TRAIL / SUPERMOTARD,2,2012,28,1,2,8000,6,YAMAHA,600,FZS FAZER,ROADSTER,2,2003,28,3,1,8000,6,,,,,,,,,,,,,,,,,,,,,,,,,,,,,,,,,,16000,3,4,,,,,,,,NRP,NRP,NRP,NRP,2010,NRP,NRP,2005,NRP,,,
847,5744,,0,,,,,,,,,,,,,,,,,,,,,,,,,,,,,,,,,,,,,,,,,,,,,,,,,,,,,,,,,,,,,,,,,,,,,,,,,,,,,,,,,,,,,,,,,,,,,,,,,,,,,,,,,,,,,,,,,,,,,,,,,,,,,,,,,,,,,,,,,,,,,,,,,,,,,,,,,,,,,,,,,,,,,,,,,,,,,,,,,,,,,,,,,,,,,,,,,,,,,,,,,,,,,,,,,,,,,,,,,,,,,,,,,,,,,,,,,,,,,,,,,,,,,,,,,,,,,,,,,,,,,,,,,,,,,,,,,,,,,,,,,,,17JUN1961,7,1,3,2,4,4,2,NRP,,,,2,1,0,1,0,1,SUZUKI,1250,BANDIT-S ABS,ROADSTER,2,2007,10,2,1,10000,7,,,,,,,,,,,,,,,,,,,,,,,,,,,,,,,,,,,,,,,,,,,,,10000,3,4,,,,,,,,NRP,NRP,NRP,NRP,1982,NRP,NRP,1979,NRP,,,
630,5746,,0,,,,,,,,,,,,,,,,,,,,,,,,,,,,,,,,,,,,,,,,,,,,,,,,,,,,,,,,,,,,,,,,,,,,,,,,,,,,,,,,,,,,,,,,,,,,,,,,,,,,,,,,,,,,,,,,,,,,,,,,,,,,,,,,,,,,,,,,,,,,,,,,,,,,,,,,,,,,,,,,,,,,,,,,,,,,,,,,,,,,,,,,,,,,,,,,,,,,,,,,,,,,,,,,,,,,,,,,,,,,,,,,,,,,,,,,,,,,,,,,,,,,,,,,,,,,,,,,,,,,,,,,,,,,,,,,,,,,,,,,,,,30AUG1957,2,2,3,2,3,4,1,NRP,,,,2,0,0,1,0,1,HARLEY-DAVIDSON,1584,ULTRA CLASSIC ELECTRA GLIDE,Routière / GT,2,2009,16,2,1,12000,7,,,,,,,,,,,,,,,,,,,,,,,,,,,,,,,,,,,,,,,,,,,,,12000,4,3,,,,,,,,NRP,NRP,NRP,NRP,1991,NRP,NRP,1975,NRP,,,
850,5747,,0,,,,,,,,,,,,,,,,,,,,,,,,,,,,,,,,,,,,,,,,,,,,,,,,,,,,,,,,,,,,,,,,,,,,,,,,,,,,,,,,,,,,,,,,,,,,,,,,,,,,,,,,,,,,,,,,,,,,,,,,,,,,,,,,,,,,,,,,,,,,,,,,,,,,,,,,,,,,,,,,,,,,,,,,,,,,,,,,,,,,,,,,,,,,,,,,,,,,,,,,,,,,,,,,,,,,,,,,,,,,,,,,,,,,,,,,,,,,,,,,,,,,,,,,,,,,,,,,,,,,,,,,,,,,,,,,,,,,,,,,,,,17JUN1977,8,2,3,2,2,3,,NRP,,,,2,0,0,1,0,1,SUZUKI,1200,BANDIT-N,ROADSTER,2,2001,7,2,2,10000,7,,,,,,,,,,,,,,,,,,,,,,,,,,,,,,,,,,,,,,,,,,,,,10000,3,4,,,,,,,,NRP,NRP,NRP,NRP,2000,NRP,NRP,1995,NRP,,,
1724,5748,,1,0,4,,,,,,0,4,,,,,,3,6,2008,2010,2012,,,0,4,,,,,,0,5,,,,,,0,4,,,,,,0,3,,,,,,0,4,,,,,,1,4,2008,,,,,0,4,,,,,,0,4,,,,,,0,3,,,,,,0,4,,,,,,0,5,,,,,,0,,4,,,,,,,,,,,,,,,,,,4,10,8,0,,NRP,,,,,,,,,,,,,,,,,,,,,,,,,,,,,,,,,,,,,,,,,,,,,,,,,,,,,,,,,,,,,,,,,,,,,,,,,,,,,,,,,,,,,,,,,,,,,,,,,,,,,,,,,,,,,,,,,,,,,,,,,,,,,,,,,,,,,,,,,,,,,,,,,,,,,,,,,,,,,,,01OCT1978,7,2,3,2,5,4,3,NRP,,,,2,0,0,1,0,1,KAWASAKI,1100,ZRX,ROADSTER,2,2000,16,1,2,25000,1,,,,,,,,,,,,,,,,,,,,,,,,,,,,,,,,,,,,,,,,,,,,,25000,3,4,,,,,,,,NRP,NRP,NRP,NRP,2007,NRP,NRP,1996,NRP,,,
1564,5750,,1,0,5,,,,,,1,4,2001,,,,,0,3,,,,,,0,5,,,,,,1,5,2008,,,,,0,2,,,,,,0,4,,,,,,0,4,,,,,,0,4,,,,,,0,4,,,,,,0,3,,,,,,0,4,,,,,,0,2,,,,,,0,3,,,,,,0,,2,,,,,,,,,,,,,,,,,,0,2,18,1,21,5,2008,,,,,,,,,,,,,,,,,,,,,,,,,,,,,,,,,,,,,,,,,,,,,,,,,,,,,,,,,,,,,,,,,,,,,,,,,,,,,,,,,,,,,,,,,,,,,,,,,,,,,,,,,,,,,,,,,,,,,,,,,,,,,,,,,,,,,,,,,,,,,,,,,,,,,,,,,,,,,,01FEB1963,5,2,3,2,3,5,1,NRP,,,,2,0,0,1,0,1,BMW,1200,R1200GS,TRAIL / SUPERMOTARD,2,2010,28,3,1,15000,7,,,,,,,,,,,,,,,,,,,,,,,,,,,,,,,,,,,,,,,,,,,,,15000,2,3,4,,,,,,,NRP,NRP,NRP,1979,1997,NRP,NRP,1981,NRP,,,
1425,5751,,1,0,4,,,,,,0,4,,,,,,0,3,,,,,,0,3,,,,,,0,2,,,,,,0,4,,,,,,0,4,,,,,,0,4,,,,,,1,5,1998,,,,,1,4,1996,,,,,0,4,,,,,,0,2,,,,,,0,2,,,,,,0,2,,,,,,0,,2,,,,,,,,,,,,,,,,,,4,0,22,1,41,9,1998,,,,,,,,,,,,,,,,,,,,,,,,,,,,,,,,,,,,,,,,,,,,,,,,,,,,,,,,,,,,,,,,,,,,,,,,,,,,,,,,,,,,,,,,,,,,,,,,,,,,,,,,,,,,,,,,,,,,,,,,,,,,,,,,,,,,,,,,,,,,,,,,,,,,,,,,,,,,,,29DEC1947,9,2,3,2,2,3,,NRP,,,,2,0,0,1,0,1,BMW,1200,K1200LT,Routière / GT,2,2005,28,2,3,17000,7,,,,,,,,,,,,,,,,,,,,,,,,,,,,,,,,,,,,,,,,,,,,,17000,3,4,,,,,,,,NRP,NRP,NRP,NRP,1994,NRP,NRP,1966,NRP,,,