Ligne,Ligne Q qualif,Ligne approfondissement Accident,ACCIDENT,NBACC1,ACCFREQUENCE1,ANNEEACC1_1,ANNEEACC1_2,ANNEEACC1_3,ANNEEACC1_4,ANNEEACC1_5,NBACC2,ACCFREQUENCE2,ANNEEACC2_1,ANNEEACC2_2,ANNEEACC2_3,ANNEEACC2_4,ANNEEACC2_5,NBACC3,ACCFREQUENCE3,ANNEEACC3_1,ANNEEACC3_2,ANNEEACC3_3,ANNEEACC3_4,ANNEEACC3_5,NBACC4,ACCFREQUENCE4,ANNEEACC4_1,ANNEEACC4_2,ANNEEACC4_3,ANNEEACC4_4,ANNEEACC4_5,NBACC5,ACCFREQUENCE5,ANNEEACC5_1,ANNEEACC5_2,ANNEEACC5_3,ANNEEACC5_4,ANNEEACC5_5,NBACC6,ACCFREQUENCE6,ANNEEACC6_1,ANNEEACC6_2,ANNEEACC6_3,ANNEEACC6_4,ANNEEACC6_5,NBACC7,ACCFREQUENCE7,ANNEEACC7_1,ANNEEACC7_2,ANNEEACC7_3,ANNEEACC7_4,ANNEEACC7_5,NBACC8,ACCFREQUENCE8,ANNEEACC8_1,ANNEEACC8_2,ANNEEACC8_3,ANNEEACC8_4,ANNEEACC8_5,NBACC9,ACCFREQUENCE9,ANNEEACC9_1,ANNEEACC9_2,ANNEEACC9_3,ANNEEACC9_4,ANNEEACC9_5,NBACC10,ACCFREQUENCE10,ANNEEACC10_1,ANNEEACC10_2,ANNEEACC10_3,ANNEEACC10_4,ANNEEACC10_5,NBACC11,ACCFREQUENCE11,ANNEEACC11_1,ANNEEACC11_2,ANNEEACC11_3,ANNEEACC11_4,ANNEEACC11_5,NBACC12,ACCFREQUENCE12,ANNEEACC12_1,ANNEEACC12_2,ANNEEACC12_3,ANNEEACC12_4,ANNEEACC12_5,NBACC13,ACCFREQUENCE13,ANNEEACC13_1,ANNEEACC13_2,ANNEEACC13_3,ANNEEACC13_4,ANNEEACC13_5,NBACC14,ACCFREQUENCE14,ANNEEACC14_1,ANNEEACC14_2,ANNEEACC14_3,ANNEEACC14_4,ANNEEACC14_5,AUTRESACC,NBAUTRESACC,TOTAL_AC,ANNEEAUTREACC1,ANNEEAUTREACC2,ANNEEAUTREACC3,ANNEEAUTREACC4,ANNEEAUTREACC5,LIEUAUTREACC1,LIEUAUTREACC2,LIEUAUTREACC3,LIEUAUTREACC4,LIEUAUTREACC5,DESCRIPTIONAUTRESACC1,DESCRIPTIONAUTRESACC2,DESCRIPTIONAUTRESACC3,DESCRIPTIONAUTRESACC4,DESCRIPTIONAUTRESACC5,NBAUTRESACCCIRCUIT,NBAUTRESTOUTTERRAIN,EXPCYCLO,EXP125,EXPSUP125,ACCORDNEXTQ,CHOIXACC,RGPMTACC,RECUPANNEE,RECUPLIEU,RECUPANNE,RGPMTAC,CHOIX1,CHOIX2,CHOIX3,CHOIX4,CHOIX5,CHOIX6,CHOIX7,DESCRIPTION,RUPTURE,FAITS,ABS_REACTION,AUTRE_REACTION,PRECISIONREACTIONOUI,RECUL,PRECISIONREACTIONNON,IMPACTCOMPORTEMENT,AUTREUSAGER,REACTIONAUTREUSAGER,CONNAISSANCEREACTIONUSAGER,DIFFICULTES,AGGRAVATION,DIFFICULTES2,EMOTIONS1,EMOTIONS2,EMOTIONS3,EMOTIONS4,EMOTIONS5,EMOTIONS6,AUTRESENTIMENT,CLASSEMENTEMOTIONS1,CLASSEMENTEMOTIONS,CLASSEMENTEMOTIONS5,CLASSEMENTEMOTIONS6,CLASSEMENTEMOTIONS7,CLASSEMENTEMOTIONS8,CLASSEMENTEMOTIONS9,EXPLICATIONRESSENTI,BIENEQUIPE,ALLURE,ALLUREVITEDETAIL,ALLURELENTEDETAIL,SITUATIONPRESSE,SITUATIONDISTRAIT,SITUATIONCONFIANT,SITUATIONCONTROLE,SITUATIONLUDIQUE,SITUATIONPERF,SITUATIONSTRESS,SITUATIONFATIGUE,HUMEURNEUTRE,HUMEURGAI,HUMEURMECONTENT,HUMEURTRISTE,HUMEURCOLERE,CONTRIBUTION1,CONTRIBUTION2,CONTRIBUTION3,CONTRIBUTION4,CONTRIBUTION5,CONTRIBUTION6,CONTRIBUTION7,CONTRIBUTION8,CONTRIBUTION9,ROLEINFRA,ELEMENTINFRA1,ELEMENTINFRA2,ELEMENTINFRA3,ELEMENTINFRA4,ELEMENTINFRA5,ELEMENTINFRA6,ELEMENTINFRA7,ELEMENTINFRA8,ELEMENTINFRA9,ALCOOL,TXALCOOL,STUP,SEMAINE,MOMENTJOURNEE,TEMPS,CAUSEACC1,CAUSEACC2,CAUSEACC3,CAUSEACC4,CAUSEACC5,FORMATIONCAUSE,FORMATION1,FORMATION2,FORMATION3,FORMATION4,FORMATION5,TRAFIC,CHAUSSEE1,CHAUSSEE2,CHAUSSEE3,CHAUSSEE4,TYPEACC,BLESSURE,TETE,COU,THORAX,MEMBRESSUP,COLONNE,BASSIN,MEMBRESINF,HOPITAL,PLUS24H,TRAJET,TYPEROUTE,MOTIF,SENSTRAJET,PASSAGER,VITESSE,DESCEQ1,DESCEQ2,DESCEQ3,DESCEQ4,DESCEQ5,DESCEQ6,DESCEQ7,DESCEQ8,DESCEQ9,DESCEQ10,VEHICULEETE,VEHICULEAUTOMNE,VEHICULEPRINTEMPS,VEHICULEHIVER,VEHICULESEMAINE,VEHICULEWE,VEHMARQUE,VEHCYLINDREE,VEHMODELE,VEHSEGMENT,VEHSIDE,EQ2RMABS,EQ2RMCBS,EQ2RMABSCBS,EQ2RMREGULATEUR,EQ2RMLIMITEUR,EQ2RMPHARESDIRECT,EQ2RMCOUPURE,EQ2RMANTIPATINAGE,EQ2RMANTIXHEELING,EQ2RMSTABILILTE,VEHKM,POINTS,DUREE,AUTRE2RM,VEHPRECMARQUE,VEHPRECCYLINDREE,VEHPRECMODELE,VEHPRECSEGMENT,VEHPRECSIDE,TEMPS2RMPREC,FREQVEHPREC,DATE_NAISS,CSP,SOCIETAIRE,SALARIE,SECTEUR2RM,NBPERSFOYER,SITFAM,NBENF,TRNBENF1,TRNBENF2,TRNBENF3,TRNBENF4,NBAUTOFOYER,NBCYCLOFOYER,NBSCOOTFOYER,NBMOTOFOYER,NBTRIKEFOYER,NB2RMCONDUIT,MARQUE1,CYLINDREE1,MODELE1,SEGMENT1,SIDE1,ANMISECIRCU1,ASS1,FREQ1,USAGE1,NBKM1,GARAGE1,MARQUE2,CYLINDREE2,MODELE2,SEGMENT2,SIDE2,ANMISECIRCU2,ASS2,FREQ2,USAGE2,NBKM2,GARAGE2,MARQUE3,CYLINDREE3,MODELE3,SEGMENT3,SIDE3,ANMISECIRCU3,ASS3,FREQ3,USAGE3,NBKM3,GARAGE3,MARQUE4,CYLINDREE4,MODELE4,SEGMENT4,SIDE4,ANMISECIRCU4,ASS4,FREQ4,USAGE4,NBKM4,GARAGE4,MARQUE5,CYLINDREE5,MODELE5,SEGMENT5,SIDE5,ANMISECIRCU5,ASS5,FREQ5,USAGE5,NBKM5,GARAGE5,NBKMTOT,PERMIS1,PERMIS2,PERMIS3,PERMIS4,PERMIS5,PERMIS6,PERMIS7,PERMIS8,PERMIS9,ANPERMIS1,ANPERMIS6,ANPERMIS7,ANPERMIS2,ANPERMIS3,ANPERMIS8,ANPERMIS9,ANPERMIS4,ANPERMIS5,,,
2005,5780,,1,0,4,,,,,,0,5,,,,,,0,5,,,,,,0,2,,,,,,0,5,,,,,,0,3,,,,,,0,2,,,,,,0,6,,,,,,0,5,,,,,,0,3,,,,,,0,4,,,,,,0,4,,,,,,0,4,,,,,,0,5,,,,,,0,,0,,,,,,,,,,,,,,,,,,0,0,19,1,,NRP,,,,,,,,,,,,,,,,,,,,,,,,,,,,,,,,,,,,,,,,,,,,,,,,,,,,,,,,,,,,,,,,,,,,,,,,,,,,,,,,,,,,,,,,,,,,,,,,,,,,,,,,,,,,,,,,,,,,,,,,,,,,,,,,,,,,,,,,,,,,,,,,,,,,,,,,,,,,,,,06JUN1972,5,2,3,2,7,4,5,NRP,,,,1,0,0,1,0,1,SUZUKI,650,GSX-F,Routière / GT,2,2008,40,1,2,30000,7,,,,,,,,,,,,,,,,,,,,,,,,,,,,,,,,,,,,,,,,,,,,,30000,3,4,,,,,,,,NRP,NRP,NRP,NRP,1996,NRP,NRP,1991,NRP,,,
866,5782,,0,,,,,,,,,,,,,,,,,,,,,,,,,,,,,,,,,,,,,,,,,,,,,,,,,,,,,,,,,,,,,,,,,,,,,,,,,,,,,,,,,,,,,,,,,,,,,,,,,,,,,,,,,,,,,,,,,,,,,,,,,,,,,,,,,,,,,,,,,,,,,,,,,,,,,,,,,,,,,,,,,,,,,,,,,,,,,,,,,,,,,,,,,,,,,,,,,,,,,,,,,,,,,,,,,,,,,,,,,,,,,,,,,,,,,,,,,,,,,,,,,,,,,,,,,,,,,,,,,,,,,,,,,,,,,,,,,,,,,,,,,,,14APR1965,7,1,3,2,4,4,2,NRP,,,,2,1,1,2,0,2,PIAGGIO,125,X9,SCOOTER,2,2007,37,1,2,6000,7,HARLEY-DAVIDSON,883,SPORTSTER,ROADSTER,2,2004,37,3,1,5000,7,,,,,,,,,,,,,,,,,,,,,,,,,,,,,,,,,,11000,4,3,,,,,,,,NRP,NRP,NRP,NRP,1995,NRP,NRP,1985,NRP,,,
1363,5785,,1,0,3,,,,,,0,3,,,,,,0,3,,,,,,0,2,,,,,,0,4,,,,,,0,4,,,,,,1,3,2002,,,,,0,4,,,,,,0,4,,,,,,0,3,,,,,,0,2,,,,,,0,2,,,,,,0,2,,,,,,0,2,,,,,,1,1,2,2013,,,,,Juan Les Pins,,,,,"En sortant d'une rond-point a 2 voies, un autre vehicule a emprunte la sortie au meme temps que moi, et on a eu une collision. Il faut dire que l'autre vehicule a ete consideree comme responsable, et sa assurance a paie' toutes mes degats.",,,,,1,0,20,2,18,1,31,7,2002,,,,,,,,,,,,,,,,,,,,,,,,,,,,,,,,,,,,,,,,,,,,,,,,,,,,,,,,,,,,,,,,,,,,,,,,,,,,,,,,,,,,,,,,,,,,,,,,,,,,,,,,,,,,,,,,,,,,,,,,,,,,,,,,,,,,,,,,,,,,,,,,,,,,,,,,,,,,,,01MAY1969,7,1,3,2,3,4,1,NRP,,,,1,0,0,1,0,1,YAMAHA,600,FZ6-N,ROADSTER,2,2005,37,1,2,7000,4,,,,,,,,,,,,,,,,,,,,,,,,,,,,,,,,,,,,,,,,,,,,,7000,3,,,,,,,,,NRP,NRP,NRP,NRP,1988,NRP,NRP,NRP,NRP,,,
1367,5786,,1,0,3,,,,,,0,4,,,,,,0,3,,,,,,0,3,,,,,,3,6,1982,1983,2001,,,0,5,,,,,,0,4,,,,,,0,3,,,,,,0,3,,,,,,0,3,,,,,,0,3,,,,,,0,3,,,,,,0,3,,,,,,3,5,1982,1983,2001,,,0,,6,,,,,,,,,,,,,,,,,,2,2,34,1,23,5,2001,,,,,,,,,,,,,,,,,,,,,,,,,,,,,,,,,,,,,,,,,,,,,,,,,,,,,,,,,,,,,,,,,,,,,,,,,,,,,,,,,,,,,,,,,,,,,,,,,,,,,,,,,,,,,,,,,,,,,,,,,,,,,,,,,,,,,,,,,,,,,,,,,,,,,,,,,,,,,,04AUG1961,6,2,3,1,4,2,3,NRP,,,,1,1,0,2,0,2,BMW,1200,R1200GS ADVENTURE ABS,TRAIL / SUPERMOTARD,2,2008,29,1,2,25000,7,BMW,800,R80GS MONOLEVER,TRAIL / SUPERMOTARD,2,1983,37,2,1,5000,7,,,,,,,,,,,,,,,,,,,,,,,,,,,,,,,,,,30000,2,3,4,,,,,,,NRP,NRP,NRP,1978,1981,NRP,NRP,1981,NRP,,,
903,5787,135,1,0,6,,,,,,0,5,,,,,,0,5,,,,,,0,5,,,,,,0,5,,,,,,0,5,,,,,,0,3,,,,,,0,5,,,,,,1,5,2010,,,,,0,5,,,,,,0,3,,,,,,0,4,,,,,,0,5,,,,,,0,2,,,,,,1,2,3,2010,2010,,,,Tours,Millau,,,,Je suis tombé à un rond-point (trace de gazoil)par forte pluie alors que je suivais une voiture,Je me garais sur un parking de supermarché quand j'ai été fauché par un véhicule venant de ma droite,,,,0,0,3,10,8,1,71,15,2010,Tours,2010,Autre(s) type(s) d'accident(s).,6,,,,,,,"Retour de vacances par grande pluie ; nous nous rendons chez des amis près de Tours. La route comporte plusieurs ronds-points. J'en passe deux à petite vitesse (20 km/h) avec succès et quand je m'engage sur le troisième, suivant une voiture et précédent une autre, au milieu du rond-point, la moto se couche brusquement sur le côté gauche. Cela est dû certainement à un raccord mal fait entre les deux bandes de bitume, à des traces de gazoil et peut-être à la qualité de mes pneus trail (Metzeler Tourance montés d'origine) J'ai eu très peur car je craignais de me faire percuter par la voiture qui me suivait. Heureusement, elle a pu s'arrêter à temps (ABS ?)","Comme dit précédemment, pluie forte, pneus inadéquats, moto chargée, mauvais raccord de bitume et traces de gazoil","Je me suis relevé très vite malgré une forte douleur au genou et me suis assuré que ma passagère était indemne, ce qui était le cas. Je n'ai pas eu le temps de faire quoi que ce soit à moto ; elle est brusquement tombée et je n'ai rien pu faire",NRP,0,,,Je roulais en état d'alerte maximale compte tenu des conditions météo. J'avais adapté ma vitesse puisque je roulais encore moins vite que les voitures et particulièrement dans les ronds-points,2,1,2,,NSP,2,"Ma passagère était ""passive"" et le plus neutre possible pour me permettre de virer avec le maximum de sécurité",7,,,,,,,,,,,,,,,2,3,,,1,1,2,3,1,1,1,2,1,5,5,5,5,10,,,,,,,,,1,3,5,,,,,,,2,2,,2,2,1,2,0,0,0,50,50,2,,,,,,2,2,6,,,2,1,7,,,,,,,0,,3,2,3,,1,20,1,10,2,3,4,7,,,,,4,2,3,2,2,3,YAMAHA,660,XT-Z TENERE,TRAIL / SUPERMOTARD,2,1,1,1,1,1,1,1,1,1,1,6000,12,2,1,KAWASAKI,650,VERSYS,ROADSTER,2,4,3,01JUL1960,5,1,3,2,4,4,2,NRP,,,,1,0,0,2,0,2,YAMAHA,660,XT-Z TENERE,TRAIL / SUPERMOTARD,2,2010,37,2,1,10000,7,HONDA,125,VARADERO,TRAIL / SUPERMOTARD,2,2002,37,2,2,5000,7,,,,,,,,,,,,,,,,,,,,,,,,,,,,,,,,,,15000,2,3,4,,,,,,,NRP,NRP,NRP,1977,2008,NRP,NRP,1979,NRP,,,
916,5790,,0,,,,,,,,,,,,,,,,,,,,,,,,,,,,,,,,,,,,,,,,,,,,,,,,,,,,,,,,,,,,,,,,,,,,,,,,,,,,,,,,,,,,,,,,,,,,,,,,,,,,,,,,,,,,,,,,,,,,,,,,,,,,,,,,,,,,,,,,,,,,,,,,,,,,,,,,,,,,,,,,,,,,,,,,,,,,,,,,,,,,,,,,,,,,,,,,,,,,,,,,,,,,,,,,,,,,,,,,,,,,,,,,,,,,,,,,,,,,,,,,,,,,,,,,,,,,,,,,,,,,,,,,,,,,,,,,,,,,,,,,,,,21DEC1986,7,2,3,2,1,1,,NRP,,,,1,0,0,1,0,1,APRILIA,1000,RS-V MILLE R,SPORTIVE,2,2006,33,3,1,5000,7,,,,,,,,,,,,,,,,,,,,,,,,,,,,,,,,,,,,,,,,,,,,,5000,4,3,,,,,,,,NRP,NRP,NRP,NRP,2008,NRP,NRP,2006,NRP,,,
245,5791,211,1,2,6,2006,2011,,,,0,4,,,,,,0,4,,,,,,0,3,,,,,,0,5,,,,,,0,5,,,,,,0,4,,,,,,0,4,,,,,,0,4,,,,,,0,5,,,,,,0,3,,,,,,0,2,,,,,,0,2,,,,,,0,3,,,,,,0,,2,,,,,,,,,,,,,,,,,,0,3,8,1,2,1,2011,,2011,Vous circuliez sur un axe prioritaire. Un autre véhicule arrivant sur le même axe en sens opposé vous a coupé la route en tournant à gauche.,6,AUT|celui qui m'a empêché de marcher le plus longtemps,,,,,,"La personne s'est retrouvé devant moi alors que j'étais seulement à 30 km/h mais (et c'est là le problème) j'étais en pleine accélération en 1ere. C'est le pire cas lorsqu'il faut s'arrêter. Bref, ça a tapé, et hop : un an et demi sans marcher. Une fois de plus, le danger de la moto n'est pas la moto elle-même, mais tout ce qu'il y a autour.","Je me suis retrouvé en phase d'accélération, face à une voiture qui tournait à gauche (rejoignant donc ma file, dans mon sens). J'ai planté les freins, et comme ça n'a pas changé grand chose, j'ai tenté un évitement, mais j'étais déjà sur la voiture. J'ai clairement été surpris dans mon départ (j'étais arrêté à un feu rouge à la base).","La femme en voiture s'est avancée sans visibilité, et a pilé lorsqu'elle m'a vu. Bien sûr, elle a pilé juste devant moi. Lors que j'ai freiné, l'accélération a fait perdre immédiatement l'adhérence à la moto. J'ai dû relâcher les freins pour essayer un évitement, mais c'était déjà trop tard. Je me rappelle d'ailleurs avoir vu deux motard qui criaient en mettant leurs mains sur la tête avant de voler par dessus la voiture. Ma jambe a brisé la vitre passager de la conductrice dans un fracas énorme. Je me rappelle qu'elle était en état de choc dans sa voiture. Ensuite, Marseille oblige, tous les gros cons à 4 roues ont forcé le passage en klaxonnant, passant pour certains à quelques cm de ma tête. Vous comprenez, un motard qui se roule par terre à 08h30 du matin, ça va mettre tout le monde en retard...",NRP,1,J'aurais peut être pu ne pas freiner et tenter un évitement directement.,"La réaction normale lorsqu'un danger se présente, est de tenter de freiner. Avec l'expérience, on arrive à faire autre chose que freiner directement. D'ailleurs, je n'ai pas envie de rencontrer une autre voiture pour voir si j'ai raison ou non.",,2,1,1,1,"La personne s'est avancée relativement prudemment entre deux voitures arrêtées à un feu rouge. Elle n'avait aucune visibilité. Une fois devant moi, elle a eu le (mauvais) réflexe de s'arrêter.",1,"1 - Si elle avait attendu d'avoir la visibilité, ça ne serait pas arrivé 2 - même sans visibilité, si elle avait accéléré fort j'aurais eu moins d'obstacle devant moi (une voiture vue de dos aurait été plus simple à éviter qu'une voiture en travers).",2,6,9,,,,"j'ai pensé très fort : ""putain ! cette fois ça tape""",,1,,,,2,3,"Un véhicule qui surgit d""un parking est une surprise. Ni plus, ni moins.",4,3,,,1,2,4,3,3,1,1,2,4,4,2,4,2,10,,,,,,,,,2,,,,,,,,,2,2,,2,1,1,1,1,99,0,0,0,2,,,,,,2,1,,,,2,1,2,7,,,,,,1,1,1,1,1,2,0,30,1,10,2,3,4,7,,,,,4,4,4,4,NRP,4,SUZUKI,500,GS-E CARENEE,ROADSTER,2,2,2,2,2,2,2,2,2,2,2,6000,12,2,1,DAELIM,100,"ALTINO ""A.S""",ROADSTER,2,4,1,26DEC1984,7,1,3,2,2,3,,NRP,,,,1,0,0,1,0,1,DUCATI,796,HYPERMOTARD,TRAIL / SUPERMOTARD,2,2012,37,1,2,12000,6,,,,,,,,,,,,,,,,,,,,,,,,,,,,,,,,,,,,,,,,,,,,,12000,3,4,,,,,,,,NRP,NRP,NRP,NRP,2006,NRP,NRP,2003,NRP,,,
1640,5792,,1,0,5,,,,,,0,4,,,,,,0,4,,,,,,0,3,,,,,,0,2,,,,,,0,3,,,,,,0,5,,,,,,0,5,,,,,,0,5,,,,,,0,5,,,,,,0,3,,,,,,0,2,,,,,,0,3,,,,,,1,5,2000,,,,,1,1,2,1999,,,,,Castanet Tolosa,,,,,"Je n'ai pas vu un feu rouge, je l'ai grillé, une voiture m'a percuté.",,,,,0,0,2,3,20,1,66,14,2000,,,,,,,,,,,,,,,,,,,,,,,,,,,,,,,,,,,,,,,,,,,,,,,,,,,,,,,,,,,,,,,,,,,,,,,,,,,,,,,,,,,,,,,,,,,,,,,,,,,,,,,,,,,,,,,,,,,,,,,,,,,,,,,,,,,,,,,,,,,,,,,,,,,,,,,,,,,,,,31AUG1963,5,2,3,2,5,4,3,NRP,,,,2,0,0,2,0,2,MOTO GUZZI,1200,BREVA ABS,ROADSTER,2,2008,18,1,2,11000,7,SUZUKI,650,GLADIUS,ROADSTER,2,2009,18,4,2,100,7,,,,,,,,,,,,,,,,,,,,,,,,,,,,,,,,,,11100,3,4,,,,,,,,NRP,NRP,NRP,NRP,1992,NRP,NRP,1982,NRP,,,
2127,5793,,1,0,3,,,,,,0,4,,,,,,0,3,,,,,,0,2,,,,,,1,4,2005,,,,,0,3,,,,,,0,3,,,,,,0,4,,,,,,1,4,2010,,,,,0,2,,,,,,0,2,,,,,,0,2,,,,,,0,2,,,,,,0,3,,,,,,0,,2,,,,,,,,,,,,,,,,,,11,0,11,1,21,5,2005,,,,,,,,,,,,,,,,,,,,,,,,,,,,,,,,,,,,,,,,,,,,,,,,,,,,,,,,,,,,,,,,,,,,,,,,,,,,,,,,,,,,,,,,,,,,,,,,,,,,,,,,,,,,,,,,,,,,,,,,,,,,,,,,,,,,,,,,,,,,,,,,,,,,,,,,,,,,,,27JAN1975,5,2,3,2,5,4,3,NRP,,,,2,0,0,1,0,1,KAWASAKI,1000,Z1000J,ROADSTER,2,2008,28,2,2,7000,7,,,,,,,,,,,,,,,,,,,,,,,,,,,,,,,,,,,,,,,,,,,,,7000,2,3,4,,,,,,,NRP,NRP,NRP,1994,1999,NRP,NRP,1994,NRP,,,
565,5795,,0,,,,,,,,,,,,,,,,,,,,,,,,,,,,,,,,,,,,,,,,,,,,,,,,,,,,,,,,,,,,,,,,,,,,,,,,,,,,,,,,,,,,,,,,,,,,,,,,,,,,,,,,,,,,,,,,,,,,,,,,,,,,,,,,,,,,,,,,,,,,,,,,,,,,,,,,,,,,,,,,,,,,,,,,,,,,,,,,,,,,,,,,,,,,,,,,,,,,,,,,,,,,,,,,,,,,,,,,,,,,,,,,,,,,,,,,,,,,,,,,,,,,,,,,,,,,,,,,,,,,,,,,,,,,,,,,,,,,,,,,,,,22MAY1991,7,1,3,2,2,3,,NRP,,,,1,0,0,1,0,1,YAMAHA,600,FZ6-N,ROADSTER,2,2008,37,2,1,4000,7,,,,,,,,,,,,,,,,,,,,,,,,,,,,,,,,,,,,,,,,,,,,,4000,1,2,3,4,7,,,,,2007,NRP,2010,2011,2011,NRP,NRP,2010,NRP,,,
530,5796,,1,0,3,,,,,,0,5,,,,,,1,4,1989,,,,,0,3,,,,,,0,4,,,,,,0,3,,,,,,0,3,,,,,,0,4,,,,,,3,5,2003,2001,2009,,,0,2,,,,,,0,3,,,,,,0,1,,,,,,1,5,2002,,,,,1,3,1990,,,,,1,1,7,1988,,,,,Reims,,,,,"une voiture, garée et arrêtée (trottoir de droite), à démarré et à entrepris de faire demi tour devant moi quand je suis arrivé à sa hauteur.   voiture au marbre  moto à la casse moi que des bleus profonds , j'ai été arrété par le guidon mon passager à fait 20 ou 30 mètres, blessé au genou moto 125 cm3",,,,,0,0,3,2,24,1,71,15,1988,Reims,,,,,,,,,,,,,,,,,,,,,,,,,,,,,,,,,,,,,,,,,,,,,,,,,,,,,,,,,,,,,,,,,,,,,,,,,,,,,,,,,,,,,,,,,,,,,,,,,,,,,,,,,,,,,,,,,,,,,,,,,,,,,,,,,,,,,,,,,,,,,,,,,,,,,,,,,,,,,19MAR1966,4,1,3,2,1,1,,NRP,,,,0,0,0,2,0,1,BMW,1200,R1200GS,TRAIL / SUPERMOTARD,2,2007,37,1,2,20000,7,,,,,,,,,,,,,,,,,,,,,,,,,,,,,,,,,,,,,,,,,,,,,20000,3,4,,,,,,,,NRP,NRP,NRP,NRP,1988,NRP,NRP,1984,NRP,,,
515,5803,,1,0,4,,,,,,0,5,,,,,,0,5,,,,,,0,4,,,,,,0,4,,,,,,0,6,,,,,,0,5,,,,,,0,5,,,,,,1,5,2009,,,,,0,3,,,,,,0,5,,,,,,0,4,,,,,,1,3,2000,,,,,0,5,,,,,,0,,2,,,,,,,,,,,,,,,,,,3,0,15,0,,NRP,,,,,,,,,,,,,,,,,,,,,,,,,,,,,,,,,,,,,,,,,,,,,,,,,,,,,,,,,,,,,,,,,,,,,,,,,,,,,,,,,,,,,,,,,,,,,,,,,,,,,,,,,,,,,,,,,,,,,,,,,,,,,,,,,,,,,,,,,,,,,,,,,,,,,,,,,,,,,,,08AUG1979,7,1,3,2,1,1,,NRP,,,,1,2,0,2,0,6,YAMAHA,1000,R1 (YZF-R1),SPORTIVE,2,1998,37,3,1,4000,4,YAMAHA,1000,R1 (YZF-R1),SPORTIVE,2,2006,41,4,1,1500,4,YAMAHA,50,CHAPPY,ROADSTER,2,1981,41,4,1,0,4,PEUGEOT,50,TSA,ROADSTER,2,1978,41,4,1,0,4,PIAGGIO,50,CIAO,ROADSTER,2,1996,41,4,1,0,4,5500,3,4,,,,,,,,NRP,NRP,NRP,NRP,1998,NRP,NRP,1997,NRP,,,
1188,5807,414,1,0,3,,,,,,0,5,,,,,,0,4,,,,,,0,5,,,,,,2,5,1996,1997,,,,0,4,,,,,,0,2,,,,,,0,5,,,,,,0,2,,,,,,3,5,1996,1997,2006,,,0,4,,,,,,0,2,,,,,,0,5,,,,,,0,3,,,,,,1,1,6,2006,,,,,Bourges,,,,,"sur une 2X2 voies en ville, une automobiliste a quittée une place de parking dans mon sens de circulation, a coupé les 2 voies de circulation en voulant faire un demi tour interdit (bande blanche) et m'a percuté à l'arrière droit",,,,,0,0,2,0,20,1,71,15,2006,Bourges,2006,Autre(s) type(s) d'accident(s).,3,AUT|erreur automobiliste,,,,,,"sur une route dans Bourges, 2 fois 2 voies, une automobiliste met son clignotant et démarre d'un parking sur la droite de la chaussée, je me décale sur la deuxième voie à gauche pour lui faciliter son insertion dans le trafic, au moment ou j'arrive à sa hauteur, la voiture me coupe la route pour faire un demi tour sur une bande continue après un petit terre plein central, je klaxon et la voiture contre braque mais je ne voulais pas passer sur les voies en contre sens donc impact sur l'aile avant gauche et l'arrière de ma moto, je ne tombe pas mais de justesse, la personne me dit : je sais que je n'ai pas le droit de faire cette manoeuvre mais je le fais souvent :-(",une automobiliste a voulu faire un demi tour sur une ligne blanche continue sur une 2 fois 2 voies sans regarder suffisamment dans ses rétroviseurs,"quand j'ai vu la voiture se déporter sur ma voie de circulation, un coup de klaxon, je me suis déporter sur la gauche de ma voie de circulation tout en veillant à ne pas traverser l'axe central de circulation en freinant pour tenter de m'arreter mais je n'ai pas réussi à stopper la moto avant le choc. L'automobiliste a entendu mon klaxon et à stopper sa manoeuvre de demi tour mais était déjà en travers de ma voir de circulation",NRP,0,,,comment peut-on penser qu'un automobiliste qui sort d'un parking à droite de la chaussée va couper les 2 fois 2 voies avec terre plein central et ligne continue,2,1,1,1,n'avoir pas vu ma moto arrivée dans ses retroviseurs,1,l'automobiliste savait que sa manoeuvre était interdite et dangeureuse,1,2,3,6,,,,1,2,3,,,,,la peur de tomber et de me faire mal,4,3,,,1,1,4,4,1,1,1,1,4,1,4,4,4,10,,,,,,,,,2,,,,,,,,,2,2,,2,1,1,1,0,100,0,0,0,2,,,,,,1,1,,,,1,,,,,,,,,,,2,1,3,,0,50,1,10,2,3,4,,,,,,3,3,3,2,3,3,YAMAHA,600,FZ6-S FAZER,ROADSTER,2,1,1,1,1,1,1,1,1,1,1,5000,12,4,1,KAWASAKI,500,GPZ-S,Routière / GT,null,4,3,16JAN1971,5,1,3,2,2,2,1,NRP,,,,2,0,0,1,0,1,YAMAHA,600,FZ6-S FAZER,ROADSTER,2,2004,37,2,2,8000,7,,,,,,,,,,,,,,,,,,,,,,,,,,,,,,,,,,,,,,,,,,,,,8000,3,4,,,,,,,,NRP,NRP,NRP,NRP,1993,NRP,NRP,1989,NRP,,,