Ligne,Ligne Q qualif,Ligne approfondissement Accident,ACCIDENT,NBACC1,ACCFREQUENCE1,ANNEEACC1_1,ANNEEACC1_2,ANNEEACC1_3,ANNEEACC1_4,ANNEEACC1_5,NBACC2,ACCFREQUENCE2,ANNEEACC2_1,ANNEEACC2_2,ANNEEACC2_3,ANNEEACC2_4,ANNEEACC2_5,NBACC3,ACCFREQUENCE3,ANNEEACC3_1,ANNEEACC3_2,ANNEEACC3_3,ANNEEACC3_4,ANNEEACC3_5,NBACC4,ACCFREQUENCE4,ANNEEACC4_1,ANNEEACC4_2,ANNEEACC4_3,ANNEEACC4_4,ANNEEACC4_5,NBACC5,ACCFREQUENCE5,ANNEEACC5_1,ANNEEACC5_2,ANNEEACC5_3,ANNEEACC5_4,ANNEEACC5_5,NBACC6,ACCFREQUENCE6,ANNEEACC6_1,ANNEEACC6_2,ANNEEACC6_3,ANNEEACC6_4,ANNEEACC6_5,NBACC7,ACCFREQUENCE7,ANNEEACC7_1,ANNEEACC7_2,ANNEEACC7_3,ANNEEACC7_4,ANNEEACC7_5,NBACC8,ACCFREQUENCE8,ANNEEACC8_1,ANNEEACC8_2,ANNEEACC8_3,ANNEEACC8_4,ANNEEACC8_5,NBACC9,ACCFREQUENCE9,ANNEEACC9_1,ANNEEACC9_2,ANNEEACC9_3,ANNEEACC9_4,ANNEEACC9_5,NBACC10,ACCFREQUENCE10,ANNEEACC10_1,ANNEEACC10_2,ANNEEACC10_3,ANNEEACC10_4,ANNEEACC10_5,NBACC11,ACCFREQUENCE11,ANNEEACC11_1,ANNEEACC11_2,ANNEEACC11_3,ANNEEACC11_4,ANNEEACC11_5,NBACC12,ACCFREQUENCE12,ANNEEACC12_1,ANNEEACC12_2,ANNEEACC12_3,ANNEEACC12_4,ANNEEACC12_5,NBACC13,ACCFREQUENCE13,ANNEEACC13_1,ANNEEACC13_2,ANNEEACC13_3,ANNEEACC13_4,ANNEEACC13_5,NBACC14,ACCFREQUENCE14,ANNEEACC14_1,ANNEEACC14_2,ANNEEACC14_3,ANNEEACC14_4,ANNEEACC14_5,AUTRESACC,NBAUTRESACC,TOTAL_AC,ANNEEAUTREACC1,ANNEEAUTREACC2,ANNEEAUTREACC3,ANNEEAUTREACC4,ANNEEAUTREACC5,LIEUAUTREACC1,LIEUAUTREACC2,LIEUAUTREACC3,LIEUAUTREACC4,LIEUAUTREACC5,DESCRIPTIONAUTRESACC1,DESCRIPTIONAUTRESACC2,DESCRIPTIONAUTRESACC3,DESCRIPTIONAUTRESACC4,DESCRIPTIONAUTRESACC5,NBAUTRESACCCIRCUIT,NBAUTRESTOUTTERRAIN,EXPCYCLO,EXP125,EXPSUP125,ACCORDNEXTQ,CHOIXACC,RGPMTACC,RECUPANNEE,RECUPLIEU,RECUPANNE,RGPMTAC,CHOIX1,CHOIX2,CHOIX3,CHOIX4,CHOIX5,CHOIX6,CHOIX7,DESCRIPTION,RUPTURE,FAITS,ABS_REACTION,AUTRE_REACTION,PRECISIONREACTIONOUI,RECUL,PRECISIONREACTIONNON,IMPACTCOMPORTEMENT,AUTREUSAGER,REACTIONAUTREUSAGER,CONNAISSANCEREACTIONUSAGER,DIFFICULTES,AGGRAVATION,DIFFICULTES2,EMOTIONS1,EMOTIONS2,EMOTIONS3,EMOTIONS4,EMOTIONS5,EMOTIONS6,AUTRESENTIMENT,CLASSEMENTEMOTIONS1,CLASSEMENTEMOTIONS,CLASSEMENTEMOTIONS5,CLASSEMENTEMOTIONS6,CLASSEMENTEMOTIONS7,CLASSEMENTEMOTIONS8,CLASSEMENTEMOTIONS9,EXPLICATIONRESSENTI,BIENEQUIPE,ALLURE,ALLUREVITEDETAIL,ALLURELENTEDETAIL,SITUATIONPRESSE,SITUATIONDISTRAIT,SITUATIONCONFIANT,SITUATIONCONTROLE,SITUATIONLUDIQUE,SITUATIONPERF,SITUATIONSTRESS,SITUATIONFATIGUE,HUMEURNEUTRE,HUMEURGAI,HUMEURMECONTENT,HUMEURTRISTE,HUMEURCOLERE,CONTRIBUTION1,CONTRIBUTION2,CONTRIBUTION3,CONTRIBUTION4,CONTRIBUTION5,CONTRIBUTION6,CONTRIBUTION7,CONTRIBUTION8,CONTRIBUTION9,ROLEINFRA,ELEMENTINFRA1,ELEMENTINFRA2,ELEMENTINFRA3,ELEMENTINFRA4,ELEMENTINFRA5,ELEMENTINFRA6,ELEMENTINFRA7,ELEMENTINFRA8,ELEMENTINFRA9,ALCOOL,TXALCOOL,STUP,SEMAINE,MOMENTJOURNEE,TEMPS,CAUSEACC1,CAUSEACC2,CAUSEACC3,CAUSEACC4,CAUSEACC5,FORMATIONCAUSE,FORMATION1,FORMATION2,FORMATION3,FORMATION4,FORMATION5,TRAFIC,CHAUSSEE1,CHAUSSEE2,CHAUSSEE3,CHAUSSEE4,TYPEACC,BLESSURE,TETE,COU,THORAX,MEMBRESSUP,COLONNE,BASSIN,MEMBRESINF,HOPITAL,PLUS24H,TRAJET,TYPEROUTE,MOTIF,SENSTRAJET,PASSAGER,VITESSE,DESCEQ1,DESCEQ2,DESCEQ3,DESCEQ4,DESCEQ5,DESCEQ6,DESCEQ7,DESCEQ8,DESCEQ9,DESCEQ10,VEHICULEETE,VEHICULEAUTOMNE,VEHICULEPRINTEMPS,VEHICULEHIVER,VEHICULESEMAINE,VEHICULEWE,VEHMARQUE,VEHCYLINDREE,VEHMODELE,VEHSEGMENT,VEHSIDE,EQ2RMABS,EQ2RMCBS,EQ2RMABSCBS,EQ2RMREGULATEUR,EQ2RMLIMITEUR,EQ2RMPHARESDIRECT,EQ2RMCOUPURE,EQ2RMANTIPATINAGE,EQ2RMANTIXHEELING,EQ2RMSTABILILTE,VEHKM,POINTS,DUREE,AUTRE2RM,VEHPRECMARQUE,VEHPRECCYLINDREE,VEHPRECMODELE,VEHPRECSEGMENT,VEHPRECSIDE,TEMPS2RMPREC,FREQVEHPREC,DATE_NAISS,CSP,SOCIETAIRE,SALARIE,SECTEUR2RM,NBPERSFOYER,SITFAM,NBENF,TRNBENF1,TRNBENF2,TRNBENF3,TRNBENF4,NBAUTOFOYER,NBCYCLOFOYER,NBSCOOTFOYER,NBMOTOFOYER,NBTRIKEFOYER,NB2RMCONDUIT,MARQUE1,CYLINDREE1,MODELE1,SEGMENT1,SIDE1,ANMISECIRCU1,ASS1,FREQ1,USAGE1,NBKM1,GARAGE1,MARQUE2,CYLINDREE2,MODELE2,SEGMENT2,SIDE2,ANMISECIRCU2,ASS2,FREQ2,USAGE2,NBKM2,GARAGE2,MARQUE3,CYLINDREE3,MODELE3,SEGMENT3,SIDE3,ANMISECIRCU3,ASS3,FREQ3,USAGE3,NBKM3,GARAGE3,MARQUE4,CYLINDREE4,MODELE4,SEGMENT4,SIDE4,ANMISECIRCU4,ASS4,FREQ4,USAGE4,NBKM4,GARAGE4,MARQUE5,CYLINDREE5,MODELE5,SEGMENT5,SIDE5,ANMISECIRCU5,ASS5,FREQ5,USAGE5,NBKM5,GARAGE5,NBKMTOT,PERMIS1,PERMIS2,PERMIS3,PERMIS4,PERMIS5,PERMIS6,PERMIS7,PERMIS8,PERMIS9,ANPERMIS1,ANPERMIS6,ANPERMIS7,ANPERMIS2,ANPERMIS3,ANPERMIS8,ANPERMIS9,ANPERMIS4,ANPERMIS5,,,
1922,5810,,0,,,,,,,,,,,,,,,,,,,,,,,,,,,,,,,,,,,,,,,,,,,,,,,,,,,,,,,,,,,,,,,,,,,,,,,,,,,,,,,,,,,,,,,,,,,,,,,,,,,,,,,,,,,,,,,,,,,,,,,,,,,,,,,,,,,,,,,,,,,,,,,,,,,,,,,,,,,,,,,,,,,,,,,,,,,,,,,,,,,,,,,,,,,,,,,,,,,,,,,,,,,,,,,,,,,,,,,,,,,,,,,,,,,,,,,,,,,,,,,,,,,,,,,,,,,,,,,,,,,,,,,,,,,,,,,,,,,,,,,,,,,02DEC1971,7,2,3,2,3,4,1,NRP,,,,2,0,0,1,0,1,YAMAHA,1300,FJR,Routière / GT,2,2003,16,2,1,10000,7,,,,,,,,,,,,,,,,,,,,,,,,,,,,,,,,,,,,,,,,,,,,,10000,3,4,,,,,,,,NRP,NRP,NRP,NRP,1996,NRP,NRP,1989,NRP,,,
531,5818,451,1,0,2,,,,,,0,6,,,,,,0,5,,,,,,0,5,,,,,,0,3,,,,,,0,6,,,,,,0,2,,,,,,0,2,,,,,,0,4,,,,,,0,4,,,,,,0,4,,,,,,0,2,,,,,,0,4,,,,,,0,2,,,,,,1,2,2,2005,2009,,,,A12,Chatillon,,,,"Remonte file trop rapide sur A12 bouchée. Une voiture déboite violement de voie 3  à 2, sans raison apparante le trou dans la file de droite étais trop limite pour s'y attendre, moi trop vite aussi, doncinévitable. Choc lateral Droit et gauche sur 2 voitures, pas de chute, et jambes protegé par le moteur flat de ma BMW","En deboitant par la droite pour remonter une file de voiture via la voie de bus, au moment ou je deboite le boudin au sol (non signalé) qui délimité la voie de bus debute, ma roue avant se prend dans le boudin, chute. Vitesse lente, sans grativté.",,,,0,0,16,5,11,1,71,15,2005,A12,2005,Autre(s) type(s) d'accident(s).,4,AUT|Le plus interressant,,,,,,"La remontée de file n'est pas dangereuse en soit, il faut juste savoir anticiper tout les mouvement potentiels, et toujours avoir prevus une echapatoire de sauvegarde. Ceci passe par une vitesse interfile contenue, une experience de lecture de la circulation.  Il reste une part d'aléatoire, ca coup ci le deboitement à été trop violent, pas de chance d'etre la au mauvais moment.  Ma vitesse interfile ce jour la était aussi trop rapide.  La partie interressante a aussi été la protection des jambes grace a l'architecture moteur. Merci le flat BMW, jamais je ne te quiterais.","Ca fait très longtemps que je n'avais pas eu de frayeurs, ces frayeurs qu'on ne devrait jamais avoir parceque si on en a c'est qu'on a pas su lire la circulation.   Frayeurs = remise en cause de sa conduite.   Ces cas de frayeur sons en général sans frais grace aux marges de sécurité que l'on prevois pour gérer l'imprévu.   Ce jour là, roulage interfile un peu rapide car temps sec, préssé et esprit occupé, mauvaise lecture de la circulation (j'ai pas vu le petit trou de file) et déboitement inhabituellement violent d'une voiture (des voiture pleine de jeunes excités).  La violence inhabituelle du déboitement fait que la marge de sécurité prévue ne suffit pas, inévitablement ca touche, l'avertissement n'est donc pas sans frais, mais frais materiels uniquements.  Marge de sécurité trop limite + le caractere inhabituelle d'un deboitement voiture violent = ca touche.  En 20 ans de conduite 2roues je n'ai jamais rencontré un autre déboitement aussi violent.  Sans marge de sécurité le carton aurait put etre bcp plus grave, mais la probabilité de tomber sur un deboitement aussi violent etre tres rare.","Roulage interfile un peu rapide car temps sec.  Je prevois ma marge de sécurité habituelle avec laquelle je n'ai habituellement pas de probleme a gerer l'imprevus.  Un deboitement de voiture imprevus arrive par la gauche, je ne l'avait pas detecté, mauvaise lecture, ici se trouve mon erreur mageure.  Temps sec c'est bon, je freine et je tente l'evitement, mais le deboitement est trop violent, malgres ma marge de sécurité prévue je touche quand meme l'avant de la voiture.  Je suis desequilibré et projeté sur une voiture de la file de droite.  Ce deuxieme choc sur la deuxiemme voiture me reéquilibre par miracle, je fini alors l'arret, sur ma moto, guidon bien en main, et j'ai rien !!! Entre le choc et l'arret je pense qu'il y a meme pas 10 metres.  Dans l'histoire seul la moto à touché les voitures, merci le moteur flat BMW, et les 2 valises ont sauté.",NRP,0,,,"Ici c'était inevitable, j'ai réagis au mieux. Ce qui est en cause c'est mon erreur de lecture de la circulation et la violence du deboitement.",2,1,NSP,,Pas sur que le coupable du déboitement ai vu quoique ce soit avant le choc.,1,Le coupable du déboitement aurait déboité de maniere fluide comme tout le monde il n'y aurait pas eu de choc.,1,2,,,,,,2,1,,,,,,Caractere inhabituel de la violence du déboitement.,3,1,3,,4,3,3,4,1,1,1,1,1,4,4,4,4,3,,,,,,,,,2,,,,,,,,,2,2,,2,1,1,1,40,60,0,0,0,2,,,,,,3,1,,,,1,,,,,,,,,,,1,3,1,2,0,45,1,10,2,4,,,,,,,4,4,4,4,4,4,BMW,1150,R1150RT,Routière / GT,2,0,0,0,1,1,1,1,1,1,1,80000,12,4,1,BMW,850,R850RT,Routière / GT,2,4,4,25NOV1974,5,2,3,2,1,1,,NRP,,,,1,0,0,1,0,1,BMW,1150,R1150RT,Routière / GT,2,2003,28,1,2,15000,4,,,,,,,,,,,,,,,,,,,,,,,,,,,,,,,,,,,,,,,,,,,,,15000,2,3,4,,,,,,,NRP,NRP,NRP,2002,2002,NRP,NRP,1997,NRP,,,
1802,5820,,0,,,,,,,,,,,,,,,,,,,,,,,,,,,,,,,,,,,,,,,,,,,,,,,,,,,,,,,,,,,,,,,,,,,,,,,,,,,,,,,,,,,,,,,,,,,,,,,,,,,,,,,,,,,,,,,,,,,,,,,,,,,,,,,,,,,,,,,,,,,,,,,,,,,,,,,,,,,,,,,,,,,,,,,,,,,,,,,,,,,,,,,,,,,,,,,,,,,,,,,,,,,,,,,,,,,,,,,,,,,,,,,,,,,,,,,,,,,,,,,,,,,,,,,,,,,,,,,,,,,,,,,,,,,,,,,,,,,,,,,,,,,01JAN1964,5,1,3,2,5,4,3,NRP,,,,2,0,0,1,0,1,TRIUMPH,955,TIGER,TRAIL / SUPERMOTARD,2,2001,37,2,2,5000,AUT|sous sol maison,,,,,,,,,,,,,,,,,,,,,,,,,,,,,,,,,,,,,,,,,,,,,5000,2,3,4,,,,,,,NRP,NRP,NRP,1982,1985,NRP,NRP,1982,NRP,,,
1497,5821,,1,1,4,2014,,,,,0,5,,,,,,1,5,2014,,,,,0,3,,,,,,0,5,,,,,,0,4,,,,,,0,2,,,,,,1,3,2012,,,,,0,3,,,,,,0,3,,,,,,0,3,,,,,,0,2,,,,,,0,2,,,,,,0,3,,,,,,1,1,4,2002,,,,,Digne,,,,,"En ville le matin, dans une chicane encore à l'ombre, la route était givrée. Perte de contrôle en penchant légèrement. Glissade et le 2 roues s'est arrêté sur le terre plein central du passage piéton.",,,,,0,0,3,4,3,1,1,1,2014,,,,,,,,,,,,,,,,,,,,,,,,,,,,,,,,,,,,,,,,,,,,,,,,,,,,,,,,,,,,,,,,,,,,,,,,,,,,,,,,,,,,,,,,,,,,,,,,,,,,,,,,,,,,,,,,,,,,,,,,,,,,,,,,,,,,,,,,,,,,,,,,,,,,,,,,,,,,,,01JAN1986,4,2,3,2,2,3,,NRP,,,,2,0,0,1,0,1,YAMAHA,600,FZ6-S FAZER,ROADSTER,2,2009,28,1,2,8000,7,,,,,,,,,,,,,,,,,,,,,,,,,,,,,,,,,,,,,,,,,,,,,8000,1,3,4,,,,,,,2000,NRP,NRP,NRP,2011,NRP,NRP,2004,NRP,,,
155,5822,,1,0,5,,,,,,0,4,,,,,,0,5,,,,,,0,4,,,,,,2,6,2007,2008,,,,0,4,,,,,,0,4,,,,,,0,5,,,,,,1,4,2010,,,,,0,4,,,,,,0,5,,,,,,0,3,,,,,,0,4,,,,,,0,4,,,,,,0,,3,,,,,,,,,,,,,,,,,,5,0,8,1,22,5,2008,,,,,,,,,,,,,,,,,,,,,,,,,,,,,,,,,,,,,,,,,,,,,,,,,,,,,,,,,,,,,,,,,,,,,,,,,,,,,,,,,,,,,,,,,,,,,,,,,,,,,,,,,,,,,,,,,,,,,,,,,,,,,,,,,,,,,,,,,,,,,,,,,,,,,,,,,,,,,,15FEB1955,7,2,3,2,5,4,3,NRP,,,,2,0,0,2,0,2,MOTO GUZZI,1200,SPORT,ROADSTER,2,2008,10,2,1,12000,7,YAMAHA,125,XT,TRAIL / SUPERMOTARD,2,1982,10,4,1,3000,7,,,,,,,,,,,,,,,,,,,,,,,,,,,,,,,,,,15000,2,3,4,,,,,,,NRP,NRP,NRP,1977,2006,NRP,NRP,1977,NRP,,,
115,5823,,0,,,,,,,,,,,,,,,,,,,,,,,,,,,,,,,,,,,,,,,,,,,,,,,,,,,,,,,,,,,,,,,,,,,,,,,,,,,,,,,,,,,,,,,,,,,,,,,,,,,,,,,,,,,,,,,,,,,,,,,,,,,,,,,,,,,,,,,,,,,,,,,,,,,,,,,,,,,,,,,,,,,,,,,,,,,,,,,,,,,,,,,,,,,,,,,,,,,,,,,,,,,,,,,,,,,,,,,,,,,,,,,,,,,,,,,,,,,,,,,,,,,,,,,,,,,,,,,,,,,,,,,,,,,,,,,,,,,,,,,,,,,21APR1953,7,2,3,2,1,1,,NRP,,,,2,1,0,5,0,4,BMW,1000,R100RT,Routière / GT,2,1978,29,1,1,5000,5,TRIUMPH,500,DAYTONA,ROADSTER,2,1973,29,2,1,1000,7,CZ,175,175,ROADSTER,2,1961,29,3,1,500,7,NSU,250,250,ROADSTER,2,1957,29,2,1,1000,7,,,,,,,,,,,,7500,3,4,,,,,,,,NRP,NRP,NRP,NRP,1979,NRP,NRP,1973,NRP,,,
1262,5828,,1,0,3,,,,,,0,3,,,,,,1,6,2000,,,,,0,4,,,,,,0,4,,,,,,0,2,,,,,,0,2,,,,,,0,5,,,,,,4,6,2013,2003,NSP,NSP,,0,3,,,,,,0,4,,,,,,0,1,,,,,,1,3,1996,,,,,0,2,,,,,,0,,6,,,,,,,,,,,,,,,,,,9,2,18,1,41,9,2013,,,,,,,,,,,,,,,,,,,,,,,,,,,,,,,,,,,,,,,,,,,,,,,,,,,,,,,,,,,,,,,,,,,,,,,,,,,,,,,,,,,,,,,,,,,,,,,,,,,,,,,,,,,,,,,,,,,,,,,,,,,,,,,,,,,,,,,,,,,,,,,,,,,,,,,,,,,,,,23JUN1971,5,1,3,2,1,1,,NRP,,,,1,0,0,2,0,1,DUCATI,1198,1198 S SUPERBIKE,SPORTIVE,2,2009,8,2,1,5000,7,,,,,,,,,,,,,,,,,,,,,,,,,,,,,,,,,,,,,,,,,,,,,5000,4,3,,,,,,,,NRP,NRP,NRP,NRP,1995,NRP,NRP,1989,NRP,,,
943,5829,,1,0,1,,,,,,0,2,,,,,,0,2,,,,,,0,4,,,,,,0,2,,,,,,0,2,,,,,,0,1,,,,,,0,1,,,,,,0,1,,,,,,0,3,,,,,,1,5,2014,,,,,0,2,,,,,,0,1,,,,,,1,3,2013,,,,,0,,2,,,,,,,,,,,,,,,,,,2,2,30,1,66,14,2013,,,,,,,,,,,,,,,,,,,,,,,,,,,,,,,,,,,,,,,,,,,,,,,,,,,,,,,,,,,,,,,,,,,,,,,,,,,,,,,,,,,,,,,,,,,,,,,,,,,,,,,,,,,,,,,,,,,,,,,,,,,,,,,,,,,,,,,,,,,,,,,,,,,,,,,,,,,,,,29JAN1965,7,2,3,2,4,4,2,NRP,,,,2,0,0,2,0,2,YAMAHA,1300,XJR IE,ROADSTER,2,2003,34,1,2,10000,7,SUZUKI,750,GSX-R,SPORTIVE,2,1992,34,3,2,5000,7,,,,,,,,,,,,,,,,,,,,,,,,,,,,,,,,,,15000,3,4,,,,,,,,NRP,NRP,NRP,NRP,1988,NRP,NRP,1984,NRP,,,
1162,5832,,1,0,3,,,,,,0,3,,,,,,0,2,,,,,,1,3,1995,,,,,1,5,1997,,,,,1,3,2005,,,,,0,3,,,,,,0,3,,,,,,3,4,1995,1996,1999,,,0,2,,,,,,0,4,,,,,,1,5,2014,,,,,1,5,2000,,,,,1,4,2001,,,,,0,,9,,,,,,,,,,,,,,,,,,0,0,20,1,21,5,1997,,,,,,,,,,,,,,,,,,,,,,,,,,,,,,,,,,,,,,,,,,,,,,,,,,,,,,,,,,,,,,,,,,,,,,,,,,,,,,,,,,,,,,,,,,,,,,,,,,,,,,,,,,,,,,,,,,,,,,,,,,,,,,,,,,,,,,,,,,,,,,,,,,,,,,,,,,,,,,01JAN1976,5,1,3,2,5,4,3,NRP,,,,3,0,0,1,0,1,SUZUKI,900,RF900F,Routière / GT,2,1994,37,4,1,1000,7,,,,,,,,,,,,,,,,,,,,,,,,,,,,,,,,,,,,,,,,,,,,,1000,3,4,,,,,,,,NRP,NRP,NRP,NRP,1994,NRP,NRP,1994,NRP,,,
2190,5833,,1,1,6,2014,,,,,0,5,,,,,,0,6,,,,,,0,3,,,,,,2,6,1996,2014,,,,0,5,,,,,,0,3,,,,,,0,4,,,,,,0,2,,,,,,1,6,2008,,,,,1,6,1995,,,,,0,4,,,,,,1,5,1995,,,,,0,3,,,,,,0,,6,,,,,,,,,,,,,,,,,,5,0,30,1,1,1,2014,,,,,,,,,,,,,,,,,,,,,,,,,,,,,,,,,,,,,,,,,,,,,,,,,,,,,,,,,,,,,,,,,,,,,,,,,,,,,,,,,,,,,,,,,,,,,,,,,,,,,,,,,,,,,,,,,,,,,,,,,,,,,,,,,,,,,,,,,,,,,,,,,,,,,,,,,,,,,,24SEP1966,5,1,3,2,4,4,2,NRP,,,,2,0,0,1,0,1,TRIUMPH,1050,SPRINT GT,Routière / GT,2,2010,37,1,2,10000,7,,,,,,,,,,,,,,,,,,,,,,,,,,,,,,,,,,,,,,,,,,,,,10000,3,4,,,,,,,,NRP,NRP,NRP,NRP,1996,NRP,NRP,1985,NRP,,,
1962,5836,,1,0,4,,,,,,1,5,1975,,,,,0,4,,,,,,0,2,,,,,,0,3,,,,,,0,2,,,,,,0,3,,,,,,0,3,,,,,,0,3,,,,,,0,3,,,,,,0,4,,,,,,0,2,,,,,,0,3,,,,,,0,2,,,,,,0,,1,,,,,,,,,,,,,,,,,,2,5,41,1,6,2,1975,,,,,,,,,,,,,,,,,,,,,,,,,,,,,,,,,,,,,,,,,,,,,,,,,,,,,,,,,,,,,,,,,,,,,,,,,,,,,,,,,,,,,,,,,,,,,,,,,,,,,,,,,,,,,,,,,,,,,,,,,,,,,,,,,,,,,,,,,,,,,,,,,,,,,,,,,,,,,,26MAR1956,7,2,3,2,2,3,,NRP,,,,2,0,0,1,0,1,YAMAHA,1300,FJR,Routière / GT,2,2005,28,2,1,5000,7,,,,,,,,,,,,,,,,,,,,,,,,,,,,,,,,,,,,,,,,,,,,,5000,2,3,4,,,,,,,NRP,NRP,NRP,1974,1974,NRP,NRP,1974,NRP,,,
1023,5839,,1,0,3,,,,,,0,4,,,,,,0,3,,,,,,0,1,,,,,,0,5,,,,,,0,2,,,,,,0,3,,,,,,0,4,,,,,,0,4,,,,,,0,2,,,,,,0,3,,,,,,0,2,,,,,,0,2,,,,,,0,2,,,,,,0,,0,,,,,,,,,,,,,,,,,,5,0,13,1,,NRP,,,,,,,,,,,,,,,,,,,,,,,,,,,,,,,,,,,,,,,,,,,,,,,,,,,,,,,,,,,,,,,,,,,,,,,,,,,,,,,,,,,,,,,,,,,,,,,,,,,,,,,,,,,,,,,,,,,,,,,,,,,,,,,,,,,,,,,,,,,,,,,,,,,,,,,,,,,,,,,02DEC1963,6,1,3,2,1,1,,NRP,,,,1,0,0,1,0,1,TRIUMPH,675,STREET TRIPLE,ROADSTER,2,2009,37,3,1,10000,6,,,,,,,,,,,,,,,,,,,,,,,,,,,,,,,,,,,,,,,,,,,,,10000,4,3,,,,,,,,NRP,NRP,NRP,NRP,1983,NRP,NRP,1983,NRP,,,
683,5840,,0,,,,,,,,,,,,,,,,,,,,,,,,,,,,,,,,,,,,,,,,,,,,,,,,,,,,,,,,,,,,,,,,,,,,,,,,,,,,,,,,,,,,,,,,,,,,,,,,,,,,,,,,,,,,,,,,,,,,,,,,,,,,,,,,,,,,,,,,,,,,,,,,,,,,,,,,,,,,,,,,,,,,,,,,,,,,,,,,,,,,,,,,,,,,,,,,,,,,,,,,,,,,,,,,,,,,,,,,,,,,,,,,,,,,,,,,,,,,,,,,,,,,,,,,,,,,,,,,,,,,,,,,,,,,,,,,,,,,,,,,,,,06APR1962,5,2,3,2,1,1,,NRP,,,,1,0,0,1,0,2,HONDA,1000,CB-F ABS,ROADSTER,2,2010,28,2,1,8000,6,HONDA,700,NC700X DUAL CT 52CV,ROADSTER,2,2012,28,2,1,12000,6,,,,,,,,,,,,,,,,,,,,,,,,,,,,,,,,,,20000,3,4,,,,,,,,NRP,NRP,NRP,NRP,1980,NRP,NRP,1981,NRP,,,
1768,5843,,0,,,,,,,,,,,,,,,,,,,,,,,,,,,,,,,,,,,,,,,,,,,,,,,,,,,,,,,,,,,,,,,,,,,,,,,,,,,,,,,,,,,,,,,,,,,,,,,,,,,,,,,,,,,,,,,,,,,,,,,,,,,,,,,,,,,,,,,,,,,,,,,,,,,,,,,,,,,,,,,,,,,,,,,,,,,,,,,,,,,,,,,,,,,,,,,,,,,,,,,,,,,,,,,,,,,,,,,,,,,,,,,,,,,,,,,,,,,,,,,,,,,,,,,,,,,,,,,,,,,,,,,,,,,,,,,,,,,,,,,,,,,06JUL1975,7,2,3,2,3,5,0,NRP,,,,1,0,0,2,0,2,SUZUKI,1100,GSX-R,SPORTIVE,2,1991,29,3,1,2000,4,SUZUKI,1300,GSX-R  HAYABUSA,Routière / GT,2,2009,29,2,1,10000,4,,,,,,,,,,,,,,,,,,,,,,,,,,,,,,,,,,12000,3,4,,,,,,,,NRP,NRP,NRP,NRP,1993,NRP,NRP,1993,NRP,,,
1224,5851,,1,1,6,NSP,,,,,0,6,,,,,,1,6,2000,,,,,0,4,,,,,,0,5,,,,,,0,3,,,,,,0,4,,,,,,0,3,,,,,,1,3,2011,,,,,0,5,,,,,,0,6,,,,,,0,1,,,,,,0,4,,,,,,0,4,,,,,,1,1,4,2001,,,,,Nancy,,,,,"je circulais en agglo (voie de droite) sur un boulevard sens unique à 2 voies, plus une voie de bus sur la droite. Au carrefour, une voiture est sortie du couloir de bus et à entrepris de couper les 2 voies pour tourner à gauche. manque de pot, j'étais là....",,,,,0,0,0,0,20,1,71,15,2001,Nancy,,,,,,,,,,,,,,,,,,,,,,,,,,,,,,,,,,,,,,,,,,,,,,,,,,,,,,,,,,,,,,,,,,,,,,,,,,,,,,,,,,,,,,,,,,,,,,,,,,,,,,,,,,,,,,,,,,,,,,,,,,,,,,,,,,,,,,,,,,,,,,,,,,,,,,,,,,,,,23JUL1966,6,2,3,2,3,4,1,NRP,,,,2,0,0,2,0,2,HONDA,1100,X-11  ELEVEN,ROADSTER,2,2001,29,1,2,15000,7,KAWASAKI,650,ER-6  N,ROADSTER,2,2004,29,3,1,7000,7,,,,,,,,,,,,,,,,,,,,,,,,,,,,,,,,,,22000,3,4,,,,,,,,NRP,NRP,NRP,NRP,1995,NRP,NRP,1984,NRP,,,
1010,5854,,1,0,4,,,,,,0,5,,,,,,0,5,,,,,,0,3,,,,,,0,5,,,,,,0,4,,,,,,0,3,,,,,,0,5,,,,,,0,4,,,,,,0,5,,,,,,1,6,2007,,,,,0,2,,,,,,0,3,,,,,,0,5,,,,,,0,,1,,,,,,,,,,,,,,,,,,0,0,15,1,51,11,2007,,,,,,,,,,,,,,,,,,,,,,,,,,,,,,,,,,,,,,,,,,,,,,,,,,,,,,,,,,,,,,,,,,,,,,,,,,,,,,,,,,,,,,,,,,,,,,,,,,,,,,,,,,,,,,,,,,,,,,,,,,,,,,,,,,,,,,,,,,,,,,,,,,,,,,,,,,,,,,24JUN1969,7,2,3,2,3,4,1,NRP,,,,2,0,0,1,0,1,KAWASAKI,1100,ZRX,ROADSTER,2,1999,22,3,2,6000,7,,,,,,,,,,,,,,,,,,,,,,,,,,,,,,,,,,,,,,,,,,,,,6000,2,3,4,,,,,,,NRP,NRP,NRP,1992,1992,NRP,NRP,2001,NRP,,,
911,5856,,1,0,3,,,,,,0,5,,,,,,0,5,,,,,,0,2,,,,,,1,6,1996,,,,,0,4,,,,,,0,3,,,,,,0,5,,,,,,0,5,,,,,,0,6,,,,,,0,6,,,,,,0,3,,,,,,1,4,2014,,,,,0,4,,,,,,0,,2,,,,,,,,,,,,,,,,,,4,0,21,1,21,5,1996,,,,,,,,,,,,,,,,,,,,,,,,,,,,,,,,,,,,,,,,,,,,,,,,,,,,,,,,,,,,,,,,,,,,,,,,,,,,,,,,,,,,,,,,,,,,,,,,,,,,,,,,,,,,,,,,,,,,,,,,,,,,,,,,,,,,,,,,,,,,,,,,,,,,,,,,,,,,,,27JUL1971,7,1,1,2,5,4,3,NRP,,,,3,1,0,5,0,5,TRIUMPH,955,DAYTONA IE,SPORTIVE,2,2004,37,1,2,25000,4,TRIUMPH,900,SPEED TRIPLE,ROADSTER,2,1996,16,3,1,5000,7,TRIUMPH,900,DAYTONA,Routière / GT,2,1994,16,3,1,5000,7,HONDA,500,CR,"TOUT TERRAIN (TRIAL, ENDURO, CROSS)",2,1986,40,4,1,1000,7,YAMAHA,250,WR,"TOUT TERRAIN (TRIAL, ENDURO, CROSS)",2,1999,29,3,1,3000,7,39000,3,4,,,,,,,,NRP,NRP,NRP,NRP,1995,NRP,NRP,1993,NRP,,,