Ligne,Ligne Q qualif,Ligne approfondissement Accident,ACCIDENT,NBACC1,ACCFREQUENCE1,ANNEEACC1_1,ANNEEACC1_2,ANNEEACC1_3,ANNEEACC1_4,ANNEEACC1_5,NBACC2,ACCFREQUENCE2,ANNEEACC2_1,ANNEEACC2_2,ANNEEACC2_3,ANNEEACC2_4,ANNEEACC2_5,NBACC3,ACCFREQUENCE3,ANNEEACC3_1,ANNEEACC3_2,ANNEEACC3_3,ANNEEACC3_4,ANNEEACC3_5,NBACC4,ACCFREQUENCE4,ANNEEACC4_1,ANNEEACC4_2,ANNEEACC4_3,ANNEEACC4_4,ANNEEACC4_5,NBACC5,ACCFREQUENCE5,ANNEEACC5_1,ANNEEACC5_2,ANNEEACC5_3,ANNEEACC5_4,ANNEEACC5_5,NBACC6,ACCFREQUENCE6,ANNEEACC6_1,ANNEEACC6_2,ANNEEACC6_3,ANNEEACC6_4,ANNEEACC6_5,NBACC7,ACCFREQUENCE7,ANNEEACC7_1,ANNEEACC7_2,ANNEEACC7_3,ANNEEACC7_4,ANNEEACC7_5,NBACC8,ACCFREQUENCE8,ANNEEACC8_1,ANNEEACC8_2,ANNEEACC8_3,ANNEEACC8_4,ANNEEACC8_5,NBACC9,ACCFREQUENCE9,ANNEEACC9_1,ANNEEACC9_2,ANNEEACC9_3,ANNEEACC9_4,ANNEEACC9_5,NBACC10,ACCFREQUENCE10,ANNEEACC10_1,ANNEEACC10_2,ANNEEACC10_3,ANNEEACC10_4,ANNEEACC10_5,NBACC11,ACCFREQUENCE11,ANNEEACC11_1,ANNEEACC11_2,ANNEEACC11_3,ANNEEACC11_4,ANNEEACC11_5,NBACC12,ACCFREQUENCE12,ANNEEACC12_1,ANNEEACC12_2,ANNEEACC12_3,ANNEEACC12_4,ANNEEACC12_5,NBACC13,ACCFREQUENCE13,ANNEEACC13_1,ANNEEACC13_2,ANNEEACC13_3,ANNEEACC13_4,ANNEEACC13_5,NBACC14,ACCFREQUENCE14,ANNEEACC14_1,ANNEEACC14_2,ANNEEACC14_3,ANNEEACC14_4,ANNEEACC14_5,AUTRESACC,NBAUTRESACC,TOTAL_AC,ANNEEAUTREACC1,ANNEEAUTREACC2,ANNEEAUTREACC3,ANNEEAUTREACC4,ANNEEAUTREACC5,LIEUAUTREACC1,LIEUAUTREACC2,LIEUAUTREACC3,LIEUAUTREACC4,LIEUAUTREACC5,DESCRIPTIONAUTRESACC1,DESCRIPTIONAUTRESACC2,DESCRIPTIONAUTRESACC3,DESCRIPTIONAUTRESACC4,DESCRIPTIONAUTRESACC5,NBAUTRESACCCIRCUIT,NBAUTRESTOUTTERRAIN,EXPCYCLO,EXP125,EXPSUP125,ACCORDNEXTQ,CHOIXACC,RGPMTACC,RECUPANNEE,RECUPLIEU,RECUPANNE,RGPMTAC,CHOIX1,CHOIX2,CHOIX3,CHOIX4,CHOIX5,CHOIX6,CHOIX7,DESCRIPTION,RUPTURE,FAITS,ABS_REACTION,AUTRE_REACTION,PRECISIONREACTIONOUI,RECUL,PRECISIONREACTIONNON,IMPACTCOMPORTEMENT,AUTREUSAGER,REACTIONAUTREUSAGER,CONNAISSANCEREACTIONUSAGER,DIFFICULTES,AGGRAVATION,DIFFICULTES2,EMOTIONS1,EMOTIONS2,EMOTIONS3,EMOTIONS4,EMOTIONS5,EMOTIONS6,AUTRESENTIMENT,CLASSEMENTEMOTIONS1,CLASSEMENTEMOTIONS,CLASSEMENTEMOTIONS5,CLASSEMENTEMOTIONS6,CLASSEMENTEMOTIONS7,CLASSEMENTEMOTIONS8,CLASSEMENTEMOTIONS9,EXPLICATIONRESSENTI,BIENEQUIPE,ALLURE,ALLUREVITEDETAIL,ALLURELENTEDETAIL,SITUATIONPRESSE,SITUATIONDISTRAIT,SITUATIONCONFIANT,SITUATIONCONTROLE,SITUATIONLUDIQUE,SITUATIONPERF,SITUATIONSTRESS,SITUATIONFATIGUE,HUMEURNEUTRE,HUMEURGAI,HUMEURMECONTENT,HUMEURTRISTE,HUMEURCOLERE,CONTRIBUTION1,CONTRIBUTION2,CONTRIBUTION3,CONTRIBUTION4,CONTRIBUTION5,CONTRIBUTION6,CONTRIBUTION7,CONTRIBUTION8,CONTRIBUTION9,ROLEINFRA,ELEMENTINFRA1,ELEMENTINFRA2,ELEMENTINFRA3,ELEMENTINFRA4,ELEMENTINFRA5,ELEMENTINFRA6,ELEMENTINFRA7,ELEMENTINFRA8,ELEMENTINFRA9,ALCOOL,TXALCOOL,STUP,SEMAINE,MOMENTJOURNEE,TEMPS,CAUSEACC1,CAUSEACC2,CAUSEACC3,CAUSEACC4,CAUSEACC5,FORMATIONCAUSE,FORMATION1,FORMATION2,FORMATION3,FORMATION4,FORMATION5,TRAFIC,CHAUSSEE1,CHAUSSEE2,CHAUSSEE3,CHAUSSEE4,TYPEACC,BLESSURE,TETE,COU,THORAX,MEMBRESSUP,COLONNE,BASSIN,MEMBRESINF,HOPITAL,PLUS24H,TRAJET,TYPEROUTE,MOTIF,SENSTRAJET,PASSAGER,VITESSE,DESCEQ1,DESCEQ2,DESCEQ3,DESCEQ4,DESCEQ5,DESCEQ6,DESCEQ7,DESCEQ8,DESCEQ9,DESCEQ10,VEHICULEETE,VEHICULEAUTOMNE,VEHICULEPRINTEMPS,VEHICULEHIVER,VEHICULESEMAINE,VEHICULEWE,VEHMARQUE,VEHCYLINDREE,VEHMODELE,VEHSEGMENT,VEHSIDE,EQ2RMABS,EQ2RMCBS,EQ2RMABSCBS,EQ2RMREGULATEUR,EQ2RMLIMITEUR,EQ2RMPHARESDIRECT,EQ2RMCOUPURE,EQ2RMANTIPATINAGE,EQ2RMANTIXHEELING,EQ2RMSTABILILTE,VEHKM,POINTS,DUREE,AUTRE2RM,VEHPRECMARQUE,VEHPRECCYLINDREE,VEHPRECMODELE,VEHPRECSEGMENT,VEHPRECSIDE,TEMPS2RMPREC,FREQVEHPREC,DATE_NAISS,CSP,SOCIETAIRE,SALARIE,SECTEUR2RM,NBPERSFOYER,SITFAM,NBENF,TRNBENF1,TRNBENF2,TRNBENF3,TRNBENF4,NBAUTOFOYER,NBCYCLOFOYER,NBSCOOTFOYER,NBMOTOFOYER,NBTRIKEFOYER,NB2RMCONDUIT,MARQUE1,CYLINDREE1,MODELE1,SEGMENT1,SIDE1,ANMISECIRCU1,ASS1,FREQ1,USAGE1,NBKM1,GARAGE1,MARQUE2,CYLINDREE2,MODELE2,SEGMENT2,SIDE2,ANMISECIRCU2,ASS2,FREQ2,USAGE2,NBKM2,GARAGE2,MARQUE3,CYLINDREE3,MODELE3,SEGMENT3,SIDE3,ANMISECIRCU3,ASS3,FREQ3,USAGE3,NBKM3,GARAGE3,MARQUE4,CYLINDREE4,MODELE4,SEGMENT4,SIDE4,ANMISECIRCU4,ASS4,FREQ4,USAGE4,NBKM4,GARAGE4,MARQUE5,CYLINDREE5,MODELE5,SEGMENT5,SIDE5,ANMISECIRCU5,ASS5,FREQ5,USAGE5,NBKM5,GARAGE5,NBKMTOT,PERMIS1,PERMIS2,PERMIS3,PERMIS4,PERMIS5,PERMIS6,PERMIS7,PERMIS8,PERMIS9,ANPERMIS1,ANPERMIS6,ANPERMIS7,ANPERMIS2,ANPERMIS3,ANPERMIS8,ANPERMIS9,ANPERMIS4,ANPERMIS5,,,
1153,5917,358,1,0,4,,,,,,0,4,,,,,,1,5,1999,,,,,0,1,,,,,,1,5,2001,,,,,0,3,,,,,,1,3,1997,,,,,0,5,,,,,,0,5,,,,,,0,5,,,,,,0,5,,,,,,0,1,,,,,,0,3,,,,,,0,1,,,,,,1,1,4,1995,,,,,AMIENS,,,,,"Arrivé trop vite dans une courbe. Manque d'expérience. Pas pu maîtriser le ralentissement, perte de la roue avant => chute.",,,,,1,0,4,0,19,1,21,5,2001,,2001,Vous circuliez sur un axe prioritaire. Un véhicule venant dun axe non prioritaire vous a coupé la route.,4,6,,,,,,"Circulant en zone urbaine où la limitation de vitesse est de  50 km/h, j'emprunte un axe prioritaires à deux sens séparés par un terre-plein central. A un croisement, une voiture est ""en attente"" dans une zone où le terre-plein est interrompu. Ayant vu ce véhicule, je ralentis et à une vingtaine de mètres de celui-ci, qui n'a pas avancé (donc m'ayant vu), je reprends mon allure réglementaire. A une dizaine de mètres de celui-ci, le véhicule avance promptement et je suis dans l'impossibilité de l'éviter et le percute donc en freinant. La moto s'encastre derrière la roue avant droite, je passe par-dessus la voiture, mon casque touche le pare-brise et j'atterris sur le bitume à quelques mètres de la voiture.","Dans le rapport de police, le conducteur du véhicule ayant causé mon accident déclare : ""J'ai regardé à droite puis à gauche, j'ai passé la première et il était sur mon capot"". Les forces de l'ordre m'ont précisé qu'entre le moment où le conducteur a regardé à droite et le moment où il s'est avancé, il a du se passer plusieurs secondes. Le conducteur est né en 1917 et a des réflexes pour le moins ""diminués"".","La voiture a avancé, j'ai empoigné les freins sachant que le choc ne pouvait pas être évité.",NRP,1,"Avec le recul, dans une situation similaire (je suis prioritaire et un véhicule attend mon passage), je vérifie le regard de l'autre véhicule, fais un appel de phare ou klaxonne le cas échéant.",NRP,,2,1,2,,Manque de réflexe dû à son âge.,1,Il n'aurait pas avancer...,3,6,,,,,,,,2,,,1,,"Je n'ai pu éviter le choc ""inéluctable"".",3,3,,,1,1,4,4,1,1,1,1,1,3,4,4,4,10,,,,,,,,,2,,,,,,,,,2,2,,2,1,1,1,0,100,0,0,0,2,,,,,,1,1,,,,2,1,4,7,,,,,,1,0,2,1,3,,0,50,1,10,2,5,,,,,,,4,4,4,4,4,4,KAWASAKI,750,ZEPHYR,ROADSTER,2,1,1,1,1,1,1,1,1,1,1,10001,12,3,1,HONDA,650,DOMINATOR,TRAIL / SUPERMOTARD,2,4,1,26MAR1976,8,1,3,2,5,4,3,NRP,,,,1,1,0,2,0,2,VELOSOLEX,50,2200,ROADSTER,2,1963,37,3,1,150,AUT|grange attenante,SUZUKI,1000,SV-N EDITION SPECIALE,ROADSTER,2,2003,37,1,2,15000,AUT|Grange attenante,,,,,,,,,,,,,,,,,,,,,,,,,,,,,,,,,,15150,3,4,,,,,,,,NRP,NRP,NRP,NRP,1995,NRP,NRP,1997,NRP,,,
1115,5918,171,1,0,4,,,,,,0,5,,,,,,0,5,,,,,,0,3,,,,,,0,4,,,,,,0,3,,,,,,0,2,,,,,,0,2,,,,,,1,3,1983,,,,,0,3,,,,,,0,5,,,,,,0,3,,,,,,0,3,,,,,,0,4,,,,,,0,,1,,,,,,,,,,,,,,,,,,0,2,33,1,41,9,1983,,1983,"Vous avez fait une sortie de route, une perte de contrôle ou une glissade sans rien percuter.",4,,,,,,,"c'était en début de soirée, au départ d'un feu de signalisation. j'ai glissé et chuté. pompiers et un petit tour à l'hôpital. Sortie très rapide.",les bandes blanches du passage piéton sur lesquelles ma roue arrière a perdu l'adhérence.,"il n'y avait pas d'autre usager, j'ai glissé tout seul au démarrage.",AUT|pas eu le temps,1,oui avec les nouveaux systèmes électroniques de la moto.,pas eu le temps,,2,0,,,,,,2,,,,,,,,1,,,,,,je n'explique pas,3,4,,,2,NSP,NSP,NSP,NSP,1,1,2,5,5,5,5,5,5,,,,,,,,,1,1,,,,,,,,2,2,,2,2,2,1,20,0,0,80,0,NSP,,,,,,1,6,,,,2,0,,,,,,,,,,2,1,3,,0,20,1,10,2,5,,,,,,,4,4,4,4,4,4,HONDA,1000,CBX,ROADSTER,2,1,1,1,1,1,1,1,1,1,1,NSP,NSP,3,1,KAWASAKI,1000,Z1000J,ROADSTER,2,3,4,10DEC1959,5,2,3,2,2,3,,NRP,,,,1,0,0,1,0,1,YAMAHA,1200,XTZ SUPER TENERE WORLDCROSSER,TRAIL / SUPERMOTARD,2,2012,8,2,2,7000,7,,,,,,,,,,,,,,,,,,,,,,,,,,,,,,,,,,,,,,,,,,,,,7000,2,3,4,,,,,,,NRP,NRP,NRP,1977,1979,NRP,NRP,1979,NRP,,,
375,5921,218,1,0,5,,,,,,0,5,,,,,,0,5,,,,,,0,2,,,,,,0,5,,,,,,0,4,,,,,,0,4,,,,,,0,4,,,,,,0,4,,,,,,0,5,,,,,,0,5,,,,,,0,2,,,,,,1,5,2010,,,,,0,3,,,,,,0,,1,,,,,,,,,,,,,,,,,,2,5,30,1,61,13,2010,,2010,Vous circuliez derrière un véhicule. Ce véhicule a freiné ou a ralenti et vous lavez percuté par larrière.,5,,,,,,,"J'étais distrait, pas concentré , l'esprit ailleurs. Je roulais trop près et avec le soleil dans les yeux. La vitesse n'était pas importante et le trafic dense, une situation banale où l'on ne ressent aucun risque apparent.","Le ralentissement s'est produit d'un coup, je ne l'ai pas réalisé et quand je me suis ""réveillé"" j'ai su que tout de suite que c'était trop tard. Je suis resté  hypnotisé sur l'arrière de la voiture.",J'ai freiné très fort mais trop tard. Le choc n'a pas été violent mais suffisant pour que je chute.,NRP,1,"Plus de concentration, ne pas se laisser distraire et s'éloigner un peu plus du véhicule me précédant.",NRP,,2,1,2,,NSP,2,NRP,2,,,,,,,,1,,,,,,manque de concentration sur un parcours habituel,4,3,,,1,3,3,4,2,1,1,2,1,4,4,4,4,4,6,,,,,,,,2,,,,,,,,,2,2,,2,2,1,1,100,0,0,0,0,2,,,,,,4,1,,,,1,,,,,,,,,,,1,1,3,,0,20,1,10,2,3,4,7,,,,,4,4,4,3,3,4,HONDA,1300,PAN EUROPEAN,Routière / GT,2,0,0,0,1,1,1,0,1,1,1,70000,12,4,1,HONDA,1000,CBR1000F,Routière / GT,2,4,4,09SEP1957,7,1,3,2,2,3,,NRP,,,,1,0,0,3,0,2,HONDA,1300,PAN EUROPEAN C-ABS,Routière / GT,2,2002,37,2,2,8000,7,MOTO GUZZI,850,LE MANS III,Routière / GT,2,1981,41,4,1,200,7,,,,,,,,,,,,,,,,,,,,,,,,,,,,,,,,,,8200,3,4,,,,,,,,NRP,NRP,NRP,NRP,1983,NRP,NRP,1979,NRP,,,
129,5922,58,1,0,3,,,,,,1,6,NSP,,,,,0,5,,,,,,0,2,,,,,,0,5,,,,,,0,4,,,,,,0,4,,,,,,1,4,2013,,,,,0,2,,,,,,0,5,,,,,,1,5,2014,,,,,0,3,,,,,,1,4,2013,,,,,0,1,,,,,,1,1,5,2014,,,,,Grenoble,,,,,"En remontant file de véhicules presque à l'arrêt, l'un d'eux a fait un écart à gauche pour éviter une bouche d'égout créant comme un gros nid de poule avant un dos d'âne. Pu l'éviter mais déséquilibré et chute puis glissade vers trottoir où m'attendait un poteau métallique anti stationnement : aïe ! Maxi Scoot HS qui a fini sa course à environ 20 à 25 kmhen glissade dans le poteau qui n'a même pas bougé.",,,,,0,0,2,0,23,1,61,13,2013,,2013,Vous circuliez derrière un véhicule. Ce véhicule a freiné ou a ralenti et vous lavez percuté par larrière.,6,,,,,,,"Après une centaine de kilomètres de trajet vers une réunion régionale FFMC, le parcours donné par le GPS s'estompe ! Nouvelle route, pas mise à jour... Sur un rond-point d'une voie de contournement, dans le coin de l'oeil, je lis le panneau indiquant la direction que je cherchais. Mais voilà, même à 20km/h, quand c'est trop tard, c'est trop tard, il ne faut pas changer d'avis au dernier moment. N'écoutant que mon oeil, mon cerveau me crie : c'est là, sors du giratoire ! Mais un peu tard, et alors que je pousse à gauche le demi guidon, je regarde la sortie et là je me dis : pu..., çà passe pas ! Pas grave, avant le haricot central en béton, une petite plaque de poussière et gravier me fait bloquer le frein arrière que j'avais effleuré histoire de pouvoir virer court à droite. Dérapage donc je relache, mais ne touche surtout pas l'avant : sur l'angle, frein avant et gravier = par terre. Bordure en béton bordant le haricot, pas de problème, ça passe. Mais alors que mes yeux se portent à nouveau sur le panneau, je me rends compte que sous le panneau, horreur, il y a un POTEAU de support (normal, non !?) Alors là, en un clin d'oeil, panneau poteau en pleine traj, alors je couche ma moto et saute sur le côté. La moto finit sa course sur le flan gauche et contre le poteau (ouille aïe bobo). Après une pirouette digne de Bébel, je me relève sans mal (à part quelques contusions, et mon cuir complet rayé, merci à Dainese pour la dorsale et divers renforts). Moralité, dans un rond point, NE JAMAIS CHANGER D'AVIS AU DERNIER MOMENT, un rond point tu peux faire un tour de plus et sortir en sécurité !","L'élément qui a fait tout basculer : le haricot séparateur de voies en sortie de rond-point, un peu de peinture anti-dérapante et un panneau de signalisation avec un poteau fusible, et tout se passait mieux.","Frein arrière, bloquage. Debout sur les cale-pieds pour passer la montée du haricot, petit saut. Et puis jeté sur le côté en poussant la moto par terre",NRP,1,"Faire le tour du rond-point en cas d'erreur, c'est la seule solution","Fin de trajet, et l'envie d'en finir qui s'ajoute à la distraction du GPS",,2,0,,,,,,1,6,,,,,,1,,,,,2,,"La peur de me mettre à terre, de me blesser pour les suites et pour mon boulot et ma famille",4,3,,,3,4,4,4,2,1,1,2,3,3,4,4,4,1,6,,,,,,,,1,2,3,4,,,,,,2,2,,2,2,1,1,60,0,0,40,0,1,1,,,,,1,1,4,,,1,,,,,,,,,,,3,2,3,,0,30,1,2,3,4,7,9,,,,,4,4,4,4,NRP,4,HONDA,1000,VTR SP1,SPORTIVE,2,1,1,1,1,1,1,1,1,1,1,50000,12,4,1,HONDA,600,CBR 600F,SPORTIVE,2,4,3,08APR1967,5,1,3,2,4,4,2,NRP,,,,0,0,1,3,0,4,HONDA,1000,VTR SP1,SPORTIVE,2,2001,37,3,1,6000,7,HONDA,400,SW-T,SCOOTER,2,2009,28,1,3,15000,7,HONDA,600,TRANSALP,TRAIL / SUPERMOTARD,2,1990,28,4,1,2000,7,YAMAHA,600,XJ6 DIVERSION 34CV,ROADSTER,2,2010,28,3,1,6000,7,,,,,,,,,,,,29000,2,3,4,,,,,,,NRP,NRP,NRP,1985,1991,NRP,NRP,1985,NRP,,,
827,5923,,0,,,,,,,,,,,,,,,,,,,,,,,,,,,,,,,,,,,,,,,,,,,,,,,,,,,,,,,,,,,,,,,,,,,,,,,,,,,,,,,,,,,,,,,,,,,,,,,,,,,,,,,,,,,,,,,,,,,,,,,,,,,,,,,,,,,,,,,,,,,,,,,,,,,,,,,,,,,,,,,,,,,,,,,,,,,,,,,,,,,,,,,,,,,,,,,,,,,,,,,,,,,,,,,,,,,,,,,,,,,,,,,,,,,,,,,,,,,,,,,,,,,,,,,,,,,,,,,,,,,,,,,,,,,,,,,,,,,,,,,,,,,13SEP1973,8,2,3,2,3,4,1,NRP,,,,2,0,0,1,0,1,TRIUMPH,675,STREET TRIPLE,ROADSTER,2,2011,9,2,2,5000,7,,,,,,,,,,,,,,,,,,,,,,,,,,,,,,,,,,,,,,,,,,,,,5000,2,3,4,,,,,,,NRP,NRP,NRP,1991,2011,NRP,NRP,1993,NRP,,,
1293,5925,,1,0,5,,,,,,1,4,2010,,,,,2,6,1995,2011,,,,0,3,,,,,,0,6,,,,,,0,3,,,,,,0,2,,,,,,1,2,2002,,,,,0,4,,,,,,0,5,,,,,,0,6,,,,,,0,1,,,,,,0,2,,,,,,0,4,,,,,,1,1,5,2000,,,,,blois,,,,,"En ville sur une rue sens unique à 2 voie, une voiture m'a coupé la route en sortant de sa place de parking (en épis)",,,,,1,0,5,3,20,1,6,2,2010,,,,,,,,,,,,,,,,,,,,,,,,,,,,,,,,,,,,,,,,,,,,,,,,,,,,,,,,,,,,,,,,,,,,,,,,,,,,,,,,,,,,,,,,,,,,,,,,,,,,,,,,,,,,,,,,,,,,,,,,,,,,,,,,,,,,,,,,,,,,,,,,,,,,,,,,,,,,,,13JAN1975,7,1,3,2,4,4,2,NRP,,,,3,0,0,2,0,2,KAWASAKI,1000,Z 1000 IE SX,Routière / GT,2,2012,37,1,2,15000,4,SUZUKI,1000,GSX-R IE,SPORTIVE,2,2002,41,3,1,1500,4,,,,,,,,,,,,,,,,,,,,,,,,,,,,,,,,,,16500,2,3,4,,,,,,,NRP,NRP,NRP,1991,1998,NRP,NRP,1993,NRP,,,
1030,5927,197,1,0,4,,,,,,0,5,,,,,,0,5,,,,,,0,6,,,,,,0,3,,,,,,0,4,,,,,,0,4,,,,,,0,4,,,,,,0,5,,,,,,0,5,,,,,,0,2,,,,,,0,4,,,,,,0,4,,,,,,0,3,,,,,,1,1,1,1998,,,,,Paris,,,,,Passager arrière droit de la voiture qui se trouvait sur ma gauche a ouvert sa portière alors que je remontais entre deux files.,,,,,0,0,21,0,21,1,71,15,1998,Paris,1998,Autre(s) type(s) d'accident(s).,5,,,,,,,"Passager arrière d'une voiture qui ouvre sa porte alors que je passe à 50 km/h. La tranche de la porte heurte la moto au niveau du guidon à moins de 10 cm de ma main. Vol plané suivi d'une glissade sur la route, qui se poursuit sur le trottoir puis traverse un abri bus et qui n'en fini pas. Je me relève. Je n'ai rien. La moto est morte fourche et cadre tordus et la voiture finira à la casse montant central plié. Ca dure pas longtemps mais ça fait réfléchir longtemps.",la surprise. Une porte qui s'ouvre. Un évènement non anticipé.,Aucune action ni réaction entre l'état de conduite normale et le choc. Evènement trop soudain.,NRP,0,,,La porte de la voiture a été ouverte brutalement et donc aucun temps de réaction possible.,2,1,2,,Il n'a eu aucune difficulté étant donné qu'il ne s'est rendu compte de rien jusqu'à l'impact.,2,Il n'y a pas eu de comportement aggravant ou alors il n'y aurait pas eu d'accident.,7,,,,,,,,,,,,,,,4,1,4,,2,1,3,3,2,1,1,1,1,4,4,4,4,1,5,,,,,,,,2,,,,,,,,,2,2,,2,1,1,1,50,50,0,0,0,2,,,,,,4,1,,,,1,,,,,,,,,,,2,1,3,,0,50,1,10,2,3,4,,,,,,4,4,4,4,4,4,TRIUMPH,955,SPRINT ST,Routière / GT,2,1,1,1,1,1,1,1,1,1,1,50,12,4,1,APRILIA,650,PEGASO,TRAIL / SUPERMOTARD,2,4,4,27SEP1962,5,2,3,2,4,4,2,NRP,,,,1,0,1,2,0,3,HONDA,1000,CBR1000F,Routière / GT,2,1994,29,3,1,5000,AUT|Espace fermé et abrité,TRIUMPH,1200,DAYTONA,Routière / GT,2,1995,29,2,2,5000,AUT|Espace fermé et abrité,HONDA,1000,CBR1000F,Routière / GT,2,1995,29,2,1,2000,6,,,,,,,,,,,,,,,,,,,,,,,12000,3,4,,,,,,,,NRP,NRP,NRP,NRP,1994,NRP,NRP,1981,NRP,,,
1458,5934,,0,,,,,,,,,,,,,,,,,,,,,,,,,,,,,,,,,,,,,,,,,,,,,,,,,,,,,,,,,,,,,,,,,,,,,,,,,,,,,,,,,,,,,,,,,,,,,,,,,,,,,,,,,,,,,,,,,,,,,,,,,,,,,,,,,,,,,,,,,,,,,,,,,,,,,,,,,,,,,,,,,,,,,,,,,,,,,,,,,,,,,,,,,,,,,,,,,,,,,,,,,,,,,,,,,,,,,,,,,,,,,,,,,,,,,,,,,,,,,,,,,,,,,,,,,,,,,,,,,,,,,,,,,,,,,,,,,,,,,,,,,,,13OCT1952,7,1,3,2,4,4,2,NRP,,,,1,0,0,3,0,3,BMW,1200,R1200ST,Routière / GT,2,2007,37,3,1,10000,7,BMW,650,F650GS,TRAIL / SUPERMOTARD,2,2002,37,1,2,20000,7,BMW,650,F650GS,TRAIL / SUPERMOTARD,2,2003,41,4,1,500,7,,,,,,,,,,,,,,,,,,,,,,,30500,3,4,,,,,,,,NRP,NRP,NRP,NRP,1970,NRP,NRP,1972,NRP,,,
498,5935,185,1,0,4,,,,,,0,4,,,,,,0,5,,,,,,0,3,,,,,,0,2,,,,,,0,5,,,,,,0,5,,,,,,0,5,,,,,,1,3,2014,,,,,0,3,,,,,,0,3,,,,,,0,2,,,,,,0,4,,,,,,0,3,,,,,,0,,1,,,,,,,,,,,,,,,,,,0,6,0,1,41,9,2014,,2014,"Vous avez fait une sortie de route, une perte de contrôle ou une glissade sans rien percuter.",1,2,,,,,,"Lors d'une reconnaissance de fin de saison (trajet inconnu), 1 virage plutôt serré dans un village juste après un passage piéton au mois d'octobre par temps sec mais frais (humidité au sol) qui, malgré les précautions d'usage et l'anticipation, m'a fait perdre l'avant sur un raccord de bitume. Les bonnes habitudes en matière de vitesse, d'attitude et de protection m'ont évité la blessure et minimiser les dégâts matériels. La chance a fait le reste : pas d'obstacle, pas d'autre véhicule sur le moment et un voisinage sympa.","Découverte du parcours, donc surprise et fatigue certainement aussi.","Arrivant sur le virage gauche après avoir franchi le passage piéton entre 2 bandes blanches et rétrogradé, j'ai engagé mon virage (appui à gauche sur le guidon). Mon train avant s'est dérobé immédiatement et si vite que j'ai plongé tout droit vers le sol et la moto s'est couchée sur son flanc gauche et est partie sur le côté droit sur 1 quinzaine de mettre (merci les roulettes) pendant que je me stoppais  avec mes paumes les 2 bras en avant et le casque face contre terre (merci la bosse du blouson qui m'a maintenu la nuque droite). 5m de glissade et une chute rapide mais légère.  Action ensuite : 1. Me relever au milieu de la chaussée. 2. Regagner le trottoir en constatant que je marchais normalement et que j'avais tous mes doigts. 3. Relever ma visière (rayée) et me rappeler de ne pas enlever mon casque (tilt !). 4. Constater que le moteur et la roue arrière tournent encore. 5. Actionner le coupe-circuit et couper le contact. 6. Constater que le réservoir commence à couler par la trappe essence. 7. Relever simplement la moto sur béquille (sans la bouger puisque déjà hors de la route sans gêner). 8. M'asseoir et patienter 1 petit moment, ""que ça passe"". 9. Me sentir et observer mon équipement sur moi. 10. Retirer mes gants, retirer mon blouson, NE PAS retirer mon casque (pas encore). 10. Bouger mes membres et chercher mes blessures (oh j'ai rien, C fou !). 10bis. Me pincer, je rêve, j'ai rien et j'me sens bien. 11. Constater les dégâts et ramasser les morceaux (lieu de chute, d'impact). 12. Appeler mon assurance préférée pour rentrer (C dimanche en +). 13. Discuter avec les voisins  et finalement retirer mon casque après 20min. 14. Prendre des photos en attendant la dépanneuse 15. Prévenir mes proches.",NRP,0,,,J'ai fait ce qu'il fallait. La gravité était gérable et pas de traumatisme (j'suis tombé quoi).,2,0,,,,,,2,,,,,,,,1,,,,,,Ben je roulais et d'un coup plus de moto pour me porter : ça C fait !,4,3,,,1,1,3,3,1,1,1,2,3,1,4,4,4,6,,,,,,,,,1,3,,,,,,,,2,2,,2,2,1,1,20,0,0,60,20,2,,,,,,1,2,,,,1,,,,,,,,,,,3,2,3,,0,45,1,2,3,4,7,9,,,,,4,3,3,2,4,4,DERBI,125,GPR NUDE,ROADSTER,2,1,1,1,1,1,1,1,1,1,1,35000,NSP,4,0,,,,,,,,25JUN1984,5,1,3,2,2,3,,NRP,,,,2,0,0,1,0,1,DERBI,125,GPR 4T,Routière / GT,2,2009,37,2,2,7000,7,,,,,,,,,,,,,,,,,,,,,,,,,,,,,,,,,,,,,,,,,,,,,7000,4,5,,,,,,,,NRP,NRP,NRP,NRP,NRP,NRP,NRP,2003,2009,,,