Ligne,Ligne Q qualif,Ligne approfondissement Accident,ACCIDENT,NBACC1,ACCFREQUENCE1,ANNEEACC1_1,ANNEEACC1_2,ANNEEACC1_3,ANNEEACC1_4,ANNEEACC1_5,NBACC2,ACCFREQUENCE2,ANNEEACC2_1,ANNEEACC2_2,ANNEEACC2_3,ANNEEACC2_4,ANNEEACC2_5,NBACC3,ACCFREQUENCE3,ANNEEACC3_1,ANNEEACC3_2,ANNEEACC3_3,ANNEEACC3_4,ANNEEACC3_5,NBACC4,ACCFREQUENCE4,ANNEEACC4_1,ANNEEACC4_2,ANNEEACC4_3,ANNEEACC4_4,ANNEEACC4_5,NBACC5,ACCFREQUENCE5,ANNEEACC5_1,ANNEEACC5_2,ANNEEACC5_3,ANNEEACC5_4,ANNEEACC5_5,NBACC6,ACCFREQUENCE6,ANNEEACC6_1,ANNEEACC6_2,ANNEEACC6_3,ANNEEACC6_4,ANNEEACC6_5,NBACC7,ACCFREQUENCE7,ANNEEACC7_1,ANNEEACC7_2,ANNEEACC7_3,ANNEEACC7_4,ANNEEACC7_5,NBACC8,ACCFREQUENCE8,ANNEEACC8_1,ANNEEACC8_2,ANNEEACC8_3,ANNEEACC8_4,ANNEEACC8_5,NBACC9,ACCFREQUENCE9,ANNEEACC9_1,ANNEEACC9_2,ANNEEACC9_3,ANNEEACC9_4,ANNEEACC9_5,NBACC10,ACCFREQUENCE10,ANNEEACC10_1,ANNEEACC10_2,ANNEEACC10_3,ANNEEACC10_4,ANNEEACC10_5,NBACC11,ACCFREQUENCE11,ANNEEACC11_1,ANNEEACC11_2,ANNEEACC11_3,ANNEEACC11_4,ANNEEACC11_5,NBACC12,ACCFREQUENCE12,ANNEEACC12_1,ANNEEACC12_2,ANNEEACC12_3,ANNEEACC12_4,ANNEEACC12_5,NBACC13,ACCFREQUENCE13,ANNEEACC13_1,ANNEEACC13_2,ANNEEACC13_3,ANNEEACC13_4,ANNEEACC13_5,NBACC14,ACCFREQUENCE14,ANNEEACC14_1,ANNEEACC14_2,ANNEEACC14_3,ANNEEACC14_4,ANNEEACC14_5,AUTRESACC,NBAUTRESACC,TOTAL_AC,ANNEEAUTREACC1,ANNEEAUTREACC2,ANNEEAUTREACC3,ANNEEAUTREACC4,ANNEEAUTREACC5,LIEUAUTREACC1,LIEUAUTREACC2,LIEUAUTREACC3,LIEUAUTREACC4,LIEUAUTREACC5,DESCRIPTIONAUTRESACC1,DESCRIPTIONAUTRESACC2,DESCRIPTIONAUTRESACC3,DESCRIPTIONAUTRESACC4,DESCRIPTIONAUTRESACC5,NBAUTRESACCCIRCUIT,NBAUTRESTOUTTERRAIN,EXPCYCLO,EXP125,EXPSUP125,ACCORDNEXTQ,CHOIXACC,RGPMTACC,RECUPANNEE,RECUPLIEU,RECUPANNE,RGPMTAC,CHOIX1,CHOIX2,CHOIX3,CHOIX4,CHOIX5,CHOIX6,CHOIX7,DESCRIPTION,RUPTURE,FAITS,ABS_REACTION,AUTRE_REACTION,PRECISIONREACTIONOUI,RECUL,PRECISIONREACTIONNON,IMPACTCOMPORTEMENT,AUTREUSAGER,REACTIONAUTREUSAGER,CONNAISSANCEREACTIONUSAGER,DIFFICULTES,AGGRAVATION,DIFFICULTES2,EMOTIONS1,EMOTIONS2,EMOTIONS3,EMOTIONS4,EMOTIONS5,EMOTIONS6,AUTRESENTIMENT,CLASSEMENTEMOTIONS1,CLASSEMENTEMOTIONS,CLASSEMENTEMOTIONS5,CLASSEMENTEMOTIONS6,CLASSEMENTEMOTIONS7,CLASSEMENTEMOTIONS8,CLASSEMENTEMOTIONS9,EXPLICATIONRESSENTI,BIENEQUIPE,ALLURE,ALLUREVITEDETAIL,ALLURELENTEDETAIL,SITUATIONPRESSE,SITUATIONDISTRAIT,SITUATIONCONFIANT,SITUATIONCONTROLE,SITUATIONLUDIQUE,SITUATIONPERF,SITUATIONSTRESS,SITUATIONFATIGUE,HUMEURNEUTRE,HUMEURGAI,HUMEURMECONTENT,HUMEURTRISTE,HUMEURCOLERE,CONTRIBUTION1,CONTRIBUTION2,CONTRIBUTION3,CONTRIBUTION4,CONTRIBUTION5,CONTRIBUTION6,CONTRIBUTION7,CONTRIBUTION8,CONTRIBUTION9,ROLEINFRA,ELEMENTINFRA1,ELEMENTINFRA2,ELEMENTINFRA3,ELEMENTINFRA4,ELEMENTINFRA5,ELEMENTINFRA6,ELEMENTINFRA7,ELEMENTINFRA8,ELEMENTINFRA9,ALCOOL,TXALCOOL,STUP,SEMAINE,MOMENTJOURNEE,TEMPS,CAUSEACC1,CAUSEACC2,CAUSEACC3,CAUSEACC4,CAUSEACC5,FORMATIONCAUSE,FORMATION1,FORMATION2,FORMATION3,FORMATION4,FORMATION5,TRAFIC,CHAUSSEE1,CHAUSSEE2,CHAUSSEE3,CHAUSSEE4,TYPEACC,BLESSURE,TETE,COU,THORAX,MEMBRESSUP,COLONNE,BASSIN,MEMBRESINF,HOPITAL,PLUS24H,TRAJET,TYPEROUTE,MOTIF,SENSTRAJET,PASSAGER,VITESSE,DESCEQ1,DESCEQ2,DESCEQ3,DESCEQ4,DESCEQ5,DESCEQ6,DESCEQ7,DESCEQ8,DESCEQ9,DESCEQ10,VEHICULEETE,VEHICULEAUTOMNE,VEHICULEPRINTEMPS,VEHICULEHIVER,VEHICULESEMAINE,VEHICULEWE,VEHMARQUE,VEHCYLINDREE,VEHMODELE,VEHSEGMENT,VEHSIDE,EQ2RMABS,EQ2RMCBS,EQ2RMABSCBS,EQ2RMREGULATEUR,EQ2RMLIMITEUR,EQ2RMPHARESDIRECT,EQ2RMCOUPURE,EQ2RMANTIPATINAGE,EQ2RMANTIXHEELING,EQ2RMSTABILILTE,VEHKM,POINTS,DUREE,AUTRE2RM,VEHPRECMARQUE,VEHPRECCYLINDREE,VEHPRECMODELE,VEHPRECSEGMENT,VEHPRECSIDE,TEMPS2RMPREC,FREQVEHPREC,DATE_NAISS,CSP,SOCIETAIRE,SALARIE,SECTEUR2RM,NBPERSFOYER,SITFAM,NBENF,TRNBENF1,TRNBENF2,TRNBENF3,TRNBENF4,NBAUTOFOYER,NBCYCLOFOYER,NBSCOOTFOYER,NBMOTOFOYER,NBTRIKEFOYER,NB2RMCONDUIT,MARQUE1,CYLINDREE1,MODELE1,SEGMENT1,SIDE1,ANMISECIRCU1,ASS1,FREQ1,USAGE1,NBKM1,GARAGE1,MARQUE2,CYLINDREE2,MODELE2,SEGMENT2,SIDE2,ANMISECIRCU2,ASS2,FREQ2,USAGE2,NBKM2,GARAGE2,MARQUE3,CYLINDREE3,MODELE3,SEGMENT3,SIDE3,ANMISECIRCU3,ASS3,FREQ3,USAGE3,NBKM3,GARAGE3,MARQUE4,CYLINDREE4,MODELE4,SEGMENT4,SIDE4,ANMISECIRCU4,ASS4,FREQ4,USAGE4,NBKM4,GARAGE4,MARQUE5,CYLINDREE5,MODELE5,SEGMENT5,SIDE5,ANMISECIRCU5,ASS5,FREQ5,USAGE5,NBKM5,GARAGE5,NBKMTOT,PERMIS1,PERMIS2,PERMIS3,PERMIS4,PERMIS5,PERMIS6,PERMIS7,PERMIS8,PERMIS9,ANPERMIS1,ANPERMIS6,ANPERMIS7,ANPERMIS2,ANPERMIS3,ANPERMIS8,ANPERMIS9,ANPERMIS4,ANPERMIS5,,,
1715,5936,,1,0,3,,,,,,0,3,,,,,,0,5,,,,,,0,3,,,,,,1,5,1973,,,,,0,5,,,,,,0,3,,,,,,0,4,,,,,,0,3,,,,,,0,5,,,,,,0,5,,,,,,0,3,,,,,,0,4,,,,,,0,5,,,,,,0,,1,,,,,,,,,,,,,,,,,,4,0,43,1,21,5,1973,,,,,,,,,,,,,,,,,,,,,,,,,,,,,,,,,,,,,,,,,,,,,,,,,,,,,,,,,,,,,,,,,,,,,,,,,,,,,,,,,,,,,,,,,,,,,,,,,,,,,,,,,,,,,,,,,,,,,,,,,,,,,,,,,,,,,,,,,,,,,,,,,,,,,,,,,,,,,,22NOV1955,8,1,3,2,2,3,,NRP,,,,2,0,0,1,0,1,MOTO GUZZI,1100,CALIFORNIA IE CLASSIC,CUSTOM,2,2010,37,1,2,15000,7,,,,,,,,,,,,,,,,,,,,,,,,,,,,,,,,,,,,,,,,,,,,,15000,3,4,,,,,,,,NRP,NRP,NRP,NRP,1973,NRP,NRP,1983,NRP,,,
1419,5940,,1,0,4,,,,,,0,5,,,,,,0,6,,,,,,0,5,,,,,,0,6,,,,,,0,6,,,,,,0,1,,,,,,0,3,,,,,,0,3,,,,,,0,5,,,,,,0,5,,,,,,0,3,,,,,,0,2,,,,,,0,1,,,,,,1,1,1,2005,,,,,Annecy,,,,,"Perte de contrôle (conditions hivernales, beau temps mais température < 0C) sur accélération lors du dépassement, par la gauche bien sûr, d'une voiture roulant à faible vitesse en ville (du genre qui cherche une place de parking). N'ayant pas percuté la voiture ni autre chose il n'y a eu aucun constat. Seul accident/casse subie en conduisant.",,,,,0,0,0,0,12,1,71,15,2005,Annecy,,,,,,,,,,,,,,,,,,,,,,,,,,,,,,,,,,,,,,,,,,,,,,,,,,,,,,,,,,,,,,,,,,,,,,,,,,,,,,,,,,,,,,,,,,,,,,,,,,,,,,,,,,,,,,,,,,,,,,,,,,,,,,,,,,,,,,,,,,,,,,,,,,,,,,,,,,,,,14AUG1977,7,1,3,2,4,4,2,NRP,,,,3,0,0,1,0,1,TRIUMPH,600,DAYTONA,SPORTIVE,2,2003,37,2,2,5000,6,,,,,,,,,,,,,,,,,,,,,,,,,,,,,,,,,,,,,,,,,,,,,5000,4,3,,,,,,,,NRP,NRP,NRP,NRP,2002,NRP,NRP,1997,NRP,,,
723,5942,76,1,0,5,,,,,,0,5,,,,,,0,4,,,,,,0,3,,,,,,1,5,2004,,,,,0,4,,,,,,0,1,,,,,,0,2,,,,,,0,4,,,,,,0,5,,,,,,0,5,,,,,,0,1,,,,,,0,4,,,,,,0,4,,,,,,0,,1,,,,,,,,,,,,,,,,,,2,0,23,1,21,5,2004,,2004,Vous circuliez sur un axe prioritaire. Un véhicule venant dun axe non prioritaire vous a coupé la route.,1,4,5,6,,,,"J'ai découvert à mes dépends ce jour-là (j'avais peu d'expérience à l'époque) le peu d'attention qu'accordent les automobilistes en général aux 2 roues. Je pense qu'une meilleure formation dans les deux sens (auto et moto) serait grandement bénéfique pour tous. Apprendre (mais comment?)  aux automobilistes le respect et la reconnaissance des 2 roues et en retour apprendre aux débutants 2 roues d'adopter la plus grande vigilance face aux situations à risque. Et de pouvoir bénéficier des conseils des ""anciens"" ...","La voiture étant sur ma gauche à un stop lorsque je franchissais le carrefour, son démarrage quelques dizaines de mètres devant moi ne me permettait plus de m'arrêter à temps.","J'ai donc, par pur réflexe, tenté de faire un évitement du véhicule par l'avant de celui-ci (qui s'était arrêté au milieu du carrefour en m'apercevant (enfin!)). Malheureusement je n'ai pas totalement réussi la manoeuvre puisque le côté gauche de la moto ainsi que ma jambe sont venus heurter le pare-choc avant du véhicule, m'envoyant chuter et glisser sur plusieurs mètres jusqu'à finir ma course dans le fossé.",NRP,1,"L'expérience m'a appris à me méfier de ce genre de situation à risque et à anticiper une éventuelle manoeuvre d'un véhicule. Cette situation s'est d'ailleurs reproduite à l'identique 2 fois depuis et seule mon expérience et l'anticipation m'ont permis d'éviter l'accident de nouveau. Mieux vaut anticiper pour rien que de réagir trop tard (comme disait Audiard, mieux vaut un con vivant qu'un héros mort... à méditer...)",Le manque d'expérience...,,2,1,1,1,Il n'a pas prêté attention à mon arrivée et en a pris conscience bien trop tard.,NSP,NRP,1,2,6,,,,,2,1,,,,3,,"Ben, généralement quand une voiture grille un stop et qu'on ne s'y attend pas...",3,3,,,1,2,3,3,1,1,1,1,1,4,4,4,4,1,5,,,,,,,,1,2,,,,,,,,2,2,,2,2,1,1,0,100,0,0,0,1,1,,,,,2,1,,,,2,1,4,7,,,,,,1,1,1,2,3,,0,90,1,10,2,3,5,,,,,,4,4,4,4,4,4,HONDA,600,TRANSALP +35KW,TRAIL / SUPERMOTARD,2,1,1,1,1,1,1,1,1,1,1,1900,12,4,1,HONDA,600,TRANSALP +35KW,TRAIL / SUPERMOTARD,2,4,4,01FEB1970,7,2,3,2,1,1,,NRP,,,,1,0,0,1,0,1,SUZUKI,650,V-STROM,TRAIL / SUPERMOTARD,2,2008,40,2,1,7000,7,,,,,,,,,,,,,,,,,,,,,,,,,,,,,,,,,,,,,,,,,,,,,7000,3,4,,,,,,,,NRP,NRP,NRP,NRP,1992,NRP,NRP,1990,NRP,,,
2207,5946,,1,0,4,,,,,,1,5,1986,,,,,0,5,,,,,,0,4,,,,,,0,5,,,,,,0,4,,,,,,0,3,,,,,,2,5,2001,2013,,,,0,5,,,,,,0,2,,,,,,0,5,,,,,,0,3,,,,,,0,2,,,,,,0,3,,,,,,0,,3,,,,,,,,,,,,,,,,,,31,2,29,1,6,2,1986,,,,,,,,,,,,,,,,,,,,,,,,,,,,,,,,,,,,,,,,,,,,,,,,,,,,,,,,,,,,,,,,,,,,,,,,,,,,,,,,,,,,,,,,,,,,,,,,,,,,,,,,,,,,,,,,,,,,,,,,,,,,,,,,,,,,,,,,,,,,,,,,,,,,,,,,,,,,,,04OCT1962,6,1,3,2,2,3,,NRP,,,,1,0,1,1,0,2,HONDA,400,SW-T ABS,SCOOTER,2,2009,37,1,2,20000,7,MOTO GUZZI,1100,BREVA,ROADSTER,2,2006,37,3,1,6000,7,,,,,,,,,,,,,,,,,,,,,,,,,,,,,,,,,,26000,3,4,,,,,,,,NRP,NRP,NRP,NRP,1984,NRP,NRP,1981,NRP,,,
2166,5949,,1,1,6,2014,,,,,0,6,,,,,,0,3,,,,,,0,3,,,,,,0,5,,,,,,0,3,,,,,,0,1,,,,,,1,2,1993,,,,,2,3,2013,2010,,,,0,3,,,,,,0,5,,,,,,0,1,,,,,,0,2,,,,,,0,4,,,,,,0,,4,,,,,,,,,,,,,,,,,,5,10,3,1,1,1,2014,,,,,,,,,,,,,,,,,,,,,,,,,,,,,,,,,,,,,,,,,,,,,,,,,,,,,,,,,,,,,,,,,,,,,,,,,,,,,,,,,,,,,,,,,,,,,,,,,,,,,,,,,,,,,,,,,,,,,,,,,,,,,,,,,,,,,,,,,,,,,,,,,,,,,,,,,,,,,,23SEP1975,7,1,3,2,3,4,1,NRP,,,,2,1,0,1,0,2,HONDA,750,VFR-F,Routière / GT,2,1997,37,2,2,10000,7,VELOSOLEX,50,3008,ROADSTER,2,1980,31,4,1,100,7,,,,,,,,,,,,,,,,,,,,,,,,,,,,,,,,,,10100,3,4,,,,,,,,NRP,NRP,NRP,NRP,2011,NRP,NRP,1993,NRP,,,
351,5950,467,1,0,5,,,,,,0,5,,,,,,0,3,,,,,,0,4,,,,,,0,4,,,,,,0,2,,,,,,0,2,,,,,,0,3,,,,,,0,3,,,,,,0,3,,,,,,0,4,,,,,,0,1,,,,,,0,5,,,,,,0,3,,,,,,1,1,1,2010,,,,,albi,,,,,le conducteur d'une automobile n'a pas respecté le stop et m'a percuté, soit disant qu'avec le solieil en face il ne m'avait pas vu!!!,,,,,0,0,2,2,44,1,71,15,2010,albi,2010,Autre(s) type(s) d'accident(s).,3,,,,,,,"je recommence, j'ai eu une deconnexion une premiere fois  je me suis fait accrocher par une voiture qui n'a pas respectée un stop; je roulais avec la moto de mon epoouse (ER6 Kawasaki) l'accident s'est passé sur un carrefour mal foutu; je tourne à gauche en face dans l'axe il y a une sortie de parking avec un stop le conducteur n'a pas respecté le stop et est venu me percuter à l'avant droit je tourne et meme en roulant prudement je ne peux pas tenter une manoeuvre d'evitement (1 seule voie, de toute façon je n'ai pas la place) la conductrice qui suivait le vehicule qui m'a accroché temoigne que je roulais avec prudence faut dire que je me mefie de cet endroit car comme je l'ai dit c'est vraiment mal pensé; il a ete modifié depuis d'apres le conducteur il avait le soleil rasant du matin en face et il ne m'a pas vu arriver, il a freiné au dernier moment mais trop tard; le choc n'as pas été tres violent mais j'ai chuté pas de casse mais quelques lesions au genou et à la cheville; je portais une veste avec des protections qui bien joué son rôle pour le haut l'ennuie c'est que depuis j'ai toujours mal au dos; je dirais par honneteté morale que j'avais déjà un pincement aux lombaires mais qui ne me faisait pas mal ou rarement quand je ""tirais"" trop dessus j'ai eu une visite medicale suite à cet accident mais le medecin n'a pas validé le mal sous pretexte qu'a mon age il y a aussi un peu d'arthrose qui peut provoquer aussi des douleurs; le fait est que maintenant le prends des antiinflammatoires à la moindre occasion ce qui ne m'arrivait que tres rarement avant j'ai eu une petite compensation financiere de l'assurance pour l'arret de travail et l'arret forcé momentané des activités sportives",c'est le conducteur du vehicule qui fait une faute, je le vois arriver sur moi je ne peux rien faire,faut dire que dans un premier temps je n'aurais pas immaginé que le conducteur reparte du stop sans me laisser passer apres ça va tres vite je suis déjà engagé dans mon tourne à gauche, je n'ai pas la place de tenter une manoeuvre d'evitement le conducteur s'est lancé puis a freiné pour eviter de me percuter mais trop tard,NRP,1,peut etre  en accelerant au risque de me faire prendre par l'arriere?,je ne suis meme pas sûr aujourd'hui que cette solution puisse eviter le choc ça reste une interrogation!,,2,1,1,1,dixit le conducteur le soleil rasant m'a caché,1,stop pas assez marqué,6,,,,,,,,,,,,1,,"le vehicule vient sur moi, j'ai une seule voie avec une materialisation de voie à ma gauche (espece de rebord de trottoir qui separe les voies) l'evitement peut s'avere encore plus dangereux",3,3,,,1,1,4,4,1,1,1,1,1,1,4,4,4,10,,,,,,,,,1,4,,,,,,,,2,2,,2,1,1,1,0,95,0,5,0,2,,,,,,1,1,,,,2,1,7,,,,,,,0,,1,1,3,,0,15,1,10,2,4,,,,,,,4,4,4,4,4,4,KAWASAKI,650,ER-6F,SPORTIVE,2,1,1,1,1,1,1,1,1,1,1,NSP,12,4,1,MOTO GUZZI,1200,NORGE GT 8V,Routière / GT,2,4,4,02MAY1952,9,2,3,2,2,3,,NRP,,,,2,0,0,2,0,2,MOTO GUZZI,1200,NORGE GT,Routière / GT,2,2012,29,2,1,6000,4,KAWASAKI,650,ER-6  N,ROADSTER,2,2006,29,2,1,4000,4,,,,,,,,,,,,,,,,,,,,,,,,,,,,,,,,,,10000,2,3,4,,,,,,,NRP,NRP,NRP,1969,1971,NRP,NRP,1972,NRP
1969,5952,,1,0,5,,,,,,0,3,,,,,,1,5,2009,,,,,0,5,,,,,,0,5,,,,,,0,3,,,,,,0,3,,,,,,0,4,,,,,,1,5,2013,,,,,1,5,2010,,,,,0,4,,,,,,0,2,,,,,,0,3,,,,,,0,4,,,,,,0,,3,,,,,,,,,,,,,,,,,,16,2,8,1,46,10,2010,,,,,,,,,,,,,,,,,,,,,,,,,,,,,,,,,,,,,,,,,,,,,,,,,,,,,,,,,,,,,,,,,,,,,,,,,,,,,,,,,,,,,,,,,,,,,,,,,,,,,,,,,,,,,,,,,,,,,,,,,,,,,,,,,,,,,,,,,,,,,,,,,,,,,,,,,,,,,,01APR1957,6,2,3,2,4,4,2,NRP,,,,2,0,1,0,0,1,PIAGGIO,500,MP3 LT TOURING BUSINESS (TM),SCOOTER,2,2011,10,1,2,35000,7,,,,,,,,,,,,,,,,,,,,,,,,,,,,,,,,,,,,,,,,,,,,,35000,2,4,,,,,,,,NRP,NRP,NRP,1982,NRP,NRP,NRP,1982,NRP,,,
1937,5955,,0,,,,,,,,,,,,,,,,,,,,,,,,,,,,,,,,,,,,,,,,,,,,,,,,,,,,,,,,,,,,,,,,,,,,,,,,,,,,,,,,,,,,,,,,,,,,,,,,,,,,,,,,,,,,,,,,,,,,,,,,,,,,,,,,,,,,,,,,,,,,,,,,,,,,,,,,,,,,,,,,,,,,,,,,,,,,,,,,,,,,,,,,,,,,,,,,,,,,,,,,,,,,,,,,,,,,,,,,,,,,,,,,,,,,,,,,,,,,,,,,,,,,,,,,,,,,,,,,,,,,,,,,,,,,,,,,,,,,,,,,,,,02JUN1989,7,1,3,2,2,3,,NRP,,,,2,0,0,2,0,1,YAMAHA,660,MT03,ROADSTER,2,2010,37,3,1,5000,7,,,,,,,,,,,,,,,,,,,,,,,,,,,,,,,,,,,,,,,,,,,,,5000,4,3,,,,,,,,NRP,NRP,NRP,NRP,2011,NRP,NRP,2007,NRP,,,
904,5957,51,1,1,4,1988,,,,,0,4,,,,,,0,4,,,,,,0,2,,,,,,0,4,,,,,,1,4,1994,,,,,0,3,,,,,,0,5,,,,,,2,2,1989,2004,,,,0,5,,,,,,0,3,,,,,,0,1,,,,,,0,2,,,,,,0,4,,,,,,1,1,5,2004,,,,,Toulouse,,,,,"Accélérateur bloqué en grand,freinage car virage, glissade 60 m ouf.",,,,,0,0,4,1,29,1,1,1,1988,,1988,Vous circuliez sur un axe prioritaire. Un autre véhicule arrivant sur le même axe en sens opposé vous a coupé la route en tournant à gauche.,2,,,,,,,"La personne (une femme la cinquantaine)  ne ma absolument pas vue puisque elle à démarré devant moi, me refusant donc la priorité. Je n'allais pas très vite. J'étais équipé. Ce carrefour à était remplacer par un rond point.","La conductrice à mal regardé (peut être trop vite, pas pris assez de temps), elle ne ma pas vue.","Surpris totalement puisque elle à démarré au moment ou je passé, pas eu le temps de freiné, j'ai étais éjecté.Il y a eu que moi d'impliqué dans l'accident. La réaction de l'automobiliste à était de nier ça responsabilité.",NRP,0,,,Parce que vous ne pouvez évité qlq'un qui ne vous à pas vue et qui démarre au moment ou vous passez devant lui.,2,0,,,,,,2,3,6,,,,,,1,2,,,3,,Le fait que cette situation ne devait pas ce produire.,4,3,,,1,4,4,4,4,1,1,1,4,3,4,4,4,10,,,,,,,,,1,AUT|Zone peu éclairé,,,,,,,,2,2,,2,2,2,1,0,100,0,0,0,2,,,,,,1,1,,,,2,1,7,,,,,,,1,1,2,1,1,2,0,55,1,2,4,,,,,,,,4,4,4,4,NRP,4,HONDA,125,CB-TWIN,ROADSTER,2,1,1,1,1,1,1,1,1,1,1,30000,12,2,1,PEUGEOT,80,TXE,TRAIL / SUPERMOTARD,2,1,4,08MAY1969,5,1,3,2,4,4,2,NRP,,,,2,2,0,4,0,3,MOTO GUZZI,1000,CALIFORNIA III,Routière / GT,2,1988,16,1,2,20000,7,MOTO GUZZI,1000,LE MANS IV (LARIO),Routière / GT,2,1984,37,3,1,10000,7,MOTO GUZZI,850,850 LE MANS II,Routière / GT,2,1978,16,3,1,3000,7,,,,,,,,,,,,,,,,,,,,,,,33000,3,4,,,,,,,,NRP,NRP,NRP,NRP,1987,NRP,NRP,1996,NRP,,,
486,5960,,0,,,,,,,,,,,,,,,,,,,,,,,,,,,,,,,,,,,,,,,,,,,,,,,,,,,,,,,,,,,,,,,,,,,,,,,,,,,,,,,,,,,,,,,,,,,,,,,,,,,,,,,,,,,,,,,,,,,,,,,,,,,,,,,,,,,,,,,,,,,,,,,,,,,,,,,,,,,,,,,,,,,,,,,,,,,,,,,,,,,,,,,,,,,,,,,,,,,,,,,,,,,,,,,,,,,,,,,,,,,,,,,,,,,,,,,,,,,,,,,,,,,,,,,,,,,,,,,,,,,,,,,,,,,,,,,,,,,,,,,,,,,05NOV1963,5,2,3,2,3,4,1,NRP,,,,2,0,0,1,0,1,SUZUKI,650,V-STROM,TRAIL / SUPERMOTARD,2,2006,20,3,1,4000,7,,,,,,,,,,,,,,,,,,,,,,,,,,,,,,,,,,,,,,,,,,,,,4000,2,3,4,,,,,,,NRP,NRP,NRP,1980,2002,NRP,NRP,1983,NRP,,,
702,5962,,0,,,,,,,,,,,,,,,,,,,,,,,,,,,,,,,,,,,,,,,,,,,,,,,,,,,,,,,,,,,,,,,,,,,,,,,,,,,,,,,,,,,,,,,,,,,,,,,,,,,,,,,,,,,,,,,,,,,,,,,,,,,,,,,,,,,,,,,,,,,,,,,,,,,,,,,,,,,,,,,,,,,,,,,,,,,,,,,,,,,,,,,,,,,,,,,,,,,,,,,,,,,,,,,,,,,,,,,,,,,,,,,,,,,,,,,,,,,,,,,,,,,,,,,,,,,,,,,,,,,,,,,,,,,,,,,,,,,,,,,,,,,25SEP1953,9,2,3,2,2,3,,NRP,,,,1,0,0,1,0,1,YAMAHA,900,TDM,ROADSTER,2,2006,33,3,1,2500,7,,,,,,,,,,,,,,,,,,,,,,,,,,,,,,,,,,,,,,,,,,,,,2500,7,4,3,2,,,,,,NRP,NRP,1972,1972,1995,NRP,NRP,1978,NRP,,,
589,5963,,0,,,,,,,,,,,,,,,,,,,,,,,,,,,,,,,,,,,,,,,,,,,,,,,,,,,,,,,,,,,,,,,,,,,,,,,,,,,,,,,,,,,,,,,,,,,,,,,,,,,,,,,,,,,,,,,,,,,,,,,,,,,,,,,,,,,,,,,,,,,,,,,,,,,,,,,,,,,,,,,,,,,,,,,,,,,,,,,,,,,,,,,,,,,,,,,,,,,,,,,,,,,,,,,,,,,,,,,,,,,,,,,,,,,,,,,,,,,,,,,,,,,,,,,,,,,,,,,,,,,,,,,,,,,,,,,,,,,,,,,,,,,06NOV1975,4,1,3,2,2,3,,NRP,,,,1,0,0,2,0,1,YAMAHA,600,FZ,Routière / GT,2,2002,37,1,2,4500,7,,,,,,,,,,,,,,,,,,,,,,,,,,,,,,,,,,,,,,,,,,,,,4500,5,4,3,,,,,,,NRP,NRP,NRP,NRP,2013,NRP,NRP,1993,2012,,,
2152,5964,,1,0,1,,,,,,0,4,,,,,,0,4,,,,,,0,1,,,,,,1,3,2011,,,,,0,3,,,,,,0,3,,,,,,0,2,,,,,,0,2,,,,,,0,4,,,,,,0,4,,,,,,0,3,,,,,,0,3,,,,,,0,2,,,,,,0,,1,,,,,,,,,,,,,,,,,,3,4,7,1,21,5,2011,,,,,,,,,,,,,,,,,,,,,,,,,,,,,,,,,,,,,,,,,,,,,,,,,,,,,,,,,,,,,,,,,,,,,,,,,,,,,,,,,,,,,,,,,,,,,,,,,,,,,,,,,,,,,,,,,,,,,,,,,,,,,,,,,,,,,,,,,,,,,,,,,,,,,,,,,,,,,,21APR1966,5,2,3,2,5,4,3,NRP,,,,2,0,0,2,0,2,DUCATI,1000,MONSTER S2R,ROADSTER,2,2007,16,1,2,10000,7,MOTO GUZZI,750,NEVADA,CUSTOM,2,2002,16,3,2,1000,7,,,,,,,,,,,,,,,,,,,,,,,,,,,,,,,,,,11000,4,3,,,,,,,,NRP,NRP,NRP,NRP,2009,NRP,NRP,1984,NRP,,,
1618,5965,,0,,,,,,,,,,,,,,,,,,,,,,,,,,,,,,,,,,,,,,,,,,,,,,,,,,,,,,,,,,,,,,,,,,,,,,,,,,,,,,,,,,,,,,,,,,,,,,,,,,,,,,,,,,,,,,,,,,,,,,,,,,,,,,,,,,,,,,,,,,,,,,,,,,,,,,,,,,,,,,,,,,,,,,,,,,,,,,,,,,,,,,,,,,,,,,,,,,,,,,,,,,,,,,,,,,,,,,,,,,,,,,,,,,,,,,,,,,,,,,,,,,,,,,,,,,,,,,,,,,,,,,,,,,,,,,,,,,,,,,,,,,,27JUN1961,7,2,3,2,2,3,,NRP,,,,1,0,0,1,0,1,TRIUMPH,1050,TIGER ABS,ROADSTER,2,2011,16,1,2,9000,7,,,,,,,,,,,,,,,,,,,,,,,,,,,,,,,,,,,,,,,,,,,,,9000,2,3,4,,,,,,,NRP,NRP,NRP,1980,2003,NRP,NRP,1980,NRP,,,