Ligne,Ligne Q qualif,Ligne approfondissement Accident,ACCIDENT,NBACC1,ACCFREQUENCE1,ANNEEACC1_1,ANNEEACC1_2,ANNEEACC1_3,ANNEEACC1_4,ANNEEACC1_5,NBACC2,ACCFREQUENCE2,ANNEEACC2_1,ANNEEACC2_2,ANNEEACC2_3,ANNEEACC2_4,ANNEEACC2_5,NBACC3,ACCFREQUENCE3,ANNEEACC3_1,ANNEEACC3_2,ANNEEACC3_3,ANNEEACC3_4,ANNEEACC3_5,NBACC4,ACCFREQUENCE4,ANNEEACC4_1,ANNEEACC4_2,ANNEEACC4_3,ANNEEACC4_4,ANNEEACC4_5,NBACC5,ACCFREQUENCE5,ANNEEACC5_1,ANNEEACC5_2,ANNEEACC5_3,ANNEEACC5_4,ANNEEACC5_5,NBACC6,ACCFREQUENCE6,ANNEEACC6_1,ANNEEACC6_2,ANNEEACC6_3,ANNEEACC6_4,ANNEEACC6_5,NBACC7,ACCFREQUENCE7,ANNEEACC7_1,ANNEEACC7_2,ANNEEACC7_3,ANNEEACC7_4,ANNEEACC7_5,NBACC8,ACCFREQUENCE8,ANNEEACC8_1,ANNEEACC8_2,ANNEEACC8_3,ANNEEACC8_4,ANNEEACC8_5,NBACC9,ACCFREQUENCE9,ANNEEACC9_1,ANNEEACC9_2,ANNEEACC9_3,ANNEEACC9_4,ANNEEACC9_5,NBACC10,ACCFREQUENCE10,ANNEEACC10_1,ANNEEACC10_2,ANNEEACC10_3,ANNEEACC10_4,ANNEEACC10_5,NBACC11,ACCFREQUENCE11,ANNEEACC11_1,ANNEEACC11_2,ANNEEACC11_3,ANNEEACC11_4,ANNEEACC11_5,NBACC12,ACCFREQUENCE12,ANNEEACC12_1,ANNEEACC12_2,ANNEEACC12_3,ANNEEACC12_4,ANNEEACC12_5,NBACC13,ACCFREQUENCE13,ANNEEACC13_1,ANNEEACC13_2,ANNEEACC13_3,ANNEEACC13_4,ANNEEACC13_5,NBACC14,ACCFREQUENCE14,ANNEEACC14_1,ANNEEACC14_2,ANNEEACC14_3,ANNEEACC14_4,ANNEEACC14_5,AUTRESACC,NBAUTRESACC,TOTAL_AC,ANNEEAUTREACC1,ANNEEAUTREACC2,ANNEEAUTREACC3,ANNEEAUTREACC4,ANNEEAUTREACC5,LIEUAUTREACC1,LIEUAUTREACC2,LIEUAUTREACC3,LIEUAUTREACC4,LIEUAUTREACC5,DESCRIPTIONAUTRESACC1,DESCRIPTIONAUTRESACC2,DESCRIPTIONAUTRESACC3,DESCRIPTIONAUTRESACC4,DESCRIPTIONAUTRESACC5,NBAUTRESACCCIRCUIT,NBAUTRESTOUTTERRAIN,EXPCYCLO,EXP125,EXPSUP125,ACCORDNEXTQ,CHOIXACC,RGPMTACC,RECUPANNEE,RECUPLIEU,RECUPANNE,RGPMTAC,CHOIX1,CHOIX2,CHOIX3,CHOIX4,CHOIX5,CHOIX6,CHOIX7,DESCRIPTION,RUPTURE,FAITS,ABS_REACTION,AUTRE_REACTION,PRECISIONREACTIONOUI,RECUL,PRECISIONREACTIONNON,IMPACTCOMPORTEMENT,AUTREUSAGER,REACTIONAUTREUSAGER,CONNAISSANCEREACTIONUSAGER,DIFFICULTES,AGGRAVATION,DIFFICULTES2,EMOTIONS1,EMOTIONS2,EMOTIONS3,EMOTIONS4,EMOTIONS5,EMOTIONS6,AUTRESENTIMENT,CLASSEMENTEMOTIONS1,CLASSEMENTEMOTIONS,CLASSEMENTEMOTIONS5,CLASSEMENTEMOTIONS6,CLASSEMENTEMOTIONS7,CLASSEMENTEMOTIONS8,CLASSEMENTEMOTIONS9,EXPLICATIONRESSENTI,BIENEQUIPE,ALLURE,ALLUREVITEDETAIL,ALLURELENTEDETAIL,SITUATIONPRESSE,SITUATIONDISTRAIT,SITUATIONCONFIANT,SITUATIONCONTROLE,SITUATIONLUDIQUE,SITUATIONPERF,SITUATIONSTRESS,SITUATIONFATIGUE,HUMEURNEUTRE,HUMEURGAI,HUMEURMECONTENT,HUMEURTRISTE,HUMEURCOLERE,CONTRIBUTION1,CONTRIBUTION2,CONTRIBUTION3,CONTRIBUTION4,CONTRIBUTION5,CONTRIBUTION6,CONTRIBUTION7,CONTRIBUTION8,CONTRIBUTION9,ROLEINFRA,ELEMENTINFRA1,ELEMENTINFRA2,ELEMENTINFRA3,ELEMENTINFRA4,ELEMENTINFRA5,ELEMENTINFRA6,ELEMENTINFRA7,ELEMENTINFRA8,ELEMENTINFRA9,ALCOOL,TXALCOOL,STUP,SEMAINE,MOMENTJOURNEE,TEMPS,CAUSEACC1,CAUSEACC2,CAUSEACC3,CAUSEACC4,CAUSEACC5,FORMATIONCAUSE,FORMATION1,FORMATION2,FORMATION3,FORMATION4,FORMATION5,TRAFIC,CHAUSSEE1,CHAUSSEE2,CHAUSSEE3,CHAUSSEE4,TYPEACC,BLESSURE,TETE,COU,THORAX,MEMBRESSUP,COLONNE,BASSIN,MEMBRESINF,HOPITAL,PLUS24H,TRAJET,TYPEROUTE,MOTIF,SENSTRAJET,PASSAGER,VITESSE,DESCEQ1,DESCEQ2,DESCEQ3,DESCEQ4,DESCEQ5,DESCEQ6,DESCEQ7,DESCEQ8,DESCEQ9,DESCEQ10,VEHICULEETE,VEHICULEAUTOMNE,VEHICULEPRINTEMPS,VEHICULEHIVER,VEHICULESEMAINE,VEHICULEWE,VEHMARQUE,VEHCYLINDREE,VEHMODELE,VEHSEGMENT,VEHSIDE,EQ2RMABS,EQ2RMCBS,EQ2RMABSCBS,EQ2RMREGULATEUR,EQ2RMLIMITEUR,EQ2RMPHARESDIRECT,EQ2RMCOUPURE,EQ2RMANTIPATINAGE,EQ2RMANTIXHEELING,EQ2RMSTABILILTE,VEHKM,POINTS,DUREE,AUTRE2RM,VEHPRECMARQUE,VEHPRECCYLINDREE,VEHPRECMODELE,VEHPRECSEGMENT,VEHPRECSIDE,TEMPS2RMPREC,FREQVEHPREC,DATE_NAISS,CSP,SOCIETAIRE,SALARIE,SECTEUR2RM,NBPERSFOYER,SITFAM,NBENF,TRNBENF1,TRNBENF2,TRNBENF3,TRNBENF4,NBAUTOFOYER,NBCYCLOFOYER,NBSCOOTFOYER,NBMOTOFOYER,NBTRIKEFOYER,NB2RMCONDUIT,MARQUE1,CYLINDREE1,MODELE1,SEGMENT1,SIDE1,ANMISECIRCU1,ASS1,FREQ1,USAGE1,NBKM1,GARAGE1,MARQUE2,CYLINDREE2,MODELE2,SEGMENT2,SIDE2,ANMISECIRCU2,ASS2,FREQ2,USAGE2,NBKM2,GARAGE2,MARQUE3,CYLINDREE3,MODELE3,SEGMENT3,SIDE3,ANMISECIRCU3,ASS3,FREQ3,USAGE3,NBKM3,GARAGE3,MARQUE4,CYLINDREE4,MODELE4,SEGMENT4,SIDE4,ANMISECIRCU4,ASS4,FREQ4,USAGE4,NBKM4,GARAGE4,MARQUE5,CYLINDREE5,MODELE5,SEGMENT5,SIDE5,ANMISECIRCU5,ASS5,FREQ5,USAGE5,NBKM5,GARAGE5,NBKMTOT,PERMIS1,PERMIS2,PERMIS3,PERMIS4,PERMIS5,PERMIS6,PERMIS7,PERMIS8,PERMIS9,ANPERMIS1,ANPERMIS6,ANPERMIS7,ANPERMIS2,ANPERMIS3,ANPERMIS8,ANPERMIS9,ANPERMIS4,ANPERMIS5,,,
1579,5985,,0,,,,,,,,,,,,,,,,,,,,,,,,,,,,,,,,,,,,,,,,,,,,,,,,,,,,,,,,,,,,,,,,,,,,,,,,,,,,,,,,,,,,,,,,,,,,,,,,,,,,,,,,,,,,,,,,,,,,,,,,,,,,,,,,,,,,,,,,,,,,,,,,,,,,,,,,,,,,,,,,,,,,,,,,,,,,,,,,,,,,,,,,,,,,,,,,,,,,,,,,,,,,,,,,,,,,,,,,,,,,,,,,,,,,,,,,,,,,,,,,,,,,,,,,,,,,,,,,,,,,,,,,,,,,,,,,,,,,,,,,,,,22MAR1970,6,1,3,2,2,3,,NRP,,,,1,1,1,0,0,1,PEUGEOT,125,ELYSTAR,SCOOTER,2,2005,37,1,2,3000,4,,,,,,,,,,,,,,,,,,,,,,,,,,,,,,,,,,,,,,,,,,,,,3000,4,,,,,,,,,NRP,NRP,NRP,NRP,NRP,NRP,NRP,1990,NRP,,,
1594,5986,,1,0,3,,,,,,0,3,,,,,,1,4,2008,,,,,0,4,,,,,,0,4,,,,,,0,3,,,,,,0,1,,,,,,0,4,,,,,,0,3,,,,,,0,3,,,,,,0,4,,,,,,0,1,,,,,,1,2,2012,,,,,0,1,,,,,,0,,2,,,,,,,,,,,,,,,,,,4,0,7,1,11,3,2008,,,,,,,,,,,,,,,,,,,,,,,,,,,,,,,,,,,,,,,,,,,,,,,,,,,,,,,,,,,,,,,,,,,,,,,,,,,,,,,,,,,,,,,,,,,,,,,,,,,,,,,,,,,,,,,,,,,,,,,,,,,,,,,,,,,,,,,,,,,,,,,,,,,,,,,,,,,,,,20SEP1961,5,2,3,2,4,4,2,NRP,,,,3,0,0,1,0,1,HONDA,1000,CB 1000R ABS,ROADSTER,2,2012,22,1,2,20000,7,,,,,,,,,,,,,,,,,,,,,,,,,,,,,,,,,,,,,,,,,,,,,20000,3,4,,,,,,,,NRP,NRP,NRP,NRP,2008,NRP,NRP,1979,NRP,,,
1067,5989,80,1,0,2,,,,,,0,2,,,,,,0,3,,,,,,0,3,,,,,,0,2,,,,,,0,2,,,,,,0,3,,,,,,0,3,,,,,,1,3,2008,,,,,0,3,,,,,,0,2,,,,,,0,2,,,,,,0,3,,,,,,0,2,,,,,,1,2,3,2008,2001,,,,Migennes,Paris,,,,perte d adherence dans un virage   qques degats materiels pas de tiers,perte d adherence sur bouche d egout glissade et percussion tiers par l arriere qques degats materiels,,,,0,0,0,0,17,1,72,15,2001,Paris,2001,Autre(s) type(s) d'accident(s).,6,,,,,,,"freinage sur plaque d egout, perte d adherence de la roue avant, chute au sol legere. Juste qques carenages abimés, mais la moto, dans sa course, a finit par percuter tres legerement la roue arriere d un vehicule. Le proprietaire, par crainte inconsiderée de dégats sur son vehicule, a refusé un arrangement, j ai dut declarer cet accident cet accident à mon assurance et subir un malus. Rageant !!!",plaque d egout (glissante par definition) sur la chaussée,ralentissement devant moi freinage sur plaque d egout perte d adherence roue avant chute au sol et courte glissade colision avc vehicule devant moi en fin de course au sol refus d arrangement malgres le caractere manifestement bénin des degats materiels,NRP,1,"eviter les plaques d egouts ou toute autre surface glissante sur ma rajectoire, pr la cas où un freinage serait à faire",manque d experience,,2,0,,,,,,6,,,,,,,,,,,,1,,une moto de 200kg qui se couche en glissade n est pas controlable,3,3,,,2,2,2,2,1,1,2,1,5,5,5,5,5,10,,,,,,,,,1,3,,,,,,,,2,2,,2,1,1,2,20,0,0,60,20,2,,,,,,3,2,6,,,1,,,,,,,,,,,3,2,1,1,0,30,1,10,2,3,4,,,,,,4,4,4,4,4,4,HONDA,750,"VFR-F ""CARAT""",Routière / GT,2,1,1,1,1,1,1,1,1,1,1,70000,12,4,1,KAWASAKI,600,ZZR,Routière / GT,2,3,4,05NOV1975,7,2,3,2,1,1,,NRP,,,,1,0,0,1,0,1,HONDA,1000,VTR  FIRESTORM,SPORTIVE,2,2003,10,1,1,10000,7,,,,,,,,,,,,,,,,,,,,,,,,,,,,,,,,,,,,,,,,,,,,,10000,2,3,4,,,,,,,NRP,NRP,NRP,1994,1996,NRP,NRP,1994,NRP,,,
939,5990,427,1,1,6,1975,,,,,0,5,,,,,,0,6,,,,,,0,4,,,,,,1,6,1975,,,,,0,5,,,,,,0,4,,,,,,0,5,,,,,,0,4,,,,,,2,6,1975,1977,,,,0,4,,,,,,0,4,,,,,,1,5,1977,,,,,0,3,,,,,,0,,5,,,,,,,,,,,,,,,,,,2,3,43,1,61,13,1977,,1977,Vous circuliez derrière un véhicule. Ce véhicule a freiné ou a ralenti et vous lavez percuté par larrière.,2,3,4,6,,,,j etais arrive la veille a PARIS apres avoir fait 800kms  Le lendemain c est en allant porte de VERSAILLES en empruntant le peripherique que j ai heurte le vehicule me precedent suite a un ralentissement et a une faute d inattention,INATTENTION DE MA PART ET MECONNAISSANCE DES RALENTISSEMENTS FREQUENTS SUR LE PERIPHERIQUE PARISIEN,JE SUIS TOMBE ET JE NE ME SUIS PAS RELEVE   UNE INFIRMIERE QUI CIRCULAIT SUR UNE AUTRE VOIE A PREVENU LES SECOURS,3,0,,,RAPIDITE DE L ACCIDENT,2,1,2,,FAIRE RALENTIR LES AUTRES USAGERS,2,LE PERIPHERIQUE ETAIT EMBOUTEILLE,7,,,,,,,,,,,,,,,4,3,,,2,4,4,4,4,1,1,2,1,3,4,4,4,4,5,8,,,,,,,1,AUT|CHANGEMENT DE VIES CREANT DES RALENTISSEMENTS,,,,,,,,2,2,,2,2,1,1,100,0,0,0,0,1,AUT|MECONNAISSANCE DES CONDITIOS DE CIRCULATION SUR LE PERIPHERIQUE,,,,,4,1,,,,2,1,3,,,,,,,1,1,3,4,3,,1,50,1,10,2,3,4,,,,,,4,4,4,4,4,4,HONDA,400,"CB-F1 ""SUPERSPORT""",ROADSTER,2,1,1,1,1,1,1,1,1,1,1,30000,12,3,1,HONDA,125,CB-S,ROADSTER,2,3,4,19OCT1954,7,1,2,2,2,3,,NRP,,,,2,2,1,7,0,5,HONDA,1000,CB-F C-ABS,ROADSTER,2,2011,37,1,1,10000,7,HONDA,70,DAX,ROADSTER,2,1995,37,1,2,1500,7,HONDA,50,MONKEY,ROADSTER,2,1972,37,3,1,50,7,TERROT,125,BASIQUE,ROADSTER,2,1952,37,4,1,50,7,PIAGGIO,125,VESPA PX,SCOOTER,2,1993,37,2,1,2000,7,13600,2,3,4,,,,,,,NRP,NRP,NRP,1972,1972,NRP,NRP,1974,NRP,,,
1423,5993,,0,,,,,,,,,,,,,,,,,,,,,,,,,,,,,,,,,,,,,,,,,,,,,,,,,,,,,,,,,,,,,,,,,,,,,,,,,,,,,,,,,,,,,,,,,,,,,,,,,,,,,,,,,,,,,,,,,,,,,,,,,,,,,,,,,,,,,,,,,,,,,,,,,,,,,,,,,,,,,,,,,,,,,,,,,,,,,,,,,,,,,,,,,,,,,,,,,,,,,,,,,,,,,,,,,,,,,,,,,,,,,,,,,,,,,,,,,,,,,,,,,,,,,,,,,,,,,,,,,,,,,,,,,,,,,,,,,,,,,,,,,,,16MAR1990,7,2,3,2,2,3,,NRP,,,,2,0,0,2,0,2,SUZUKI,650,GLADIUS,ROADSTER,2,2012,10,3,1,6000,7,DUCATI,600,MONSTER,ROADSTER,2,2001,10,3,1,4000,7,,,,,,,,,,,,,,,,,,,,,,,,,,,,,,,,,,10000,1,3,4,,,,,,,2005,NRP,NRP,NRP,2010,NRP,NRP,2009,NRP,,,
1871,5998,,0,,,,,,,,,,,,,,,,,,,,,,,,,,,,,,,,,,,,,,,,,,,,,,,,,,,,,,,,,,,,,,,,,,,,,,,,,,,,,,,,,,,,,,,,,,,,,,,,,,,,,,,,,,,,,,,,,,,,,,,,,,,,,,,,,,,,,,,,,,,,,,,,,,,,,,,,,,,,,,,,,,,,,,,,,,,,,,,,,,,,,,,,,,,,,,,,,,,,,,,,,,,,,,,,,,,,,,,,,,,,,,,,,,,,,,,,,,,,,,,,,,,,,,,,,,,,,,,,,,,,,,,,,,,,,,,,,,,,,,,,,,,07APR1960,5,1,3,2,2,3,,NRP,,,,2,0,0,3,0,3,HARLEY-DAVIDSON,1584,DYNA STREET BOB,CUSTOM,2,2010,37,1,2,25000,7,DAELIM,125,DAYSTAR,CUSTOM,2,2006,37,3,1,3000,7,HARLEY-DAVIDSON,1200,SPORTSTER NIGHTSTER,ROADSTER,2,2009,9,2,1,5000,7,,,,,,,,,,,,,,,,,,,,,,,33000,2,3,4,,,,,,,NRP,NRP,NRP,1977,2010,NRP,NRP,1979,NRP,,,
717,6005,,1,0,6,,,,,,0,6,,,,,,0,6,,,,,,0,2,,,,,,1,6,2006,,,,,1,4,2002,,,,,0,1,,,,,,0,1,,,,,,0,2,,,,,,0,3,,,,,,0,4,,,,,,0,1,,,,,,0,1,,,,,,0,3,,,,,,1,2,4,2002,2004,,,,palavas,montpellier,,,,"Perte de controle et chute en sortie de rond point,erreur du conducteur","perte de controle et chute en ligne droite , erreur du conducteur",,,,0,1,4,0,16,1,26,6,2002,,,,,,,,,,,,,,,,,,,,,,,,,,,,,,,,,,,,,,,,,,,,,,,,,,,,,,,,,,,,,,,,,,,,,,,,,,,,,,,,,,,,,,,,,,,,,,,,,,,,,,,,,,,,,,,,,,,,,,,,,,,,,,,,,,,,,,,,,,,,,,,,,,,,,,,,,,,,,,22DEC1980,8,2,3,2,1,1,,NRP,,,,0,0,0,1,0,1,HONDA,600,CBR-RR IE,SPORTIVE,2,2011,10,1,2,14000,5,,,,,,,,,,,,,,,,,,,,,,,,,,,,,,,,,,,,,,,,,,,,,14000,3,,,,,,,,,NRP,NRP,NRP,NRP,1999,NRP,NRP,NRP,NRP,,,
231,6010,,0,,,,,,,,,,,,,,,,,,,,,,,,,,,,,,,,,,,,,,,,,,,,,,,,,,,,,,,,,,,,,,,,,,,,,,,,,,,,,,,,,,,,,,,,,,,,,,,,,,,,,,,,,,,,,,,,,,,,,,,,,,,,,,,,,,,,,,,,,,,,,,,,,,,,,,,,,,,,,,,,,,,,,,,,,,,,,,,,,,,,,,,,,,,,,,,,,,,,,,,,,,,,,,,,,,,,,,,,,,,,,,,,,,,,,,,,,,,,,,,,,,,,,,,,,,,,,,,,,,,,,,,,,,,,,,,,,,,,,,,,,,,31OCT1949,2,2,3,2,1,1,,NRP,,,,1,0,0,4,0,3,laverda,1000,premier model,NRP,2,1973,16,2,1,5000,4,HONDA,1100,PAN EUROPEAN,Routière / GT,2,1993,16,2,1,5000,5,SUZUKI,125,TS-R,TRAIL / SUPERMOTARD,2,1989,16,4,1,200,5,,,,,,,,,,,,,,,,,,,,,,,10200,3,4,,,,,,,,NRP,NRP,NRP,NRP,1969,NRP,NRP,1969,NRP,,,
611,6011,32,1,0,4,,,,,,0,4,,,,,,0,5,,,,,,0,4,,,,,,0,4,,,,,,0,3,,,,,,0,3,,,,,,0,4,,,,,,0,3,,,,,,0,4,,,,,,0,3,,,,,,0,5,,,,,,0,3,,,,,,0,3,,,,,,1,2,2,1995,2013,,,,BISCARROSSE,BORDEAUX,,,,"A l'arrêt à un carrefour, le véhicule placé devant moi à reculé pour changer de direction. Le conducteur, n'ayant pas regardé son rétroviseur, a renversé ma moto.","A l'arrêt à un feu rouge, le véhicule de type fourgon placé devant moi à reculé car il ne m'avait pas vu. Il a percuté la fourche avant de ma moto.",,,,0,0,4,0,17,1,72,15,2013,BORDEAUX,2013,Autre(s) type(s) d'accident(s).,1,,,,,,,"En fait, c'est un banal accrochage qui m'a provoqué plus de peur que de mal. Je me trouvais derrière le fourgon d'une entreprise, lui-même à l'arrêt à un feu rouge. Le conducteur s'est mis à reculer je ne sais pourquoi. Il est venu percuter ma moto sans que j'aie eu le temps de réagir. J'ai trouvé stupide de pouvoir subir un accident (même très léger) dans de telles conditions. Depuis je redouble de prudence.","Le fait de ne pas avoir le temps de réagir, vu la surprise provoquée par un comportement inattendu de la part du conducteur du fourgon.",J'ai juste eu le temps de klaxonner !,1,1,Laisser plus de distance entre le fourgon et ma moto. J'aurais pu me dégager d'un coup de guidon à droite et en partant en marche avant.,Car je ne pensais pas que ce genre de chose pouvait m'arriver.,,2,1,2,,Mauvaise visibilité de son environnement immédiat.,1,"Avec une bonne visibilité ou en ayant conscience qu'il n'avait pas une visibilité des abords immédiats de son fourgon, le conducteur n'aurait pas manuvré comme il a fait.",6,,,,,,,,,,,,1,,Pas le temps ni l'espace pour réagir et j'ai vu arriver le choc.,4,4,,,1,1,4,4,4,1,1,1,3,4,4,4,4,5,6,,,,,,,,2,,,,,,,,,2,2,,2,1,1,1,20,80,0,0,0,NSP,,,,,,4,1,,,,1,,,,,,,,,,,2,1,3,,0,0,1,2,3,4,9,,,,,,3,3,3,2,3,3,YAMAHA,600,XTE,TRAIL / SUPERMOTARD,2,1,1,1,1,1,2,1,1,1,1,30000,12,4,0,,,,,,,,21MAR1960,11,1,3,2,1,1,,NRP,,,,1,0,0,1,0,1,YAMAHA,600,XTE,TRAIL / SUPERMOTARD,2,2000,37,3,1,2000,4,,,,,,,,,,,,,,,,,,,,,,,,,,,,,,,,,,,,,,,,,,,,,2000,3,4,,,,,,,,NRP,NRP,NRP,NRP,1996,NRP,NRP,1980,NRP,,,
1006,6014,,0,,,,,,,,,,,,,,,,,,,,,,,,,,,,,,,,,,,,,,,,,,,,,,,,,,,,,,,,,,,,,,,,,,,,,,,,,,,,,,,,,,,,,,,,,,,,,,,,,,,,,,,,,,,,,,,,,,,,,,,,,,,,,,,,,,,,,,,,,,,,,,,,,,,,,,,,,,,,,,,,,,,,,,,,,,,,,,,,,,,,,,,,,,,,,,,,,,,,,,,,,,,,,,,,,,,,,,,,,,,,,,,,,,,,,,,,,,,,,,,,,,,,,,,,,,,,,,,,,,,,,,,,,,,,,,,,,,,,,,,,,,,29JAN1974,5,1,3,2,2,3,,NRP,,,,1,0,1,0,0,1,HONDA,125,S-WING,SCOOTER,2,2010,37,2,2,4000,7,,,,,,,,,,,,,,,,,,,,,,,,,,,,,,,,,,,,,,,,,,,,,4000,4,,,,,,,,,NRP,NRP,NRP,NRP,NRP,NRP,NRP,1996,NRP,,,
1667,6015,,1,1,4,1979,,,,,0,4,,,,,,0,4,,,,,,0,3,,,,,,0,3,,,,,,0,4,,,,,,0,3,,,,,,0,4,,,,,,1,4,2010,,,,,0,4,,,,,,0,4,,,,,,0,4,,,,,,0,4,,,,,,0,3,,,,,,1,4,6,1979,2010,2013,2014,,VilleneuveSt.Ge,En Corse,Viry-Chatillon,Brunoy,,"Un soir de décembre, sur une voie à double sens de circulation, un véhicule particulier roulant en face m'a soudainement coupé la route en tournant à gauche. Collision inévitable.Hôpital pour moi avec blessures graves.","Un après-midi d'avril, en groupe et en duo avec mon épouse, dans la descente du col de Vergio en Corse j'ai mal apprécié la courbure d'un virage que j'ai abordé trop vite. J'ai alors pris le maximum d'inclinaison mais la moto a décroché et terminé sa course dans le fossé. Fort heureusement, nous ne l'avons pas suivi et avons glissé sur la route sans rencontrer d'obstacle. Aux résultats, contusions sans gravité pour nous et garage pour la moto. A noter que nos casques, pantalons et blousons ont bien remplis leurs rôles de protection.","En plein après-midi, alors que j'étais arrêté à un stop, un conducteur de fourgonnette qui me suivait m'a dépassé par la gauche. Son rétroviseur droit a heurté mon top-caisse et le choc m'a projeté au sol avec ma moto. Dégâts matériels pour elle et  mains ""râpées"" pour moi malgré mes gants.","En après-midi, alors que je m'apprêtais à démarrer au feu devenu vert, le conducteur de la voiture qui me suivait a m'a heurté à l'arrière alors que je me mettais en mouvement. J'ai évité la chute en reposant mes pieds au sol rapidement. Dégâts matériels pour la moto.",,0,0,4,3,20,1,41,9,2010,,,,,,,,,,,,,,,,,,,,,,,,,,,,,,,,,,,,,,,,,,,,,,,,,,,,,,,,,,,,,,,,,,,,,,,,,,,,,,,,,,,,,,,,,,,,,,,,,,,,,,,,,,,,,,,,,,,,,,,,,,,,,,,,,,,,,,,,,,,,,,,,,,,,,,,,,,,,,,13JUN1952,9,1,3,2,2,3,,NRP,,,,2,0,0,3,0,3,BMW,1200,R1200RT,Routière / GT,2,1995,29,3,1,10000,7,HONDA,125,VT SHADOW,CUSTOM,2,2005,41,3,1,0,AUT|Vendue,KAWASAKI,650,ER-6  N,ROADSTER,2,2008,37,3,1,1000,7,,,,,,,,,,,,,,,,,,,,,,,11000,2,3,4,,,,,,,NRP,NRP,NRP,1971,1972,NRP,NRP,1971,NRP,,,
2098,6016,,1,0,1,,,,,,0,5,,,,,,0,6,,,,,,0,2,,,,,,0,6,,,,,,0,2,,,,,,0,1,,,,,,0,1,,,,,,0,2,,,,,,0,6,,,,,,0,6,,,,,,0,1,,,,,,0,2,,,,,,0,6,,,,,,1,1,1,2012,,,,,PARIS,,,,,Un véhicule tiers percute mon arrière = non respect des distances...,,,,,0,0,0,6,0,1,71,15,2012,PARIS,,,,,,,,,,,,,,,,,,,,,,,,,,,,,,,,,,,,,,,,,,,,,,,,,,,,,,,,,,,,,,,,,,,,,,,,,,,,,,,,,,,,,,,,,,,,,,,,,,,,,,,,,,,,,,,,,,,,,,,,,,,,,,,,,,,,,,,,,,,,,,,,,,,,,,,,,,,,,17NOV1983,5,1,3,2,2,3,,NRP,,,,0,0,1,0,0,1,YAMAHA,125,X-MAX,SCOOTER,2,2007,37,1,2,4800,5,,,,,,,,,,,,,,,,,,,,,,,,,,,,,,,,,,,,,,,,,,,,,4800,4,,,,,,,,,NRP,NRP,NRP,NRP,NRP,NRP,NRP,2003,NRP,,,
1443,6017,,1,0,3,,,,,,0,1,,,,,,0,6,,,,,,0,1,,,,,,0,1,,,,,,0,1,,,,,,0,2,,,,,,0,1,,,,,,0,1,,,,,,0,5,,,,,,0,6,,,,,,1,3,1977,,,,,0,4,,,,,,1,3,1977,,,,,0,,2,,,,,,,,,,,,,,,,,,7,0,38,1,56,12,1977,,,,,,,,,,,,,,,,,,,,,,,,,,,,,,,,,,,,,,,,,,,,,,,,,,,,,,,,,,,,,,,,,,,,,,,,,,,,,,,,,,,,,,,,,,,,,,,,,,,,,,,,,,,,,,,,,,,,,,,,,,,,,,,,,,,,,,,,,,,,,,,,,,,,,,,,,,,,,,13AUG1952,9,2,3,2,2,3,,NRP,,,,2,0,0,2,0,2,BMW,1000,R100RS,Routière / GT,2,1981,33,4,1,500,7,BMW,1200,R1200RT PACK,Routière / GT,2,2010,33,2,1,14000,7,,,,,,,,,,,,,,,,,,,,,,,,,,,,,,,,,,14500,3,4,,,,,,,,NRP,NRP,NRP,NRP,1976,NRP,NRP,1978,NRP,,,
42,6018,,1,0,3,,,,,,1,5,2012,,,,,1,6,2012,,,,,0,6,,,,,,0,3,,,,,,0,4,,,,,,0,3,,,,,,1,5,2012,,,,,0,2,,,,,,0,6,,,,,,0,6,,,,,,0,3,,,,,,1,5,2013,,,,,0,2,,,,,,0,,4,,,,,,,,,,,,,,,,,,0,2,1,1,11,3,2012,,,,,,,,,,,,,,,,,,,,,,,,,,,,,,,,,,,,,,,,,,,,,,,,,,,,,,,,,,,,,,,,,,,,,,,,,,,,,,,,,,,,,,,,,,,,,,,,,,,,,,,,,,,,,,,,,,,,,,,,,,,,,,,,,,,,,,,,,,,,,,,,,,,,,,,,,,,,,,25NOV1986,10,1,3,2,2,3,,NRP,,,,1,0,1,0,0,1,PEUGEOT,125,SATELIS RS,SCOOTER,2,2011,37,1,2,9000,7,,,,,,,,,,,,,,,,,,,,,,,,,,,,,,,,,,,,,,,,,,,,,9000,4,5,,,,,,,,NRP,NRP,NRP,NRP,NRP,NRP,NRP,2005,2011,,,
666,6020,,0,,,,,,,,,,,,,,,,,,,,,,,,,,,,,,,,,,,,,,,,,,,,,,,,,,,,,,,,,,,,,,,,,,,,,,,,,,,,,,,,,,,,,,,,,,,,,,,,,,,,,,,,,,,,,,,,,,,,,,,,,,,,,,,,,,,,,,,,,,,,,,,,,,,,,,,,,,,,,,,,,,,,,,,,,,,,,,,,,,,,,,,,,,,,,,,,,,,,,,,,,,,,,,,,,,,,,,,,,,,,,,,,,,,,,,,,,,,,,,,,,,,,,,,,,,,,,,,,,,,,,,,,,,,,,,,,,,,,,,,,,,,05MAR1950,5,2,3,2,2,3,,NRP,,,,2,0,0,1,0,1,BMW,1200,R1200R ABS,ROADSTER,2,2008,40,1,1,25000,7,,,,,,,,,,,,,,,,,,,,,,,,,,,,,,,,,,,,,,,,,,,,,25000,4,3,,,,,,,,NRP,NRP,NRP,NRP,1969,NRP,NRP,1971,NRP,,,