Ligne,Ligne Q qualif,Ligne approfondissement Accident,ACCIDENT,NBACC1,ACCFREQUENCE1,ANNEEACC1_1,ANNEEACC1_2,ANNEEACC1_3,ANNEEACC1_4,ANNEEACC1_5,NBACC2,ACCFREQUENCE2,ANNEEACC2_1,ANNEEACC2_2,ANNEEACC2_3,ANNEEACC2_4,ANNEEACC2_5,NBACC3,ACCFREQUENCE3,ANNEEACC3_1,ANNEEACC3_2,ANNEEACC3_3,ANNEEACC3_4,ANNEEACC3_5,NBACC4,ACCFREQUENCE4,ANNEEACC4_1,ANNEEACC4_2,ANNEEACC4_3,ANNEEACC4_4,ANNEEACC4_5,NBACC5,ACCFREQUENCE5,ANNEEACC5_1,ANNEEACC5_2,ANNEEACC5_3,ANNEEACC5_4,ANNEEACC5_5,NBACC6,ACCFREQUENCE6,ANNEEACC6_1,ANNEEACC6_2,ANNEEACC6_3,ANNEEACC6_4,ANNEEACC6_5,NBACC7,ACCFREQUENCE7,ANNEEACC7_1,ANNEEACC7_2,ANNEEACC7_3,ANNEEACC7_4,ANNEEACC7_5,NBACC8,ACCFREQUENCE8,ANNEEACC8_1,ANNEEACC8_2,ANNEEACC8_3,ANNEEACC8_4,ANNEEACC8_5,NBACC9,ACCFREQUENCE9,ANNEEACC9_1,ANNEEACC9_2,ANNEEACC9_3,ANNEEACC9_4,ANNEEACC9_5,NBACC10,ACCFREQUENCE10,ANNEEACC10_1,ANNEEACC10_2,ANNEEACC10_3,ANNEEACC10_4,ANNEEACC10_5,NBACC11,ACCFREQUENCE11,ANNEEACC11_1,ANNEEACC11_2,ANNEEACC11_3,ANNEEACC11_4,ANNEEACC11_5,NBACC12,ACCFREQUENCE12,ANNEEACC12_1,ANNEEACC12_2,ANNEEACC12_3,ANNEEACC12_4,ANNEEACC12_5,NBACC13,ACCFREQUENCE13,ANNEEACC13_1,ANNEEACC13_2,ANNEEACC13_3,ANNEEACC13_4,ANNEEACC13_5,NBACC14,ACCFREQUENCE14,ANNEEACC14_1,ANNEEACC14_2,ANNEEACC14_3,ANNEEACC14_4,ANNEEACC14_5,AUTRESACC,NBAUTRESACC,TOTAL_AC,ANNEEAUTREACC1,ANNEEAUTREACC2,ANNEEAUTREACC3,ANNEEAUTREACC4,ANNEEAUTREACC5,LIEUAUTREACC1,LIEUAUTREACC2,LIEUAUTREACC3,LIEUAUTREACC4,LIEUAUTREACC5,DESCRIPTIONAUTRESACC1,DESCRIPTIONAUTRESACC2,DESCRIPTIONAUTRESACC3,DESCRIPTIONAUTRESACC4,DESCRIPTIONAUTRESACC5,NBAUTRESACCCIRCUIT,NBAUTRESTOUTTERRAIN,EXPCYCLO,EXP125,EXPSUP125,ACCORDNEXTQ,CHOIXACC,RGPMTACC,RECUPANNEE,RECUPLIEU,RECUPANNE,RGPMTAC,CHOIX1,CHOIX2,CHOIX3,CHOIX4,CHOIX5,CHOIX6,CHOIX7,DESCRIPTION,RUPTURE,FAITS,ABS_REACTION,AUTRE_REACTION,PRECISIONREACTIONOUI,RECUL,PRECISIONREACTIONNON,IMPACTCOMPORTEMENT,AUTREUSAGER,REACTIONAUTREUSAGER,CONNAISSANCEREACTIONUSAGER,DIFFICULTES,AGGRAVATION,DIFFICULTES2,EMOTIONS1,EMOTIONS2,EMOTIONS3,EMOTIONS4,EMOTIONS5,EMOTIONS6,AUTRESENTIMENT,CLASSEMENTEMOTIONS1,CLASSEMENTEMOTIONS,CLASSEMENTEMOTIONS5,CLASSEMENTEMOTIONS6,CLASSEMENTEMOTIONS7,CLASSEMENTEMOTIONS8,CLASSEMENTEMOTIONS9,EXPLICATIONRESSENTI,BIENEQUIPE,ALLURE,ALLUREVITEDETAIL,ALLURELENTEDETAIL,SITUATIONPRESSE,SITUATIONDISTRAIT,SITUATIONCONFIANT,SITUATIONCONTROLE,SITUATIONLUDIQUE,SITUATIONPERF,SITUATIONSTRESS,SITUATIONFATIGUE,HUMEURNEUTRE,HUMEURGAI,HUMEURMECONTENT,HUMEURTRISTE,HUMEURCOLERE,CONTRIBUTION1,CONTRIBUTION2,CONTRIBUTION3,CONTRIBUTION4,CONTRIBUTION5,CONTRIBUTION6,CONTRIBUTION7,CONTRIBUTION8,CONTRIBUTION9,ROLEINFRA,ELEMENTINFRA1,ELEMENTINFRA2,ELEMENTINFRA3,ELEMENTINFRA4,ELEMENTINFRA5,ELEMENTINFRA6,ELEMENTINFRA7,ELEMENTINFRA8,ELEMENTINFRA9,ALCOOL,TXALCOOL,STUP,SEMAINE,MOMENTJOURNEE,TEMPS,CAUSEACC1,CAUSEACC2,CAUSEACC3,CAUSEACC4,CAUSEACC5,FORMATIONCAUSE,FORMATION1,FORMATION2,FORMATION3,FORMATION4,FORMATION5,TRAFIC,CHAUSSEE1,CHAUSSEE2,CHAUSSEE3,CHAUSSEE4,TYPEACC,BLESSURE,TETE,COU,THORAX,MEMBRESSUP,COLONNE,BASSIN,MEMBRESINF,HOPITAL,PLUS24H,TRAJET,TYPEROUTE,MOTIF,SENSTRAJET,PASSAGER,VITESSE,DESCEQ1,DESCEQ2,DESCEQ3,DESCEQ4,DESCEQ5,DESCEQ6,DESCEQ7,DESCEQ8,DESCEQ9,DESCEQ10,VEHICULEETE,VEHICULEAUTOMNE,VEHICULEPRINTEMPS,VEHICULEHIVER,VEHICULESEMAINE,VEHICULEWE,VEHMARQUE,VEHCYLINDREE,VEHMODELE,VEHSEGMENT,VEHSIDE,EQ2RMABS,EQ2RMCBS,EQ2RMABSCBS,EQ2RMREGULATEUR,EQ2RMLIMITEUR,EQ2RMPHARESDIRECT,EQ2RMCOUPURE,EQ2RMANTIPATINAGE,EQ2RMANTIXHEELING,EQ2RMSTABILILTE,VEHKM,POINTS,DUREE,AUTRE2RM,VEHPRECMARQUE,VEHPRECCYLINDREE,VEHPRECMODELE,VEHPRECSEGMENT,VEHPRECSIDE,TEMPS2RMPREC,FREQVEHPREC,DATE_NAISS,CSP,SOCIETAIRE,SALARIE,SECTEUR2RM,NBPERSFOYER,SITFAM,NBENF,TRNBENF1,TRNBENF2,TRNBENF3,TRNBENF4,NBAUTOFOYER,NBCYCLOFOYER,NBSCOOTFOYER,NBMOTOFOYER,NBTRIKEFOYER,NB2RMCONDUIT,MARQUE1,CYLINDREE1,MODELE1,SEGMENT1,SIDE1,ANMISECIRCU1,ASS1,FREQ1,USAGE1,NBKM1,GARAGE1,MARQUE2,CYLINDREE2,MODELE2,SEGMENT2,SIDE2,ANMISECIRCU2,ASS2,FREQ2,USAGE2,NBKM2,GARAGE2,MARQUE3,CYLINDREE3,MODELE3,SEGMENT3,SIDE3,ANMISECIRCU3,ASS3,FREQ3,USAGE3,NBKM3,GARAGE3,MARQUE4,CYLINDREE4,MODELE4,SEGMENT4,SIDE4,ANMISECIRCU4,ASS4,FREQ4,USAGE4,NBKM4,GARAGE4,MARQUE5,CYLINDREE5,MODELE5,SEGMENT5,SIDE5,ANMISECIRCU5,ASS5,FREQ5,USAGE5,NBKM5,GARAGE5,NBKMTOT,PERMIS1,PERMIS2,PERMIS3,PERMIS4,PERMIS5,PERMIS6,PERMIS7,PERMIS8,PERMIS9,ANPERMIS1,ANPERMIS6,ANPERMIS7,ANPERMIS2,ANPERMIS3,ANPERMIS8,ANPERMIS9,ANPERMIS4,ANPERMIS5,,,
1268,6021,Pré test 8,1,0,5,,,,,,0,5,,,,,,0,5,,,,,,0,2,,,,,,0,4,,,,,,0,3,,,,,,0,4,,,,,,0,4,,,,,,0,5,,,,,,1,4,2011,,,,,0,4,,,,,,0,2,,,,,,0,3,,,,,,0,2,,,,,,0,,1,,,,,,,,,,,,,,,,,,5,0,9,1,46,10,2011,,2011,"Vous circuliez sur un axe constitué dau moins "" 2 X 2 voies "" (en urbain, périphérique, autoroute, RN ). Un véhicule vous a coupé la route en changeant de voie pour se placer sur celle de droite.",1,2,3,,,,,"Sur l'A13 direction province au niveau de Vaucresson, un soir vers 18h-19h. L'autoroute était très très chargé, les voitures quasiment à l'arrêt. Je ne me souviens plus trop mais à un moment il était très difficile de passer entre les voitures (sans doute un accident avec resserement des voies). J'avançais tout doucement et une voiture sur ma gauche arrière à fait le forcing (pour gagner quelque cm...) et m'a poussée sur mon arrière gauche. Je suis donc tombée avec la moto, le pied droit coincé sous la moto. Rien de grave (merci les bottes). Pédale de frein tordue et clignotant cassé.",La situation n'était pas très normale.... Tous les 2 roues essayaient de se faufiler entre les voitures qui étaient coincées et les conducteurs énervés qui essayaient d'avancer sans succès...,"Je me suis faite surprendre : on ne s'attend pas à se faire pousser par l'arrière surtout à faible vitesse! D'autres motards se sont arrétés, remis la moto debout et je suis repartie",3,1,J'aurais peut-être pu croiser le regard du chauffeur ? Difficile à dire,Je n'aurais pas imaginé que quelqu'un me pousse quasiment à l'arrêt !,,0,,,,,,2,,,,,,,,1,,,,,Idem on ne s'attend pas à se faire pousser par l'arrière quasiment à l'arrêt !,4,3,,,1,1,2,4,1,1,2,NSP,1,5,5,5,5,4,,,,,,,,,2,2,,2,2,2,2,,,,,,,,,1,1,1,10,90,0,0,0,,4,1,,,,1,,,,,,,,,,,1,3,1,2,0,5,1,2,3,4,6,7,9,,,,4,4,4,3,4,2,BMW,650,F650CS SCARVER,4806,ROADSTER,"BMW, 650 F650CS SCARVER",1,2,1,1,1,1,1,1,1,25000,12,4,0,,,,,,,,,,,,,15DEC1959,5,2,3,2,4,4,2,NRP,,,,2,0,0,2,0,1,BMW,650,F650CS SCARVER ABS,ROADSTER,2,2005,25,1,2,5000,7,,,,,,,,,,,,,,,,,,,,,,,,,,,,,,,,,,,,,,,,,,,,,5000,4,3,,,,,,,,NRP,NRP,NRP,NRP,1996,NRP,NRP,1978,NRP,,,
1751,6025,,0,,,,,,,,,,,,,,,,,,,,,,,,,,,,,,,,,,,,,,,,,,,,,,,,,,,,,,,,,,,,,,,,,,,,,,,,,,,,,,,,,,,,,,,,,,,,,,,,,,,,,,,,,,,,,,,,,,,,,,,,,,,,,,,,,,,,,,,,,,,,,,,,,,,,,,,,,,,,,,,,,,,,,,,,,,,,,,,,,,,,,,,,,,,,,,,,,,,,,,,,,,,,,,,,,,,,,,,,,,,,,,,,,,,,,,,,,,,,,,,,,,,,,,,,,,,,,,,,,,,,,,,,,,,,,,,,,,,,,,,,,,,28AUG1954,2,1,3,2,2,3,,NRP,,,,2,0,0,1,0,1,BMW,1200,K1200RS,Routière / GT,2,1998,37,2,1,8000,7,,,,,,,,,,,,,,,,,,,,,,,,,,,,,,,,,,,,,,,,,,,,,8000,2,3,4,,,,,,,NRP,NRP,NRP,1975,1990,NRP,NRP,1976,NRP,,,
130,6026,11,1,1,4,1990,,,,,0,4,,,,,,0,4,,,,,,0,2,,,,,,0,6,,,,,,0,4,,,,,,0,4,,,,,,1,4,1995,,,,,1,3,NSP,,,,,0,4,,,,,,0,4,,,,,,0,5,,,,,,0,5,,,,,,0,5,,,,,,1,1,4,NSP,,,,,Garches,,,,,"Je me suis arrêté à un STOP, mais le véhicule qui me suivait ne s'est pas arrêté.",,,,,0,0,19,0,19,1,1,1,1990,,1990,Vous circuliez sur un axe prioritaire. Un autre véhicule arrivant sur le même axe en sens opposé vous a coupé la route en tournant à gauche.,4,,,,,,,"Je roulais en deux roues sur une grande avenue à double sens. Au passage d'un carrefour ou le feu était vert, un véhicule arrivait en face et semblait aller tout droit. Au dernier moment, le véhicule à brusquement tourné à gauche et m'a coupé la route. Je me suis encastré dans le véhicule et j'ai été projeté à l'autre bout du carrefour. Cet accident a été suivi d'une blessure grave à la cheville qui m'a laissé des séquelles dont je souffre encore aujourd'hui, plus de 20 ans après.",Le changement brutal de direction du véhicule sans éléments permettant d'anticiper cette situation.,Je n'ai pas eu le temps de réagir. J'ai vu le véhicule tourné juste devant moi. Le véhicule s'est ensuite garé plus loin alors que je me relevais doucement. La conductrice qui m'a coupé la route m'a ensuite emmené à l'hopital à proximité.,2,0,,,Le changement de direction de l'autre véhicule s'est fait au dernier moment.,2,0,,,,,,2,9,,,,,NRP,,1,,,,,2,"Je n'ai rien vu venir, je n'ai rien pu faire.",1,3,,,1,1,4,4,1,1,1,1,1,4,4,4,4,10,,,,,,,,,2,,,,,,,,,2,2,,2,1,1,1,0,100,0,0,0,2,,,,,,1,1,,,,2,1,7,,,,,,,1,1,1,1,1,1,0,45,1,10,2,5,,,,,,,4,4,4,4,4,4,PEUGEOT,50,103,ROADSTER,2,1,1,1,1,1,1,1,1,1,1,NSP,NSP,3,0,,,,,,,,18NOV1973,5,1,3,2,1,1,,NRP,,,,1,1,0,1,0,1,BMW,1150,R1150RT,Routière / GT,2,2003,37,3,1,4000,7,,,,,,,,,,,,,,,,,,,,,,,,,,,,,,,,,,,,,,,,,,,,,4000,3,4,,,,,,,,NRP,NRP,NRP,NRP,1995,NRP,NRP,1992,NRP,,,
1299,6027,,0,,,,,,,,,,,,,,,,,,,,,,,,,,,,,,,,,,,,,,,,,,,,,,,,,,,,,,,,,,,,,,,,,,,,,,,,,,,,,,,,,,,,,,,,,,,,,,,,,,,,,,,,,,,,,,,,,,,,,,,,,,,,,,,,,,,,,,,,,,,,,,,,,,,,,,,,,,,,,,,,,,,,,,,,,,,,,,,,,,,,,,,,,,,,,,,,,,,,,,,,,,,,,,,,,,,,,,,,,,,,,,,,,,,,,,,,,,,,,,,,,,,,,,,,,,,,,,,,,,,,,,,,,,,,,,,,,,,,,,,,,,,09JUL1957,5,1,3,2,2,3,,NRP,,,,1,0,0,1,0,1,HONDA,1500,F6C,CUSTOM,2,1998,37,1,2,15000,7,,,,,,,,,,,,,,,,,,,,,,,,,,,,,,,,,,,,,,,,,,,,,15000,3,,,,,,,,,NRP,NRP,NRP,NRP,1979,NRP,NRP,NRP,NRP,,,
191,6028,274,1,0,3,,,,,,1,5,1988,,,,,0,6,,,,,,0,1,,,,,,0,6,,,,,,0,4,,,,,,0,2,,,,,,0,5,,,,,,1,6,2010,,,,,0,1,,,,,,0,6,,,,,,0,2,,,,,,0,4,,,,,,0,3,,,,,,0,,2,,,,,,,,,,,,,,,,,,1,2,28,1,6,2,1988,,1988,Vous circuliez derrière un véhicule. Ce véhicule a ralenti. Vous avez entrepris de dépasser ce véhicule par la gauche et celui-ci vous a coupé la route en tournant à gauche (ou en effectuant un œ tour,2,,,,,,,"Dans une rue à double sens je suivais 2 voitures qui ont ralenti, j'ai vérifié à droite et à gauche sans voir pourquoi, me suis décalé vers la gauche vérifié les clignotants (qui étaient éteints) puis doublé. Arrivé à hauteur de l'arrière de la 1 er le clignotant gauche s'allume et la voiture tourne à gauche me coupant la route. .... Un gros manque d'expérience de ma part.",Le manque d'expérience de ma part. La non verification du conducteur avant de tourner.,"Del part de l'autre usager: aucune reaction, il ne m'a pas vu ! Personellement j'ai juste eu le temp de me décaler vers la gauche en esperant qu'il stoppe.",NRP,1,J'aurais du etre pret a stopper.,Manque d'experience j'avais moins d'un an de permis.,,2,1,2,,Il n'a pas verifier son angle mort. Ni envisagé la depassement a cet endroit.,2,NRP,1,3,6,,,,,2,,3,,,1,,... Trop tard je ne peux plus rien faire  ....,3,3,,,3,1,3,3,1,1,2,1,4,3,4,4,4,5,7,,,,,,,,2,,,,,,,,,2,2,,2,2,1,1,50,50,0,0,0,1,AUT|Manque d'experience,,,,,1,1,,,,2,1,3,7,,,,,,0,,2,1,3,,1,50,1,10,2,,,,,,,,4,4,4,4,4,4,HONDA,125,CB-F,ROADSTER,2,1,1,1,1,1,1,1,1,1,1,NSP,NSP,2,0,,,,,,,,14OCT1966,7,1,3,2,4,4,2,NRP,,,,1,0,0,4,0,2,TRIUMPH,800,TIGER,ROADSTER,2,2011,37,1,2,10000,4,YAMAHA,500,XT,TRAIL / SUPERMOTARD,2,1987,37,4,1,1000,4,,,,,,,,,,,,,,,,,,,,,,,,,,,,,,,,,,11000,3,,,,,,,,,NRP,NRP,NRP,NRP,1987,NRP,NRP,NRP,NRP,,,
1472,6030,,0,,,,,,,,,,,,,,,,,,,,,,,,,,,,,,,,,,,,,,,,,,,,,,,,,,,,,,,,,,,,,,,,,,,,,,,,,,,,,,,,,,,,,,,,,,,,,,,,,,,,,,,,,,,,,,,,,,,,,,,,,,,,,,,,,,,,,,,,,,,,,,,,,,,,,,,,,,,,,,,,,,,,,,,,,,,,,,,,,,,,,,,,,,,,,,,,,,,,,,,,,,,,,,,,,,,,,,,,,,,,,,,,,,,,,,,,,,,,,,,,,,,,,,,,,,,,,,,,,,,,,,,,,,,,,,,,,,,,,,,,,,,29JUN1972,5,2,3,2,2,3,,NRP,,,,2,0,0,1,0,1,HONDA,700,DEAUVILLE ABS,Routière / GT,2,2008,21,1,3,12000,7,,,,,,,,,,,,,,,,,,,,,,,,,,,,,,,,,,,,,,,,,,,,,12000,4,3,,,,,,,,NRP,NRP,NRP,NRP,2009,NRP,NRP,1990,NRP,,,
852,6034,94,1,0,3,,,,,,0,2,,,,,,0,4,,,,,,0,1,,,,,,0,3,,,,,,0,5,,,,,,0,2,,,,,,0,3,,,,,,0,3,,,,,,0,4,,,,,,0,4,,,,,,1,4,2014,,,,,1,4,2014,,,,,0,4,,,,,,1,1,3,2014,,,,,Vallières,,,,,"Dans une courbe, le véhicule venant en face a franchi la ligne blanche et s'est déporté sur ma voie.",,,,,0,0,4,2,2,1,71,15,2014,Vallières,2014,Autre(s) type(s) d'accident(s).,2,,,,,,,"Dans une courbe à gauche, la voiture qui venait en face a franchi la ligne blanche et s'est déportée sur ma voie.  J'ai modifié ma trajectoire pour l'éviter mais l'extrémité de mon guidon a heurté le rétroviseur de la voiture.   J'ai pu m'arrêter sur le bas-côté sans perdre le contrôle de ma moto. Le conducteur du véhicule est venu me voir. Comme je souffrais d'un gros hématome et d'une coupure sur les doigts malgré la protection des gants, il m'a suivi jusque chez moi.   Les dégats m'étant pas trop importants (un rétro + la vitre conducteur brisée pour la voiture, rien pour la moto) nous avons échangé nos coordonnées mais pas établi de constat.",Difficulté à redresser rapidement la moto pour reprendre l'extérieur de la courbe.,"Première pensée : - Le con ! Il me vient droit dessus !  - Décélérer, redresser  - Ouf, je suis passé.  - Blamm! Merde j'ai touché son rétro !",NRP,0,,,J'aurai pu réagir peut-être plus rapidement...,2,1,2,,"Distrait, il n'a pas vu qu'il se déportait sur ma voie.",1,J'étais sur le milieu de ma voie. Le véhicule venat en face a franche la ligne blanche.,2,,,,,,,,1,,,,,,J'ai eu l'impression que le conducteur du véhicule venant en face ne regardait pas ou il allait.,4,3,,,1,1,4,4,2,1,1,1,3,3,4,4,4,1,5,,,,,,,,2,,,,,,,,,2,2,,2,2,1,1,5,95,0,0,0,2,,,,,,1,1,,,,2,1,4,,,,,,,0,,2,2,3,,0,70,1,2,3,4,,,,,,,4,4,4,2,4,4,YAMAHA,600,XJ6 DIVERSION-F,ROADSTER,2,1,1,1,1,1,1,1,1,1,1,18000,9,4,1,YAMAHA,125,DT,TRAIL / SUPERMOTARD,2,4,4,02FEB1957,5,1,3,2,2,3,,NRP,,,,2,0,0,1,0,1,YAMAHA,600,XJ,ROADSTER,2,2010,37,1,2,12000,7,,,,,,,,,,,,,,,,,,,,,,,,,,,,,,,,,,,,,,,,,,,,,12000,2,3,4,7,,,,,,NRP,NRP,1975,1975,2012,NRP,NRP,1975,NRP,,,
1763,6035,,1,1,4,1994,,,,,0,5,,,,,,0,6,,,,,,0,2,,,,,,0,4,,,,,,0,4,,,,,,0,5,,,,,,0,5,,,,,,0,5,,,,,,0,3,,,,,,0,6,,,,,,0,3,,,,,,0,4,,,,,,0,4,,,,,,0,,1,,,,,,,,,,,,,,,,,,6,0,36,1,1,1,1994,,,,,,,,,,,,,,,,,,,,,,,,,,,,,,,,,,,,,,,,,,,,,,,,,,,,,,,,,,,,,,,,,,,,,,,,,,,,,,,,,,,,,,,,,,,,,,,,,,,,,,,,,,,,,,,,,,,,,,,,,,,,,,,,,,,,,,,,,,,,,,,,,,,,,,,,,,,,,,20AUG1958,2,1,3,2,2,3,,NRP,,,,2,0,0,1,0,1,YAMAHA,900,TDM ABS GT 09 FULL PACK,ROADSTER,2,2010,37,3,1,2000,4,,,,,,,,,,,,,,,,,,,,,,,,,,,,,,,,,,,,,,,,,,,,,2000,4,3,2,7,,,,,,NRP,NRP,1976,1979,1979,NRP,NRP,1976,NRP,,,
1710,6042,,1,0,6,,,,,,0,4,,,,,,0,5,,,,,,0,5,,,,,,1,6,2014,,,,,0,6,,,,,,0,5,,,,,,0,4,,,,,,0,4,,,,,,0,6,,,,,,0,6,,,,,,0,5,,,,,,0,5,,,,,,0,6,,,,,,0,,1,,,,,,,,,,,,,,,,,,6,1,1,1,21,5,2014,,,,,,,,,,,,,,,,,,,,,,,,,,,,,,,,,,,,,,,,,,,,,,,,,,,,,,,,,,,,,,,,,,,,,,,,,,,,,,,,,,,,,,,,,,,,,,,,,,,,,,,,,,,,,,,,,,,,,,,,,,,,,,,,,,,,,,,,,,,,,,,,,,,,,,,,,,,,,,22APR1952,9,2,3,2,2,3,,NRP,,,,1,0,0,1,0,1,YAMAHA,600,FZ,Routière / GT,2,2008,29,2,1,12000,7,,,,,,,,,,,,,,,,,,,,,,,,,,,,,,,,,,,,,,,,,,,,,12000,2,3,4,7,,,,,,NRP,NRP,1977,1977,2009,NRP,NRP,1977,NRP,,,
166,6043,4,1,0,3,,,,,,0,3,,,,,,0,3,,,,,,0,3,,,,,,0,3,,,,,,0,3,,,,,,0,3,,,,,,1,3,1972,,,,,0,3,,,,,,0,3,,,,,,0,3,,,,,,0,3,,,,,,0,3,,,,,,0,3,,,,,,0,,1,,,,,,,,,,,,,,,,,,2,0,42,1,36,8,1972,,1972,"Vous avez fait une sortie de route, une perte de contrôle ou une glissade puis avez percuté un obstacle fixe (panneau, arbre poteau ).",4,6,,,,,,Marquant,Aucun souvenir. Le choc a effacé ma mémoire,Aucun souvenir des 15 minutes qui précèdent l'accident ni de l'accident lui même. Le choc a tout effacé de ma mémoire,AUT|Le choc a effacé ma mémoire,0,,,Je n'ai aucun souvenir des causes de l'accident ni de l'accident lui même,3,0,,,,,,7,,,,,,,,,,,,,,,4,5,,,1,NSP,NSP,NSP,NSP,NSP,1,1,3,3,4,4,4,10,,,,,,,,,1,2,3,5,,,,,,2,2,,2,1,1,1,0,50,0,50,0,2,,,,,,1,1,,,,2,1,4,7,,,,,,1,1,1,1,3,,1,0,1,2,5,9,,,,,,,4,4,4,4,4,4,NORTON,500,ES2,ROADSTER,2,1,1,1,1,1,1,1,1,1,1,50000,12,3,1,BMW,600,R60,ROADSTER,2,3,4,11APR1954,5,1,3,2,3,4,1,NRP,,,,2,1,0,1,0,2,MOBYLETTE,50,MOBIMATIC,ROADSTER,2,1970,29,4,1,200,7,BMW,1200,R1200RT,Routière / GT,2,2010,37,2,1,15000,7,,,,,,,,,,,,,,,,,,,,,,,,,,,,,,,,,,15200,3,4,,,,,,,,NRP,NRP,NRP,NRP,1971,NRP,NRP,1974,NRP,,,
1813,6044,,1,0,3,,,,,,0,4,,,,,,0,5,,,,,,0,4,,,,,,1,5,1989,,,,,0,4,,,,,,0,4,,,,,,0,4,,,,,,5,4,NSP,NSP,NSP,NSP,2002,0,3,,,,,,0,4,,,,,,0,3,,,,,,1,2,1987,,,,,0,3,,,,,,0,,7,,,,,,,,,,,,,,,,,,0,2,32,1,21,5,1989,,,,,,,,,,,,,,,,,,,,,,,,,,,,,,,,,,,,,,,,,,,,,,,,,,,,,,,,,,,,,,,,,,,,,,,,,,,,,,,,,,,,,,,,,,,,,,,,,,,,,,,,,,,,,,,,,,,,,,,,,,,,,,,,,,,,,,,,,,,,,,,,,,,,,,,,,,,,,,04JUL1965,5,1,3,2,4,4,2,NRP,,,,2,0,0,3,0,3,BMW,1200,R1200GS ABS,TRAIL / SUPERMOTARD,2,2011,37,1,2,15000,7,SUZUKI,1200,BANDIT-N,ROADSTER,2,1997,37,3,1,1000,7,SUZUKI,400,BANDIT (GS-F),ROADSTER,2,1996,37,3,1,500,7,,,,,,,,,,,,,,,,,,,,,,,16500,2,4,8,9,,,,,,NRP,NRP,NRP,1982,NRP,1984,1984,1986,NRP,,,
2048,6045,,0,,,,,,,,,,,,,,,,,,,,,,,,,,,,,,,,,,,,,,,,,,,,,,,,,,,,,,,,,,,,,,,,,,,,,,,,,,,,,,,,,,,,,,,,,,,,,,,,,,,,,,,,,,,,,,,,,,,,,,,,,,,,,,,,,,,,,,,,,,,,,,,,,,,,,,,,,,,,,,,,,,,,,,,,,,,,,,,,,,,,,,,,,,,,,,,,,,,,,,,,,,,,,,,,,,,,,,,,,,,,,,,,,,,,,,,,,,,,,,,,,,,,,,,,,,,,,,,,,,,,,,,,,,,,,,,,,,,,,,,,,,,04SEP1963,8,2,3,2,3,4,1,NRP,,,,1,0,0,2,0,2,SUZUKI,125,ER,TRAIL / SUPERMOTARD,2,1983,29,2,2,3000,7,SUZUKI,1250,GSX-F,Routière / GT,2,2010,29,3,1,3500,7,,,,,,,,,,,,,,,,,,,,,,,,,,,,,,,,,,6500,2,3,4,,,,,,,NRP,NRP,NRP,1981,2006,NRP,NRP,1981,NRP,,,
1355,6047,,1,0,3,,,,,,0,5,,,,,,0,4,,,,,,0,6,,,,,,0,4,,,,,,0,3,,,,,,0,4,,,,,,0,5,,,,,,3,6,2002,2004,2006,,,0,3,,,,,,0,5,,,,,,0,3,,,,,,1,5,2002,,,,,0,5,,,,,,0,,4,,,,,,,,,,,,,,,,,,4,3,7,1,61,13,2002,,,,,,,,,,,,,,,,,,,,,,,,,,,,,,,,,,,,,,,,,,,,,,,,,,,,,,,,,,,,,,,,,,,,,,,,,,,,,,,,,,,,,,,,,,,,,,,,,,,,,,,,,,,,,,,,,,,,,,,,,,,,,,,,,,,,,,,,,,,,,,,,,,,,,,,,,,,,,,13MAR1988,10,2,3,2,1,1,,NRP,,,,1,0,0,1,0,1,SUZUKI,750,GSX-R,SPORTIVE,2,2010,26,3,1,4000,7,,,,,,,,,,,,,,,,,,,,,,,,,,,,,,,,,,,,,,,,,,,,,4000,1,3,4,,,,,,,2002,NRP,NRP,NRP,2006,NRP,NRP,2006,NRP,,,
855,6048,,0,,,,,,,,,,,,,,,,,,,,,,,,,,,,,,,,,,,,,,,,,,,,,,,,,,,,,,,,,,,,,,,,,,,,,,,,,,,,,,,,,,,,,,,,,,,,,,,,,,,,,,,,,,,,,,,,,,,,,,,,,,,,,,,,,,,,,,,,,,,,,,,,,,,,,,,,,,,,,,,,,,,,,,,,,,,,,,,,,,,,,,,,,,,,,,,,,,,,,,,,,,,,,,,,,,,,,,,,,,,,,,,,,,,,,,,,,,,,,,,,,,,,,,,,,,,,,,,,,,,,,,,,,,,,,,,,,,,,,,,,,,,21SEP1929,9,2,3,2,2,3,,NRP,,,,2,0,0,1,0,1,BMW,800,F800ST,Routière / GT,2,2009,29,3,1,6000,7,,,,,,,,,,,,,,,,,,,,,,,,,,,,,,,,,,,,,,,,,,,,,6000,2,3,4,,,,,,,NRP,NRP,NRP,1948,1948,NRP,NRP,1948,NRP,,,
20,6052,,0,,,,,,,,,,,,,,,,,,,,,,,,,,,,,,,,,,,,,,,,,,,,,,,,,,,,,,,,,,,,,,,,,,,,,,,,,,,,,,,,,,,,,,,,,,,,,,,,,,,,,,,,,,,,,,,,,,,,,,,,,,,,,,,,,,,,,,,,,,,,,,,,,,,,,,,,,,,,,,,,,,,,,,,,,,,,,,,,,,,,,,,,,,,,,,,,,,,,,,,,,,,,,,,,,,,,,,,,,,,,,,,,,,,,,,,,,,,,,,,,,,,,,,,,,,,,,,,,,,,,,,,,,,,,,,,,,,,,,,,,,,,26JUN1981,8,2,3,2,4,4,2,NRP,,,,2,0,0,2,0,1,TRIUMPH,1050,SPEED TRIPLE,ROADSTER,2,2007,42,2,2,7000,7,,,,,,,,,,,,,,,,,,,,,,,,,,,,,,,,,,,,,,,,,,,,,7000,2,3,4,,,,,,,NRP,NRP,NRP,1999,2002,NRP,NRP,1999,NRP,,,