Ligne,Ligne Q qualif,Ligne approfondissement Accident,ACCIDENT,NBACC1,ACCFREQUENCE1,ANNEEACC1_1,ANNEEACC1_2,ANNEEACC1_3,ANNEEACC1_4,ANNEEACC1_5,NBACC2,ACCFREQUENCE2,ANNEEACC2_1,ANNEEACC2_2,ANNEEACC2_3,ANNEEACC2_4,ANNEEACC2_5,NBACC3,ACCFREQUENCE3,ANNEEACC3_1,ANNEEACC3_2,ANNEEACC3_3,ANNEEACC3_4,ANNEEACC3_5,NBACC4,ACCFREQUENCE4,ANNEEACC4_1,ANNEEACC4_2,ANNEEACC4_3,ANNEEACC4_4,ANNEEACC4_5,NBACC5,ACCFREQUENCE5,ANNEEACC5_1,ANNEEACC5_2,ANNEEACC5_3,ANNEEACC5_4,ANNEEACC5_5,NBACC6,ACCFREQUENCE6,ANNEEACC6_1,ANNEEACC6_2,ANNEEACC6_3,ANNEEACC6_4,ANNEEACC6_5,NBACC7,ACCFREQUENCE7,ANNEEACC7_1,ANNEEACC7_2,ANNEEACC7_3,ANNEEACC7_4,ANNEEACC7_5,NBACC8,ACCFREQUENCE8,ANNEEACC8_1,ANNEEACC8_2,ANNEEACC8_3,ANNEEACC8_4,ANNEEACC8_5,NBACC9,ACCFREQUENCE9,ANNEEACC9_1,ANNEEACC9_2,ANNEEACC9_3,ANNEEACC9_4,ANNEEACC9_5,NBACC10,ACCFREQUENCE10,ANNEEACC10_1,ANNEEACC10_2,ANNEEACC10_3,ANNEEACC10_4,ANNEEACC10_5,NBACC11,ACCFREQUENCE11,ANNEEACC11_1,ANNEEACC11_2,ANNEEACC11_3,ANNEEACC11_4,ANNEEACC11_5,NBACC12,ACCFREQUENCE12,ANNEEACC12_1,ANNEEACC12_2,ANNEEACC12_3,ANNEEACC12_4,ANNEEACC12_5,NBACC13,ACCFREQUENCE13,ANNEEACC13_1,ANNEEACC13_2,ANNEEACC13_3,ANNEEACC13_4,ANNEEACC13_5,NBACC14,ACCFREQUENCE14,ANNEEACC14_1,ANNEEACC14_2,ANNEEACC14_3,ANNEEACC14_4,ANNEEACC14_5,AUTRESACC,NBAUTRESACC,TOTAL_AC,ANNEEAUTREACC1,ANNEEAUTREACC2,ANNEEAUTREACC3,ANNEEAUTREACC4,ANNEEAUTREACC5,LIEUAUTREACC1,LIEUAUTREACC2,LIEUAUTREACC3,LIEUAUTREACC4,LIEUAUTREACC5,DESCRIPTIONAUTRESACC1,DESCRIPTIONAUTRESACC2,DESCRIPTIONAUTRESACC3,DESCRIPTIONAUTRESACC4,DESCRIPTIONAUTRESACC5,NBAUTRESACCCIRCUIT,NBAUTRESTOUTTERRAIN,EXPCYCLO,EXP125,EXPSUP125,ACCORDNEXTQ,CHOIXACC,RGPMTACC,RECUPANNEE,RECUPLIEU,RECUPANNE,RGPMTAC,CHOIX1,CHOIX2,CHOIX3,CHOIX4,CHOIX5,CHOIX6,CHOIX7,DESCRIPTION,RUPTURE,FAITS,ABS_REACTION,AUTRE_REACTION,PRECISIONREACTIONOUI,RECUL,PRECISIONREACTIONNON,IMPACTCOMPORTEMENT,AUTREUSAGER,REACTIONAUTREUSAGER,CONNAISSANCEREACTIONUSAGER,DIFFICULTES,AGGRAVATION,DIFFICULTES2,EMOTIONS1,EMOTIONS2,EMOTIONS3,EMOTIONS4,EMOTIONS5,EMOTIONS6,AUTRESENTIMENT,CLASSEMENTEMOTIONS1,CLASSEMENTEMOTIONS,CLASSEMENTEMOTIONS5,CLASSEMENTEMOTIONS6,CLASSEMENTEMOTIONS7,CLASSEMENTEMOTIONS8,CLASSEMENTEMOTIONS9,EXPLICATIONRESSENTI,BIENEQUIPE,ALLURE,ALLUREVITEDETAIL,ALLURELENTEDETAIL,SITUATIONPRESSE,SITUATIONDISTRAIT,SITUATIONCONFIANT,SITUATIONCONTROLE,SITUATIONLUDIQUE,SITUATIONPERF,SITUATIONSTRESS,SITUATIONFATIGUE,HUMEURNEUTRE,HUMEURGAI,HUMEURMECONTENT,HUMEURTRISTE,HUMEURCOLERE,CONTRIBUTION1,CONTRIBUTION2,CONTRIBUTION3,CONTRIBUTION4,CONTRIBUTION5,CONTRIBUTION6,CONTRIBUTION7,CONTRIBUTION8,CONTRIBUTION9,ROLEINFRA,ELEMENTINFRA1,ELEMENTINFRA2,ELEMENTINFRA3,ELEMENTINFRA4,ELEMENTINFRA5,ELEMENTINFRA6,ELEMENTINFRA7,ELEMENTINFRA8,ELEMENTINFRA9,ALCOOL,TXALCOOL,STUP,SEMAINE,MOMENTJOURNEE,TEMPS,CAUSEACC1,CAUSEACC2,CAUSEACC3,CAUSEACC4,CAUSEACC5,FORMATIONCAUSE,FORMATION1,FORMATION2,FORMATION3,FORMATION4,FORMATION5,TRAFIC,CHAUSSEE1,CHAUSSEE2,CHAUSSEE3,CHAUSSEE4,TYPEACC,BLESSURE,TETE,COU,THORAX,MEMBRESSUP,COLONNE,BASSIN,MEMBRESINF,HOPITAL,PLUS24H,TRAJET,TYPEROUTE,MOTIF,SENSTRAJET,PASSAGER,VITESSE,DESCEQ1,DESCEQ2,DESCEQ3,DESCEQ4,DESCEQ5,DESCEQ6,DESCEQ7,DESCEQ8,DESCEQ9,DESCEQ10,VEHICULEETE,VEHICULEAUTOMNE,VEHICULEPRINTEMPS,VEHICULEHIVER,VEHICULESEMAINE,VEHICULEWE,VEHMARQUE,VEHCYLINDREE,VEHMODELE,VEHSEGMENT,VEHSIDE,EQ2RMABS,EQ2RMCBS,EQ2RMABSCBS,EQ2RMREGULATEUR,EQ2RMLIMITEUR,EQ2RMPHARESDIRECT,EQ2RMCOUPURE,EQ2RMANTIPATINAGE,EQ2RMANTIXHEELING,EQ2RMSTABILILTE,VEHKM,POINTS,DUREE,AUTRE2RM,VEHPRECMARQUE,VEHPRECCYLINDREE,VEHPRECMODELE,VEHPRECSEGMENT,VEHPRECSIDE,TEMPS2RMPREC,FREQVEHPREC,DATE_NAISS,CSP,SOCIETAIRE,SALARIE,SECTEUR2RM,NBPERSFOYER,SITFAM,NBENF,TRNBENF1,TRNBENF2,TRNBENF3,TRNBENF4,NBAUTOFOYER,NBCYCLOFOYER,NBSCOOTFOYER,NBMOTOFOYER,NBTRIKEFOYER,NB2RMCONDUIT,MARQUE1,CYLINDREE1,MODELE1,SEGMENT1,SIDE1,ANMISECIRCU1,ASS1,FREQ1,USAGE1,NBKM1,GARAGE1,MARQUE2,CYLINDREE2,MODELE2,SEGMENT2,SIDE2,ANMISECIRCU2,ASS2,FREQ2,USAGE2,NBKM2,GARAGE2,MARQUE3,CYLINDREE3,MODELE3,SEGMENT3,SIDE3,ANMISECIRCU3,ASS3,FREQ3,USAGE3,NBKM3,GARAGE3,MARQUE4,CYLINDREE4,MODELE4,SEGMENT4,SIDE4,ANMISECIRCU4,ASS4,FREQ4,USAGE4,NBKM4,GARAGE4,MARQUE5,CYLINDREE5,MODELE5,SEGMENT5,SIDE5,ANMISECIRCU5,ASS5,FREQ5,USAGE5,NBKM5,GARAGE5,NBKMTOT,PERMIS1,PERMIS2,PERMIS3,PERMIS4,PERMIS5,PERMIS6,PERMIS7,PERMIS8,PERMIS9,ANPERMIS1,ANPERMIS6,ANPERMIS7,ANPERMIS2,ANPERMIS3,ANPERMIS8,ANPERMIS9,ANPERMIS4,ANPERMIS5,,,
75,6139,208,1,1,4,NSP,,,,,0,5,,,,,,1,5,2005,,,,,0,2,,,,,,0,4,,,,,,0,3,,,,,,0,2,,,,,,0,2,,,,,,5,5,NSP,NSP,NSP,NSP,NSP,0,2,,,,,,0,3,,,,,,0,2,,,,,,0,1,,,,,,0,3,,,,,,0,,7,,,,,,,,,,,,,,,,,,7,0,22,1,11,3,2005,,2005,Vous remontiez une file de véhicules (à larrêt ou au ralenti) par la gauche. Un véhicule de cette file vous a coupé la route en tournant à gauche.,3,4,,,,,,"Soir d'hiver humide , je décide de dépasser par la gauche un bus de la ville déposant des passagers .  Un riverain stationné à gauche sur cette rue à double-sens , profite de l'immobilisation de la file pour démarrer doucement . Constatant qu'aucun véhicule n'arrive de face , je décide de le dépasser ""dans l'élan"" bien qu'à faible vitesse , prévoyant une éventuelle traversée de piéton devant le bus arrêté . Au moment où j""aborde"" par la gauche le pare-choc arrière du riverain , celui-ci met son clignotant gauche en tournant en même-temps pour accéder à son garage . J'ai tenté d""accompagner"" cette manuvre sur la chaussée humide mais je me suis ""appuyé"" brutalement , flanc droit contre son côté gauche de l'automobile.","Le stationnement interdit du riverain (à gauche sur une route à double-sens de circulations) ne lui permettait pas d'avoir une bonne vision de la situation ; du coup , sa position au milieu de la route pour changer le sens de sa manuvre (partir à droite pour revenir à gauche) , demandait trop de contrôles qu'il n'a pas effectués . le mauvaise usage du clignotant (simultanément à la manuvre) ne m'a pas permis de prévoir le changement de direction .","Comme la route été humide , que je ne roulais pas très vite (en accélération à 30km/h environ) j'ai tenté de passer quand même au lieu de risquer de bloquer les roues au freinage et m'encastrer dans le véhicule . Mais mon adversaire , bien qu'il me voyait (il me l'a dit après-coup) a continué sa manuvre , me fermant ""la porte"" . Je n'ai pas eu le temps d'agir sur les freins que je m'appuyais brutalement contre les portières gauche du véhicule .",AUT|je voyais une possibilité de passer,0,,,"J'abordais le pare-choc arrière lorsque mon adversaire a amorcé son changement de direction en y mettant ""en même temps"" son clignotant",3,1,2,,"Sa position sur la route lui imposait de nombreux contrôles et , probablement par habitude , il ne s'en pas inquiété",1,"Dans cette rue où la circulation est parfois dense et comme le stipule avec bon-sens le code de la route , le stationnement à gauche peut entrainer des risques à des usagers vulnérables ; j'en fais souvent part lors de conversations et j'en suis victime",2,6,,,,,,,1,,,,2,,"Constatant la traversée de la chaussée de la gauche vers la droite , je fus surpris par le retour vers la gauche du véhicule de mon adversaire",2,3,,,1,1,3,3,2,1,1,1,1,1,4,4,4,5,8,,,,,,,,2,,,,,,,,,2,2,,2,1,3,2,20,70,0,0,10,2,,,,,,4,2,,,,2,1,1,4,6,7,,,,1,1,2,1,3,,0,30,1,10,2,5,,,,,,,4,4,4,4,4,4,HONDA,800,PACIFIC COAST (PC800),Routière / GT,2,1,1,1,1,1,1,1,1,1,1,120000,NSP,4,1,HONDA,650,CX650E,ROADSTER,2,3,3,07JAN1961,7,2,3,2,1,1,,NRP,,,,1,0,0,1,0,1,HONDA,700,DEAUVILLE ABS,Routière / GT,2,2008,18,3,1,7500,7,,,,,,,,,,,,,,,,,,,,,,,,,,,,,,,,,,,,,,,,,,,,,7500,2,4,,,,,,,,NRP,NRP,NRP,1992,NRP,NRP,NRP,1980,NRP,,,
1442,6140,,1,0,4,,,,,,0,5,,,,,,0,4,,,,,,0,3,,,,,,0,2,,,,,,0,3,,,,,,0,2,,,,,,0,5,,,,,,3,5,2009,2010,2012,,,0,2,,,,,,0,5,,,,,,0,2,,,,,,0,4,,,,,,0,2,,,,,,0,,3,,,,,,,,,,,,,,,,,,3,0,7,1,42,9,2010,,,,,,,,,,,,,,,,,,,,,,,,,,,,,,,,,,,,,,,,,,,,,,,,,,,,,,,,,,,,,,,,,,,,,,,,,,,,,,,,,,,,,,,,,,,,,,,,,,,,,,,,,,,,,,,,,,,,,,,,,,,,,,,,,,,,,,,,,,,,,,,,,,,,,,,,,,,,,,10JUN1990,7,2,3,2,2,3,,NRP,,,,1,0,0,1,0,1,YAMAHA,600,R6 IE (YZF-R6) SERIES GREY,SPORTIVE,2,2004,2,3,2,2000,7,,,,,,,,,,,,,,,,,,,,,,,,,,,,,,,,,,,,,,,,,,,,,2000,4,3,1,,,,,,,2005,NRP,NRP,NRP,2008,NRP,NRP,2009,NRP,,,
1961,6141,,1,0,4,,,,,,2,6,NSP,1982,,,,0,3,,,,,,1,6,1982,,,,,1,5,NSP,,,,,0,3,,,,,,0,3,,,,,,0,3,,,,,,0,4,,,,,,0,5,,,,,,0,5,,,,,,3,6,NSP,NSP,1982,,,1,6,NSP,,,,,0,4,,,,,,0,,8,,,,,,,,,,,,,,,,,,5,3,35,1,16,4,1982,,,,,,,,,,,,,,,,,,,,,,,,,,,,,,,,,,,,,,,,,,,,,,,,,,,,,,,,,,,,,,,,,,,,,,,,,,,,,,,,,,,,,,,,,,,,,,,,,,,,,,,,,,,,,,,,,,,,,,,,,,,,,,,,,,,,,,,,,,,,,,,,,,,,,,,,,,,,,,30JUL1949,9,1,3,2,2,3,,NRP,,,,2,1,0,3,0,1,YAMAHA,1100,XS,ROADSTER,2,1978,37,2,1,10000,7,,,,,,,,,,,,,,,,,,,,,,,,,,,,,,,,,,,,,,,,,,,,,10000,3,4,8,9,,,,,,NRP,NRP,NRP,NRP,1971,1971,1971,1971,NRP,,,
748,6142,,1,1,5,1980,,,,,0,5,,,,,,1,6,1980,,,,,0,4,,,,,,0,5,,,,,,0,3,,,,,,0,4,,,,,,0,4,,,,,,5,4,1980,NSP,NSP,NSP,2011,0,5,,,,,,0,5,,,,,,1,4,NSP,,,,,0,4,,,,,,1,4,NSP,,,,,1,5,14,NSP,NSP,NSP,NSP,NSP,Paris,Valencia,Paris,Millau,Goa,Entre peripherique Porte Maillot vers Porte d'Auteuil  je roulais trop vite,"J'ai glisse sur des gravillons non balises,je roulais trop vite","Bloquage de la roue avant,un asphalte trop chaud,la roue c'est enfonce comme ds du beurre","Glissade ds la descente vers le plateau du larsac,route humide,je roulais trop vite",J'ai rencontré des cochons sauvages ds un virage,2,2,40,37,35,1,56,12,0,,,,,,,,,,,,,,,,,,,,,,,,,,,,,,,,,,,,,,,,,,,,,,,,,,,,,,,,,,,,,,,,,,,,,,,,,,,,,,,,,,,,,,,,,,,,,,,,,,,,,,,,,,,,,,,,,,,,,,,,,,,,,,,,,,,,,,,,,,,,,,,,,,,,,,,,,,,,,,27MAR1961,5,2,3,2,3,4,1,NRP,,,,1,0,0,1,0,1,BMW,1200,R1200GS ADVENTURE ABS,TRAIL / SUPERMOTARD,2,2009,22,1,2,39700,7,,,,,,,,,,,,,,,,,,,,,,,,,,,,,,,,,,,,,,,,,,,,,39700,2,3,4,,,,,,,NRP,NRP,NRP,1978,1979,NRP,NRP,1983,NRP,,,
2163,6143,,1,0,6,,,,,,0,5,,,,,,0,6,,,,,,0,4,,,,,,0,5,,,,,,0,5,,,,,,0,3,,,,,,0,4,,,,,,1,4,2013,,,,,0,4,,,,,,0,6,,,,,,1,1,2013,,,,,0,3,,,,,,0,4,,,,,,0,,2,,,,,,,,,,,,,,,,,,1,0,7,1,56,12,2013,,,,,,,,,,,,,,,,,,,,,,,,,,,,,,,,,,,,,,,,,,,,,,,,,,,,,,,,,,,,,,,,,,,,,,,,,,,,,,,,,,,,,,,,,,,,,,,,,,,,,,,,,,,,,,,,,,,,,,,,,,,,,,,,,,,,,,,,,,,,,,,,,,,,,,,,,,,,,,04JAN1978,7,1,3,2,5,4,3,NRP,,,,2,0,0,1,0,1,YAMAHA,600,FZS FAZER,ROADSTER,2,2002,37,1,2,18000,5,,,,,,,,,,,,,,,,,,,,,,,,,,,,,,,,,,,,,,,,,,,,,18000,2,3,4,,,,,,,NRP,NRP,NRP,1996,2001,NRP,NRP,1996,NRP,,,
964,6145,,0,,,,,,,,,,,,,,,,,,,,,,,,,,,,,,,,,,,,,,,,,,,,,,,,,,,,,,,,,,,,,,,,,,,,,,,,,,,,,,,,,,,,,,,,,,,,,,,,,,,,,,,,,,,,,,,,,,,,,,,,,,,,,,,,,,,,,,,,,,,,,,,,,,,,,,,,,,,,,,,,,,,,,,,,,,,,,,,,,,,,,,,,,,,,,,,,,,,,,,,,,,,,,,,,,,,,,,,,,,,,,,,,,,,,,,,,,,,,,,,,,,,,,,,,,,,,,,,,,,,,,,,,,,,,,,,,,,,,,,,,,,,26JUL1965,7,1,3,2,3,4,1,NRP,,,,2,1,0,2,0,2,ACM,250,RM HOMOLOGUEE,"TOUT TERRAIN (TRIAL, ENDURO, CROSS)",2,1989,37,4,1,1500,7,TRIUMPH,900,TROPHY,Routière / GT,2,1996,37,1,2,6000,7,,,,,,,,,,,,,,,,,,,,,,,,,,,,,,,,,,7500,2,4,8,9,,,,,,NRP,NRP,NRP,1984,NRP,1984,1984,1984,NRP,,,
1801,6148,,0,,,,,,,,,,,,,,,,,,,,,,,,,,,,,,,,,,,,,,,,,,,,,,,,,,,,,,,,,,,,,,,,,,,,,,,,,,,,,,,,,,,,,,,,,,,,,,,,,,,,,,,,,,,,,,,,,,,,,,,,,,,,,,,,,,,,,,,,,,,,,,,,,,,,,,,,,,,,,,,,,,,,,,,,,,,,,,,,,,,,,,,,,,,,,,,,,,,,,,,,,,,,,,,,,,,,,,,,,,,,,,,,,,,,,,,,,,,,,,,,,,,,,,,,,,,,,,,,,,,,,,,,,,,,,,,,,,,,,,,,,,,30MAR1973,7,2,3,2,3,4,1,NRP,,,,1,0,0,1,0,1,BMW,1150,R1150RT,Routière / GT,2,2001,33,2,2,12000,4,,,,,,,,,,,,,,,,,,,,,,,,,,,,,,,,,,,,,,,,,,,,,12000,3,4,,,,,,,,NRP,NRP,NRP,NRP,2012,NRP,NRP,1991,NRP,,,
912,6151,,1,0,3,,,,,,0,4,,,,,,0,3,,,,,,0,2,,,,,,0,4,,,,,,0,4,,,,,,0,5,,,,,,0,5,,,,,,3,6,NSP,1976,1980,,,0,4,,,,,,0,6,,,,,,0,2,,,,,,1,3,NSP,,,,,0,4,,,,,,0,,4,,,,,,,,,,,,,,,,,,0,2,38,1,42,9,1976,,,,,,,,,,,,,,,,,,,,,,,,,,,,,,,,,,,,,,,,,,,,,,,,,,,,,,,,,,,,,,,,,,,,,,,,,,,,,,,,,,,,,,,,,,,,,,,,,,,,,,,,,,,,,,,,,,,,,,,,,,,,,,,,,,,,,,,,,,,,,,,,,,,,,,,,,,,,,,14JUL1957,9,2,3,2,4,4,2,NRP,,,,2,0,0,4,0,4,KAWASAKI,1000,GTR,Routière / GT,2,1996,29,2,1,3000,7,YAMAHA,250,WR-F (4T),"TOUT TERRAIN (TRIAL, ENDURO, CROSS)",2,2008,29,3,1,1500,7,YAMAHA,125,DTE,TRAIL / SUPERMOTARD,2,1998,29,3,1,1100,7,HONDA,125,XL-R,TRAIL / SUPERMOTARD,2,1984,29,4,1,50,7,,,,,,,,,,,,5650,3,4,7,,,,,,,NRP,NRP,1976,NRP,1976,NRP,NRP,1976,NRP,,,
844,6152,458,1,0,3,,,,,,0,4,,,,,,0,4,,,,,,0,4,,,,,,0,5,,,,,,0,3,,,,,,0,5,,,,,,0,5,,,,,,3,5,2010,2012,2012,,,1,5,2012,,,,,0,3,,,,,,0,2,,,,,,0,3,,,,,,0,2,,,,,,0,,4,,,,,,,,,,,,,,,,,,0,0,10,1,46,10,2012,,2012,"Vous circuliez sur un axe constitué dau moins "" 2 X 2 voies "" (en urbain, périphérique, autoroute, RN ). Un véhicule vous a coupé la route en changeant de voie pour se placer sur celle de droite.",4,,,,,,,"Le conducteur de la voiture a effectué un changement de file par reflexe pour éviter un accident dans sa file. Il a changé de voie au dernier moment, me faisant une queue de poisson.  Malgrès un gros freinage je l'ai percuté, mais cela a permis de réduire la vitesse lors de l'impact.","Le changement de file intempestif, la distance pour freiner est devenue trop courte.  L'évitement n'était pas possible puisqu'un poids lourd se trouvait sur la file de droite.","changement de file de l'automobiliste qui vient s'arrêter juste devant moi.  Freinage avant + arrière, probable blocage de la roue arrière.  Lorque j'ai vu que cela ne serait pas suffisant, j'ai relaché les freins pour tenter un évitement par la gauche.  L'autombiliste en même temps m'a vu dans le retro est s'est déplacé sur la gauche également, me ""fermant"" la porte de sortie, d'ou le choc.",NRP,1,"freiner jusqu'au bout aurais pu permettre de m'arrêter juste a temps, voir de réduire encore plus la vitesse au moment de l'impact","Eviter la voiture semblait plus évident, si l'automobiliste n'avait pas redécalé a gauche cela aurait été possible.",,2,1,1,3,il a eu un reflexe pour éviter la voiture devant lui. Il n'a probablement pas eu le temps de me voir dans son retroviseur de gauche.,1,sa première action de se déporter sur la file de droite m'a coupé la route.  Puis sa deuxième réaction quand il m'a vu n'a pas permis d'éviter l'accident.,1,2,9,,,,ça y est c'est pour ma gueule :/,2,1,,,,,3,la situation a changé en quelques secondes sans l'avoir prévu.,4,3,,,3,3,4,3,1,1,2,3,1,4,4,4,4,10,,,,,,,,,2,,,,,,,,,2,2,,2,1,1,1,30,70,0,0,0,2,,,,,,3,1,,,,1,,,,,,,,,,,1,4,1,1,0,70,1,2,3,4,7,9,,,,,4,4,4,4,4,4,HONDA,800,VFR-F,Routière / GT,2,1,0,1,1,1,1,0,1,1,1,110000,12,4,1,HONDA,500,"CB ""PC32A"" MTT1",ROADSTER,2,4,4,15NOV1981,5,1,3,2,1,1,,NRP,,,,1,0,0,2,0,2,TRIUMPH,1050,SPEED TRIPLE,ROADSTER,2,2007,24,2,1,15000,4,HONDA,500,CB500F,ROADSTER,2,2001,37,1,2,15000,4,,,,,,,,,,,,,,,,,,,,,,,,,,,,,,,,,,30000,3,4,,,,,,,,NRP,NRP,NRP,NRP,2004,NRP,NRP,1999,NRP,,,
1737,6153,,1,0,5,,,,,,0,5,,,,,,0,5,,,,,,0,3,,,,,,0,4,,,,,,0,4,,,,,,0,4,,,,,,0,5,,,,,,0,5,,,,,,0,4,,,,,,1,5,2014,,,,,0,3,,,,,,0,5,,,,,,1,5,1988,,,,,0,,2,,,,,,,,,,,,,,,,,,27,2,25,1,66,14,1988,,,,,,,,,,,,,,,,,,,,,,,,,,,,,,,,,,,,,,,,,,,,,,,,,,,,,,,,,,,,,,,,,,,,,,,,,,,,,,,,,,,,,,,,,,,,,,,,,,,,,,,,,,,,,,,,,,,,,,,,,,,,,,,,,,,,,,,,,,,,,,,,,,,,,,,,,,,,,,12NOV1965,5,1,3,2,3,4,1,NRP,,,,1,1,0,2,0,1,HONDA,900,CBR-RR FIREBLADE,SPORTIVE,2,2001,37,1,2,20000,7,,,,,,,,,,,,,,,,,,,,,,,,,,,,,,,,,,,,,,,,,,,,,20000,3,4,,,,,,,,NRP,NRP,NRP,NRP,1987,NRP,NRP,1984,NRP,,,
1672,6156,,0,,,,,,,,,,,,,,,,,,,,,,,,,,,,,,,,,,,,,,,,,,,,,,,,,,,,,,,,,,,,,,,,,,,,,,,,,,,,,,,,,,,,,,,,,,,,,,,,,,,,,,,,,,,,,,,,,,,,,,,,,,,,,,,,,,,,,,,,,,,,,,,,,,,,,,,,,,,,,,,,,,,,,,,,,,,,,,,,,,,,,,,,,,,,,,,,,,,,,,,,,,,,,,,,,,,,,,,,,,,,,,,,,,,,,,,,,,,,,,,,,,,,,,,,,,,,,,,,,,,,,,,,,,,,,,,,,,,,,,,,,,,06JUL1982,5,2,3,2,4,4,2,NRP,,,,1,0,1,1,0,2,TRIUMPH,675,STREET TRIPLE R,ROADSTER,2,2010,10,3,1,3000,7,SUZUKI,125,BURGMAN,SCOOTER,2,2012,29,2,2,5000,7,,,,,,,,,,,,,,,,,,,,,,,,,,,,,,,,,,8000,3,4,,,,,,,,NRP,NRP,NRP,NRP,2000,NRP,NRP,2000,NRP,,,
1402,6158,,0,,,,,,,,,,,,,,,,,,,,,,,,,,,,,,,,,,,,,,,,,,,,,,,,,,,,,,,,,,,,,,,,,,,,,,,,,,,,,,,,,,,,,,,,,,,,,,,,,,,,,,,,,,,,,,,,,,,,,,,,,,,,,,,,,,,,,,,,,,,,,,,,,,,,,,,,,,,,,,,,,,,,,,,,,,,,,,,,,,,,,,,,,,,,,,,,,,,,,,,,,,,,,,,,,,,,,,,,,,,,,,,,,,,,,,,,,,,,,,,,,,,,,,,,,,,,,,,,,,,,,,,,,,,,,,,,,,,,,,,,,,,04NOV1978,5,1,3,2,4,4,2,NRP,,,,2,0,0,2,0,2,KAWASAKI,650,ER-6  N,ROADSTER,2,2007,31,4,1,1000,7,HONDA,1200,VFR-F,Routière / GT,2,2012,37,2,2,7000,7,,,,,,,,,,,,,,,,,,,,,,,,,,,,,,,,,,8000,3,4,,,,,,,,NRP,NRP,NRP,NRP,2008,NRP,NRP,1997,NRP,,,
902,6162,335,1,0,3,,,,,,0,5,,,,,,0,6,,,,,,0,3,,,,,,0,4,,,,,,0,5,,,,,,0,4,,,,,,0,5,,,,,,1,5,2011,,,,,0,4,,,,,,0,4,,,,,,0,6,,,,,,0,4,,,,,,0,4,,,,,,0,,1,,,,,,,,,,,,,,,,,,4,0,6,1,41,9,2011,,2011,"Vous avez fait une sortie de route, une perte de contrôle ou une glissade sans rien percuter.",6,,,,,,,"Arrivé trop vite dans un virage sur une petite route de campagne, j'ai freiné donc la moto est allé tout droit et je suis arrivé dans le fossé.",Trop de confiance et pas assez d'expérience,"J'ai compris que j'arrivais trop vite, par réflexe j'ai freiné fort la moto c'est presque arrêtée mais j'ai quand même basculé dans le fossé. Il n'y avais pas d'usager sur la route, très peu fréquentée. Une voiture est passée plus tard et m'a demandé si ça allait. Je n'ai rien eu, ensuite d'autres personnes sont passées et m'ont aidé à sortir la moto du fossé, ce qui n'a pas été facile.",2,1,Avec l'expérience j'aurais dû relacher les freins et pencher la moto pour prendre le virage,Pas assez d'expérience,,3,0,,,,,,1,6,,,,,,1,,,,,2,,NRP,4,1,3,,1,1,4,4,4,4,1,2,3,3,4,4,4,1,5,9,,,,,,,1,3,,,,,,,,2,2,,2,2,1,1,90,0,0,10,0,2,,,,,,AUT|pas de traffic,1,7,,,1,,,,,,,,,,,3,2,3,,0,90,1,10,2,4,7,,,,,,4,4,4,4,4,4,YAMAHA,600,FZ6-S FAZER,ROADSTER,2,1,1,1,1,1,1,2,1,1,1,10000,10,1,1,SUZUKI,500,GS-E 34CV,ROADSTER,2,4,4,27NOV1988,5,2,3,2,2,3,,NRP,,,,2,0,0,1,0,1,TRIUMPH,1050,SPEED TRIPLE ABS,ROADSTER,2,2011,39,2,1,6000,7,,,,,,,,,,,,,,,,,,,,,,,,,,,,,,,,,,,,,,,,,,,,,6000,3,4,,,,,,,,NRP,NRP,NRP,NRP,2008,NRP,NRP,2008,NRP,,,
970,6163,,1,0,2,,,,,,0,4,,,,,,0,4,,,,,,0,3,,,,,,0,5,,,,,,0,2,,,,,,0,2,,,,,,0,4,,,,,,1,5,2014,,,,,0,3,,,,,,0,3,,,,,,0,3,,,,,,0,3,,,,,,0,2,,,,,,0,,1,,,,,,,,,,,,,,,,,,2,0,3,1,41,9,2014,,,,,,,,,,,,,,,,,,,,,,,,,,,,,,,,,,,,,,,,,,,,,,,,,,,,,,,,,,,,,,,,,,,,,,,,,,,,,,,,,,,,,,,,,,,,,,,,,,,,,,,,,,,,,,,,,,,,,,,,,,,,,,,,,,,,,,,,,,,,,,,,,,,,,,,,,,,,,,19JUL1988,7,2,3,2,2,3,,NRP,,,,1,0,0,1,0,1,SUZUKI,1400,INTRUDER (VS),CUSTOM,2,1988,40,2,1,15000,7,,,,,,,,,,,,,,,,,,,,,,,,,,,,,,,,,,,,,,,,,,,,,15000,4,3,,,,,,,,NRP,NRP,NRP,NRP,2009,NRP,NRP,2006,NRP,,,
1424,6166,,1,0,4,,,,,,1,5,1981,,,,,0,6,,,,,,0,4,,,,,,0,4,,,,,,0,6,,,,,,0,4,,,,,,0,4,,,,,,1,4,2014,,,,,0,5,,,,,,0,6,,,,,,0,3,,,,,,0,4,,,,,,0,4,,,,,,0,,2,,,,,,,,,,,,,,,,,,0,2,33,1,6,2,1981,,,,,,,,,,,,,,,,,,,,,,,,,,,,,,,,,,,,,,,,,,,,,,,,,,,,,,,,,,,,,,,,,,,,,,,,,,,,,,,,,,,,,,,,,,,,,,,,,,,,,,,,,,,,,,,,,,,,,,,,,,,,,,,,,,,,,,,,,,,,,,,,,,,,,,,,,,,,,,02MAY1959,9,1,3,2,1,1,,NRP,,,,1,1,0,1,0,1,BMW,650,F650GS,TRAIL / SUPERMOTARD,2,2001,37,2,1,3500,7,,,,,,,,,,,,,,,,,,,,,,,,,,,,,,,,,,,,,,,,,,,,,3500,9,,,,,,,,,NRP,NRP,NRP,NRP,NRP,NRP,1981,NRP,NRP,,,
142,6167,382,1,0,5,,,,,,0,4,,,,,,1,5,2005,,,,,0,5,,,,,,1,5,2010,,,,,0,4,,,,,,0,2,,,,,,0,4,,,,,,2,5,2007,2012,,,,0,4,,,,,,0,4,,,,,,0,2,,,,,,0,4,,,,,,1,5,2008,,,,,1,1,6,2009,,,,,Bordeaux,,,,,"Au rouge la voiture devant moi est partie en marche arrière, et je n'ai pu l'éviter",,,,,0,0,0,10,8,1,66,14,2008,,2008,"Alors que vous étiez en train de rouler, un piéton a traversé devant vous.",5,,,,,,,"je remontati une file de voiture et de bus par la gauche, a faible vitesse. Juste après avoir doublé un bus j'ai été percuté (à hauteur du top case)par un piéton qui traversait en courant devant le bus (ce n'était pas un passage protégé). Nous nous sommes trouvés tous les deux au sol entre les voitures. Pas de grosse blessure mais beaucoup de peur, en raison du traffic et de l'effet surprise. Remarque: depuis j'apprécie quand les bus collent le véhicule de devant à l'arrêt, et rallenti plus fortement lorsque je passe un véhicule snas visibilité sur l'avant de celui-ci (bus, camion, camionnette, ...)même si cela n'aurait probablement rien changé.",Le manque de visibilité qui ne permet pas d'anticiper.,Au cas d'espèce complètemetn passif.,3,0,,,Pas possible de voir le danger arriver,2,1,2,,A mon avis a du se trouver surpris d'arrive sur une moto,1,"On ne traverse pas en courant entre des voitures / bus, surtout sans avoir de visibilité",7,,,,,,,,,,,,,,,4,3,,,1,1,3,4,1,1,1,1,2,2,4,4,4,10,,,,,,,,,2,,,,,,,,,2,2,,2,1,1,1,10,90,0,0,0,2,,,,,,4,1,,,,2,0,,,,,,,,,,1,1,1,1,0,20,1,10,2,3,4,7,,,,,4,4,4,4,4,3,KTM,990,ADVENTURE S,TRAIL / SUPERMOTARD,2,0,1,1,1,1,1,1,1,1,1,42000,12,4,1,KTM,990,ADVENTURE ABS,TRAIL / SUPERMOTARD,2,4,4,01JUL1961,5,2,3,2,5,4,3,NRP,,,,2,0,0,2,0,2,KTM,990,ADVENTURE ABS,TRAIL / SUPERMOTARD,2,2009,25,1,2,10000,4,DUCATI,696,MONSTER,ROADSTER,2,2008,37,3,2,1200,4,,,,,,,,,,,,,,,,,,,,,,,,,,,,,,,,,,11200,4,3,2,,,,,,,NRP,NRP,NRP,1979,2008,NRP,NRP,1979,NRP,,,