Ligne,Ligne Q qualif,Ligne approfondissement Accident,ACCIDENT,NBACC1,ACCFREQUENCE1,ANNEEACC1_1,ANNEEACC1_2,ANNEEACC1_3,ANNEEACC1_4,ANNEEACC1_5,NBACC2,ACCFREQUENCE2,ANNEEACC2_1,ANNEEACC2_2,ANNEEACC2_3,ANNEEACC2_4,ANNEEACC2_5,NBACC3,ACCFREQUENCE3,ANNEEACC3_1,ANNEEACC3_2,ANNEEACC3_3,ANNEEACC3_4,ANNEEACC3_5,NBACC4,ACCFREQUENCE4,ANNEEACC4_1,ANNEEACC4_2,ANNEEACC4_3,ANNEEACC4_4,ANNEEACC4_5,NBACC5,ACCFREQUENCE5,ANNEEACC5_1,ANNEEACC5_2,ANNEEACC5_3,ANNEEACC5_4,ANNEEACC5_5,NBACC6,ACCFREQUENCE6,ANNEEACC6_1,ANNEEACC6_2,ANNEEACC6_3,ANNEEACC6_4,ANNEEACC6_5,NBACC7,ACCFREQUENCE7,ANNEEACC7_1,ANNEEACC7_2,ANNEEACC7_3,ANNEEACC7_4,ANNEEACC7_5,NBACC8,ACCFREQUENCE8,ANNEEACC8_1,ANNEEACC8_2,ANNEEACC8_3,ANNEEACC8_4,ANNEEACC8_5,NBACC9,ACCFREQUENCE9,ANNEEACC9_1,ANNEEACC9_2,ANNEEACC9_3,ANNEEACC9_4,ANNEEACC9_5,NBACC10,ACCFREQUENCE10,ANNEEACC10_1,ANNEEACC10_2,ANNEEACC10_3,ANNEEACC10_4,ANNEEACC10_5,NBACC11,ACCFREQUENCE11,ANNEEACC11_1,ANNEEACC11_2,ANNEEACC11_3,ANNEEACC11_4,ANNEEACC11_5,NBACC12,ACCFREQUENCE12,ANNEEACC12_1,ANNEEACC12_2,ANNEEACC12_3,ANNEEACC12_4,ANNEEACC12_5,NBACC13,ACCFREQUENCE13,ANNEEACC13_1,ANNEEACC13_2,ANNEEACC13_3,ANNEEACC13_4,ANNEEACC13_5,NBACC14,ACCFREQUENCE14,ANNEEACC14_1,ANNEEACC14_2,ANNEEACC14_3,ANNEEACC14_4,ANNEEACC14_5,AUTRESACC,NBAUTRESACC,TOTAL_AC,ANNEEAUTREACC1,ANNEEAUTREACC2,ANNEEAUTREACC3,ANNEEAUTREACC4,ANNEEAUTREACC5,LIEUAUTREACC1,LIEUAUTREACC2,LIEUAUTREACC3,LIEUAUTREACC4,LIEUAUTREACC5,DESCRIPTIONAUTRESACC1,DESCRIPTIONAUTRESACC2,DESCRIPTIONAUTRESACC3,DESCRIPTIONAUTRESACC4,DESCRIPTIONAUTRESACC5,NBAUTRESACCCIRCUIT,NBAUTRESTOUTTERRAIN,EXPCYCLO,EXP125,EXPSUP125,ACCORDNEXTQ,CHOIXACC,RGPMTACC,RECUPANNEE,RECUPLIEU,RECUPANNE,RGPMTAC,CHOIX1,CHOIX2,CHOIX3,CHOIX4,CHOIX5,CHOIX6,CHOIX7,DESCRIPTION,RUPTURE,FAITS,ABS_REACTION,AUTRE_REACTION,PRECISIONREACTIONOUI,RECUL,PRECISIONREACTIONNON,IMPACTCOMPORTEMENT,AUTREUSAGER,REACTIONAUTREUSAGER,CONNAISSANCEREACTIONUSAGER,DIFFICULTES,AGGRAVATION,DIFFICULTES2,EMOTIONS1,EMOTIONS2,EMOTIONS3,EMOTIONS4,EMOTIONS5,EMOTIONS6,AUTRESENTIMENT,CLASSEMENTEMOTIONS1,CLASSEMENTEMOTIONS,CLASSEMENTEMOTIONS5,CLASSEMENTEMOTIONS6,CLASSEMENTEMOTIONS7,CLASSEMENTEMOTIONS8,CLASSEMENTEMOTIONS9,EXPLICATIONRESSENTI,BIENEQUIPE,ALLURE,ALLUREVITEDETAIL,ALLURELENTEDETAIL,SITUATIONPRESSE,SITUATIONDISTRAIT,SITUATIONCONFIANT,SITUATIONCONTROLE,SITUATIONLUDIQUE,SITUATIONPERF,SITUATIONSTRESS,SITUATIONFATIGUE,HUMEURNEUTRE,HUMEURGAI,HUMEURMECONTENT,HUMEURTRISTE,HUMEURCOLERE,CONTRIBUTION1,CONTRIBUTION2,CONTRIBUTION3,CONTRIBUTION4,CONTRIBUTION5,CONTRIBUTION6,CONTRIBUTION7,CONTRIBUTION8,CONTRIBUTION9,ROLEINFRA,ELEMENTINFRA1,ELEMENTINFRA2,ELEMENTINFRA3,ELEMENTINFRA4,ELEMENTINFRA5,ELEMENTINFRA6,ELEMENTINFRA7,ELEMENTINFRA8,ELEMENTINFRA9,ALCOOL,TXALCOOL,STUP,SEMAINE,MOMENTJOURNEE,TEMPS,CAUSEACC1,CAUSEACC2,CAUSEACC3,CAUSEACC4,CAUSEACC5,FORMATIONCAUSE,FORMATION1,FORMATION2,FORMATION3,FORMATION4,FORMATION5,TRAFIC,CHAUSSEE1,CHAUSSEE2,CHAUSSEE3,CHAUSSEE4,TYPEACC,BLESSURE,TETE,COU,THORAX,MEMBRESSUP,COLONNE,BASSIN,MEMBRESINF,HOPITAL,PLUS24H,TRAJET,TYPEROUTE,MOTIF,SENSTRAJET,PASSAGER,VITESSE,DESCEQ1,DESCEQ2,DESCEQ3,DESCEQ4,DESCEQ5,DESCEQ6,DESCEQ7,DESCEQ8,DESCEQ9,DESCEQ10,VEHICULEETE,VEHICULEAUTOMNE,VEHICULEPRINTEMPS,VEHICULEHIVER,VEHICULESEMAINE,VEHICULEWE,VEHMARQUE,VEHCYLINDREE,VEHMODELE,VEHSEGMENT,VEHSIDE,EQ2RMABS,EQ2RMCBS,EQ2RMABSCBS,EQ2RMREGULATEUR,EQ2RMLIMITEUR,EQ2RMPHARESDIRECT,EQ2RMCOUPURE,EQ2RMANTIPATINAGE,EQ2RMANTIXHEELING,EQ2RMSTABILILTE,VEHKM,POINTS,DUREE,AUTRE2RM,VEHPRECMARQUE,VEHPRECCYLINDREE,VEHPRECMODELE,VEHPRECSEGMENT,VEHPRECSIDE,TEMPS2RMPREC,FREQVEHPREC,DATE_NAISS,CSP,SOCIETAIRE,SALARIE,SECTEUR2RM,NBPERSFOYER,SITFAM,NBENF,TRNBENF1,TRNBENF2,TRNBENF3,TRNBENF4,NBAUTOFOYER,NBCYCLOFOYER,NBSCOOTFOYER,NBMOTOFOYER,NBTRIKEFOYER,NB2RMCONDUIT,MARQUE1,CYLINDREE1,MODELE1,SEGMENT1,SIDE1,ANMISECIRCU1,ASS1,FREQ1,USAGE1,NBKM1,GARAGE1,MARQUE2,CYLINDREE2,MODELE2,SEGMENT2,SIDE2,ANMISECIRCU2,ASS2,FREQ2,USAGE2,NBKM2,GARAGE2,MARQUE3,CYLINDREE3,MODELE3,SEGMENT3,SIDE3,ANMISECIRCU3,ASS3,FREQ3,USAGE3,NBKM3,GARAGE3,MARQUE4,CYLINDREE4,MODELE4,SEGMENT4,SIDE4,ANMISECIRCU4,ASS4,FREQ4,USAGE4,NBKM4,GARAGE4,MARQUE5,CYLINDREE5,MODELE5,SEGMENT5,SIDE5,ANMISECIRCU5,ASS5,FREQ5,USAGE5,NBKM5,GARAGE5,NBKMTOT,PERMIS1,PERMIS2,PERMIS3,PERMIS4,PERMIS5,PERMIS6,PERMIS7,PERMIS8,PERMIS9,ANPERMIS1,ANPERMIS6,ANPERMIS7,ANPERMIS2,ANPERMIS3,ANPERMIS8,ANPERMIS9,ANPERMIS4,ANPERMIS5,,,
157,6238,,1,0,6,,,,,,0,5,,,,,,1,5,1986,,,,,0,5,,,,,,0,3,,,,,,0,6,,,,,,0,4,,,,,,0,5,,,,,,0,6,,,,,,0,3,,,,,,0,4,,,,,,0,4,,,,,,0,5,,,,,,0,4,,,,,,1,1,2,1996,,,,,CANNES,,,,,"une route etroite, un virage a droite et la voiture qui arrive en face est sur ma voie, je me jette dans le fossé",,,,,0,0,4,10,6,1,11,3,1986,,,,,,,,,,,,,,,,,,,,,,,,,,,,,,,,,,,,,,,,,,,,,,,,,,,,,,,,,,,,,,,,,,,,,,,,,,,,,,,,,,,,,,,,,,,,,,,,,,,,,,,,,,,,,,,,,,,,,,,,,,,,,,,,,,,,,,,,,,,,,,,,,,,,,,,,,,,,,,03JAN1972,3,2,3,2,4,4,2,NRP,,,,2,0,1,1,0,3,SUZUKI,650,BURGMAN EXECUTIVE  Z,SCOOTER,2,2011,24,1,2,15000,7,YAMAHA,1300,XJR,ROADSTER,2,2000,24,2,1,4000,7,YAMAHA,1300,XJR,ROADSTER,2,2000,24,2,1,4000,7,,,,,,,,,,,,,,,,,,,,,,,23000,3,,,,,,,,,NRP,NRP,NRP,NRP,2006,NRP,NRP,NRP,NRP,,,
247,6242,,0,,,,,,,,,,,,,,,,,,,,,,,,,,,,,,,,,,,,,,,,,,,,,,,,,,,,,,,,,,,,,,,,,,,,,,,,,,,,,,,,,,,,,,,,,,,,,,,,,,,,,,,,,,,,,,,,,,,,,,,,,,,,,,,,,,,,,,,,,,,,,,,,,,,,,,,,,,,,,,,,,,,,,,,,,,,,,,,,,,,,,,,,,,,,,,,,,,,,,,,,,,,,,,,,,,,,,,,,,,,,,,,,,,,,,,,,,,,,,,,,,,,,,,,,,,,,,,,,,,,,,,,,,,,,,,,,,,,,,,,,,,,15JUL1960,5,2,3,2,2,2,1,NRP,,,,2,0,0,1,0,1,YAMAHA,900,TDM,ROADSTER,2,2008,25,3,1,8000,7,,,,,,,,,,,,,,,,,,,,,,,,,,,,,,,,,,,,,,,,,,,,,8000,4,8,9,,,,,,,NRP,NRP,NRP,NRP,NRP,1983,1985,1978,NRP,,,
762,6243,,0,,,,,,,,,,,,,,,,,,,,,,,,,,,,,,,,,,,,,,,,,,,,,,,,,,,,,,,,,,,,,,,,,,,,,,,,,,,,,,,,,,,,,,,,,,,,,,,,,,,,,,,,,,,,,,,,,,,,,,,,,,,,,,,,,,,,,,,,,,,,,,,,,,,,,,,,,,,,,,,,,,,,,,,,,,,,,,,,,,,,,,,,,,,,,,,,,,,,,,,,,,,,,,,,,,,,,,,,,,,,,,,,,,,,,,,,,,,,,,,,,,,,,,,,,,,,,,,,,,,,,,,,,,,,,,,,,,,,,,,,,,,15FEB1962,5,1,3,2,3,4,1,NRP,,,,2,0,0,1,0,1,KAWASAKI,1400,GTR,Routière / GT,2,2010,37,1,2,20000,7,,,,,,,,,,,,,,,,,,,,,,,,,,,,,,,,,,,,,,,,,,,,,20000,2,3,4,7,,,,,,NRP,NRP,1979,1979,2000,NRP,NRP,1984,NRP,,,
1197,6245,,0,,,,,,,,,,,,,,,,,,,,,,,,,,,,,,,,,,,,,,,,,,,,,,,,,,,,,,,,,,,,,,,,,,,,,,,,,,,,,,,,,,,,,,,,,,,,,,,,,,,,,,,,,,,,,,,,,,,,,,,,,,,,,,,,,,,,,,,,,,,,,,,,,,,,,,,,,,,,,,,,,,,,,,,,,,,,,,,,,,,,,,,,,,,,,,,,,,,,,,,,,,,,,,,,,,,,,,,,,,,,,,,,,,,,,,,,,,,,,,,,,,,,,,,,,,,,,,,,,,,,,,,,,,,,,,,,,,,,,,,,,,,17AUG1988,10,2,3,2,3,5,0,NRP,,,,3,0,0,1,0,1,SUZUKI,600,BANDIT-S,ROADSTER,2,2003,28,3,1,6000,4,,,,,,,,,,,,,,,,,,,,,,,,,,,,,,,,,,,,,,,,,,,,,6000,4,3,,,,,,,,NRP,NRP,NRP,NRP,2011,NRP,NRP,2006,NRP,,,
121,6246,,1,0,5,,,,,,0,6,,,,,,0,6,,,,,,0,3,,,,,,1,6,1973,,,,,0,3,,,,,,0,2,,,,,,0,3,,,,,,1,4,1980,,,,,0,2,,,,,,0,5,,,,,,0,1,,,,,,0,2,,,,,,0,4,,,,,,0,,2,,,,,,,,,,,,,,,,,,2,2,38,1,41,9,1980,,,,,,,,,,,,,,,,,,,,,,,,,,,,,,,,,,,,,,,,,,,,,,,,,,,,,,,,,,,,,,,,,,,,,,,,,,,,,,,,,,,,,,,,,,,,,,,,,,,,,,,,,,,,,,,,,,,,,,,,,,,,,,,,,,,,,,,,,,,,,,,,,,,,,,,,,,,,,,19MAY1954,5,2,3,2,3,4,1,NRP,,,,3,0,0,1,0,1,BMW,1200,R1200GS ABS,TRAIL / SUPERMOTARD,2,2011,31,2,1,12000,7,,,,,,,,,,,,,,,,,,,,,,,,,,,,,,,,,,,,,,,,,,,,,12000,2,3,4,,,,,,,NRP,NRP,NRP,1970,1972,NRP,NRP,1972,NRP,,,
2091,6247,,1,0,4,,,,,,0,4,,,,,,0,4,,,,,,0,3,,,,,,0,4,,,,,,0,4,,,,,,2,5,1999,1999,,,,0,4,,,,,,2,5,1999,1999,,,,0,4,,,,,,0,5,,,,,,0,2,,,,,,0,3,,,,,,0,2,,,,,,0,,4,,,,,,,,,,,,,,,,,,4,2,21,1,41,9,1999,,,,,,,,,,,,,,,,,,,,,,,,,,,,,,,,,,,,,,,,,,,,,,,,,,,,,,,,,,,,,,,,,,,,,,,,,,,,,,,,,,,,,,,,,,,,,,,,,,,,,,,,,,,,,,,,,,,,,,,,,,,,,,,,,,,,,,,,,,,,,,,,,,,,,,,,,,,,,,12JUL1954,5,1,3,2,1,1,,NRP,,,,1,0,0,4,0,3,YAMAHA,1300,FJR ABS,Routière / GT,2,2007,37,1,2,16000,4,HONDA,1300,PAN EUROPEAN ABS,Routière / GT,2,2003,37,3,1,5000,4,YAMAHA,900,XJS DIVERSION,Routière / GT,2,1999,37,3,1,3000,4,,,,,,,,,,,,,,,,,,,,,,,24000,2,3,4,,,,,,,NRP,NRP,NRP,1970,1972,NRP,NRP,1972,NRP,,,
1044,6249,,0,,,,,,,,,,,,,,,,,,,,,,,,,,,,,,,,,,,,,,,,,,,,,,,,,,,,,,,,,,,,,,,,,,,,,,,,,,,,,,,,,,,,,,,,,,,,,,,,,,,,,,,,,,,,,,,,,,,,,,,,,,,,,,,,,,,,,,,,,,,,,,,,,,,,,,,,,,,,,,,,,,,,,,,,,,,,,,,,,,,,,,,,,,,,,,,,,,,,,,,,,,,,,,,,,,,,,,,,,,,,,,,,,,,,,,,,,,,,,,,,,,,,,,,,,,,,,,,,,,,,,,,,,,,,,,,,,,,,,,,,,,,05AUG1966,7,1,3,2,1,1,,NRP,,,,3,0,0,1,0,1,BMW,1150,R1150R ROCKSTER,ROADSTER,2,2003,37,3,1,4000,4,,,,,,,,,,,,,,,,,,,,,,,,,,,,,,,,,,,,,,,,,,,,,4000,2,3,4,7,,,,,,NRP,NRP,1987,1987,1992,NRP,NRP,1987,NRP,,,
1234,6250,257,1,0,3,,,,,,0,3,,,,,,0,4,,,,,,0,4,,,,,,1,5,2000,,,,,0,4,,,,,,0,4,,,,,,0,5,,,,,,1,5,2008,,,,,0,4,,,,,,0,5,,,,,,0,2,,,,,,1,5,2005,,,,,0,5,,,,,,0,,3,,,,,,,,,,,,,,,,,,3,0,11,1,61,13,2005,,2005,Vous circuliez derrière un véhicule. Ce véhicule a freiné ou a ralenti et vous lavez percuté par larrière.,2,,,,,,,"Cet accident a eut lieu en ville sur mon trajet domicile-travail. Je suivais un fourgon quand celui-ci a pilé de manière soudaine pour éviter un enfant qui lui a surgit devant le pare-choc en courant. J'ai alors pris le frein avant ce qui a eut pour effet que mon guidon se mette en buté. J'ai alors tout de suite relaché les freins et de nouveau freiné. Le guidon a de nouveau recommencé à partir en buté, j'ai alors regardé la distance me séparant du vehicule et pris la décision de freiner le + fort possible pour ralentir mon vehicule avant l'impact.",la distance de sécurité et la surprise,cf page 1,NRP,0,,,pas suffisamment de place et de temps pour éviter l'obstacle,2,1,1,1,le fait que l'enfant était a l'arret au passage piéton et est parti en courant juste au moment ou la voiture arrivait à son niveau.,2,car il a évité le choc avec l'enfant et de mon coté j'ai limité au maximum le choc avec le vehicule,4,6,,,,,,,,,2,,1,,parce que j'étais conscient que le choc était inévitable,2,3,,,1,1,3,4,NSP,1,1,1,1,4,4,4,4,10,,,,,,,,,1,2,4,,,,,,,2,2,,2,1,1,1,0,100,0,0,0,2,,,,,,1,1,,,,1,,,,,,,,,,,1,1,1,1,0,50,1,2,4,,,,,,,,4,4,4,4,4,3,KAWASAKI,500,ER-5 BRIDEE 34CV,ROADSTER,2,1,1,1,1,1,1,1,1,1,1,NSP,12,2,0,,,,,,,,29AUG1985,7,1,3,2,3,5,0,NRP,,,,1,0,0,1,0,1,HONDA,600,CBR,Routière / GT,2,2003,37,2,2,6000,7,,,,,,,,,,,,,,,,,,,,,,,,,,,,,,,,,,,,,,,,,,,,,6000,3,4,,,,,,,,NRP,NRP,NRP,NRP,2004,NRP,NRP,2004,NRP,,,
682,6251,,1,0,5,,,,,,0,5,,,,,,0,4,,,,,,0,6,,,,,,0,6,,,,,,0,4,,,,,,0,3,,,,,,0,4,,,,,,0,4,,,,,,0,6,,,,,,0,6,,,,,,0,5,,,,,,1,5,2005,,,,,1,6,2006,,,,,1,1,3,2010,,,,,Tours,,,,,"Cycliste, sur voie non prioritaire, de surcroît à contre-sens, masquée par une camionnette en stationnement, (et pour la petite histoire la cycliste était sous traitement médicamenteux type antidépresseurs) ;j'étais sur une voie prioritaire, elle m'a coupé la route a moins d'un mètre cinquante, roulant au pas, je n'ai eu d'autre choix que de lancer la moto en évitement (ce qui fut bien fait puisque cycliste sauve) mais n'ai pu rétablir mon véhicule (350kgs) du fait de la vitesse pratiquement nulle.",,,,,0,0,4,3,38,1,71,15,2010,Tours,,,,,,,,,,,,,,,,,,,,,,,,,,,,,,,,,,,,,,,,,,,,,,,,,,,,,,,,,,,,,,,,,,,,,,,,,,,,,,,,,,,,,,,,,,,,,,,,,,,,,,,,,,,,,,,,,,,,,,,,,,,,,,,,,,,,,,,,,,,,,,,,,,,,,,,,,,,,,11AUG1958,7,2,3,2,4,4,2,NRP,,,,1,0,0,2,0,2,SUZUKI,1800,INTRUDER M1800R (VZ-R),CUSTOM,2,2007,28,1,2,10000,7,SUZUKI,800,VOLUZIA (VL),CUSTOM,2,2001,29,3,1,5000,7,,,,,,,,,,,,,,,,,,,,,,,,,,,,,,,,,,15000,2,3,4,,,,,,,NRP,NRP,NRP,1977,1977,NRP,NRP,1978,NRP,,,
648,6254,,1,0,4,,,,,,0,4,,,,,,0,5,,,,,,0,2,,,,,,1,3,2006,,,,,0,2,,,,,,0,3,,,,,,0,3,,,,,,1,4,2006,,,,,0,6,,,,,,0,6,,,,,,0,1,,,,,,0,1,,,,,,0,5,,,,,,1,3,5,2003,2003,2006,,,Lorient,Lorient,Trégunc,,,je roulais dans un rond-point. Le véhicule venant de la droite n'a pas respecté la priorité et m'a coupé la route,Je roulais dans un rond-point. Le véhicule venant de la droite n'a pas respecté la priorité et m'a coupé la route,"Je roulais sur un axe prioritaire. A un cédez-le-passage, le véhicule venant de la droite n'a pas respecté la priorité et m'a coupé la route.",,,0,0,15,4,11,1,21,5,2006,,,,,,,,,,,,,,,,,,,,,,,,,,,,,,,,,,,,,,,,,,,,,,,,,,,,,,,,,,,,,,,,,,,,,,,,,,,,,,,,,,,,,,,,,,,,,,,,,,,,,,,,,,,,,,,,,,,,,,,,,,,,,,,,,,,,,,,,,,,,,,,,,,,,,,,,,,,,,,03OCT1983,5,2,3,2,2,3,,NRP,,,,1,0,0,1,0,1,HONDA,750,CB-SEVEN FIFTY,ROADSTER,2,1992,16,1,2,7000,6,,,,,,,,,,,,,,,,,,,,,,,,,,,,,,,,,,,,,,,,,,,,,7000,2,3,4,,,,,,,NRP,NRP,NRP,2000,2003,NRP,NRP,2002,NRP,,,
1038,6255,,1,0,5,,,,,,0,4,,,,,,0,3,,,,,,0,2,,,,,,0,4,,,,,,0,1,,,,,,0,4,,,,,,0,5,,,,,,1,5,2003,,,,,0,2,,,,,,0,3,,,,,,0,2,,,,,,1,3,2014,,,,,0,3,,,,,,0,,2,,,,,,,,,,,,,,,,,,3,0,14,1,41,9,2003,,,,,,,,,,,,,,,,,,,,,,,,,,,,,,,,,,,,,,,,,,,,,,,,,,,,,,,,,,,,,,,,,,,,,,,,,,,,,,,,,,,,,,,,,,,,,,,,,,,,,,,,,,,,,,,,,,,,,,,,,,,,,,,,,,,,,,,,,,,,,,,,,,,,,,,,,,,,,,22JUN1949,9,2,3,2,2,3,,NRP,,,,2,0,0,1,0,1,BMW,1200,R1200R,ROADSTER,2,2009,28,3,1,5500,4,,,,,,,,,,,,,,,,,,,,,,,,,,,,,,,,,,,,,,,,,,,,,5500,2,3,4,7,,,,,,NRP,NRP,1968,1968,2001,NRP,NRP,1968,NRP,,,
811,6259,,0,,,,,,,,,,,,,,,,,,,,,,,,,,,,,,,,,,,,,,,,,,,,,,,,,,,,,,,,,,,,,,,,,,,,,,,,,,,,,,,,,,,,,,,,,,,,,,,,,,,,,,,,,,,,,,,,,,,,,,,,,,,,,,,,,,,,,,,,,,,,,,,,,,,,,,,,,,,,,,,,,,,,,,,,,,,,,,,,,,,,,,,,,,,,,,,,,,,,,,,,,,,,,,,,,,,,,,,,,,,,,,,,,,,,,,,,,,,,,,,,,,,,,,,,,,,,,,,,,,,,,,,,,,,,,,,,,,,,,,,,,,,19MAY1986,5,1,3,2,1,1,,NRP,,,,1,0,0,1,0,1,SUZUKI,650,BANDIT-S IE,ROADSTER,2,2012,37,2,2,5000,6,,,,,,,,,,,,,,,,,,,,,,,,,,,,,,,,,,,,,,,,,,,,,5000,1,3,4,,,,,,,2000,NRP,NRP,NRP,2012,NRP,NRP,2004,NRP,,,
2020,6263,,1,0,4,,,,,,0,6,,,,,,0,6,,,,,,0,5,,,,,,0,3,,,,,,0,5,,,,,,0,3,,,,,,1,6,1995,,,,,0,6,,,,,,0,5,,,,,,0,3,,,,,,0,5,,,,,,1,4,1999,,,,,0,6,,,,,,0,,2,,,,,,,,,,,,,,,,,,4,1,14,1,61,13,1999,,,,,,,,,,,,,,,,,,,,,,,,,,,,,,,,,,,,,,,,,,,,,,,,,,,,,,,,,,,,,,,,,,,,,,,,,,,,,,,,,,,,,,,,,,,,,,,,,,,,,,,,,,,,,,,,,,,,,,,,,,,,,,,,,,,,,,,,,,,,,,,,,,,,,,,,,,,,,,04NOV1976,8,2,3,2,2,3,,NRP,,,,2,0,0,2,0,2,HONDA,1100,CBR-XX SUPER BLACKBIRD,Routière / GT,2,1999,39,3,1,10000,7,KAWASAKI,750,Z 750-N IE,ROADSTER,2,2006,20,2,2,3000,7,,,,,,,,,,,,,,,,,,,,,,,,,,,,,,,,,,13000,3,4,,,,,,,,NRP,NRP,NRP,NRP,1995,NRP,NRP,1999,NRP,,,
224,6269,,1,0,5,,,,,,0,5,,,,,,0,5,,,,,,0,2,,,,,,0,5,,,,,,0,4,,,,,,0,2,,,,,,2,5,2005,2005,,,,1,5,2005,,,,,0,4,,,,,,0,4,,,,,,0,2,,,,,,0,4,,,,,,0,3,,,,,,1,2,5,2005,2005,,,,Paris,Paris,,,,"Rue pavée glissante(pluie) Véhicule venant d'une rue à droite à coupé ma trajectoire, freinage puissant, perte d'adhérence route arrière, cure et glissade.","Départ au feu vert sur rond point pavé et glissant (pluie), trop forte accélération, route arrière s'est dérobée, glissade à travers tout le rond point et arrêt avant trottoir en face. Résumé : mauvais apprentissage (jeune conducteur de deux roues), pas possible après quelques années de pratique.",,,,0,0,0,1,10,1,41,9,2005,,,,,,,,,,,,,,,,,,,,,,,,,,,,,,,,,,,,,,,,,,,,,,,,,,,,,,,,,,,,,,,,,,,,,,,,,,,,,,,,,,,,,,,,,,,,,,,,,,,,,,,,,,,,,,,,,,,,,,,,,,,,,,,,,,,,,,,,,,,,,,,,,,,,,,,,,,,,,,16OCT1953,5,1,3,2,1,1,,NRP,,,,1,0,1,0,0,1,BMW,650,C650 GT,SCOOTER,2,2012,37,2,1,15000,7,,,,,,,,,,,,,,,,,,,,,,,,,,,,,,,,,,,,,,,,,,,,,15000,3,4,,,,,,,,NRP,NRP,NRP,NRP,2004,NRP,NRP,1975,NRP,,,
1237,6270,326,1,0,4,,,,,,0,4,,,,,,0,4,,,,,,0,4,,,,,,0,5,,,,,,1,4,2011,,,,,0,5,,,,,,0,5,,,,,,1,4,2012,,,,,0,2,,,,,,0,5,,,,,,0,3,,,,,,1,5,2006,,,,,0,3,,,,,,0,,3,,,,,,,,,,,,,,,,,,6,5,9,1,41,9,2012,,2012,"Vous avez fait une sortie de route, une perte de contrôle ou une glissade sans rien percuter.",1,,,,,,,"Accident causé par : - Allure légèrement trop rapide, - Mauvaise anticipation du comportement du véhicule précédent, - Freinage et évitement entraînant la chute.",Allure trop élevée,"- Freinage rapide, - Evitement du véhicule qui s'arrêtait au feu devant moi, - Passage sur une bouche d'égout, - Passage sur un enfoncement de la chaussée, - Bascule du 2 roues sur le côté, tout en continuant de freiner.",NRP,1,"Ne pas anticiper la décision du véhicule précédent qui s'est arrêté au feu orange, alors que je pensais qu'il traverserait le carrefour. J'aurais dû freiner dès le début de la mise en orange du feu et rouler 5 à 10 km/h moins vite (en ville).",Je me sentais pressé d'avancer.,,2,0,,,,,,2,3,6,,,,,,2,1,,,3,,Je n'arrivais pas arrêter mon 2 roues lors du freinage.,4,1,1,,3,3,2,3,1,1,2,1,4,4,3,4,4,1,2,3,,,,,,,1,3,,,,,,,,2,2,,2,1,1,1,80,0,0,20,0,2,,,,,,2,7,,,,2,1,7,,,,,,,0,,2,1,3,,0,50,1,10,2,3,4,7,,,,,4,4,4,4,4,4,PIAGGIO,350,BEVERLY SPORT TOURING,SCOOTER,2,1,1,1,1,1,1,1,1,1,1,8000,12,2,1,YAMAHA,1100,BULLDOG (BT),ROADSTER,2,3,4,19JAN1957,5,1,3,2,2,3,,NRP,,,,1,0,1,0,0,1,PIAGGIO,350,BEVERLY SPORT TOURING,SCOOTER,2,2012,37,1,2,6500,7,,,,,,,,,,,,,,,,,,,,,,,,,,,,,,,,,,,,,,,,,,,,,6500,3,4,,,,,,,,NRP,NRP,NRP,NRP,2006,NRP,NRP,1978,NRP,,,
1537,6272,,1,0,5,,,,,,0,4,,,,,,0,3,,,,,,0,3,,,,,,0,5,,,,,,0,5,,,,,,0,5,,,,,,1,4,1995,,,,,1,4,1995,,,,,0,2,,,,,,0,4,,,,,,0,2,,,,,,0,4,,,,,,0,3,,,,,,0,,2,,,,,,,,,,,,,,,,,,4,5,20,1,41,9,1995,,,,,,,,,,,,,,,,,,,,,,,,,,,,,,,,,,,,,,,,,,,,,,,,,,,,,,,,,,,,,,,,,,,,,,,,,,,,,,,,,,,,,,,,,,,,,,,,,,,,,,,,,,,,,,,,,,,,,,,,,,,,,,,,,,,,,,,,,,,,,,,,,,,,,,,,,,,,,,15NOV1971,2,1,3,2,1,1,,NRP,,,,1,0,0,3,0,3,TRIUMPH,1050,SPRINT ST ABS,Routière / GT,2,2010,37,2,1,10000,7,HONDA,750,VF-F,Routière / GT,2,1984,37,4,1,2000,7,KTM,360,EXC 360,"TOUT TERRAIN (TRIAL, ENDURO, CROSS)",2,1996,37,3,1,1500,7,,,,,,,,,,,,,,,,,,,,,,,13500,3,4,,,,,,,,NRP,NRP,NRP,NRP,1993,NRP,NRP,1990,NRP,,,
502,6273,,0,,,,,,,,,,,,,,,,,,,,,,,,,,,,,,,,,,,,,,,,,,,,,,,,,,,,,,,,,,,,,,,,,,,,,,,,,,,,,,,,,,,,,,,,,,,,,,,,,,,,,,,,,,,,,,,,,,,,,,,,,,,,,,,,,,,,,,,,,,,,,,,,,,,,,,,,,,,,,,,,,,,,,,,,,,,,,,,,,,,,,,,,,,,,,,,,,,,,,,,,,,,,,,,,,,,,,,,,,,,,,,,,,,,,,,,,,,,,,,,,,,,,,,,,,,,,,,,,,,,,,,,,,,,,,,,,,,,,,,,,,,,23JUL1950,5,1,3,2,2,3,,NRP,,,,2,0,0,2,0,2,SUZUKI,1250,BANDIT-N,ROADSTER,2,2008,37,3,1,6500,7,HONDA,600,CB-F  N,ROADSTER,2,2009,37,3,1,4000,7,,,,,,,,,,,,,,,,,,,,,,,,,,,,,,,,,,10500,2,3,4,,,,,,,NRP,NRP,NRP,1966,1968,NRP,NRP,1968,NRP,,,
1851,6275,,1,1,4,NSP,,,,,0,3,,,,,,0,5,,,,,,0,1,,,,,,0,5,,,,,,0,5,,,,,,0,4,,,,,,1,2,NSP,,,,,0,3,,,,,,0,5,,,,,,0,5,,,,,,0,2,,,,,,0,5,,,,,,0,4,,,,,,0,,2,,,,,,,,,,,,,,,,,,2,2,33,1,36,8,0,,,,,,,,,,,,,,,,,,,,,,,,,,,,,,,,,,,,,,,,,,,,,,,,,,,,,,,,,,,,,,,,,,,,,,,,,,,,,,,,,,,,,,,,,,,,,,,,,,,,,,,,,,,,,,,,,,,,,,,,,,,,,,,,,,,,,,,,,,,,,,,,,,,,,,,,,,,,,,08MAR1964,5,2,3,2,2,3,,NRP,,,,2,0,0,1,0,1,HONDA,700,DEAUVILLE ABS,Routière / GT,2,2009,28,3,2,6000,7,,,,,,,,,,,,,,,,,,,,,,,,,,,,,,,,,,,,,,,,,,,,,6000,9,4,,,,,,,,NRP,NRP,NRP,NRP,NRP,NRP,1982,1982,NRP,,,
2031,6283,,1,0,4,,,,,,0,5,,,,,,0,5,,,,,,2,3,1981,1982,,,,0,5,,,,,,0,5,,,,,,0,4,,,,,,0,5,,,,,,1,5,1981,,,,,0,4,,,,,,0,4,,,,,,0,5,,,,,,0,1,,,,,,0,2,,,,,,1,2,5,1981,1982,,,,FANJEAUX,TOULOUSE,,,,"Sortie de route, tout seul, virage mal évalué. Ai atterri dans le fosse. Plus de peur que de mal, fourche faussée, que l'on a pu détordre à la main (un 80cm3...)","Je me suis arrêté au feu orange, la CX qui me suivait, elle, a accéléré... La moto et moi avons donc été percutés par l'arrière et avons traversé le Carrefour en vrac... Dommages matériels seulement. Mais le conducteur de la CX doit encore se souvenir de mon engueulade !",,,,0,0,1,3,18,1,72,15,1982,TOULOUSE,,,,,,,,,,,,,,,,,,,,,,,,,,,,,,,,,,,,,,,,,,,,,,,,,,,,,,,,,,,,,,,,,,,,,,,,,,,,,,,,,,,,,,,,,,,,,,,,,,,,,,,,,,,,,,,,,,,,,,,,,,,,,,,,,,,,,,,,,,,,,,,,,,,,,,,,,,,,,10APR1965,5,1,3,2,4,4,2,NRP,,,,3,0,0,1,0,1,BMW,1200,R1200RT,Routière / GT,2,2009,37,2,2,11000,7,,,,,,,,,,,,,,,,,,,,,,,,,,,,,,,,,,,,,,,,,,,,,11000,3,4,,,,,,,,NRP,NRP,NRP,NRP,1984,NRP,NRP,1983,NRP,,,