Ligne,Ligne Q qualif,Ligne approfondissement Accident,ACCIDENT,NBACC1,ACCFREQUENCE1,ANNEEACC1_1,ANNEEACC1_2,ANNEEACC1_3,ANNEEACC1_4,ANNEEACC1_5,NBACC2,ACCFREQUENCE2,ANNEEACC2_1,ANNEEACC2_2,ANNEEACC2_3,ANNEEACC2_4,ANNEEACC2_5,NBACC3,ACCFREQUENCE3,ANNEEACC3_1,ANNEEACC3_2,ANNEEACC3_3,ANNEEACC3_4,ANNEEACC3_5,NBACC4,ACCFREQUENCE4,ANNEEACC4_1,ANNEEACC4_2,ANNEEACC4_3,ANNEEACC4_4,ANNEEACC4_5,NBACC5,ACCFREQUENCE5,ANNEEACC5_1,ANNEEACC5_2,ANNEEACC5_3,ANNEEACC5_4,ANNEEACC5_5,NBACC6,ACCFREQUENCE6,ANNEEACC6_1,ANNEEACC6_2,ANNEEACC6_3,ANNEEACC6_4,ANNEEACC6_5,NBACC7,ACCFREQUENCE7,ANNEEACC7_1,ANNEEACC7_2,ANNEEACC7_3,ANNEEACC7_4,ANNEEACC7_5,NBACC8,ACCFREQUENCE8,ANNEEACC8_1,ANNEEACC8_2,ANNEEACC8_3,ANNEEACC8_4,ANNEEACC8_5,NBACC9,ACCFREQUENCE9,ANNEEACC9_1,ANNEEACC9_2,ANNEEACC9_3,ANNEEACC9_4,ANNEEACC9_5,NBACC10,ACCFREQUENCE10,ANNEEACC10_1,ANNEEACC10_2,ANNEEACC10_3,ANNEEACC10_4,ANNEEACC10_5,NBACC11,ACCFREQUENCE11,ANNEEACC11_1,ANNEEACC11_2,ANNEEACC11_3,ANNEEACC11_4,ANNEEACC11_5,NBACC12,ACCFREQUENCE12,ANNEEACC12_1,ANNEEACC12_2,ANNEEACC12_3,ANNEEACC12_4,ANNEEACC12_5,NBACC13,ACCFREQUENCE13,ANNEEACC13_1,ANNEEACC13_2,ANNEEACC13_3,ANNEEACC13_4,ANNEEACC13_5,NBACC14,ACCFREQUENCE14,ANNEEACC14_1,ANNEEACC14_2,ANNEEACC14_3,ANNEEACC14_4,ANNEEACC14_5,AUTRESACC,NBAUTRESACC,TOTAL_AC,ANNEEAUTREACC1,ANNEEAUTREACC2,ANNEEAUTREACC3,ANNEEAUTREACC4,ANNEEAUTREACC5,LIEUAUTREACC1,LIEUAUTREACC2,LIEUAUTREACC3,LIEUAUTREACC4,LIEUAUTREACC5,DESCRIPTIONAUTRESACC1,DESCRIPTIONAUTRESACC2,DESCRIPTIONAUTRESACC3,DESCRIPTIONAUTRESACC4,DESCRIPTIONAUTRESACC5,NBAUTRESACCCIRCUIT,NBAUTRESTOUTTERRAIN,EXPCYCLO,EXP125,EXPSUP125,ACCORDNEXTQ,CHOIXACC,RGPMTACC,RECUPANNEE,RECUPLIEU,RECUPANNE,RGPMTAC,CHOIX1,CHOIX2,CHOIX3,CHOIX4,CHOIX5,CHOIX6,CHOIX7,DESCRIPTION,RUPTURE,FAITS,ABS_REACTION,AUTRE_REACTION,PRECISIONREACTIONOUI,RECUL,PRECISIONREACTIONNON,IMPACTCOMPORTEMENT,AUTREUSAGER,REACTIONAUTREUSAGER,CONNAISSANCEREACTIONUSAGER,DIFFICULTES,AGGRAVATION,DIFFICULTES2,EMOTIONS1,EMOTIONS2,EMOTIONS3,EMOTIONS4,EMOTIONS5,EMOTIONS6,AUTRESENTIMENT,CLASSEMENTEMOTIONS1,CLASSEMENTEMOTIONS,CLASSEMENTEMOTIONS5,CLASSEMENTEMOTIONS6,CLASSEMENTEMOTIONS7,CLASSEMENTEMOTIONS8,CLASSEMENTEMOTIONS9,EXPLICATIONRESSENTI,BIENEQUIPE,ALLURE,ALLUREVITEDETAIL,ALLURELENTEDETAIL,SITUATIONPRESSE,SITUATIONDISTRAIT,SITUATIONCONFIANT,SITUATIONCONTROLE,SITUATIONLUDIQUE,SITUATIONPERF,SITUATIONSTRESS,SITUATIONFATIGUE,HUMEURNEUTRE,HUMEURGAI,HUMEURMECONTENT,HUMEURTRISTE,HUMEURCOLERE,CONTRIBUTION1,CONTRIBUTION2,CONTRIBUTION3,CONTRIBUTION4,CONTRIBUTION5,CONTRIBUTION6,CONTRIBUTION7,CONTRIBUTION8,CONTRIBUTION9,ROLEINFRA,ELEMENTINFRA1,ELEMENTINFRA2,ELEMENTINFRA3,ELEMENTINFRA4,ELEMENTINFRA5,ELEMENTINFRA6,ELEMENTINFRA7,ELEMENTINFRA8,ELEMENTINFRA9,ALCOOL,TXALCOOL,STUP,SEMAINE,MOMENTJOURNEE,TEMPS,CAUSEACC1,CAUSEACC2,CAUSEACC3,CAUSEACC4,CAUSEACC5,FORMATIONCAUSE,FORMATION1,FORMATION2,FORMATION3,FORMATION4,FORMATION5,TRAFIC,CHAUSSEE1,CHAUSSEE2,CHAUSSEE3,CHAUSSEE4,TYPEACC,BLESSURE,TETE,COU,THORAX,MEMBRESSUP,COLONNE,BASSIN,MEMBRESINF,HOPITAL,PLUS24H,TRAJET,TYPEROUTE,MOTIF,SENSTRAJET,PASSAGER,VITESSE,DESCEQ1,DESCEQ2,DESCEQ3,DESCEQ4,DESCEQ5,DESCEQ6,DESCEQ7,DESCEQ8,DESCEQ9,DESCEQ10,VEHICULEETE,VEHICULEAUTOMNE,VEHICULEPRINTEMPS,VEHICULEHIVER,VEHICULESEMAINE,VEHICULEWE,VEHMARQUE,VEHCYLINDREE,VEHMODELE,VEHSEGMENT,VEHSIDE,EQ2RMABS,EQ2RMCBS,EQ2RMABSCBS,EQ2RMREGULATEUR,EQ2RMLIMITEUR,EQ2RMPHARESDIRECT,EQ2RMCOUPURE,EQ2RMANTIPATINAGE,EQ2RMANTIXHEELING,EQ2RMSTABILILTE,VEHKM,POINTS,DUREE,AUTRE2RM,VEHPRECMARQUE,VEHPRECCYLINDREE,VEHPRECMODELE,VEHPRECSEGMENT,VEHPRECSIDE,TEMPS2RMPREC,FREQVEHPREC,DATE_NAISS,CSP,SOCIETAIRE,SALARIE,SECTEUR2RM,NBPERSFOYER,SITFAM,NBENF,TRNBENF1,TRNBENF2,TRNBENF3,TRNBENF4,NBAUTOFOYER,NBCYCLOFOYER,NBSCOOTFOYER,NBMOTOFOYER,NBTRIKEFOYER,NB2RMCONDUIT,MARQUE1,CYLINDREE1,MODELE1,SEGMENT1,SIDE1,ANMISECIRCU1,ASS1,FREQ1,USAGE1,NBKM1,GARAGE1,MARQUE2,CYLINDREE2,MODELE2,SEGMENT2,SIDE2,ANMISECIRCU2,ASS2,FREQ2,USAGE2,NBKM2,GARAGE2,MARQUE3,CYLINDREE3,MODELE3,SEGMENT3,SIDE3,ANMISECIRCU3,ASS3,FREQ3,USAGE3,NBKM3,GARAGE3,MARQUE4,CYLINDREE4,MODELE4,SEGMENT4,SIDE4,ANMISECIRCU4,ASS4,FREQ4,USAGE4,NBKM4,GARAGE4,MARQUE5,CYLINDREE5,MODELE5,SEGMENT5,SIDE5,ANMISECIRCU5,ASS5,FREQ5,USAGE5,NBKM5,GARAGE5,NBKMTOT,PERMIS1,PERMIS2,PERMIS3,PERMIS4,PERMIS5,PERMIS6,PERMIS7,PERMIS8,PERMIS9,ANPERMIS1,ANPERMIS6,ANPERMIS7,ANPERMIS2,ANPERMIS3,ANPERMIS8,ANPERMIS9,ANPERMIS4,ANPERMIS5,,,
1018,6284,285,1,0,4,,,,,,0,5,,,,,,1,5,NSP,,,,,0,4,,,,,,0,4,,,,,,0,4,,,,,,0,2,,,,,,0,5,,,,,,1,3,NSP,,,,,0,2,,,,,,0,4,,,,,,0,2,,,,,,0,3,,,,,,0,4,,,,,,0,,2,,,,,,,,,,,,,,,,,,0,0,30,1,11,3,0,,-1,Vous remontiez une file de véhicules (à larrêt ou au ralenti) par la gauche. Un véhicule de cette file vous a coupé la route en tournant à gauche.,5,,,,,,,"Je circulais en interfile sur le périf parisien à une allure modérée. La circulation était dense mais pas arrêtée. Un véhicule qui venait de rentrer sur le périf a coupé directement les 2 premières files et s'est engagé sans un regard sur la troisième et m'a percuté sur le côté. Heureusement, aucun véhicule ne se trouvait sur ma gauche et je suis tombé sans qu'il y aient de conséquences autres que quelques contusions et un peu de casse sur la moto.","J'étais sans doute trop confiant visà-vis de ce véhicule, pensant à tord qu'il allait me voir Quand au véhicule qui m'a percuté, c'était un inconscient","J'ai essayé de garder le contrôle, mais voyant que j'allais percuter le central, j'ai préféré braquer et coucher la moto. Ensuite, il m'a fallu un bon moment pour reprendre mes esprits. Pas de prise de tête avec l'autre conducteur, j'étais trop secoué. Les 2 véhicules juste derrière se sont arrêtés et m'ont proposé leur aide.",1,1,"Avec l'expérience, je m'attends désormais toujours au pire ... On va moins vite, mais le même accident à mon âge laisserait sans doute plus de casse.",Insouciance de la jeunesse, manque d'expérience,,2,1,2,,Il ne m'a jamais vu compte-tenu de sa façon de conduire,1,"Il était entièrement fautif. Même si j'avais été dans la file de gauche, il ne m'aurait pas évité",3,6,,,,,,,,2,,,1,,Je n'ai pas su reprendre les commandes de la moto. Je pense qu'un pilote expérimenté aurait pu rester en selle.,4,3,,,2,2,4,3,1,1,1,1,5,5,5,5,5,5,7,,,,,,,,2,,,,,,,,,2,2,,2,1,1,1,10,90,0,0,0,2,,,,,,3,1,,,,1,,,,,,,,,,,1,4,1,1,0,50,1,2,3,4,9,,,,,,4,4,4,4,4,4,HONDA,500,VT-E,ROADSTER,2,1,1,1,1,1,1,1,1,1,1,NSP,12,4,1,YAMAHA,125,XT,TRAIL / SUPERMOTARD,2,3,2,14MAY1963,5,1,3,2,3,4,1,NRP,,,,1,0,0,1,0,1,BMW,1200,R1200GS,TRAIL / SUPERMOTARD,2,2005,37,1,2,15000,5,,,,,,,,,,,,,,,,,,,,,,,,,,,,,,,,,,,,,,,,,,,,,15000,7,4,3,2,,,,,,NRP,NRP,1981,1981,1986,NRP,NRP,1981,NRP,,
31,6285,,0,,,,,,,,,,,,,,,,,,,,,,,,,,,,,,,,,,,,,,,,,,,,,,,,,,,,,,,,,,,,,,,,,,,,,,,,,,,,,,,,,,,,,,,,,,,,,,,,,,,,,,,,,,,,,,,,,,,,,,,,,,,,,,,,,,,,,,,,,,,,,,,,,,,,,,,,,,,,,,,,,,,,,,,,,,,,,,,,,,,,,,,,,,,,,,,,,,,,,,,,,,,,,,,,,,,,,,,,,,,,,,,,,,,,,,,,,,,,,,,,,,,,,,,,,,,,,,,,,,,,,,,,,,,,,,,,,,,,,,,,,,,14AUG1959,6,1,3,2,2,3,,NRP,,,,2,0,0,1,0,1,HONDA,1000,CBR1000F,Routière / GT,2,1987,37,3,1,8000,7,,,,,,,,,,,,,,,,,,,,,,,,,,,,,,,,,,,,,,,,,,,,,8000,2,4,8,9,,,,,,NRP,NRP,NRP,1977,NRP,1977,1982,1977,NRP,,,
344,6293,,1,2,4,1979,2008,,,,0,4,,,,,,1,4,NSP,,,,,0,3,,,,,,0,5,,,,,,0,3,,,,,,0,2,,,,,,0,4,,,,,,0,3,,,,,,0,4,,,,,,0,3,,,,,,0,2,,,,,,1,4,NSP,,,,,0,5,,,,,,0,,4,,,,,,,,,,,,,,,,,,2,7,19,1,1,1,1979,,,,,,,,,,,,,,,,,,,,,,,,,,,,,,,,,,,,,,,,,,,,,,,,,,,,,,,,,,,,,,,,,,,,,,,,,,,,,,,,,,,,,,,,,,,,,,,,,,,,,,,,,,,,,,,,,,,,,,,,,,,,,,,,,,,,,,,,,,,,,,,,,,,,,,,,,,,,,,08NOV1959,7,1,3,2,3,4,1,NRP,,,,2,0,0,1,0,1,BMW,1150,R1150GS ADVENTURE,TRAIL / SUPERMOTARD,2,2003,37,3,1,4000,7,,,,,,,,,,,,,,,,,,,,,,,,,,,,,,,,,,,,,,,,,,,,,4000,2,3,4,,,,,,,NRP,NRP,NRP,1976,1996,NRP,NRP,1979,NRP,,,
1032,6295,,1,1,3,1990,,,,,0,4,,,,,,0,5,,,,,,0,4,,,,,,0,5,,,,,,0,5,,,,,,0,5,,,,,,2,4,1984,1995,,,,0,2,,,,,,0,4,,,,,,0,4,,,,,,0,3,,,,,,1,4,1984,,,,,0,4,,,,,,0,,4,,,,,,,,,,,,,,,,,,2,1,30,1,61,13,1984,,,,,,,,,,,,,,,,,,,,,,,,,,,,,,,,,,,,,,,,,,,,,,,,,,,,,,,,,,,,,,,,,,,,,,,,,,,,,,,,,,,,,,,,,,,,,,,,,,,,,,,,,,,,,,,,,,,,,,,,,,,,,,,,,,,,,,,,,,,,,,,,,,,,,,,,,,,,,,30JUN1964,5,1,3,2,5,4,3,NRP,,,,2,0,0,1,0,1,MOTO GUZZI,750,V7 STONE,ROADSTER,2,2012,37,2,1,2000,7,,,,,,,,,,,,,,,,,,,,,,,,,,,,,,,,,,,,,,,,,,,,,2000,4,9,,,,,,,,NRP,NRP,NRP,NRP,NRP,NRP,1984,1983,NRP,,,
1595,6296,,1,0,1,,,,,,0,4,,,,,,0,5,,,,,,0,1,,,,,,0,5,,,,,,0,3,,,,,,0,4,,,,,,0,3,,,,,,1,4,2014,,,,,0,4,,,,,,0,5,,,,,,0,2,,,,,,0,2,,,,,,0,4,,,,,,0,,1,,,,,,,,,,,,,,,,,,0,0,14,1,41,9,2014,,,,,,,,,,,,,,,,,,,,,,,,,,,,,,,,,,,,,,,,,,,,,,,,,,,,,,,,,,,,,,,,,,,,,,,,,,,,,,,,,,,,,,,,,,,,,,,,,,,,,,,,,,,,,,,,,,,,,,,,,,,,,,,,,,,,,,,,,,,,,,,,,,,,,,,,,,,,,,07FEB1971,5,2,3,1,5,4,3,NRP,,,,1,0,0,1,0,1,YAMAHA,600,XJ6 DIVERSION,ROADSTER,2,2009,31,1,2,9000,7,,,,,,,,,,,,,,,,,,,,,,,,,,,,,,,,,,,,,,,,,,,,,9000,2,3,,,,,,,,NRP,NRP,NRP,2001,2001,NRP,NRP,NRP,NRP,,,
1073,6301,347,1,0,4,,,,,,0,6,,,,,,0,5,,,,,,0,5,,,,,,0,6,,,,,,0,6,,,,,,0,4,,,,,,0,4,,,,,,0,5,,,,,,0,5,,,,,,0,5,,,,,,0,2,,,,,,0,2,,,,,,0,4,,,,,,1,1,1,2000,,,,,Nîmes,,,,,Une voiture a fait demi tour devant moi sur une avenue 2x2 voies. je l'ai percutée sur l'arrière en tentant un évitement par la droite ( la voiture s'est rabattue sur la file de droite devant moi),,,,,0,0,10,10,15,1,71,15,2000,Nîmes,2000,Autre(s) type(s) d'accident(s).,1,,,,,,,"j'étais sur le boulevard périphérique à Nîmes, à hauteur du ""marché gare"". Je venais de démarrer d'un feu rouge quand une voiture venant en sens inverse a fait demi-tour devant moi, coupant la ligne médiane pour repartir juste devant moi, dans le même sens que moi. J'étais sur la voie la plus à gauche dans mon sens de circulation : freinage d'urgence avec un évitement par la droite. Malheureusement,  le conducteur a dù me voir dans son rétroviseur et a sérré à droite.... boum! Commotions diverses, dermabrasions et 3000 de dégats sur une moto qui avait 3 mois. Cerise sur le gâteau, la voiture est partie (délit de fuite) pendant que nous étions à terre, mon fils et moi.","la voiture a fait brusquement demi-tour devant moi. C'était le soir, le conducteur n'a pas dù pouvoir apprécier ma vitesse. Pour moi, ce fut la surprise de voir cette voiture s'engager devant moi.","- démmarrage du feu tricolore au vert - 1ere, 2nde, 3eme... - je vois la voiture... - freinage d'urgence bras tendus, je pompe, je relâche plusieurs fois, je débraye en même temps... - je tente un évidement par la droite - la voiture serre à droite en mêm",NRP,0,,,la voiture m'a complètement surpris. Je pense avoir eu les meilleurs reflexes,2,1,2,,c'était mon fils en passager,2,il me ceinturait pour se tenir et il est resté bien en place. Il ne m'a pas déséquilibré,1,2,6,9,,,de la colère!!! (encore aujourd'hui),2,1,,,,3,,La voiture m'a coupé la route en faisant 1/2 tour à un endroit interdit,2,1,1,,1,2,3,4,3,3,1,1,4,1,4,4,4,10,,,,,,,,,2,,,,,,,,,2,2,,2,2,3,1,2,98,0,0,0,2,,,,,,2,1,,,,2,1,3,4,7,,,,,1,0,1,1,3,,1,70,1,10,2,3,5,,,,,,4,4,4,2,4,4,YAMAHA,600,FZS FAZER,ROADSTER,2,1,1,1,1,1,1,1,1,1,1,2000,12,1,1,HONDA,125,CB-F,ROADSTER,null,4,4,30APR1957,5,1,3,2,3,4,1,NRP,,,,4,1,0,2,0,2,YAMAHA,600,FZS FAZER,ROADSTER,2,2000,37,2,1,10000,7,HONDA,125,CBR,Routière / GT,2,2003,37,3,1,5000,7,,,,,,,,,,,,,,,,,,,,,,,,,,,,,,,,,,15000,3,4,,,,,,,,NRP,NRP,NRP,NRP,2000,NRP,NRP,1976,NRP,,,
1069,6302,348,1,0,4,,,,,,0,6,,,,,,0,6,,,,,,0,2,,,,,,0,6,,,,,,0,5,,,,,,0,3,,,,,,0,4,,,,,,1,5,2012,,,,,0,4,,,,,,0,4,,,,,,0,2,,,,,,0,1,,,,,,0,2,,,,,,0,,1,,,,,,,,,,,,,,,,,,5,5,0,1,41,9,2012,,2012,"Vous avez fait une sortie de route, une perte de contrôle ou une glissade sans rien percuter.",4,,,,,,,"j'ai chuté dans un rond point, par temps de pluie","la route était glissante, il venait de pleuvoir, je rentrais d'une grande virée, j'étais fatiguée","je me suis engagée dans le rond point et en sortie, ma roue avant a glissé et je suis tombée.",3,0,,,je roulais très doucement,2,0,,,,,,1,2,9,,,,l'instinct de survie. J'ai roulé sur le bas côté pour me sortir de la route,2,1,,,,,3,j'ai senti ma moto partir et je n'ai pas compris sur le moment,4,3,,,1,1,2,3,NSP,1,4,4,1,4,4,4,4,7,,,,,,,,,1,3,,,,,,,,2,2,,2,2,3,2,5,0,0,50,45,2,,,,,,2,2,6,7,,2,1,1,2,4,,,,,1,0,2,2,3,,0,50,1,2,3,4,7,9,,,,,3,3,3,1,2,3,HONDA,125,CBR,Routière / GT,2,1,1,1,1,1,1,1,1,1,1,1000,12,2,0,,,,,,,,01NOV1957,5,1,3,2,3,4,1,NRP,,,,4,1,0,2,0,1,HONDA,125,CBR,Routière / GT,2,2003,37,3,1,5000,7,,,,,,,,,,,,,,,,,,,,,,,,,,,,,,,,,,,,,,,,,,,,,5000,4,,,,,,,,,NRP,NRP,NRP,NRP,NRP,NRP,NRP,1976,NRP,,,
1883,6305,,1,1,6,2006,,,,,0,4,,,,,,0,5,,,,,,0,3,,,,,,0,6,,,,,,0,3,,,,,,0,2,,,,,,0,4,,,,,,1,6,2010,,,,,0,5,,,,,,0,5,,,,,,0,3,,,,,,0,3,,,,,,0,2,,,,,,0,,2,,,,,,,,,,,,,,,,,,5,0,10,1,1,1,2006,,,,,,,,,,,,,,,,,,,,,,,,,,,,,,,,,,,,,,,,,,,,,,,,,,,,,,,,,,,,,,,,,,,,,,,,,,,,,,,,,,,,,,,,,,,,,,,,,,,,,,,,,,,,,,,,,,,,,,,,,,,,,,,,,,,,,,,,,,,,,,,,,,,,,,,,,,,,,,03FEB1980,5,1,3,2,2,3,,NRP,,,,1,0,0,1,0,1,YAMAHA,1300,XJR,ROADSTER,2,2008,37,1,2,20000,2,,,,,,,,,,,,,,,,,,,,,,,,,,,,,,,,,,,,,,,,,,,,,20000,4,3,,,,,,,,NRP,NRP,NRP,NRP,2006,NRP,NRP,1998,NRP,,,
1682,6306,,0,,,,,,,,,,,,,,,,,,,,,,,,,,,,,,,,,,,,,,,,,,,,,,,,,,,,,,,,,,,,,,,,,,,,,,,,,,,,,,,,,,,,,,,,,,,,,,,,,,,,,,,,,,,,,,,,,,,,,,,,,,,,,,,,,,,,,,,,,,,,,,,,,,,,,,,,,,,,,,,,,,,,,,,,,,,,,,,,,,,,,,,,,,,,,,,,,,,,,,,,,,,,,,,,,,,,,,,,,,,,,,,,,,,,,,,,,,,,,,,,,,,,,,,,,,,,,,,,,,,,,,,,,,,,,,,,,,,,,,,,,,,16JUN1969,6,2,3,2,1,1,,NRP,,,,1,1,0,1,0,1,BMW,1200,R1200GS ADVENTURE ABS,TRAIL / SUPERMOTARD,2,2012,29,2,1,10000,2,,,,,,,,,,,,,,,,,,,,,,,,,,,,,,,,,,,,,,,,,,,,,10000,3,,,,,,,,,NRP,NRP,NRP,NRP,1989,NRP,NRP,NRP,NRP,,,
1096,6310,425,1,1,6,NSP,,,,,1,6,NSP,,,,,0,5,,,,,,0,3,,,,,,0,6,,,,,,0,5,,,,,,0,2,,,,,,0,3,,,,,,0,2,,,,,,0,5,,,,,,0,6,,,,,,0,2,,,,,,0,5,,,,,,0,4,,,,,,0,,2,,,,,,,,,,,,,,,,,,0,4,56,1,6,2,0,,-1,Vous circuliez derrière un véhicule. Ce véhicule a ralenti. Vous avez entrepris de dépasser ce véhicule par la gauche et celui-ci vous a coupé la route en tournant à gauche (ou en effectuant un œ tour,1,,,,,,,NRP,NRP,NRP,NRP,1,NRP,NRP,,2,1,NSP,,NSP,NSP,NSP,6,,,,,,,,,,,,1,,NRP,3,3,,,1,2,4,1,1,1,1,1,3,5,5,5,5,4,5,,,,,,,,1,3,,,,,,,,2,2,,2,1,3,1,50,30,0,20,0,2,,,,,,2,1,,,,1,,,,,,,,,,,2,1,3,,1,30,1,2,4,7,9,,,,,,4,4,4,4,4,1,HONDA,800,VFR-F,Routière / GT,2,1,0,1,1,1,1,0,1,1,1,20,12,4,1,KAWASAKI,750,GPZ (Z750GP),ROADSTER,2,4,4,18JUN1937,9,2,3,2,2,3,,NRP,,,,1,0,0,1,0,1,HONDA,800,VFR-F,Routière / GT,2,2002,40,2,1,5000,2,,,,,,,,,,,,,,,,,,,,,,,,,,,,,,,,,,,,,,,,,,,,,5000,3,,,,,,,,,NRP,NRP,NRP,NRP,1956,NRP,NRP,NRP,NRP,,,
1439,6312,,0,,,,,,,,,,,,,,,,,,,,,,,,,,,,,,,,,,,,,,,,,,,,,,,,,,,,,,,,,,,,,,,,,,,,,,,,,,,,,,,,,,,,,,,,,,,,,,,,,,,,,,,,,,,,,,,,,,,,,,,,,,,,,,,,,,,,,,,,,,,,,,,,,,,,,,,,,,,,,,,,,,,,,,,,,,,,,,,,,,,,,,,,,,,,,,,,,,,,,,,,,,,,,,,,,,,,,,,,,,,,,,,,,,,,,,,,,,,,,,,,,,,,,,,,,,,,,,,,,,,,,,,,,,,,,,,,,,,,,,,,,,,08OCT1989,7,1,3,2,2,3,,NRP,,,,2,2,0,2,0,3,YAMAHA,250,TT-R (MTT2),"TOUT TERRAIN (TRIAL, ENDURO, CROSS)",2,2002,37,2,1,3000,4,YAMAHA,125,TT-R (CE03W),"TOUT TERRAIN (TRIAL, ENDURO, CROSS)",2,2004,37,2,1,1000,4,POLARIS,600,QUAD SPORTSMAN,QUAD,2,2005,26,2,3,1000,7,,,,,,,,,,,,,,,,,,,,,,,5000,3,4,,,,,,,,NRP,NRP,NRP,NRP,2012,NRP,NRP,2008,NRP,,,
76,6314,,0,,,,,,,,,,,,,,,,,,,,,,,,,,,,,,,,,,,,,,,,,,,,,,,,,,,,,,,,,,,,,,,,,,,,,,,,,,,,,,,,,,,,,,,,,,,,,,,,,,,,,,,,,,,,,,,,,,,,,,,,,,,,,,,,,,,,,,,,,,,,,,,,,,,,,,,,,,,,,,,,,,,,,,,,,,,,,,,,,,,,,,,,,,,,,,,,,,,,,,,,,,,,,,,,,,,,,,,,,,,,,,,,,,,,,,,,,,,,,,,,,,,,,,,,,,,,,,,,,,,,,,,,,,,,,,,,,,,,,,,,,,,06AUG1959,7,2,3,2,3,4,1,NRP,,,,3,0,0,1,0,1,BMW,1200,R1200R,ROADSTER,2,2008,29,3,1,6000,7,,,,,,,,,,,,,,,,,,,,,,,,,,,,,,,,,,,,,,,,,,,,,6000,2,3,4,7,,,,,,NRP,NRP,1977,1977,1995,NRP,NRP,1977,NRP,,,
2060,6319,,1,0,3,,,,,,0,5,,,,,,0,5,,,,,,0,3,,,,,,0,5,,,,,,0,2,,,,,,0,2,,,,,,0,4,,,,,,1,4,NSP,,,,,0,5,,,,,,0,5,,,,,,0,2,,,,,,0,3,,,,,,0,2,,,,,,1,1,2,2010,,,,,ST QUENTIN FALL,,,,,Sortie de rond point trop à gauche. Chaussée sale et glissante. Donc par terre.,,,,,0,0,2,3,14,1,41,9,0,,,,,,,,,,,,,,,,,,,,,,,,,,,,,,,,,,,,,,,,,,,,,,,,,,,,,,,,,,,,,,,,,,,,,,,,,,,,,,,,,,,,,,,,,,,,,,,,,,,,,,,,,,,,,,,,,,,,,,,,,,,,,,,,,,,,,,,,,,,,,,,,,,,,,,,,,,,,,,24APR1961,2,2,3,2,1,1,,NRP,,,,1,0,0,1,0,1,APRILIA,1000,TUONO STREET FIGHTER,ROADSTER,2,2007,40,3,1,12000,6,,,,,,,,,,,,,,,,,,,,,,,,,,,,,,,,,,,,,,,,,,,,,12000,3,4,,,,,,,,NRP,NRP,NRP,NRP,1980,NRP,NRP,1979,NRP,,,
1174,6324,,0,,,,,,,,,,,,,,,,,,,,,,,,,,,,,,,,,,,,,,,,,,,,,,,,,,,,,,,,,,,,,,,,,,,,,,,,,,,,,,,,,,,,,,,,,,,,,,,,,,,,,,,,,,,,,,,,,,,,,,,,,,,,,,,,,,,,,,,,,,,,,,,,,,,,,,,,,,,,,,,,,,,,,,,,,,,,,,,,,,,,,,,,,,,,,,,,,,,,,,,,,,,,,,,,,,,,,,,,,,,,,,,,,,,,,,,,,,,,,,,,,,,,,,,,,,,,,,,,,,,,,,,,,,,,,,,,,,,,,,,,,,,27JUN1966,2,2,3,2,4,4,2,NRP,,,,1,1,0,1,0,2,PEUGEOT,50,KISBEE,SCOOTER,2,2011,2,1,2,1000,7,KTM,990,SUPERDUKE,ROADSTER,2,2011,2,2,1,7000,7,,,,,,,,,,,,,,,,,,,,,,,,,,,,,,,,,,8000,2,3,4,,,,,,,NRP,NRP,NRP,1983,2005,NRP,NRP,1984,NRP,,,
280,6329,97,1,2,5,1981,NSP,,,,1,5,NSP,,,,,5,5,1975,1976,1977,1978,1993,2,5,NSP,NSP,,,,1,2,NSP,,,,,0,3,,,,,,0,1,,,,,,1,3,1980,,,,,3,2,1980,1990,NSP,,,0,2,,,,,,0,4,,,,,,0,1,,,,,,0,1,,,,,,1,4,NSP,,,,,0,,16,,,,,,,,,,,,,,,,,,2,1,36,1,66,14,0,,-1,"Alors que vous étiez en train de rouler, un piéton a traversé devant vous.",AUT|convoqué chez les flics,,,,,,,"j'allais bosser et c'était une avenue à sens unique avec plusieurs voies. je passais entre deux files quand le piéton a surgi, je n'ai pu l'éviter et l'ai renversé. Il traversait à une trentaine de mètres du passage piéton et sans regarder. Il se plaignait du dos, mais le choc n'a pas été violent. Le soir même j'ai été chez lui prendre des nouvelles. Sa femme m'a engueulé à travers l'interphone "" vous les motards vous roulez trop vite"". Je lui ai dit quand on est un adulte responsable on traverse dans les clous ou à défaut on regarde sur le coté avant de traverser. Le piéton avait un part de responsabilité (victime non hyper protégée) et j'ai eu un malus mais la mutuelle n'a pas payé de pension d'invalidité ou autre. Lorsque je dépasse un bus je ralentis toujours pour éviter de percuter un piéton qui déboiterait de derrière. Je me suis fait percuter par l'arrière plusieurs fois car je cédais le passage aux piétons. Les voitures ne connaissent pas la priorité aux piétons. Je m'en aperçois tous les jours en RP, ou si c'est le cas s'est que je suis à Brest. Là bas les voitures cèdent le passage aux piétons","le piéton a surgi sans précaution. J'allais pas très vite, mon garde boue de trail s'est plié et l'a déséquilibré",j'ai été prendre de ses nouvelles il avait mal au dos. Les autres voitures ont continué leur route j'ai freiné mais il me manquait peut être 30 cm pour éviter le choc,NRP,1,"en roulant un poil moins vite, j'étais peut être à 10 ou 15 kmh les boitures étaient à l'arrêt",j'allais au travail comme d'hab. j'étais pressé mais concentré,,1,0,,,,,,6,,,,,,,,,,,,1,,il a surgi entre deux véhicules il regardait ailleurs. Il m'arrive de traverser hors des clous mai je suis très vigilant par rapport aux 2 roues,2,3,,,4,2,4,4,1,1,1,1,1,4,4,4,4,1,3,5,7,,,,,,2,,,,,,,,,2,2,,2,1,1,1,5,95,0,0,0,2,,,,,,4,1,,,,2,0,,,,,,,,,,1,1,1,1,0,12,1,2,5,,,,,,,,4,4,4,4,4,4,SUZUKI,400,DR,TRAIL / SUPERMOTARD,2,1,1,1,1,1,1,1,1,1,1,30000,NSP,4,1,YAMAHA,500,XT,TRAIL / SUPERMOTARD,null,3,4,03DEC1957,7,1,3,2,2,3,,NRP,,,,1,0,0,2,0,2,HARLEY-DAVIDSON,1584,DYNA STREET BOB,CUSTOM,2,2011,37,2,1,4500,4,YAMAHA,600,FZS FAZER,ROADSTER,2,2001,10,3,1,2500,4,,,,,,,,,,,,,,,,,,,,,,,,,,,,,,,,,,7000,4,3,2,,,,,,,NRP,NRP,NRP,1975,1977,NRP,NRP,1982,NRP,,,