Ligne,Ligne Q qualif,Ligne approfondissement Accident,ACCIDENT,NBACC1,ACCFREQUENCE1,ANNEEACC1_1,ANNEEACC1_2,ANNEEACC1_3,ANNEEACC1_4,ANNEEACC1_5,NBACC2,ACCFREQUENCE2,ANNEEACC2_1,ANNEEACC2_2,ANNEEACC2_3,ANNEEACC2_4,ANNEEACC2_5,NBACC3,ACCFREQUENCE3,ANNEEACC3_1,ANNEEACC3_2,ANNEEACC3_3,ANNEEACC3_4,ANNEEACC3_5,NBACC4,ACCFREQUENCE4,ANNEEACC4_1,ANNEEACC4_2,ANNEEACC4_3,ANNEEACC4_4,ANNEEACC4_5,NBACC5,ACCFREQUENCE5,ANNEEACC5_1,ANNEEACC5_2,ANNEEACC5_3,ANNEEACC5_4,ANNEEACC5_5,NBACC6,ACCFREQUENCE6,ANNEEACC6_1,ANNEEACC6_2,ANNEEACC6_3,ANNEEACC6_4,ANNEEACC6_5,NBACC7,ACCFREQUENCE7,ANNEEACC7_1,ANNEEACC7_2,ANNEEACC7_3,ANNEEACC7_4,ANNEEACC7_5,NBACC8,ACCFREQUENCE8,ANNEEACC8_1,ANNEEACC8_2,ANNEEACC8_3,ANNEEACC8_4,ANNEEACC8_5,NBACC9,ACCFREQUENCE9,ANNEEACC9_1,ANNEEACC9_2,ANNEEACC9_3,ANNEEACC9_4,ANNEEACC9_5,NBACC10,ACCFREQUENCE10,ANNEEACC10_1,ANNEEACC10_2,ANNEEACC10_3,ANNEEACC10_4,ANNEEACC10_5,NBACC11,ACCFREQUENCE11,ANNEEACC11_1,ANNEEACC11_2,ANNEEACC11_3,ANNEEACC11_4,ANNEEACC11_5,NBACC12,ACCFREQUENCE12,ANNEEACC12_1,ANNEEACC12_2,ANNEEACC12_3,ANNEEACC12_4,ANNEEACC12_5,NBACC13,ACCFREQUENCE13,ANNEEACC13_1,ANNEEACC13_2,ANNEEACC13_3,ANNEEACC13_4,ANNEEACC13_5,NBACC14,ACCFREQUENCE14,ANNEEACC14_1,ANNEEACC14_2,ANNEEACC14_3,ANNEEACC14_4,ANNEEACC14_5,AUTRESACC,NBAUTRESACC,TOTAL_AC,ANNEEAUTREACC1,ANNEEAUTREACC2,ANNEEAUTREACC3,ANNEEAUTREACC4,ANNEEAUTREACC5,LIEUAUTREACC1,LIEUAUTREACC2,LIEUAUTREACC3,LIEUAUTREACC4,LIEUAUTREACC5,DESCRIPTIONAUTRESACC1,DESCRIPTIONAUTRESACC2,DESCRIPTIONAUTRESACC3,DESCRIPTIONAUTRESACC4,DESCRIPTIONAUTRESACC5,NBAUTRESACCCIRCUIT,NBAUTRESTOUTTERRAIN,EXPCYCLO,EXP125,EXPSUP125,ACCORDNEXTQ,CHOIXACC,RGPMTACC,RECUPANNEE,RECUPLIEU,RECUPANNE,RGPMTAC,CHOIX1,CHOIX2,CHOIX3,CHOIX4,CHOIX5,CHOIX6,CHOIX7,DESCRIPTION,RUPTURE,FAITS,ABS_REACTION,AUTRE_REACTION,PRECISIONREACTIONOUI,RECUL,PRECISIONREACTIONNON,IMPACTCOMPORTEMENT,AUTREUSAGER,REACTIONAUTREUSAGER,CONNAISSANCEREACTIONUSAGER,DIFFICULTES,AGGRAVATION,DIFFICULTES2,EMOTIONS1,EMOTIONS2,EMOTIONS3,EMOTIONS4,EMOTIONS5,EMOTIONS6,AUTRESENTIMENT,CLASSEMENTEMOTIONS1,CLASSEMENTEMOTIONS,CLASSEMENTEMOTIONS5,CLASSEMENTEMOTIONS6,CLASSEMENTEMOTIONS7,CLASSEMENTEMOTIONS8,CLASSEMENTEMOTIONS9,EXPLICATIONRESSENTI,BIENEQUIPE,ALLURE,ALLUREVITEDETAIL,ALLURELENTEDETAIL,SITUATIONPRESSE,SITUATIONDISTRAIT,SITUATIONCONFIANT,SITUATIONCONTROLE,SITUATIONLUDIQUE,SITUATIONPERF,SITUATIONSTRESS,SITUATIONFATIGUE,HUMEURNEUTRE,HUMEURGAI,HUMEURMECONTENT,HUMEURTRISTE,HUMEURCOLERE,CONTRIBUTION1,CONTRIBUTION2,CONTRIBUTION3,CONTRIBUTION4,CONTRIBUTION5,CONTRIBUTION6,CONTRIBUTION7,CONTRIBUTION8,CONTRIBUTION9,ROLEINFRA,ELEMENTINFRA1,ELEMENTINFRA2,ELEMENTINFRA3,ELEMENTINFRA4,ELEMENTINFRA5,ELEMENTINFRA6,ELEMENTINFRA7,ELEMENTINFRA8,ELEMENTINFRA9,ALCOOL,TXALCOOL,STUP,SEMAINE,MOMENTJOURNEE,TEMPS,CAUSEACC1,CAUSEACC2,CAUSEACC3,CAUSEACC4,CAUSEACC5,FORMATIONCAUSE,FORMATION1,FORMATION2,FORMATION3,FORMATION4,FORMATION5,TRAFIC,CHAUSSEE1,CHAUSSEE2,CHAUSSEE3,CHAUSSEE4,TYPEACC,BLESSURE,TETE,COU,THORAX,MEMBRESSUP,COLONNE,BASSIN,MEMBRESINF,HOPITAL,PLUS24H,TRAJET,TYPEROUTE,MOTIF,SENSTRAJET,PASSAGER,VITESSE,DESCEQ1,DESCEQ2,DESCEQ3,DESCEQ4,DESCEQ5,DESCEQ6,DESCEQ7,DESCEQ8,DESCEQ9,DESCEQ10,VEHICULEETE,VEHICULEAUTOMNE,VEHICULEPRINTEMPS,VEHICULEHIVER,VEHICULESEMAINE,VEHICULEWE,VEHMARQUE,VEHCYLINDREE,VEHMODELE,VEHSEGMENT,VEHSIDE,EQ2RMABS,EQ2RMCBS,EQ2RMABSCBS,EQ2RMREGULATEUR,EQ2RMLIMITEUR,EQ2RMPHARESDIRECT,EQ2RMCOUPURE,EQ2RMANTIPATINAGE,EQ2RMANTIXHEELING,EQ2RMSTABILILTE,VEHKM,POINTS,DUREE,AUTRE2RM,VEHPRECMARQUE,VEHPRECCYLINDREE,VEHPRECMODELE,VEHPRECSEGMENT,VEHPRECSIDE,TEMPS2RMPREC,FREQVEHPREC,DATE_NAISS,CSP,SOCIETAIRE,SALARIE,SECTEUR2RM,NBPERSFOYER,SITFAM,NBENF,TRNBENF1,TRNBENF2,TRNBENF3,TRNBENF4,NBAUTOFOYER,NBCYCLOFOYER,NBSCOOTFOYER,NBMOTOFOYER,NBTRIKEFOYER,NB2RMCONDUIT,MARQUE1,CYLINDREE1,MODELE1,SEGMENT1,SIDE1,ANMISECIRCU1,ASS1,FREQ1,USAGE1,NBKM1,GARAGE1,MARQUE2,CYLINDREE2,MODELE2,SEGMENT2,SIDE2,ANMISECIRCU2,ASS2,FREQ2,USAGE2,NBKM2,GARAGE2,MARQUE3,CYLINDREE3,MODELE3,SEGMENT3,SIDE3,ANMISECIRCU3,ASS3,FREQ3,USAGE3,NBKM3,GARAGE3,MARQUE4,CYLINDREE4,MODELE4,SEGMENT4,SIDE4,ANMISECIRCU4,ASS4,FREQ4,USAGE4,NBKM4,GARAGE4,MARQUE5,CYLINDREE5,MODELE5,SEGMENT5,SIDE5,ANMISECIRCU5,ASS5,FREQ5,USAGE5,NBKM5,GARAGE5,NBKMTOT,PERMIS1,PERMIS2,PERMIS3,PERMIS4,PERMIS5,PERMIS6,PERMIS7,PERMIS8,PERMIS9,ANPERMIS1,ANPERMIS6,ANPERMIS7,ANPERMIS2,ANPERMIS3,ANPERMIS8,ANPERMIS9,ANPERMIS4,ANPERMIS5,,,
994,6431,100,1,1,4,NSP,,,,,0,5,,,,,,0,5,,,,,,0,3,,,,,,0,3,,,,,,0,4,,,,,,0,4,,,,,,0,3,,,,,,0,2,,,,,,1,4,2007,,,,,0,3,,,,,,0,3,,,,,,0,3,,,,,,0,4,,,,,,0,,2,,,,,,,,,,,,,,,,,,3,1,33,1,1,1,0,,-1,Vous circuliez sur un axe prioritaire. Un autre véhicule arrivant sur le même axe en sens opposé vous a coupé la route en tournant à gauche.,3,,,,,,,je circule sur un axe à deux voies dans les deux sens et un véhicule me coupe la priorité car il s'engage sans visibilité mais à chaque intersection je suis en décélération avec la main sur le frein avant ce qui a fait que l'impact à été très faible avec peu de dégâts matériels et pas de blessures physiques mais une belle frayeur (de plus)du à l'inattention.,la survenue brutale de ce véhicule caché par les autres et la distance très courte qui me restait pour m'arrêter.,la conductrice à paniquer quant elle a vu la moto arriver sur elle et elle a tout pillé ce qui fait que son véhicule était au milieu de la route en travers et obstruait le passage alors que si elle avait accéléré peu être...... quant à moi j'ai freiné le plus fort possible jusqu'à l'impact car il n'y avait aucun moyen d'évitement,NRP,0,,,vu la configuration j'étais coincé des voitures d'un coté et le trottoir de l'autre,3,1,2,,"la peur, elle était comme tétanisée avec un regard que je n'ai pas oublié",1,peut être quand accélérant pour dégager sa voiture de la route j'aurai pu faire une manoeuvre d'évitement,2,9,,,,,de l'énervement,,1,,,,,2,le véhicule a surgit,3,3,,,2,1,3,4,3,1,1,2,3,3,4,4,4,10,,,,,,,,,1,2,AUT|manque un feu tricolore,,,,,,,2,2,,2,1,1,1,10,80,0,10,0,2,,,,,,3,1,,,,1,,,,,,,,,,,2,1,3,,0,50,1,2,3,4,7,9,,,,,4,4,4,4,4,4,KAWASAKI,500,ER-5,ROADSTER,2,1,1,1,1,1,1,1,1,1,1,54000,12,4,1,YAMAHA,1300,FJR,Routière / GT,2,4,3,16AUG1964,8,2,3,2,1,1,,NRP,,,,1,0,0,2,0,2,KAWASAKI,500,ER-5,ROADSTER,2,1999,29,1,2,10000,4,YAMAHA,1300,FJR (SANS VALISE),Routière / GT,2,2001,29,4,1,6500,4,,,,,,,,,,,,,,,,,,,,,,,,,,,,,,,,,,16500,3,4,9,,,,,,,NRP,NRP,NRP,NRP,1983,NRP,1983,1982,NRP,,,
1126,6432,410,1,0,3,,,,,,0,4,,,,,,0,5,,,,,,1,5,1984,,,,,0,6,,,,,,0,5,,,,,,0,5,,,,,,0,6,,,,,,2,5,1983,1985,,,,0,4,,,,,,0,3,,,,,,0,2,,,,,,0,1,,,,,,0,4,,,,,,0,,3,,,,,,,,,,,,,,,,,,2,0,32,1,16,4,1984,,1984,Vous circuliez derrière un véhicule. Vous avez entrepris de dépasser ce véhicule par la droite et celui-ci vous a coupé la route en tournant à droite.,2,,,,,,,"circulation sur la voie normale, le véhicule de devant met son clignotant pour se décaler sur la voie de gauche. Je reste sur ma file et le double donc par la droite. Le conducteur aperçois une place de parking à droite et change subitement de direction en coupant la route à droite. Le choc est inévitable",comportement imprévisible du conducteur de la voiture de devant,"Freinage, évitement, puis j'ai sauté en l'air pour que mes jambes ne soient coincées par a voiture",NRP,1,j'aurai pu mieux regarder le comportement du conducteur !,manque d'expérience,,2,0,,,,,,4,,,,,,,,,,1,,,,"étant Marins-pompiers, j'étais entrainé aux situations difficiles",4,3,,,2,2,4,4,3,1,1,1,1,3,4,4,4,10,,,,,,,,,1,1,,,,,,,,2,2,,2,1,1,1,0,100,0,0,0,2,,,,,,2,1,,,,2,1,7,,,,,,,0,,2,1,3,,0,30,1,10,2,3,4,,,,,,4,4,4,4,4,4,HONDA,750,"CB ""F2""",ROADSTER,2,1,1,1,1,1,1,1,1,1,1,NSP,NSP,3,0,,,,,,,,09SEP1964,4,1,3,2,3,4,1,NRP,,,,3,0,1,0,0,1,MBK,125,SKYCRUISER,SCOOTER,2,2008,37,1,2,5000,7,,,,,,,,,,,,,,,,,,,,,,,,,,,,,,,,,,,,,,,,,,,,,5000,4,9,,,,,,,,NRP,NRP,NRP,NRP,NRP,NRP,1982,1983,NRP,,,
2045,6433,,1,0,5,,,,,,0,4,,,,,,0,6,,,,,,0,4,,,,,,1,6,2012,,,,,0,5,,,,,,0,4,,,,,,0,5,,,,,,2,6,1998,2009,,,,0,4,,,,,,0,6,,,,,,0,3,,,,,,1,5,2000,,,,,0,4,,,,,,0,,4,,,,,,,,,,,,,,,,,,17,10,7,1,21,5,2012,,,,,,,,,,,,,,,,,,,,,,,,,,,,,,,,,,,,,,,,,,,,,,,,,,,,,,,,,,,,,,,,,,,,,,,,,,,,,,,,,,,,,,,,,,,,,,,,,,,,,,,,,,,,,,,,,,,,,,,,,,,,,,,,,,,,,,,,,,,,,,,,,,,,,,,,,,,,,,12APR1971,8,2,3,2,2,2,1,NRP,,,,1,0,0,1,0,1,YAMAHA,600,FZR (GENESIS),Routière / GT,2,2001,28,3,2,3000,AUT|parking collectif non clos,,,,,,,,,,,,,,,,,,,,,,,,,,,,,,,,,,,,,,,,,,,,,3000,4,3,,,,,,,,NRP,NRP,NRP,NRP,2009,NRP,NRP,1991,NRP,,,
1171,6434,,0,,,,,,,,,,,,,,,,,,,,,,,,,,,,,,,,,,,,,,,,,,,,,,,,,,,,,,,,,,,,,,,,,,,,,,,,,,,,,,,,,,,,,,,,,,,,,,,,,,,,,,,,,,,,,,,,,,,,,,,,,,,,,,,,,,,,,,,,,,,,,,,,,,,,,,,,,,,,,,,,,,,,,,,,,,,,,,,,,,,,,,,,,,,,,,,,,,,,,,,,,,,,,,,,,,,,,,,,,,,,,,,,,,,,,,,,,,,,,,,,,,,,,,,,,,,,,,,,,,,,,,,,,,,,,,,,,,,,,,,,,,,03SEP1980,2,2,3,2,3,4,1,NRP,,,,3,0,0,1,0,1,HONDA,700,NC700S,ROADSTER,2,2013,28,2,3,10000,7,,,,,,,,,,,,,,,,,,,,,,,,,,,,,,,,,,,,,,,,,,,,,10000,4,3,,,,,,,,NRP,NRP,NRP,NRP,2002,NRP,NRP,1998,NRP,,,
1812,6444,,0,,,,,,,,,,,,,,,,,,,,,,,,,,,,,,,,,,,,,,,,,,,,,,,,,,,,,,,,,,,,,,,,,,,,,,,,,,,,,,,,,,,,,,,,,,,,,,,,,,,,,,,,,,,,,,,,,,,,,,,,,,,,,,,,,,,,,,,,,,,,,,,,,,,,,,,,,,,,,,,,,,,,,,,,,,,,,,,,,,,,,,,,,,,,,,,,,,,,,,,,,,,,,,,,,,,,,,,,,,,,,,,,,,,,,,,,,,,,,,,,,,,,,,,,,,,,,,,,,,,,,,,,,,,,,,,,,,,,,,,,,,,19FEB1983,11,2,3,2,2,3,,NRP,,,,1,0,0,2,0,2,KAWASAKI,500,KLE,TRAIL / SUPERMOTARD,2,2006,16,1,2,25000,1,YAMAHA,125,TW,TRAIL / SUPERMOTARD,2,2003,16,3,1,5000,1,,,,,,,,,,,,,,,,,,,,,,,,,,,,,,,,,,30000,3,4,,,,,,,,NRP,NRP,NRP,NRP,2010,NRP,NRP,2001,NRP,,,
757,6447,,1,0,4,,,,,,0,5,,,,,,0,4,,,,,,0,3,,,,,,0,4,,,,,,0,6,,,,,,0,4,,,,,,1,5,2005,,,,,0,4,,,,,,0,4,,,,,,0,4,,,,,,0,3,,,,,,0,5,,,,,,0,5,,,,,,0,,1,,,,,,,,,,,,,,,,,,3,6,11,1,36,8,2005,,,,,,,,,,,,,,,,,,,,,,,,,,,,,,,,,,,,,,,,,,,,,,,,,,,,,,,,,,,,,,,,,,,,,,,,,,,,,,,,,,,,,,,,,,,,,,,,,,,,,,,,,,,,,,,,,,,,,,,,,,,,,,,,,,,,,,,,,,,,,,,,,,,,,,,,,,,,,,30JUN1968,6,2,3,2,4,4,2,NRP,,,,2,0,0,3,0,1,YAMAHA,660,XT-Z TENERE,TRAIL / SUPERMOTARD,2,2010,38,2,2,7000,7,,,,,,,,,,,,,,,,,,,,,,,,,,,,,,,,,,,,,,,,,,,,,7000,2,3,4,7,,,,,,NRP,NRP,1986,1986,1987,NRP,NRP,1987,NRP,,,
951,6449,,0,,,,,,,,,,,,,,,,,,,,,,,,,,,,,,,,,,,,,,,,,,,,,,,,,,,,,,,,,,,,,,,,,,,,,,,,,,,,,,,,,,,,,,,,,,,,,,,,,,,,,,,,,,,,,,,,,,,,,,,,,,,,,,,,,,,,,,,,,,,,,,,,,,,,,,,,,,,,,,,,,,,,,,,,,,,,,,,,,,,,,,,,,,,,,,,,,,,,,,,,,,,,,,,,,,,,,,,,,,,,,,,,,,,,,,,,,,,,,,,,,,,,,,,,,,,,,,,,,,,,,,,,,,,,,,,,,,,,,,,,,,,18OCT1957,5,1,3,2,2,3,,NRP,,,,1,0,0,2,0,2,BMW,1200,R1200RT,Routière / GT,2,2009,37,2,2,8000,4,SUZUKI,600,GSX-R,SPORTIVE,2,2013,37,2,2,4000,4,,,,,,,,,,,,,,,,,,,,,,,,,,,,,,,,,,12000,2,3,7,,,,,,,NRP,NRP,1974,1974,2008,NRP,NRP,NRP,NRP,,,
815,6454,277,1,0,5,,,,,,0,5,,,,,,0,5,,,,,,0,4,,,,,,1,4,1991,,,,,0,4,,,,,,1,4,1982,,,,,1,5,1986,,,,,3,5,1985,1995,2005,,,0,5,,,,,,0,4,,,,,,0,4,,,,,,1,4,2005,,,,,0,4,,,,,,0,,7,,,,,,,,,,,,,,,,,,2,2,30,1,43,9,2005,,2005,"Vous avez fait une sortie de route, une perte de contrôle ou une glissade sans rien percuter.",5,,,,,,,glissade sur autoroute entre deux barrières de sécurité non doublées de lisses basses,freinage d'urgence sur chaussée glissante,freinage,NRP,0,,,défaillance mécanique,2,0,,,,,,1,4,6,,,,,1,,,2,,3,,peur d'être découpé en rondelles sous le rail de sécurité,4,3,,,1,2,3,3,1,1,1,2,1,4,4,4,4,10,,,,,,,,,2,,,,,,,,,2,2,,2,2,1,3,20,0,0,0,80,2,,,,,,1,3,,,,1,,,,,,,,,,,2,3,2,,0,110,1,2,3,5,9,,,,,,3,3,3,3,3,3,YAMAHA,350,RDLC,Routière / GT,2,1,1,1,1,1,1,1,1,1,1,20000,12,4,1,YAMAHA,600,XTE,TRAIL / SUPERMOTARD,2,4,4,26FEB1965,5,1,3,1,2,3,,NRP,,,,3,0,0,3,0,3,HARLEY-DAVIDSON,883,SPORTSTER,ROADSTER,2,2007,37,2,1,5000,7,KAWASAKI,650,ER-6  N,ROADSTER,2,2011,37,2,1,3000,7,SUZUKI,250,TU-X (VOLTY),ROADSTER,2,1997,37,3,1,2000,7,,,,,,,,,,,,,,,,,,,,,,,10000,2,3,4,,,,,,,NRP,NRP,NRP,1981,1986,NRP,NRP,1983,NRP,,,
1308,6457,,1,1,3,1993,,,,,2,5,1993,2009,,,,0,5,,,,,,0,2,,,,,,0,5,,,,,,0,4,,,,,,0,4,,,,,,0,4,,,,,,0,5,,,,,,0,6,,,,,,0,5,,,,,,0,2,,,,,,0,2,,,,,,0,5,,,,,,1,1,4,2009,,,,,tours,,,,,"à l'arrêt à un feu, le véhicule derrière moi ne s'est pas arrêté",,,,,0,0,2,0,25,1,71,15,2009,tours,,,,,,,,,,,,,,,,,,,,,,,,,,,,,,,,,,,,,,,,,,,,,,,,,,,,,,,,,,,,,,,,,,,,,,,,,,,,,,,,,,,,,,,,,,,,,,,,,,,,,,,,,,,,,,,,,,,,,,,,,,,,,,,,,,,,,,,,,,,,,,,,,,,,,,,,,,,,,09FEB1967,5,2,3,2,8,4,6,NRP,,,,2,0,0,2,0,2,HONDA,700,TRANSALP ABS,TRAIL / SUPERMOTARD,2,2008,30,1,3,9000,7,SUZUKI,1200,GSX INAZUMA,ROADSTER,2,2000,30,3,1,2000,7,,,,,,,,,,,,,,,,,,,,,,,,,,,,,,,,,,11000,3,4,,,,,,,,NRP,NRP,NRP,NRP,1992,NRP,NRP,1986,NRP,,,
2009,6460,,0,,,,,,,,,,,,,,,,,,,,,,,,,,,,,,,,,,,,,,,,,,,,,,,,,,,,,,,,,,,,,,,,,,,,,,,,,,,,,,,,,,,,,,,,,,,,,,,,,,,,,,,,,,,,,,,,,,,,,,,,,,,,,,,,,,,,,,,,,,,,,,,,,,,,,,,,,,,,,,,,,,,,,,,,,,,,,,,,,,,,,,,,,,,,,,,,,,,,,,,,,,,,,,,,,,,,,,,,,,,,,,,,,,,,,,,,,,,,,,,,,,,,,,,,,,,,,,,,,,,,,,,,,,,,,,,,,,,,,,,,,,,10FEB1970,7,1,1,1,2,3,,NRP,,,,2,0,0,3,0,3,HARLEY-DAVIDSON,1200,SPORTSTER,ROADSTER,2,2005,37,3,1,8000,7,MOTO GUZZI,1100,GRISO,ROADSTER,2,2006,37,3,1,500,7,BUELL,1200,XB12-S LIGHTNING,ROADSTER,2,2009,37,4,1,500,7,,,,,,,,,,,,,,,,,,,,,,,9000,3,4,,,,,,,,NRP,NRP,NRP,NRP,1992,NRP,NRP,1990,NRP,,,
1343,6461,,1,0,5,,,,,,1,5,2014,,,,,1,6,2014,,,,,0,3,,,,,,0,6,,,,,,0,5,,,,,,0,3,,,,,,0,3,,,,,,0,3,,,,,,0,5,,,,,,0,5,,,,,,0,2,,,,,,0,5,,,,,,0,4,,,,,,0,,2,,,,,,,,,,,,,,,,,,0,9,2,1,11,3,2014,,,,,,,,,,,,,,,,,,,,,,,,,,,,,,,,,,,,,,,,,,,,,,,,,,,,,,,,,,,,,,,,,,,,,,,,,,,,,,,,,,,,,,,,,,,,,,,,,,,,,,,,,,,,,,,,,,,,,,,,,,,,,,,,,,,,,,,,,,,,,,,,,,,,,,,,,,,,,,06NOV1976,5,1,1,1,3,4,1,NRP,,,,7,0,0,1,0,1,SPIGAOU,125,DAX REPLICA EVO S,ROADSTER,2,2011,37,2,1,5000,7,,,,,,,,,,,,,,,,,,,,,,,,,,,,,,,,,,,,,,,,,,,,,5000,4,,,,,,,,,NRP,NRP,NRP,NRP,NRP,NRP,NRP,1994,NRP,,,
1244,6463,,0,,,,,,,,,,,,,,,,,,,,,,,,,,,,,,,,,,,,,,,,,,,,,,,,,,,,,,,,,,,,,,,,,,,,,,,,,,,,,,,,,,,,,,,,,,,,,,,,,,,,,,,,,,,,,,,,,,,,,,,,,,,,,,,,,,,,,,,,,,,,,,,,,,,,,,,,,,,,,,,,,,,,,,,,,,,,,,,,,,,,,,,,,,,,,,,,,,,,,,,,,,,,,,,,,,,,,,,,,,,,,,,,,,,,,,,,,,,,,,,,,,,,,,,,,,,,,,,,,,,,,,,,,,,,,,,,,,,,,,,,,,,27NOV1970,6,2,3,2,4,4,2,NRP,,,,2,0,0,1,0,1,YAMAHA,1300,XJR,ROADSTER,2,2000,31,3,1,6000,7,,,,,,,,,,,,,,,,,,,,,,,,,,,,,,,,,,,,,,,,,,,,,6000,3,4,,,,,,,,NRP,NRP,NRP,NRP,2009,NRP,NRP,1989,NRP,,,
2170,6465,,1,0,3,,,,,,0,2,,,,,,0,3,,,,,,0,2,,,,,,0,4,,,,,,0,3,,,,,,0,2,,,,,,0,5,,,,,,2,6,1994,1996,,,,0,5,,,,,,0,4,,,,,,0,2,,,,,,0,3,,,,,,0,3,,,,,,1,1,3,1998,,,,,bernay,,,,,"à un stop,percuté par l'avant par une auto en marche arriere",,,,,0,0,5,0,21,1,42,9,1996,,,,,,,,,,,,,,,,,,,,,,,,,,,,,,,,,,,,,,,,,,,,,,,,,,,,,,,,,,,,,,,,,,,,,,,,,,,,,,,,,,,,,,,,,,,,,,,,,,,,,,,,,,,,,,,,,,,,,,,,,,,,,,,,,,,,,,,,,,,,,,,,,,,,,,,,,,,,,,14DEC1970,8,1,3,2,1,1,,NRP,,,,2,0,0,1,0,1,SUZUKI,1000,TL-S,SPORTIVE,2,1999,37,4,1,2600,7,,,,,,,,,,,,,,,,,,,,,,,,,,,,,,,,,,,,,,,,,,,,,2600,4,3,,,,,,,,NRP,NRP,NRP,NRP,1994,NRP,NRP,1989,NRP,,,
1940,6466,,1,0,6,,,,,,0,4,,,,,,0,5,,,,,,0,2,,,,,,0,4,,,,,,0,4,,,,,,1,4,1978,,,,,0,3,,,,,,0,4,,,,,,0,5,,,,,,1,5,2014,,,,,0,1,,,,,,0,3,,,,,,0,4,,,,,,0,,2,,,,,,,,,,,,,,,,,,43,0,39,1,51,11,2014,,,,,,,,,,,,,,,,,,,,,,,,,,,,,,,,,,,,,,,,,,,,,,,,,,,,,,,,,,,,,,,,,,,,,,,,,,,,,,,,,,,,,,,,,,,,,,,,,,,,,,,,,,,,,,,,,,,,,,,,,,,,,,,,,,,,,,,,,,,,,,,,,,,,,,,,,,,,,,28DEC1957,7,2,3,2,2,3,,NRP,,,,2,0,0,2,0,2,YAMAHA,900,XJS DIVERSION,Routière / GT,2,1996,28,2,1,25000,7,YAMAHA,650,XJ TURBO,Routière / GT,2,1982,28,4,1,300,7,,,,,,,,,,,,,,,,,,,,,,,,,,,,,,,,,,25300,3,4,,,,,,,,NRP,NRP,NRP,NRP,1976,NRP,NRP,1976,NRP,,,
1255,6468,,1,0,5,,,,,,0,5,,,,,,0,4,,,,,,0,4,,,,,,0,6,,,,,,0,3,,,,,,0,4,,,,,,0,4,,,,,,1,5,2011,,,,,0,3,,,,,,0,3,,,,,,0,2,,,,,,0,3,,,,,,0,3,,,,,,1,1,2,2006,,,,,tours,,,,,"arrêté à un rond point pour laisser passer un camion,j'ai été percuté par l'arrière, au moment de redémarrer. Le conducteur, qui était arrêté aussi, déclare avoir oublié que j'étais devant lui.",,,,,0,0,0,0,16,1,41,9,2011,,,,,,,,,,,,,,,,,,,,,,,,,,,,,,,,,,,,,,,,,,,,,,,,,,,,,,,,,,,,,,,,,,,,,,,,,,,,,,,,,,,,,,,,,,,,,,,,,,,,,,,,,,,,,,,,,,,,,,,,,,,,,,,,,,,,,,,,,,,,,,,,,,,,,,,,,,,,,,17NOV1975,4,1,3,1,4,4,2,NRP,,,,2,0,0,2,0,2,VOXAN,1000,BLACK MAGIC,Routière / GT,2,2007,37,2,2,8000,4,TRIUMPH,955,DAYTONA IE,SPORTIVE,2,2001,37,3,1,2000,7,,,,,,,,,,,,,,,,,,,,,,,,,,,,,,,,,,10000,3,4,,,,,,,,NRP,NRP,NRP,NRP,1998,NRP,NRP,1994,NRP,,,
278,6474,,1,0,2,,,,,,0,4,,,,,,0,5,,,,,,0,1,,,,,,1,5,2008,,,,,0,4,,,,,,0,4,,,,,,0,4,,,,,,5,6,2008,2009,2009,2013,2014,0,2,,,,,,0,2,,,,,,0,1,,,,,,0,4,,,,,,0,3,,,,,,0,,6,,,,,,,,,,,,,,,,,,0,0,8,1,21,5,2008,,,,,,,,,,,,,,,,,,,,,,,,,,,,,,,,,,,,,,,,,,,,,,,,,,,,,,,,,,,,,,,,,,,,,,,,,,,,,,,,,,,,,,,,,,,,,,,,,,,,,,,,,,,,,,,,,,,,,,,,,,,,,,,,,,,,,,,,,,,,,,,,,,,,,,,,,,,,,,12APR1988,7,1,3,2,1,1,,NRP,,,,0,0,0,2,0,2,YAMAHA,1200,XTZ SUPER TENERE,TRAIL / SUPERMOTARD,2,2011,40,2,1,20000,6,YAMAHA,1200,V-MAX,CUSTOM,2,1987,37,4,1,1000,7,,,,,,,,,,,,,,,,,,,,,,,,,,,,,,,,,,21000,3,4,,,,,,,,NRP,NRP,NRP,NRP,2006,NRP,NRP,2008,NRP,,,
2013,6475,,1,1,5,2000,,,,,0,6,,,,,,0,5,,,,,,0,2,,,,,,0,3,,,,,,0,3,,,,,,0,2,,,,,,0,3,,,,,,0,4,,,,,,0,5,,,,,,0,5,,,,,,0,2,,,,,,0,3,,,,,,0,4,,,,,,1,2,3,2000,2010,,,,Paluel,douarnenez,,,,un véhicule arriavant en face m'a coupé la route en tournant sur sa gauche.,"a un stop, un quad a tapé l'arriere de la moto",,,,0,0,0,0,26,1,71,15,2000,Paluel,,,,,,,,,,,,,,,,,,,,,,,,,,,,,,,,,,,,,,,,,,,,,,,,,,,,,,,,,,,,,,,,,,,,,,,,,,,,,,,,,,,,,,,,,,,,,,,,,,,,,,,,,,,,,,,,,,,,,,,,,,,,,,,,,,,,,,,,,,,,,,,,,,,,,,,,,,,,,11JAN1966,7,1,3,2,4,4,2,NRP,,,,2,0,0,1,0,1,YAMAHA,1300,FJR ABS,Routière / GT,2,2006,37,1,2,100000,4,,,,,,,,,,,,,,,,,,,,,,,,,,,,,,,,,,,,,,,,,,,,,100000,3,4,,,,,,,,NRP,NRP,NRP,NRP,1989,NRP,NRP,1985,NRP,,,
1295,6476,,0,,,,,,,,,,,,,,,,,,,,,,,,,,,,,,,,,,,,,,,,,,,,,,,,,,,,,,,,,,,,,,,,,,,,,,,,,,,,,,,,,,,,,,,,,,,,,,,,,,,,,,,,,,,,,,,,,,,,,,,,,,,,,,,,,,,,,,,,,,,,,,,,,,,,,,,,,,,,,,,,,,,,,,,,,,,,,,,,,,,,,,,,,,,,,,,,,,,,,,,,,,,,,,,,,,,,,,,,,,,,,,,,,,,,,,,,,,,,,,,,,,,,,,,,,,,,,,,,,,,,,,,,,,,,,,,,,,,,,,,,,,,17MAY1962,7,2,3,2,3,4,1,NRP,,,,2,0,0,1,0,1,YAMAHA,125,TW,TRAIL / SUPERMOTARD,2,2006,40,4,2,2000,7,,,,,,,,,,,,,,,,,,,,,,,,,,,,,,,,,,,,,,,,,,,,,2000,4,,,,,,,,,NRP,NRP,NRP,NRP,NRP,NRP,NRP,1997,NRP,,,
2072,6485,,0,,,,,,,,,,,,,,,,,,,,,,,,,,,,,,,,,,,,,,,,,,,,,,,,,,,,,,,,,,,,,,,,,,,,,,,,,,,,,,,,,,,,,,,,,,,,,,,,,,,,,,,,,,,,,,,,,,,,,,,,,,,,,,,,,,,,,,,,,,,,,,,,,,,,,,,,,,,,,,,,,,,,,,,,,,,,,,,,,,,,,,,,,,,,,,,,,,,,,,,,,,,,,,,,,,,,,,,,,,,,,,,,,,,,,,,,,,,,,,,,,,,,,,,,,,,,,,,,,,,,,,,,,,,,,,,,,,,,,,,,,,,29JUL1957,6,2,3,2,2,3,,NRP,,,,2,1,0,0,0,1,PEUGEOT,50,VIVACITY M,SCOOTER,2,2011,31,2,1,2500,7,,,,,,,,,,,,,,,,,,,,,,,,,,,,,,,,,,,,,,,,,,,,,2500,2,4,7,,,,,,,NRP,NRP,1975,1975,NRP,NRP,NRP,1975,NRP,,,
1187,6488,,0,,,,,,,,,,,,,,,,,,,,,,,,,,,,,,,,,,,,,,,,,,,,,,,,,,,,,,,,,,,,,,,,,,,,,,,,,,,,,,,,,,,,,,,,,,,,,,,,,,,,,,,,,,,,,,,,,,,,,,,,,,,,,,,,,,,,,,,,,,,,,,,,,,,,,,,,,,,,,,,,,,,,,,,,,,,,,,,,,,,,,,,,,,,,,,,,,,,,,,,,,,,,,,,,,,,,,,,,,,,,,,,,,,,,,,,,,,,,,,,,,,,,,,,,,,,,,,,,,,,,,,,,,,,,,,,,,,,,,,,,,,,14JUN1966,5,2,3,2,4,4,2,NRP,,,,2,0,0,1,0,1,SUZUKI,600,BANDIT-S,ROADSTER,2,2000,9,3,2,2000,7,,,,,,,,,,,,,,,,,,,,,,,,,,,,,,,,,,,,,,,,,,,,,2000,3,4,,,,,,,,NRP,NRP,NRP,NRP,2008,NRP,NRP,1984,NRP,,,