Ligne,Ligne Q qualif,Ligne approfondissement Accident,ACCIDENT,NBACC1,ACCFREQUENCE1,ANNEEACC1_1,ANNEEACC1_2,ANNEEACC1_3,ANNEEACC1_4,ANNEEACC1_5,NBACC2,ACCFREQUENCE2,ANNEEACC2_1,ANNEEACC2_2,ANNEEACC2_3,ANNEEACC2_4,ANNEEACC2_5,NBACC3,ACCFREQUENCE3,ANNEEACC3_1,ANNEEACC3_2,ANNEEACC3_3,ANNEEACC3_4,ANNEEACC3_5,NBACC4,ACCFREQUENCE4,ANNEEACC4_1,ANNEEACC4_2,ANNEEACC4_3,ANNEEACC4_4,ANNEEACC4_5,NBACC5,ACCFREQUENCE5,ANNEEACC5_1,ANNEEACC5_2,ANNEEACC5_3,ANNEEACC5_4,ANNEEACC5_5,NBACC6,ACCFREQUENCE6,ANNEEACC6_1,ANNEEACC6_2,ANNEEACC6_3,ANNEEACC6_4,ANNEEACC6_5,NBACC7,ACCFREQUENCE7,ANNEEACC7_1,ANNEEACC7_2,ANNEEACC7_3,ANNEEACC7_4,ANNEEACC7_5,NBACC8,ACCFREQUENCE8,ANNEEACC8_1,ANNEEACC8_2,ANNEEACC8_3,ANNEEACC8_4,ANNEEACC8_5,NBACC9,ACCFREQUENCE9,ANNEEACC9_1,ANNEEACC9_2,ANNEEACC9_3,ANNEEACC9_4,ANNEEACC9_5,NBACC10,ACCFREQUENCE10,ANNEEACC10_1,ANNEEACC10_2,ANNEEACC10_3,ANNEEACC10_4,ANNEEACC10_5,NBACC11,ACCFREQUENCE11,ANNEEACC11_1,ANNEEACC11_2,ANNEEACC11_3,ANNEEACC11_4,ANNEEACC11_5,NBACC12,ACCFREQUENCE12,ANNEEACC12_1,ANNEEACC12_2,ANNEEACC12_3,ANNEEACC12_4,ANNEEACC12_5,NBACC13,ACCFREQUENCE13,ANNEEACC13_1,ANNEEACC13_2,ANNEEACC13_3,ANNEEACC13_4,ANNEEACC13_5,NBACC14,ACCFREQUENCE14,ANNEEACC14_1,ANNEEACC14_2,ANNEEACC14_3,ANNEEACC14_4,ANNEEACC14_5,AUTRESACC,NBAUTRESACC,TOTAL_AC,ANNEEAUTREACC1,ANNEEAUTREACC2,ANNEEAUTREACC3,ANNEEAUTREACC4,ANNEEAUTREACC5,LIEUAUTREACC1,LIEUAUTREACC2,LIEUAUTREACC3,LIEUAUTREACC4,LIEUAUTREACC5,DESCRIPTIONAUTRESACC1,DESCRIPTIONAUTRESACC2,DESCRIPTIONAUTRESACC3,DESCRIPTIONAUTRESACC4,DESCRIPTIONAUTRESACC5,NBAUTRESACCCIRCUIT,NBAUTRESTOUTTERRAIN,EXPCYCLO,EXP125,EXPSUP125,ACCORDNEXTQ,CHOIXACC,RGPMTACC,RECUPANNEE,RECUPLIEU,RECUPANNE,RGPMTAC,CHOIX1,CHOIX2,CHOIX3,CHOIX4,CHOIX5,CHOIX6,CHOIX7,DESCRIPTION,RUPTURE,FAITS,ABS_REACTION,AUTRE_REACTION,PRECISIONREACTIONOUI,RECUL,PRECISIONREACTIONNON,IMPACTCOMPORTEMENT,AUTREUSAGER,REACTIONAUTREUSAGER,CONNAISSANCEREACTIONUSAGER,DIFFICULTES,AGGRAVATION,DIFFICULTES2,EMOTIONS1,EMOTIONS2,EMOTIONS3,EMOTIONS4,EMOTIONS5,EMOTIONS6,AUTRESENTIMENT,CLASSEMENTEMOTIONS1,CLASSEMENTEMOTIONS,CLASSEMENTEMOTIONS5,CLASSEMENTEMOTIONS6,CLASSEMENTEMOTIONS7,CLASSEMENTEMOTIONS8,CLASSEMENTEMOTIONS9,EXPLICATIONRESSENTI,BIENEQUIPE,ALLURE,ALLUREVITEDETAIL,ALLURELENTEDETAIL,SITUATIONPRESSE,SITUATIONDISTRAIT,SITUATIONCONFIANT,SITUATIONCONTROLE,SITUATIONLUDIQUE,SITUATIONPERF,SITUATIONSTRESS,SITUATIONFATIGUE,HUMEURNEUTRE,HUMEURGAI,HUMEURMECONTENT,HUMEURTRISTE,HUMEURCOLERE,CONTRIBUTION1,CONTRIBUTION2,CONTRIBUTION3,CONTRIBUTION4,CONTRIBUTION5,CONTRIBUTION6,CONTRIBUTION7,CONTRIBUTION8,CONTRIBUTION9,ROLEINFRA,ELEMENTINFRA1,ELEMENTINFRA2,ELEMENTINFRA3,ELEMENTINFRA4,ELEMENTINFRA5,ELEMENTINFRA6,ELEMENTINFRA7,ELEMENTINFRA8,ELEMENTINFRA9,ALCOOL,TXALCOOL,STUP,SEMAINE,MOMENTJOURNEE,TEMPS,CAUSEACC1,CAUSEACC2,CAUSEACC3,CAUSEACC4,CAUSEACC5,FORMATIONCAUSE,FORMATION1,FORMATION2,FORMATION3,FORMATION4,FORMATION5,TRAFIC,CHAUSSEE1,CHAUSSEE2,CHAUSSEE3,CHAUSSEE4,TYPEACC,BLESSURE,TETE,COU,THORAX,MEMBRESSUP,COLONNE,BASSIN,MEMBRESINF,HOPITAL,PLUS24H,TRAJET,TYPEROUTE,MOTIF,SENSTRAJET,PASSAGER,VITESSE,DESCEQ1,DESCEQ2,DESCEQ3,DESCEQ4,DESCEQ5,DESCEQ6,DESCEQ7,DESCEQ8,DESCEQ9,DESCEQ10,VEHICULEETE,VEHICULEAUTOMNE,VEHICULEPRINTEMPS,VEHICULEHIVER,VEHICULESEMAINE,VEHICULEWE,VEHMARQUE,VEHCYLINDREE,VEHMODELE,VEHSEGMENT,VEHSIDE,EQ2RMABS,EQ2RMCBS,EQ2RMABSCBS,EQ2RMREGULATEUR,EQ2RMLIMITEUR,EQ2RMPHARESDIRECT,EQ2RMCOUPURE,EQ2RMANTIPATINAGE,EQ2RMANTIXHEELING,EQ2RMSTABILILTE,VEHKM,POINTS,DUREE,AUTRE2RM,VEHPRECMARQUE,VEHPRECCYLINDREE,VEHPRECMODELE,VEHPRECSEGMENT,VEHPRECSIDE,TEMPS2RMPREC,FREQVEHPREC,DATE_NAISS,CSP,SOCIETAIRE,SALARIE,SECTEUR2RM,NBPERSFOYER,SITFAM,NBENF,TRNBENF1,TRNBENF2,TRNBENF3,TRNBENF4,NBAUTOFOYER,NBCYCLOFOYER,NBSCOOTFOYER,NBMOTOFOYER,NBTRIKEFOYER,NB2RMCONDUIT,MARQUE1,CYLINDREE1,MODELE1,SEGMENT1,SIDE1,ANMISECIRCU1,ASS1,FREQ1,USAGE1,NBKM1,GARAGE1,MARQUE2,CYLINDREE2,MODELE2,SEGMENT2,SIDE2,ANMISECIRCU2,ASS2,FREQ2,USAGE2,NBKM2,GARAGE2,MARQUE3,CYLINDREE3,MODELE3,SEGMENT3,SIDE3,ANMISECIRCU3,ASS3,FREQ3,USAGE3,NBKM3,GARAGE3,MARQUE4,CYLINDREE4,MODELE4,SEGMENT4,SIDE4,ANMISECIRCU4,ASS4,FREQ4,USAGE4,NBKM4,GARAGE4,MARQUE5,CYLINDREE5,MODELE5,SEGMENT5,SIDE5,ANMISECIRCU5,ASS5,FREQ5,USAGE5,NBKM5,GARAGE5,NBKMTOT,PERMIS1,PERMIS2,PERMIS3,PERMIS4,PERMIS5,PERMIS6,PERMIS7,PERMIS8,PERMIS9,ANPERMIS1,ANPERMIS6,ANPERMIS7,ANPERMIS2,ANPERMIS3,ANPERMIS8,ANPERMIS9,ANPERMIS4,ANPERMIS5,,,
751,6529,233,1,0,3,,,,,,0,3,,,,,,0,5,,,,,,0,2,,,,,,1,4,2012,,,,,0,3,,,,,,0,5,,,,,,0,5,,,,,,0,3,,,,,,0,3,,,,,,0,3,,,,,,0,2,,,,,,0,2,,,,,,0,2,,,,,,0,,1,,,,,,,,,,,,,,,,,,0,0,5,1,21,5,2012,,2012,Vous circuliez sur un axe prioritaire. Un véhicule venant dun axe non prioritaire vous a coupé la route.,1,,,,,,,"Je suis sur un tout petit rond point en ville, déjà insérée. Une voiture, sans regarder, traverse le rond point sans faire le tour (milieu en brique pas très haut) et me touche à la fourche.",Le monsieur qui n'a pas vu le rond point,Je n'ai pas le souvenir. J'ai du sauter car je me suis retrouvée debout à côté de la moto couchée.,NRP,1,Vraiment m'arrêter avant le rond point et m'assurer qu'il y a aucun véhicule à venir,"Je ne pensais pas qu'une voiture pouvait arriver, si vite, sans regarder s'il y a quelqu'un et en coupant le rond point",,1,1,2,,"Roulait trop vite, sans regarder",1,"à allure classique, il m'aurait vu sur le rond point",8,,,,,,,,,,,,,,,4,3,,,2,2,3,3,2,1,1,2,1,4,4,4,4,10,,,,,,,,,1,2,,,,,,,,2,2,,2,1,1,1,20,60,0,20,0,2,,,,,,1,1,,,,1,,,,,,,,,,,1,1,1,1,0,15,1,2,3,4,7,9,,,,,4,3,4,3,4,3,KAWASAKI,650,ER-6F,SPORTIVE,2,1,1,1,1,1,1,1,1,1,1,30000,12,4,0,,,,,,,,02MAR1981,5,2,3,2,2,3,,NRP,,,,2,1,0,1,0,1,DUCATI,696,MONSTER+,ROADSTER,2,2009,28,2,2,5000,6,,,,,,,,,,,,,,,,,,,,,,,,,,,,,,,,,,,,,,,,,,,,,5000,3,4,,,,,,,,NRP,NRP,NRP,NRP,2009,NRP,NRP,1999,NRP,,,
835,6530,17,1,0,4,,,,,,0,4,,,,,,0,5,,,,,,0,2,,,,,,1,5,NSP,,,,,0,2,,,,,,0,4,,,,,,0,4,,,,,,1,5,NSP,,,,,0,4,,,,,,1,5,NSP,,,,,0,3,,,,,,0,3,,,,,,0,4,,,,,,0,,3,,,,,,,,,,,,,,,,,,40,39,35,1,21,5,0,,-1,Vous circuliez sur un axe prioritaire. Un véhicule venant dun axe non prioritaire vous a coupé la route.,3,,,,,,,"je roulais à vitesse moyenne lorsqu'un véhicule venant en sens inverse à pris la décision d'entrer sur une station service de mon côté de la route, me coupant la route",la rapidité du changement de direction de la voiture,"j'ai essayé de me déporter vers la droite pour échapper à la collision perpendiculaire j'ai freiné modérément  j'ai tapé la roue avant de la voiture  si je ne m'étais pas déporté j'aurai tapé au milieu de la voiture sans doute je me serais encastré dans la voiture alors que là défoncé le carénage de ma moto avec mes jambes , décollé et atterri sur le dos sur le capot moteur avant de retomber  et glisser sur la chaussée..",NRP,0,,,je n'avais jamais vécu cette situation,2,1,2,,NSP,1,inattention et inobservation de la ligne continue,3,,,,,,,,,1,,,,,je pensais pas qu'il continuerait sur sa trajectoire sans rien regarder autour,3,1,1,,1,1,4,4,4,1,1,1,4,1,4,4,4,1,,,,,,,,,2,,,,,,,,,2,2,,2,1,1,1,5,95,0,0,0,2,,,,,,2,1,,,,2,1,3,7,,,,,,1,0,2,1,3,,0,70,1,10,2,3,4,,,,,,4,4,4,4,4,4,BMW,1000,R100/7,ROADSTER,2,1,0,1,1,1,1,1,1,1,1,50000,12,4,1,BMW,1000,R100RT,Routière / GT,2,4,3,23SEP1960,6,1,3,2,4,4,2,NRP,,,,4,0,0,1,0,1,BMW,1200,R1200R,ROADSTER,2,2006,37,2,1,2000,7,,,,,,,,,,,,,,,,,,,,,,,,,,,,,,,,,,,,,,,,,,,,,2000,2,4,9,,,,,,,NRP,NRP,NRP,1977,NRP,NRP,1983,1979,NRP,,,
507,6538,148,1,0,6,,,,,,0,5,,,,,,0,6,,,,,,0,4,,,,,,0,6,,,,,,0,5,,,,,,0,5,,,,,,0,5,,,,,,1,6,2007,,,,,0,4,,,,,,0,5,,,,,,0,4,,,,,,0,6,,,,,,1,6,2005,,,,,0,,2,,,,,,,,,,,,,,,,,,0,0,14,1,66,14,2005,,2005,"Alors que vous étiez en train de rouler, un piéton a traversé devant vous.",2,4,,,,,,"Je roulais en ville à la vitesse autorisée quand 3 piétons ont traversés hors des clous, j'ai du stopper le véhicule en urgence, la roue avant s'est bloquée et je suis parti en glissade.","Le blocage de roue avant, plus aucun contrôle possible","Surpris, action de freinage, blocage et chute. Les piétons étaient desolés et conscient de leur erreur",NRP,0,,,S'arreter sur une si petite distance sans possibilité d'evitement me parait impossible,2,1,2,,NRP,1,NRP,2,6,,,,,,,1,,,,2,,Des piétons qui surgissent là où ils ne sont pas autorisés,2,3,,,1,1,3,3,1,1,1,1,1,1,4,4,4,10,,,,,,,,,2,,,,,,,,,2,2,,2,1,1,1,0,100,0,0,0,2,,,,,,2,1,,,,2,1,4,7,,,,,,0,,1,1,3,,0,50,1,2,,,,,,,,,2,1,1,1,1,1,HARLEY-DAVIDSON,1200,SPORTSTER,ROADSTER,2,1,1,1,1,1,1,1,1,1,1,10000,12,4,1,SUZUKI,600,GSX-R,SPORTIVE,2,4,4,09MAY1979,5,1,3,2,2,3,,NRP,,,,2,3,0,3,0,3,SUZUKI,600,GSX-R,SPORTIVE,2,2001,37,2,1,5000,4,MOTO GUZZI,1200,GRISO 8V,ROADSTER,2,2010,37,2,1,5000,4,YAMAHA,600,XTZ TENERE,TRAIL / SUPERMOTARD,2,1986,10,3,1,2000,7,,,,,,,,,,,,,,,,,,,,,,,12000,3,4,,,,,,,,NRP,NRP,NRP,NRP,1997,NRP,NRP,2001,NRP,,,
1433,6544,,1,0,3,,,,,,0,2,,,,,,0,3,,,,,,0,4,,,,,,0,6,,,,,,0,1,,,,,,1,5,2013,,,,,0,5,,,,,,1,6,2013,,,,,0,3,,,,,,0,5,,,,,,0,2,,,,,,0,2,,,,,,0,1,,,,,,0,,2,,,,,,,,,,,,,,,,,,0,0,2,1,41,9,2013,,,,,,,,,,,,,,,,,,,,,,,,,,,,,,,,,,,,,,,,,,,,,,,,,,,,,,,,,,,,,,,,,,,,,,,,,,,,,,,,,,,,,,,,,,,,,,,,,,,,,,,,,,,,,,,,,,,,,,,,,,,,,,,,,,,,,,,,,,,,,,,,,,,,,,,,,,,,,,02FEB1989,10,2,3,2,4,5,0,NRP,,,,1,0,0,1,0,1,HONDA,500,CB-F,ROADSTER,2,2003,10,2,2,8000,7,,,,,,,,,,,,,,,,,,,,,,,,,,,,,,,,,,,,,,,,,,,,,8000,3,,,,,,,,,NRP,NRP,NRP,NRP,2013,NRP,NRP,NRP,NRP,,,
1261,6549,,0,,,,,,,,,,,,,,,,,,,,,,,,,,,,,,,,,,,,,,,,,,,,,,,,,,,,,,,,,,,,,,,,,,,,,,,,,,,,,,,,,,,,,,,,,,,,,,,,,,,,,,,,,,,,,,,,,,,,,,,,,,,,,,,,,,,,,,,,,,,,,,,,,,,,,,,,,,,,,,,,,,,,,,,,,,,,,,,,,,,,,,,,,,,,,,,,,,,,,,,,,,,,,,,,,,,,,,,,,,,,,,,,,,,,,,,,,,,,,,,,,,,,,,,,,,,,,,,,,,,,,,,,,,,,,,,,,,,,,,,,,,,01SEP1984,7,1,3,2,1,1,,NRP,,,,2,1,0,1,0,1,SUZUKI,650,GSX-F,Routière / GT,2,2012,37,1,2,30000,4,,,,,,,,,,,,,,,,,,,,,,,,,,,,,,,,,,,,,,,,,,,,,30000,3,4,,,,,,,,NRP,NRP,NRP,NRP,2011,NRP,NRP,2003,NRP,,,
725,6552,,0,,,,,,,,,,,,,,,,,,,,,,,,,,,,,,,,,,,,,,,,,,,,,,,,,,,,,,,,,,,,,,,,,,,,,,,,,,,,,,,,,,,,,,,,,,,,,,,,,,,,,,,,,,,,,,,,,,,,,,,,,,,,,,,,,,,,,,,,,,,,,,,,,,,,,,,,,,,,,,,,,,,,,,,,,,,,,,,,,,,,,,,,,,,,,,,,,,,,,,,,,,,,,,,,,,,,,,,,,,,,,,,,,,,,,,,,,,,,,,,,,,,,,,,,,,,,,,,,,,,,,,,,,,,,,,,,,,,,,,,,,,,23JUL1965,7,2,3,2,2,3,,NRP,,,,2,0,0,2,0,2,HONDA,1300,PAN EUROPEAN ABS,Routière / GT,2,2011,29,3,1,9000,4,HONDA,1300,PAN EUROPEAN ABS,Routière / GT,2,2011,29,3,1,9000,7,,,,,,,,,,,,,,,,,,,,,,,,,,,,,,,,,,18000,3,,,,,,,,,NRP,NRP,NRP,NRP,1985,NRP,NRP,NRP,NRP,,,
1107,6553,,0,,,,,,,,,,,,,,,,,,,,,,,,,,,,,,,,,,,,,,,,,,,,,,,,,,,,,,,,,,,,,,,,,,,,,,,,,,,,,,,,,,,,,,,,,,,,,,,,,,,,,,,,,,,,,,,,,,,,,,,,,,,,,,,,,,,,,,,,,,,,,,,,,,,,,,,,,,,,,,,,,,,,,,,,,,,,,,,,,,,,,,,,,,,,,,,,,,,,,,,,,,,,,,,,,,,,,,,,,,,,,,,,,,,,,,,,,,,,,,,,,,,,,,,,,,,,,,,,,,,,,,,,,,,,,,,,,,,,,,,,,,,20JUN1989,7,2,3,2,4,5,0,NRP,,,,4,0,0,1,0,1,DUCATI,696,MONSTER+,ROADSTER,2,2008,28,2,1,5000,6,,,,,,,,,,,,,,,,,,,,,,,,,,,,,,,,,,,,,,,,,,,,,5000,3,4,,,,,,,,NRP,NRP,NRP,NRP,2012,NRP,NRP,2007,NRP,,,
2093,6556,,1,0,5,,,,,,0,4,,,,,,0,5,,,,,,0,4,,,,,,0,6,,,,,,1,4,1981,,,,,0,2,,,,,,0,3,,,,,,0,3,,,,,,0,6,,,,,,0,5,,,,,,0,4,,,,,,1,3,1982,,,,,0,5,,,,,,1,2,4,1981,1984,,,,carpentras,créteil,,,,je remontais une file et une voiture venant de droite d'une rue en pente ne s'est pas arrété au stop bilan un parechoc tordue rien pour la moto chute à 5 km/H,"un automobiliste a grillé un feu rouge au moment où je démarrais au feu vert je tournais à droite et nous nous sommes percutés de coté (choc tangentiel, ouf) bilan moto tombé sur le pied un mois de béquille, portière et vitre avant explosé, passagère sans bobo choc amorti par son sac",,,,0,1,34,4,30,0,,NRP,,,,,,,,,,,,,,,,,,,,,,,,,,,,,,,,,,,,,,,,,,,,,,,,,,,,,,,,,,,,,,,,,,,,,,,,,,,,,,,,,,,,,,,,,,,,,,,,,,,,,,,,,,,,,,,,,,,,,,,,,,,,,,,,,,,,,,,,,,,,,,,,,,,,,,,,,,,,,,,19SEP1961,5,2,3,2,6,4,4,NRP,,,,2,0,0,1,0,1,BMW,1150,R1150RS ABS IS,Routière / GT,2,2002,29,3,1,5000,6,,,,,,,,,,,,,,,,,,,,,,,,,,,,,,,,,,,,,,,,,,,,,5000,3,4,,,,,,,,NRP,NRP,NRP,NRP,1981,NRP,NRP,1985,NRP,,,
819,6559,131,1,0,2,,,,,,0,2,,,,,,0,3,,,,,,0,1,,,,,,0,5,,,,,,0,2,,,,,,0,5,,,,,,0,4,,,,,,1,4,2010,,,,,0,5,,,,,,0,6,,,,,,0,1,,,,,,0,4,,,,,,0,3,,,,,,1,1,2,2014,,,,,Bolbec,,,,,chute à l'arrêt sur un parking en stabilisé gravier (pas assez compacté),,,,,0,0,5,3,2,1,41,9,2010,,2010,"Vous avez fait une sortie de route, une perte de contrôle ou une glissade sans rien percuter.",5,,,,,,,"Pluie d'orage, je m'engage correctement sur le rd-point, une voiture coupe par l'intérieur, je me désaxe pour l'éviter, glissade jusqu'à la barrière de sécurité extérieure",non respect du code de la route de la part de la voiture pluie torrentielle,j'ai contrebalancé vers la droite je n'ai touché à aucune commande personne ne s'est arrêté (pluie torrentielle),1,0,,,"parce que c'était un évitement, en 1 seconde",1,0,,,,,,1,6,,,,,,2,,,,,1,,je ne pouvais rien faire pour redresser avec 5 cm d'eau sur la chaussée,4,3,,,1,1,2,3,1,1,4,1,1,4,4,4,4,7,,,,,,,,,1,2,,,,,,,,2,2,,2,2,1,2,0,70,0,0,30,2,,,,,,1,2,,,,1,,,,,,,,,,,2,2,3,,0,20,1,10,2,3,4,,,,,,4,4,4,4,4,4,HONDA,750,NC750SD DUAL CT,ROADSTER,2,0,0,0,1,1,1,0,0,1,1,7000,12,2,1,HONDA,125,XL-S,TRAIL / SUPERMOTARD,2,4,4,03APR1982,5,2,3,2,1,1,,NRP,,,,1,0,0,1,0,1,HONDA,700,NC700S C-ABS,ROADSTER,2,2013,10,2,1,10000,7,,,,,,,,,,,,,,,,,,,,,,,,,,,,,,,,,,,,,,,,,,,,,10000,4,3,,,,,,,,NRP,NRP,NRP,NRP,2013,NRP,NRP,2001,NRP,,,
1322,6561,,0,,,,,,,,,,,,,,,,,,,,,,,,,,,,,,,,,,,,,,,,,,,,,,,,,,,,,,,,,,,,,,,,,,,,,,,,,,,,,,,,,,,,,,,,,,,,,,,,,,,,,,,,,,,,,,,,,,,,,,,,,,,,,,,,,,,,,,,,,,,,,,,,,,,,,,,,,,,,,,,,,,,,,,,,,,,,,,,,,,,,,,,,,,,,,,,,,,,,,,,,,,,,,,,,,,,,,,,,,,,,,,,,,,,,,,,,,,,,,,,,,,,,,,,,,,,,,,,,,,,,,,,,,,,,,,,,,,,,,,,,,,,04JUN1947,9,2,3,2,2,3,,NRP,,,,1,0,0,1,0,1,YAMAHA,600,FZ6-S FAZER,ROADSTER,2,2002,40,1,1,7000,7,,,,,,,,,,,,,,,,,,,,,,,,,,,,,,,,,,,,,,,,,,,,,7000,3,4,,,,,,,,NRP,NRP,NRP,NRP,2006,NRP,NRP,1966,NRP,,,
448,6562,,0,,,,,,,,,,,,,,,,,,,,,,,,,,,,,,,,,,,,,,,,,,,,,,,,,,,,,,,,,,,,,,,,,,,,,,,,,,,,,,,,,,,,,,,,,,,,,,,,,,,,,,,,,,,,,,,,,,,,,,,,,,,,,,,,,,,,,,,,,,,,,,,,,,,,,,,,,,,,,,,,,,,,,,,,,,,,,,,,,,,,,,,,,,,,,,,,,,,,,,,,,,,,,,,,,,,,,,,,,,,,,,,,,,,,,,,,,,,,,,,,,,,,,,,,,,,,,,,,,,,,,,,,,,,,,,,,,,,,,,,,,,,29JAN1962,7,2,3,2,2,3,,NRP,,,,1,0,0,1,0,1,BMW,1200,R1200GS ABS,TRAIL / SUPERMOTARD,2,2012,28,3,1,4000,7,,,,,,,,,,,,,,,,,,,,,,,,,,,,,,,,,,,,,,,,,,,,,4000,3,4,,,,,,,,NRP,NRP,NRP,NRP,2008,NRP,NRP,1981,NRP,,,
1908,6568,,1,1,4,1972,,,,,1,4,1982,,,,,0,5,,,,,,0,3,,,,,,0,4,,,,,,0,3,,,,,,0,2,,,,,,0,4,,,,,,1,4,1972,,,,,0,4,,,,,,0,4,,,,,,0,3,,,,,,0,4,,,,,,0,3,,,,,,1,2,5,1975,1976,,,,Yssigeaux 43,St Maurice de L,,,,"J'ai tourné à G pour entrer dans l'usine où je travaillais, une voiture m'a dépassé par la G",J'ai percuté une voiture arrêtée sur la chaussée par temps de brouillard.,,,,0,0,0,3,42,1,1,1,1972,,,,,,,,,,,,,,,,,,,,,,,,,,,,,,,,,,,,,,,,,,,,,,,,,,,,,,,,,,,,,,,,,,,,,,,,,,,,,,,,,,,,,,,,,,,,,,,,,,,,,,,,,,,,,,,,,,,,,,,,,,,,,,,,,,,,,,,,,,,,,,,,,,,,,,,,,,,,,,04NOV1953,8,2,3,2,2,3,,NRP,,,,2,0,0,3,0,3,HONDA,1800,GOLD WING (AIRBAG),Routière / GT,2,2013,29,3,1,18000,7,YAMAHA,1000,GTS ABS,Routière / GT,2,1993,29,4,1,1000,7,YAMAHA,1100,XS,ROADSTER,2,1978,29,4,1,500,7,,,,,,,,,,,,,,,,,,,,,,,19500,3,4,,,,,,,,NRP,NRP,NRP,NRP,1969,NRP,NRP,1976,NRP,,,
174,6570,137,1,0,5,,,,,,0,4,,,,,,0,5,,,,,,0,1,,,,,,0,5,,,,,,0,4,,,,,,0,3,,,,,,0,2,,,,,,0,3,,,,,,0,5,,,,,,0,5,,,,,,0,1,,,,,,1,3,1987,,,,,0,3,,,,,,0,,1,,,,,,,,,,,,,,,,,,0,1,32,1,61,13,1987,,1987,Vous circuliez derrière un véhicule. Ce véhicule a freiné ou a ralenti et vous lavez percuté par larrière.,4,5,6,,,,,Je roulais de nuit sur l'équivalent d'une route nationale en Italie. Un véhicule arrivait en face en pleins phares. J'allais lui faire un appel de phare lorsque j'ai remarqué que le véhicule devant moi freinait. J'ai commencé à faire de même. J'ai alors constaté que ce véhicule s'était en réalité arrêté. Je suis arrivé donc trop vite sur lui, j'ai essayé de l'éviter par le côté droit. Je n'ai pas réussi totalement et donc je l'ai touché à l'arrière droit.,"- nous revenions de vacances ma femme et moi :  2 personnes sur une moto, avec les bagages, ... donc freinage plus compliqué. - j'ai eu mon attention détournée du véhicule qui roulait devant moi par celui qui arrivait en pleins phare en face - je n'ai pas",- freinage en urgence - constatation que cela ne suffirait pas - essaie d'éviter en passant sur le côté - aucune réaction du véhicule devant qui ne m'a pas vu arriver,NRP,1,chercher à éviter dès le début sans chercher à freiner,plus facile à dire qu'à faire. le réflexe est de freiner,,2,1,2,,NSP,1,Ralentir était suffisant,1,6,,,,,,1,,,,,2,,"Peur du choc, de la blessure",3,3,,,2,1,3,4,1,1,1,1,4,3,4,4,4,10,,,,,,,,,2,,,,,,,,,2,2,,2,1,2,1,30,70,0,0,0,2,,,,,,2,1,,,,2,1,7,,,,,,,1,1,3,2,3,,1,90,1,2,,,,,,,,,4,4,4,4,4,NRP,HONDA,500,VT-E,ROADSTER,2,1,1,1,1,1,1,1,1,1,1,NSP,12,3,1,HONDA,400,CX,ROADSTER,2,3,4,03JUN1961,5,1,3,2,6,4,4,NRP,,,,1,0,0,1,0,1,HONDA,600,CB-F  S,ROADSTER,2,2009,37,2,2,6000,7,,,,,,,,,,,,,,,,,,,,,,,,,,,,,,,,,,,,,,,,,,,,,6000,4,3,,,,,,,,NRP,NRP,NRP,NRP,1983,NRP,NRP,1985,NRP,,
831,6574,,1,0,3,,,,,,0,2,,,,,,0,3,,,,,,0,3,,,,,,0,3,,,,,,0,3,,,,,,0,2,,,,,,0,3,,,,,,1,3,2014,,,,,0,3,,,,,,1,4,1998,,,,,0,3,,,,,,1,3,1992,,,,,2,3,1992,1999,,,,0,,5,,,,,,,,,,,,,,,,,,26,1,25,1,41,9,2014,,,,,,,,,,,,,,,,,,,,,,,,,,,,,,,,,,,,,,,,,,,,,,,,,,,,,,,,,,,,,,,,,,,,,,,,,,,,,,,,,,,,,,,,,,,,,,,,,,,,,,,,,,,,,,,,,,,,,,,,,,,,,,,,,,,,,,,,,,,,,,,,,,,,,,,,,,,,,,10OCT1957,5,1,3,2,2,3,,NRP,,,,0,0,0,2,0,2,BMW,800,F800R ABS,ROADSTER,2,2010,37,1,2,13000,6,BMW,1300,K1300R ABS PACK,ROADSTER,2,2011,37,3,1,10000,6,,,,,,,,,,,,,,,,,,,,,,,,,,,,,,,,,,23000,3,4,,,,,,,,NRP,NRP,NRP,NRP,1990,NRP,NRP,1976,NRP,,,
262,6575,,0,,,,,,,,,,,,,,,,,,,,,,,,,,,,,,,,,,,,,,,,,,,,,,,,,,,,,,,,,,,,,,,,,,,,,,,,,,,,,,,,,,,,,,,,,,,,,,,,,,,,,,,,,,,,,,,,,,,,,,,,,,,,,,,,,,,,,,,,,,,,,,,,,,,,,,,,,,,,,,,,,,,,,,,,,,,,,,,,,,,,,,,,,,,,,,,,,,,,,,,,,,,,,,,,,,,,,,,,,,,,,,,,,,,,,,,,,,,,,,,,,,,,,,,,,,,,,,,,,,,,,,,,,,,,,,,,,,,,,,,,,,,05JUN1988,7,2,3,2,2,5,0,NRP,,,,2,0,0,1,0,1,SUZUKI,500,GS-E,ROADSTER,2,2002,28,3,1,2000,7,,,,,,,,,,,,,,,,,,,,,,,,,,,,,,,,,,,,,,,,,,,,,2000,3,4,,,,,,,,NRP,NRP,NRP,NRP,2009,NRP,NRP,2006,NRP,,,
1364,6577,,1,0,3,,,,,,0,4,,,,,,0,4,,,,,,0,3,,,,,,0,5,,,,,,0,3,,,,,,0,4,,,,,,0,4,,,,,,1,4,2010,,,,,0,5,,,,,,0,5,,,,,,0,4,,,,,,1,6,2011,,,,,0,4,,,,,,0,,2,,,,,,,,,,,,,,,,,,8,3,5,1,61,13,2011,,,,,,,,,,,,,,,,,,,,,,,,,,,,,,,,,,,,,,,,,,,,,,,,,,,,,,,,,,,,,,,,,,,,,,,,,,,,,,,,,,,,,,,,,,,,,,,,,,,,,,,,,,,,,,,,,,,,,,,,,,,,,,,,,,,,,,,,,,,,,,,,,,,,,,,,,,,,,,05JUN1982,4,2,3,2,4,5,2,NRP,,,,0,2,0,2,0,2,KAWASAKI,1000,Z1R,ROADSTER,2,2007,20,1,2,3600,7,KAWASAKI,650,ER-6  N  ABS,ROADSTER,2,2010,43,2,1,1500,7,,,,,,,,,,,,,,,,,,,,,,,,,,,,,,,,,,5100,3,4,,,,,,,,NRP,NRP,NRP,NRP,2010,NRP,NRP,2001,NRP,,,
1915,6579,,1,0,4,,,,,,0,4,,,,,,0,4,,,,,,0,5,,,,,,0,4,,,,,,0,4,,,,,,0,1,,,,,,0,2,,,,,,0,1,,,,,,0,1,,,,,,0,3,,,,,,0,2,,,,,,0,2,,,,,,0,3,,,,,,1,1,1,2013,,,,,ROGNAC,,,,,"Suite à un ralentissement, le véhicule qui me suivait m'a percuté par l'arrière, la conductrice étant en train d'écrire un texto.....",,,,,0,0,4,2,2,1,71,15,2013,ROGNAC,,,,,,,,,,,,,,,,,,,,,,,,,,,,,,,,,,,,,,,,,,,,,,,,,,,,,,,,,,,,,,,,,,,,,,,,,,,,,,,,,,,,,,,,,,,,,,,,,,,,,,,,,,,,,,,,,,,,,,,,,,,,,,,,,,,,,,,,,,,,,,,,,,,,,,,,,,,,,12MAY1959,5,2,3,2,3,4,1,NRP,,,,2,0,0,3,0,1,YAMAHA,125,YB-R,ROADSTER,2,2011,33,1,1,12000,7,,,,,,,,,,,,,,,,,,,,,,,,,,,,,,,,,,,,,,,,,,,,,12000,4,2,,,,,,,,NRP,NRP,NRP,1978,NRP,NRP,NRP,1978,NRP,,,