Ligne,Ligne Q qualif,Ligne approfondissement Accident,ACCIDENT,NBACC1,ACCFREQUENCE1,ANNEEACC1_1,ANNEEACC1_2,ANNEEACC1_3,ANNEEACC1_4,ANNEEACC1_5,NBACC2,ACCFREQUENCE2,ANNEEACC2_1,ANNEEACC2_2,ANNEEACC2_3,ANNEEACC2_4,ANNEEACC2_5,NBACC3,ACCFREQUENCE3,ANNEEACC3_1,ANNEEACC3_2,ANNEEACC3_3,ANNEEACC3_4,ANNEEACC3_5,NBACC4,ACCFREQUENCE4,ANNEEACC4_1,ANNEEACC4_2,ANNEEACC4_3,ANNEEACC4_4,ANNEEACC4_5,NBACC5,ACCFREQUENCE5,ANNEEACC5_1,ANNEEACC5_2,ANNEEACC5_3,ANNEEACC5_4,ANNEEACC5_5,NBACC6,ACCFREQUENCE6,ANNEEACC6_1,ANNEEACC6_2,ANNEEACC6_3,ANNEEACC6_4,ANNEEACC6_5,NBACC7,ACCFREQUENCE7,ANNEEACC7_1,ANNEEACC7_2,ANNEEACC7_3,ANNEEACC7_4,ANNEEACC7_5,NBACC8,ACCFREQUENCE8,ANNEEACC8_1,ANNEEACC8_2,ANNEEACC8_3,ANNEEACC8_4,ANNEEACC8_5,NBACC9,ACCFREQUENCE9,ANNEEACC9_1,ANNEEACC9_2,ANNEEACC9_3,ANNEEACC9_4,ANNEEACC9_5,NBACC10,ACCFREQUENCE10,ANNEEACC10_1,ANNEEACC10_2,ANNEEACC10_3,ANNEEACC10_4,ANNEEACC10_5,NBACC11,ACCFREQUENCE11,ANNEEACC11_1,ANNEEACC11_2,ANNEEACC11_3,ANNEEACC11_4,ANNEEACC11_5,NBACC12,ACCFREQUENCE12,ANNEEACC12_1,ANNEEACC12_2,ANNEEACC12_3,ANNEEACC12_4,ANNEEACC12_5,NBACC13,ACCFREQUENCE13,ANNEEACC13_1,ANNEEACC13_2,ANNEEACC13_3,ANNEEACC13_4,ANNEEACC13_5,NBACC14,ACCFREQUENCE14,ANNEEACC14_1,ANNEEACC14_2,ANNEEACC14_3,ANNEEACC14_4,ANNEEACC14_5,AUTRESACC,NBAUTRESACC,TOTAL_AC,ANNEEAUTREACC1,ANNEEAUTREACC2,ANNEEAUTREACC3,ANNEEAUTREACC4,ANNEEAUTREACC5,LIEUAUTREACC1,LIEUAUTREACC2,LIEUAUTREACC3,LIEUAUTREACC4,LIEUAUTREACC5,DESCRIPTIONAUTRESACC1,DESCRIPTIONAUTRESACC2,DESCRIPTIONAUTRESACC3,DESCRIPTIONAUTRESACC4,DESCRIPTIONAUTRESACC5,NBAUTRESACCCIRCUIT,NBAUTRESTOUTTERRAIN,EXPCYCLO,EXP125,EXPSUP125,ACCORDNEXTQ,CHOIXACC,RGPMTACC,RECUPANNEE,RECUPLIEU,RECUPANNE,RGPMTAC,CHOIX1,CHOIX2,CHOIX3,CHOIX4,CHOIX5,CHOIX6,CHOIX7,DESCRIPTION,RUPTURE,FAITS,ABS_REACTION,AUTRE_REACTION,PRECISIONREACTIONOUI,RECUL,PRECISIONREACTIONNON,IMPACTCOMPORTEMENT,AUTREUSAGER,REACTIONAUTREUSAGER,CONNAISSANCEREACTIONUSAGER,DIFFICULTES,AGGRAVATION,DIFFICULTES2,EMOTIONS1,EMOTIONS2,EMOTIONS3,EMOTIONS4,EMOTIONS5,EMOTIONS6,AUTRESENTIMENT,CLASSEMENTEMOTIONS1,CLASSEMENTEMOTIONS,CLASSEMENTEMOTIONS5,CLASSEMENTEMOTIONS6,CLASSEMENTEMOTIONS7,CLASSEMENTEMOTIONS8,CLASSEMENTEMOTIONS9,EXPLICATIONRESSENTI,BIENEQUIPE,ALLURE,ALLUREVITEDETAIL,ALLURELENTEDETAIL,SITUATIONPRESSE,SITUATIONDISTRAIT,SITUATIONCONFIANT,SITUATIONCONTROLE,SITUATIONLUDIQUE,SITUATIONPERF,SITUATIONSTRESS,SITUATIONFATIGUE,HUMEURNEUTRE,HUMEURGAI,HUMEURMECONTENT,HUMEURTRISTE,HUMEURCOLERE,CONTRIBUTION1,CONTRIBUTION2,CONTRIBUTION3,CONTRIBUTION4,CONTRIBUTION5,CONTRIBUTION6,CONTRIBUTION7,CONTRIBUTION8,CONTRIBUTION9,ROLEINFRA,ELEMENTINFRA1,ELEMENTINFRA2,ELEMENTINFRA3,ELEMENTINFRA4,ELEMENTINFRA5,ELEMENTINFRA6,ELEMENTINFRA7,ELEMENTINFRA8,ELEMENTINFRA9,ALCOOL,TXALCOOL,STUP,SEMAINE,MOMENTJOURNEE,TEMPS,CAUSEACC1,CAUSEACC2,CAUSEACC3,CAUSEACC4,CAUSEACC5,FORMATIONCAUSE,FORMATION1,FORMATION2,FORMATION3,FORMATION4,FORMATION5,TRAFIC,CHAUSSEE1,CHAUSSEE2,CHAUSSEE3,CHAUSSEE4,TYPEACC,BLESSURE,TETE,COU,THORAX,MEMBRESSUP,COLONNE,BASSIN,MEMBRESINF,HOPITAL,PLUS24H,TRAJET,TYPEROUTE,MOTIF,SENSTRAJET,PASSAGER,VITESSE,DESCEQ1,DESCEQ2,DESCEQ3,DESCEQ4,DESCEQ5,DESCEQ6,DESCEQ7,DESCEQ8,DESCEQ9,DESCEQ10,VEHICULEETE,VEHICULEAUTOMNE,VEHICULEPRINTEMPS,VEHICULEHIVER,VEHICULESEMAINE,VEHICULEWE,VEHMARQUE,VEHCYLINDREE,VEHMODELE,VEHSEGMENT,VEHSIDE,EQ2RMABS,EQ2RMCBS,EQ2RMABSCBS,EQ2RMREGULATEUR,EQ2RMLIMITEUR,EQ2RMPHARESDIRECT,EQ2RMCOUPURE,EQ2RMANTIPATINAGE,EQ2RMANTIXHEELING,EQ2RMSTABILILTE,VEHKM,POINTS,DUREE,AUTRE2RM,VEHPRECMARQUE,VEHPRECCYLINDREE,VEHPRECMODELE,VEHPRECSEGMENT,VEHPRECSIDE,TEMPS2RMPREC,FREQVEHPREC,DATE_NAISS,CSP,SOCIETAIRE,SALARIE,SECTEUR2RM,NBPERSFOYER,SITFAM,NBENF,TRNBENF1,TRNBENF2,TRNBENF3,TRNBENF4,NBAUTOFOYER,NBCYCLOFOYER,NBSCOOTFOYER,NBMOTOFOYER,NBTRIKEFOYER,NB2RMCONDUIT,MARQUE1,CYLINDREE1,MODELE1,SEGMENT1,SIDE1,ANMISECIRCU1,ASS1,FREQ1,USAGE1,NBKM1,GARAGE1,MARQUE2,CYLINDREE2,MODELE2,SEGMENT2,SIDE2,ANMISECIRCU2,ASS2,FREQ2,USAGE2,NBKM2,GARAGE2,MARQUE3,CYLINDREE3,MODELE3,SEGMENT3,SIDE3,ANMISECIRCU3,ASS3,FREQ3,USAGE3,NBKM3,GARAGE3,MARQUE4,CYLINDREE4,MODELE4,SEGMENT4,SIDE4,ANMISECIRCU4,ASS4,FREQ4,USAGE4,NBKM4,GARAGE4,MARQUE5,CYLINDREE5,MODELE5,SEGMENT5,SIDE5,ANMISECIRCU5,ASS5,FREQ5,USAGE5,NBKM5,GARAGE5,NBKMTOT,PERMIS1,PERMIS2,PERMIS3,PERMIS4,PERMIS5,PERMIS6,PERMIS7,PERMIS8,PERMIS9,ANPERMIS1,ANPERMIS6,ANPERMIS7,ANPERMIS2,ANPERMIS3,ANPERMIS8,ANPERMIS9,ANPERMIS4,ANPERMIS5,,,
1206,6582,33,1,0,4,,,,,,0,6,,,,,,0,5,,,,,,0,5,,,,,,0,6,,,,,,0,5,,,,,,0,2,,,,,,0,4,,,,,,1,3,2006,,,,,0,4,,,,,,0,6,,,,,,0,4,,,,,,0,4,,,,,,0,4,,,,,,0,,1,,,,,,,,,,,,,,,,,,4,0,12,1,41,9,2006,,2006,"Vous avez fait une sortie de route, une perte de contrôle ou une glissade sans rien percuter.",1,2,,,,,,"Période difficile dans ma vie personnelle, veille du jour de noel, temps froid et brumeux, pneu avant trop usé. En fait tout était fait pour la chute.... N'ayant pas les sous pour changé mon pneu, ma moto était ""remisée"" pour attendre le début de l'année et un solde positif à la banque pour changer le pneu. Samedi matin, obligation de faire une dernière course pour mon neveu : vu le jour, la distance (à l'autre bout de Bdx), décision prise de prendre la moto ! J'ai mis 2h à sortir : je suis allé cherché mon pantalon en cuir dans le garage : trop froid pour le mettre, je vais attendre qu'il chauffe dans le salon. Au bout de 30min, même chose pour les bottes :-(. En clair pas envie de faire de la moto. Je sors quand même, je me trompe de sortie sur la rocade ce qui m'oblige à prendre le pont d'aquitaine et faire demi-tour. Je rentre bredouille, je vais dans un autre centre commerciale, je me retrompe.... enfin pas à la route. Puis arrivée à 1km de chez moi, je freine pour ralentir à un dos d'ane, et je me retrouve par terre sans rien comprendre, je suis trainé sur le dos d'ane par la moto avec ma jambe gauche coincée sous la moto. Après ""la bosse"", je pousse la moto avec la jambe droite. La moto continue à glisser et moi je m'arrête rapidement. Une voiture (205 blanche) avec une jeune fille au volent arrive en face et passe entre ma moto et mon gsm qui est sorti de ma poche en prenant soin de ne pas l'écraser... Je pense qu'elle a eu peur de voir du ""sang"". Le bruit a fait sortir un homme qui vient m'aider à relever la moto mais j'étais le premier sur place :-). Il m'accueille chez lui, me donne un sucre au café (il parait que j'étais tout blanc) et j'appelle l'assistance. Je connais son épouse qui est élue FCPE dans le même établissement de mes filles : le monde est petit. Je repars au bout de 15min, à pied en poussant ma moto (carter fendu). Un motard me propose son aide, mais je suis à 2 pas de chez moi. Le camion d'assistance arrive 1h après. J'ai un gros bleu à la cuisse, une brulure à l'avant brase. Mes bottes ont joué leur role : je voies mes orteils intact par le trou.... Vala, c'est marrant cela faisait longtemps que je n'en avais pas parlé et j'ai m'impression que c'était hier. J'ai mis 3 ou 4 ans à comprendre pourquoi j'étais tombé (la réponse technique) : au stage AFDM :-)","Comme il faisait très froid, j'avais mis des sous gants (ce que je ne fais jamais) qui m'on retirait de la sensibilité aux commandes. La fatigue et la tête ailleurs.",C'est l'action sur le frein avant qui a provoqué la chute. Je me suis retrouvé par terre à une vitesse inimaginable.,NRP,1,"Verrouille mes bras au moment du freinage, anticiper un peu plus : avec la fatigue et l'envie de rentrer ""au chaud"", je suis surement arrivé trop vite par rapport à la fatigue, connaissance des lieux, etc....",J'avais oublié qu'il faut verrouillé les bras sur un freinage appuyé de l'avant. Ne pas rouler avec un pneu avant mort !,,2,0,,,,,,2,6,9,,,,"Je m'ne souviens encore, je me suis dis : ""bon ca c'est fait""",,3,,,,2,1,"surement parce que je n'étais pas en état pour faire du 2 roues. Je pars du principe qu'il faut que certaines choses soient réunis pour monter sur sa moto (en forme, concentré, libéré des contraintes persos, etc...) et ce jour là tout était en opposition",4,1,2,,2,4,3,3,1,1,4,4,4,4,3,3,4,2,3,4,,,,,,,2,,,,,,,,,2,2,,2,2,1,1,80,0,0,0,20,1,AUT|Oubli par manque d'insistance sur le sujet au moment de la formation,,,,,1,1,,,,1,,,,,,,,,,,1,1,3,,0,60,1,2,3,4,7,9,,,,,3,3,3,3,3,3,SUZUKI,1200,BANDIT-S,ROADSTER,2,1,1,1,1,1,1,1,1,1,1,6000,12,4,1,SUZUKI,600,BANDIT-S,ROADSTER,2,4,3,28JAN1972,5,1,2,2,4,4,2,NRP,,,,1,0,0,4,0,4,DUCATI,1000,ST3,Routière / GT,2,2004,37,3,1,12000,5,SUZUKI,650,SV-S,Routière / GT,2,2006,37,4,1,1000,5,HONDA,600,CBR-RR IE,SPORTIVE,2,2007,37,3,1,2500,5,SUZUKI,650,DR 650 SET,TRAIL / SUPERMOTARD,2,1996,37,2,2,2500,5,,,,,,,,,,,,18000,3,4,,,,,,,,NRP,NRP,NRP,NRP,1996,NRP,NRP,1990,NRP,,,
978,6583,368,1,0,5,,,,,,0,4,,,,,,0,4,,,,,,0,2,,,,,,0,4,,,,,,0,3,,,,,,1,3,2010,,,,,0,3,,,,,,0,4,,,,,,0,4,,,,,,0,4,,,,,,0,2,,,,,,1,2,1978,,,,,0,2,,,,,,1,5,7,1978,NSP,2009,2010,2012,Le plessis trev,campagne,A86,Ne sais plus,Route montagne,Véhicule précédent suivi de trop près,ne sais pas,Heurté par l'arrière sur l'A86,Perte de l'avant de la moto et j'ai heurté le véhicule arrivant en sens inverse,J'ai du éviter un véhicule qui coupait un virage,0,5,2,3,33,1,73,15,2009,A86,2009,Autre(s) type(s) d'accident(s).,6,,,,,,,"J'étais derrière un camion sur la file de gauche, les deux files de véhicules roulaient au pas lorsque j'ai été percuté par l'arrière par une voiture qui n'a pas anticipé le freinage. Le véhicule m'a semblé en surcharge, 3 personnes à bord mais le véhicule plein, une quatrième personne n'aurait pas pu rentrer, et une charge sur le toit. Je n'ai absolument pas vu ni entendu venir le sinistre. Le conducteur aurait pu m'éviter en emmenant son véhicule dans le rail de sécurité, mais il a voulu rester sur sa ligne jusqu'au bout et a choisi de me percuter. Il est à noter que pour une fois que je ne remontais pas les files de voitures j'ai eu un accident.",Pour moi c'est le non respect des distances de sécurité allié à la surcharge du véhicule qui m'a parue au dela de ce qu'elle aurait du être.,"Je n'ai malheureusement rien pu anticiper, donc aucune action sur les commandes de ma machine.",3,0,,,"Le choc arrière m'a surpris, il n'y a même pas eu de crissement des pneus.",2,0,,,,,,7,,,,,,,,,,,,,,,2,4,,,1,1,4,1,1,1,1,1,1,4,4,4,4,10,,,,,,,,,2,,,,,,,,,2,2,,2,2,1,1,0,100,0,0,0,2,,,,,,4,1,,,,2,1,7,,,,,,,1,0,1,3,3,,0,5,1,10,2,5,,,,,,,4,4,4,4,4,NRP,HONDA,600,TRANSALP +35KW,TRAIL / SUPERMOTARD,2,1,1,1,1,1,1,1,1,1,1,60000,12,4,1,HONDA,600,SILVER WING,SCOOTER,2,4,4,02JUL1962,5,2,3,2,2,3,,NRP,,,,0,0,0,3,0,3,HONDA,1800,GOLD WING,Routière / GT,2,2011,29,4,1,4000,4,BMW,800,F800ST,Routière / GT,2,2006,29,4,1,2000,4,KAWASAKI,1000,GTR,Routière / GT,2,2002,29,1,2,12000,4,,,,,,,,,,,,,,,,,,,,,,,18000,2,4,7,8,9,,,,,NRP,NRP,1978,1978,NRP,1981,1981,1980,NRP,,,
2212,6583,368,1,0,4,,,,,,0,3,,,,,,0,4,,,,,,0,4,,,,,,0,4,,,,,,0,3,,,,,,1,4,2009,,,,,0,4,,,,,,4,5,1978,1982,NSP,NSP,,0,3,,,,,,0,4,,,,,,0,2,,,,,,1,4,1979,,,,,0,3,,,,,,1,1,7,2009,,,,,Creteil,,,,,J'ai été percuté par l'arrière sur l'autoroute A86,,,,,0,5,2,3,34,1,31,7,2009,,2009,Autre(s) type(s) d'accident(s).,6,,,,,,,"J'étais derrière un camion sur la file de gauche, les deux files de véhicules roulaient au pas lorsque j'ai été percuté par l'arrière par une voiture qui n'a pas anticipé le freinage. Le véhicule m'a semblé en surcharge, 3 personnes à bord mais le véhicule plein, une quatrième personne n'aurait pas pu rentrer, et une charge sur le toit. Je n'ai absolument pas vu ni entendu venir le sinistre. Le conducteur aurait pu m'éviter en emmenant son véhicule dans le rail de sécurité, mais il a voulu rester sur sa ligne jusqu'au bout et a choisi de me percuter. Il est à noter que pour une fois que je ne remontais pas les files de voitures j'ai eu un accident.",Pour moi c'est le non respect des distances de sécurité allié à la surcharge du véhicule qui m'a parue au dela de ce qu'elle aurait du être.,"Je n'ai malheureusement rien pu anticiper, donc aucune action sur les commandes de ma machine.",3,0,,,"Le choc arrière m'a surpris, il n'y a même pas eu de crissement des pneus.",2,0,,,,,,7,,,,,,,,,,,,,,,2,4,,,1,1,4,1,1,1,1,1,1,4,4,4,4,10,,,,,,,,,2,,,,,,,,,2,2,,2,2,1,1,0,100,0,0,0,2,,,,,,4,1,,,,2,1,7,,,,,,,1,0,1,3,3,,0,5,1,10,2,5,,,,,,,4,4,4,4,4,NRP,HONDA,600,TRANSALP +35KW,TRAIL / SUPERMOTARD,2,1,1,1,1,1,1,1,1,1,1,60000,12,4,1,HONDA,600,SILVER WING,SCOOTER,2,4,4,02JUL1962,5,2,3,2,2,3,,NRP,,,,0,0,0,3,0,3,HONDA,1800,GOLD WING,Routière / GT,2,2011,29,4,1,4000,4,BMW,800,F800ST,Routière / GT,2,2006,29,4,1,2000,4,KAWASAKI,1000,GTR,Routière / GT,2,2002,29,1,2,12000,4,,,,,,,,,,,,,,,,,,,,,,,18000,2,4,7,8,9,,,,,NRP,NRP,1978,1978,NRP,1981,1981,1980,NRP,,,
1865,6584,,1,0,6,,,,,,0,4,,,,,,0,5,,,,,,0,5,,,,,,0,6,,,,,,0,2,,,,,,0,5,,,,,,1,5,2011,,,,,1,5,2011,,,,,0,5,,,,,,0,4,,,,,,0,2,,,,,,0,3,,,,,,0,2,,,,,,1,2,4,1988,2011,,,,71760,chalmoux,,,,la voiture qui venait en face c'est déportée sur ma vois,"je n'ais pas vu un virage derrière un dos d'âne et je sortie de la route, sans domage  il y avait un chemin...",,,,0,0,4,0,27,1,71,15,1988,71760,,,,,,,,,,,,,,,,,,,,,,,,,,,,,,,,,,,,,,,,,,,,,,,,,,,,,,,,,,,,,,,,,,,,,,,,,,,,,,,,,,,,,,,,,,,,,,,,,,,,,,,,,,,,,,,,,,,,,,,,,,,,,,,,,,,,,,,,,,,,,,,,,,,,,,,,,,,,,26MAR1967,7,2,3,2,3,4,1,NRP,,,,2,1,0,3,0,4,YAMAHA,850,TDM,ROADSTER,2,2001,29,1,2,12500,7,YAMAHA,250,WR,"TOUT TERRAIN (TRIAL, ENDURO, CROSS)",2,1996,29,4,1,500,7,YAMAHA,100,AG,TRAIL / SUPERMOTARD,2,1998,29,4,1,500,7,MBK,50,X-LIMIT,TRAIL / SUPERMOTARD,2,2007,26,3,1,500,7,,,,,,,,,,,,14000,3,4,,,,,,,,NRP,NRP,NRP,NRP,1988,NRP,NRP,1985,NRP,,,
1531,6588,,1,0,1,,,,,,0,6,,,,,,0,6,,,,,,0,6,,,,,,0,5,,,,,,0,5,,,,,,0,5,,,,,,1,6,2009,,,,,0,5,,,,,,0,6,,,,,,0,6,,,,,,0,3,,,,,,0,6,,,,,,0,4,,,,,,0,,1,,,,,,,,,,,,,,,,,,0,15,20,1,36,8,2009,,,,,,,,,,,,,,,,,,,,,,,,,,,,,,,,,,,,,,,,,,,,,,,,,,,,,,,,,,,,,,,,,,,,,,,,,,,,,,,,,,,,,,,,,,,,,,,,,,,,,,,,,,,,,,,,,,,,,,,,,,,,,,,,,,,,,,,,,,,,,,,,,,,,,,,,,,,,,,18JUL1968,7,1,1,2,4,4,2,NRP,,,,2,0,0,2,0,2,HONDA,1100,PAN EUROPEAN,Routière / GT,2,1998,37,2,2,20000,7,HONDA,1100,PAN EUROPEAN,Routière / GT,2,1991,37,2,1,5000,4,,,,,,,,,,,,,,,,,,,,,,,,,,,,,,,,,,25000,3,4,,,,,,,,NRP,NRP,NRP,NRP,1988,NRP,NRP,1988,NRP,,,
1659,6590,,0,,,,,,,,,,,,,,,,,,,,,,,,,,,,,,,,,,,,,,,,,,,,,,,,,,,,,,,,,,,,,,,,,,,,,,,,,,,,,,,,,,,,,,,,,,,,,,,,,,,,,,,,,,,,,,,,,,,,,,,,,,,,,,,,,,,,,,,,,,,,,,,,,,,,,,,,,,,,,,,,,,,,,,,,,,,,,,,,,,,,,,,,,,,,,,,,,,,,,,,,,,,,,,,,,,,,,,,,,,,,,,,,,,,,,,,,,,,,,,,,,,,,,,,,,,,,,,,,,,,,,,,,,,,,,,,,,,,,,,,,,,,10OCT1985,8,1,3,2,1,1,,NRP,,,,1,0,0,1,0,1,SUZUKI,750,GSX-R,SPORTIVE,2,2000,37,2,1,3000,7,,,,,,,,,,,,,,,,,,,,,,,,,,,,,,,,,,,,,,,,,,,,,3000,2,3,4,,,,,,,NRP,NRP,NRP,2002,2005,NRP,NRP,2003,NRP,,,
1376,6592,,0,,,,,,,,,,,,,,,,,,,,,,,,,,,,,,,,,,,,,,,,,,,,,,,,,,,,,,,,,,,,,,,,,,,,,,,,,,,,,,,,,,,,,,,,,,,,,,,,,,,,,,,,,,,,,,,,,,,,,,,,,,,,,,,,,,,,,,,,,,,,,,,,,,,,,,,,,,,,,,,,,,,,,,,,,,,,,,,,,,,,,,,,,,,,,,,,,,,,,,,,,,,,,,,,,,,,,,,,,,,,,,,,,,,,,,,,,,,,,,,,,,,,,,,,,,,,,,,,,,,,,,,,,,,,,,,,,,,,,,,,,,,20JUN1972,5,2,3,2,3,4,1,NRP,,,,1,0,1,0,0,1,PIAGGIO,125,X8 PREMIUM,SCOOTER,2,2005,31,2,2,2500,7,,,,,,,,,,,,,,,,,,,,,,,,,,,,,,,,,,,,,,,,,,,,,2500,4,3,,,,,,,,NRP,NRP,NRP,NRP,2012,NRP,NRP,1990,NRP,,,
56,6593,44,1,0,2,,,,,,0,4,,,,,,0,4,,,,,,0,4,,,,,,0,6,,,,,,0,5,,,,,,0,4,,,,,,1,5,NSP,,,,,1,4,NSP,,,,,0,6,,,,,,0,6,,,,,,0,6,,,,,,0,5,,,,,,0,6,,,,,,0,,2,,,,,,,,,,,,,,,,,,0,0,12,1,36,8,0,,-1,"Vous avez fait une sortie de route, une perte de contrôle ou une glissade puis avez percuté un obstacle fixe (panneau, arbre poteau ).",1,,,,,,,"L'accident a eu lieu sur une petite route de campagne sous la pluie. Une voiture arrive face à moi en plein phare. je suis bien sur ébloui et que je ""retouve la vue"" je suis en entrée de virage. Immédiatement je freine AV et AR sauf que sur la route il y a des bandes en pavés formant une saillie de 1 ou 2 cm, ce qui a pour effets de faire ""sauter"" la roue avant et de la bloquer. Perte du contrôle avant de la moto = chute.",Voiture en plein phare Décoration par bandes pavés de la route (abord d'un golf),J'étais seul car la voiture ne c'est pas arretée. Blocage de la roue avant du au freinage (réaction) sur un mauvais revêtement,NRP,0,,,Si je n'avais pas ralenti je serai dans le faussé aussi.,2,0,,,,,,2,6,,,,,,,1,,,,2,,"Le surprise de voir le virage devant moi, j'étais éblouis par la voiture. C'est comme si on vous demandez de fermer les yeux pendant trente second.",4,3,,,1,1,3,3,3,1,1,1,3,3,4,4,4,10,,,,,,,,,1,3,,,,,,,,2,2,,2,1,2,2,0,60,0,35,5,2,,,,,,1,2,,,,2,1,4,,,,,,,1,0,2,2,3,,0,40,1,2,3,4,9,,,,,,4,4,4,4,4,4,SUZUKI,750,GSX-F,Routière / GT,2,1,1,1,1,1,1,2,1,1,1,NSP,12,4,0,,,,,,,,01OCT1982,7,2,3,2,2,3,,NRP,,,,2,0,0,1,0,1,KAWASAKI,1700,VN VOYAGER CUSTOM,CUSTOM,2,2011,24,1,2,30000,7,,,,,,,,,,,,,,,,,,,,,,,,,,,,,,,,,,,,,,,,,,,,,30000,7,4,3,2,,,,,,NRP,NRP,2001,2001,2005,NRP,NRP,2001,NRP,,,
455,6594,,0,,,,,,,,,,,,,,,,,,,,,,,,,,,,,,,,,,,,,,,,,,,,,,,,,,,,,,,,,,,,,,,,,,,,,,,,,,,,,,,,,,,,,,,,,,,,,,,,,,,,,,,,,,,,,,,,,,,,,,,,,,,,,,,,,,,,,,,,,,,,,,,,,,,,,,,,,,,,,,,,,,,,,,,,,,,,,,,,,,,,,,,,,,,,,,,,,,,,,,,,,,,,,,,,,,,,,,,,,,,,,,,,,,,,,,,,,,,,,,,,,,,,,,,,,,,,,,,,,,,,,,,,,,,,,,,,,,,,,,,,,,,24JAN1981,5,1,3,2,3,4,1,NRP,,,,1,0,0,1,0,1,KAWASAKI,650,ER-6  F,Routière / GT,2,2007,37,2,1,6000,7,,,,,,,,,,,,,,,,,,,,,,,,,,,,,,,,,,,,,,,,,,,,,6000,2,3,4,7,,,,,,NRP,NRP,2001,2001,2010,NRP,NRP,2001,NRP,,,
657,6595,,1,0,2,,,,,,0,3,,,,,,0,6,,,,,,0,1,,,,,,0,3,,,,,,0,2,,,,,,0,2,,,,,,0,2,,,,,,1,2,NSP,,,,,0,3,,,,,,0,4,,,,,,0,1,,,,,,1,4,NSP,,,,,0,1,,,,,,0,,2,,,,,,,,,,,,,,,,,,8,2,6,1,61,13,0,,,,,,,,,,,,,,,,,,,,,,,,,,,,,,,,,,,,,,,,,,,,,,,,,,,,,,,,,,,,,,,,,,,,,,,,,,,,,,,,,,,,,,,,,,,,,,,,,,,,,,,,,,,,,,,,,,,,,,,,,,,,,,,,,,,,,,,,,,,,,,,,,,,,,,,,,,,,,,31OCT1983,5,1,3,2,2,3,,NRP,,,,1,1,0,1,0,1,YAMAHA,600,R6 (YZF-R6),SPORTIVE,2,2008,37,3,1,6000,7,,,,,,,,,,,,,,,,,,,,,,,,,,,,,,,,,,,,,,,,,,,,,6000,3,,,,,,,,,NRP,NRP,NRP,NRP,2008,NRP,NRP,NRP,NRP,,,
1959,6596,,0,,,,,,,,,,,,,,,,,,,,,,,,,,,,,,,,,,,,,,,,,,,,,,,,,,,,,,,,,,,,,,,,,,,,,,,,,,,,,,,,,,,,,,,,,,,,,,,,,,,,,,,,,,,,,,,,,,,,,,,,,,,,,,,,,,,,,,,,,,,,,,,,,,,,,,,,,,,,,,,,,,,,,,,,,,,,,,,,,,,,,,,,,,,,,,,,,,,,,,,,,,,,,,,,,,,,,,,,,,,,,,,,,,,,,,,,,,,,,,,,,,,,,,,,,,,,,,,,,,,,,,,,,,,,,,,,,,,,,,,,,,,20AUG1973,7,2,3,2,4,4,2,NRP,,,,1,0,0,1,0,1,KAWASAKI,125,ELIMINATOR,CUSTOM,2,1998,33,1,2,9000,4,,,,,,,,,,,,,,,,,,,,,,,,,,,,,,,,,,,,,,,,,,,,,9000,5,4,,,,,,,,NRP,NRP,NRP,NRP,NRP,NRP,NRP,1993,2011,,,