Ligne,Ligne Q qualif,Ligne approfondissement Accident,ACCIDENT,NBACC1,ACCFREQUENCE1,ANNEEACC1_1,ANNEEACC1_2,ANNEEACC1_3,ANNEEACC1_4,ANNEEACC1_5,NBACC2,ACCFREQUENCE2,ANNEEACC2_1,ANNEEACC2_2,ANNEEACC2_3,ANNEEACC2_4,ANNEEACC2_5,NBACC3,ACCFREQUENCE3,ANNEEACC3_1,ANNEEACC3_2,ANNEEACC3_3,ANNEEACC3_4,ANNEEACC3_5,NBACC4,ACCFREQUENCE4,ANNEEACC4_1,ANNEEACC4_2,ANNEEACC4_3,ANNEEACC4_4,ANNEEACC4_5,NBACC5,ACCFREQUENCE5,ANNEEACC5_1,ANNEEACC5_2,ANNEEACC5_3,ANNEEACC5_4,ANNEEACC5_5,NBACC6,ACCFREQUENCE6,ANNEEACC6_1,ANNEEACC6_2,ANNEEACC6_3,ANNEEACC6_4,ANNEEACC6_5,NBACC7,ACCFREQUENCE7,ANNEEACC7_1,ANNEEACC7_2,ANNEEACC7_3,ANNEEACC7_4,ANNEEACC7_5,NBACC8,ACCFREQUENCE8,ANNEEACC8_1,ANNEEACC8_2,ANNEEACC8_3,ANNEEACC8_4,ANNEEACC8_5,NBACC9,ACCFREQUENCE9,ANNEEACC9_1,ANNEEACC9_2,ANNEEACC9_3,ANNEEACC9_4,ANNEEACC9_5,NBACC10,ACCFREQUENCE10,ANNEEACC10_1,ANNEEACC10_2,ANNEEACC10_3,ANNEEACC10_4,ANNEEACC10_5,NBACC11,ACCFREQUENCE11,ANNEEACC11_1,ANNEEACC11_2,ANNEEACC11_3,ANNEEACC11_4,ANNEEACC11_5,NBACC12,ACCFREQUENCE12,ANNEEACC12_1,ANNEEACC12_2,ANNEEACC12_3,ANNEEACC12_4,ANNEEACC12_5,NBACC13,ACCFREQUENCE13,ANNEEACC13_1,ANNEEACC13_2,ANNEEACC13_3,ANNEEACC13_4,ANNEEACC13_5,NBACC14,ACCFREQUENCE14,ANNEEACC14_1,ANNEEACC14_2,ANNEEACC14_3,ANNEEACC14_4,ANNEEACC14_5,AUTRESACC,NBAUTRESACC,TOTAL_AC,ANNEEAUTREACC1,ANNEEAUTREACC2,ANNEEAUTREACC3,ANNEEAUTREACC4,ANNEEAUTREACC5,LIEUAUTREACC1,LIEUAUTREACC2,LIEUAUTREACC3,LIEUAUTREACC4,LIEUAUTREACC5,DESCRIPTIONAUTRESACC1,DESCRIPTIONAUTRESACC2,DESCRIPTIONAUTRESACC3,DESCRIPTIONAUTRESACC4,DESCRIPTIONAUTRESACC5,NBAUTRESACCCIRCUIT,NBAUTRESTOUTTERRAIN,EXPCYCLO,EXP125,EXPSUP125,ACCORDNEXTQ,CHOIXACC,RGPMTACC,RECUPANNEE,RECUPLIEU,RECUPANNE,RGPMTAC,CHOIX1,CHOIX2,CHOIX3,CHOIX4,CHOIX5,CHOIX6,CHOIX7,DESCRIPTION,RUPTURE,FAITS,ABS_REACTION,AUTRE_REACTION,PRECISIONREACTIONOUI,RECUL,PRECISIONREACTIONNON,IMPACTCOMPORTEMENT,AUTREUSAGER,REACTIONAUTREUSAGER,CONNAISSANCEREACTIONUSAGER,DIFFICULTES,AGGRAVATION,DIFFICULTES2,EMOTIONS1,EMOTIONS2,EMOTIONS3,EMOTIONS4,EMOTIONS5,EMOTIONS6,AUTRESENTIMENT,CLASSEMENTEMOTIONS1,CLASSEMENTEMOTIONS,CLASSEMENTEMOTIONS5,CLASSEMENTEMOTIONS6,CLASSEMENTEMOTIONS7,CLASSEMENTEMOTIONS8,CLASSEMENTEMOTIONS9,EXPLICATIONRESSENTI,BIENEQUIPE,ALLURE,ALLUREVITEDETAIL,ALLURELENTEDETAIL,SITUATIONPRESSE,SITUATIONDISTRAIT,SITUATIONCONFIANT,SITUATIONCONTROLE,SITUATIONLUDIQUE,SITUATIONPERF,SITUATIONSTRESS,SITUATIONFATIGUE,HUMEURNEUTRE,HUMEURGAI,HUMEURMECONTENT,HUMEURTRISTE,HUMEURCOLERE,CONTRIBUTION1,CONTRIBUTION2,CONTRIBUTION3,CONTRIBUTION4,CONTRIBUTION5,CONTRIBUTION6,CONTRIBUTION7,CONTRIBUTION8,CONTRIBUTION9,ROLEINFRA,ELEMENTINFRA1,ELEMENTINFRA2,ELEMENTINFRA3,ELEMENTINFRA4,ELEMENTINFRA5,ELEMENTINFRA6,ELEMENTINFRA7,ELEMENTINFRA8,ELEMENTINFRA9,ALCOOL,TXALCOOL,STUP,SEMAINE,MOMENTJOURNEE,TEMPS,CAUSEACC1,CAUSEACC2,CAUSEACC3,CAUSEACC4,CAUSEACC5,FORMATIONCAUSE,FORMATION1,FORMATION2,FORMATION3,FORMATION4,FORMATION5,TRAFIC,CHAUSSEE1,CHAUSSEE2,CHAUSSEE3,CHAUSSEE4,TYPEACC,BLESSURE,TETE,COU,THORAX,MEMBRESSUP,COLONNE,BASSIN,MEMBRESINF,HOPITAL,PLUS24H,TRAJET,TYPEROUTE,MOTIF,SENSTRAJET,PASSAGER,VITESSE,DESCEQ1,DESCEQ2,DESCEQ3,DESCEQ4,DESCEQ5,DESCEQ6,DESCEQ7,DESCEQ8,DESCEQ9,DESCEQ10,VEHICULEETE,VEHICULEAUTOMNE,VEHICULEPRINTEMPS,VEHICULEHIVER,VEHICULESEMAINE,VEHICULEWE,VEHMARQUE,VEHCYLINDREE,VEHMODELE,VEHSEGMENT,VEHSIDE,EQ2RMABS,EQ2RMCBS,EQ2RMABSCBS,EQ2RMREGULATEUR,EQ2RMLIMITEUR,EQ2RMPHARESDIRECT,EQ2RMCOUPURE,EQ2RMANTIPATINAGE,EQ2RMANTIXHEELING,EQ2RMSTABILILTE,VEHKM,POINTS,DUREE,AUTRE2RM,VEHPRECMARQUE,VEHPRECCYLINDREE,VEHPRECMODELE,VEHPRECSEGMENT,VEHPRECSIDE,TEMPS2RMPREC,FREQVEHPREC,DATE_NAISS,CSP,SOCIETAIRE,SALARIE,SECTEUR2RM,NBPERSFOYER,SITFAM,NBENF,TRNBENF1,TRNBENF2,TRNBENF3,TRNBENF4,NBAUTOFOYER,NBCYCLOFOYER,NBSCOOTFOYER,NBMOTOFOYER,NBTRIKEFOYER,NB2RMCONDUIT,MARQUE1,CYLINDREE1,MODELE1,SEGMENT1,SIDE1,ANMISECIRCU1,ASS1,FREQ1,USAGE1,NBKM1,GARAGE1,MARQUE2,CYLINDREE2,MODELE2,SEGMENT2,SIDE2,ANMISECIRCU2,ASS2,FREQ2,USAGE2,NBKM2,GARAGE2,MARQUE3,CYLINDREE3,MODELE3,SEGMENT3,SIDE3,ANMISECIRCU3,ASS3,FREQ3,USAGE3,NBKM3,GARAGE3,MARQUE4,CYLINDREE4,MODELE4,SEGMENT4,SIDE4,ANMISECIRCU4,ASS4,FREQ4,USAGE4,NBKM4,GARAGE4,MARQUE5,CYLINDREE5,MODELE5,SEGMENT5,SIDE5,ANMISECIRCU5,ASS5,FREQ5,USAGE5,NBKM5,GARAGE5,NBKMTOT,PERMIS1,PERMIS2,PERMIS3,PERMIS4,PERMIS5,PERMIS6,PERMIS7,PERMIS8,PERMIS9,ANPERMIS1,ANPERMIS6,ANPERMIS7,ANPERMIS2,ANPERMIS3,ANPERMIS8,ANPERMIS9,ANPERMIS4,ANPERMIS5,,,
1311,6597,189,1,0,5,,,,,,0,5,,,,,,1,5,1996,,,,,0,4,,,,,,0,5,,,,,,1,4,2005,,,,,0,3,,,,,,0,4,,,,,,0,4,,,,,,0,5,,,,,,0,4,,,,,,0,3,,,,,,0,4,,,,,,0,6,,,,,,1,2,4,NSP,2010,,,,LYON,LYON,,,,"Poussette légère à l'arrêt au feu rouge, par une voiture qui avait "" oublié "" de s'arrêter à temps. Juste un petit choc et avancé de 20 cm.","Petite poussette à l'arrêt au feu rouge, par fourgonnnette ou S.U.V. Gros coup aux fesses avec les jambes qui ont monté sous le guidon de mon trail. Miraculeusement pas de chute.",,,,0,0,4,2,20,1,11,3,1996,,1996,Vous remontiez une file de véhicules (à larrêt ou au ralenti) par la gauche. Un véhicule de cette file vous a coupé la route en tournant à gauche.,2,4,6,,,,,"Une file de véhicules embouteillés, à vitesse lente ( un feu tricolore à 300 ou 400 m. et pas de débit d'évacuation ). Ligne discontinue sur une centaine de mètres. Chaussée à double sens sans personne en face. Dépassement de la file en direction de la remontée. Vitesse de dépassement ( estimée ) entre 50 et 60 km/h. Ecart de vitesse de 30 à 40 km/h. Un véhicule est sorti soudainement sans clignoter pour avertir. Point de contact situé aux 3/4 avant droit de la moto ( 650 Dominator )qui s'est couchée sur sa droite. Ma jambe droite a été prise en sandwich par la voiture ( R 19 je crois ) avant d'être coincée sous le bloc moteur ou le repose-pieds pendant une petite glissade. Le laçage de ma chaussure de marche montante a éclaté et la chaussure s'est retroussée, laissant ma cheville frotter sur le goudron. Perforation de la semelle et du pied probablement par repose-pieds droit, en plus d'une grosse abrasion. Un véhicule venant en face m'a aidé à me relever en me libérant. Lors du constat, la conductrice n'a pas pu me donner le motif de son écart ( dépassement pour se garer à gauche, demi-tour ? ) J'ai ramené ma moto au ralenti ( domicile à 1.5 km ) et me suis fait conduire aux urgences du Val d'Ouest ( 69160 ). Mauvais choix, début de gangrène en trois jours, suite à mauvaise prise en charge ( ni antibio, ni anticoagulants ).",sortie impromptue de la voiture de sa file embouteillée sans avertir de sa manoeuvre ( comme 80% des voitures ),"Aucun temps de réaction. Je me suis fait faucher alors que mon regard était en avant de cette voiture. Je pense avoir eu une micro-absence au moment du choc, j'entends le bruit et je me retrouve en train de glisser. Un trou entre les deux. L'autre usager s'est arrêté , sorti à 45°. Un véhicule derrière s'est porté témoin en ma faveur, surpris lui-même par la manoeuvre.",3,0,,,"- aucune raison de prévoir cette sortie - aucun avertissement lumineux préalable, ni tête qui se tourne, ni braquage de roue visible - trop tard, trop engagé à hauteur de la voiture. - la conductrice n'a pas regardé à sa gauche ni son rétroviseur pour ses",2,1,2,,envie subite de déboiter... pourquoi ???,1,"non seulement à l'aggraver, mais simplement à le créer.",3,7,8,,,,,,,1,,,,,Rien vu venir et aucun signal visuel,4,1,1,,3,1,4,4,1,1,2,2,3,5,1,4,4,1,3,5,,,,,,,2,,,,,,,,,2,2,,2,1,1,1,0,100,0,0,0,2,,,,,,AUT|emboureillage,1,,,,2,1,4,7,,,,,,0,,1,1,1,2,0,55,1,10,2,3,4,7,,,,,4,4,4,4,4,2,HONDA,650,DOMINATOR,TRAIL / SUPERMOTARD,2,1,1,1,1,1,1,1,1,1,1,55000,12,2,1,YAMAHA,125,DTLC (+ 15CV),TRAIL / SUPERMOTARD,2,3,4,10JUL1957,6,1,3,2,2,5,1,NRP,,,,1,0,0,1,0,1,HONDA,650,DOMINATOR,TRAIL / SUPERMOTARD,2,1990,37,1,2,5000,7,,,,,,,,,,,,,,,,,,,,,,,,,,,,,,,,,,,,,,,,,,,,,5000,4,3,,,,,,,,NRP,NRP,NRP,NRP,1995,NRP,NRP,1975,NRP,,,
2038,6601,,1,0,3,,,,,,0,3,,,,,,0,4,,,,,,0,3,,,,,,0,2,,,,,,0,2,,,,,,0,2,,,,,,0,2,,,,,,0,3,,,,,,0,2,,,,,,0,4,,,,,,0,1,,,,,,0,2,,,,,,0,2,,,,,,1,1,1,2010,,,,,Corny-sur-Mosel,,,,,"Une voiture a quitté un stationnement et a pris le sens contraire de la marche, sur ma voie, puis m'a percuté de face alors que je roulais à la vitesse réglementaire en ville et bien à droite. Il s'agissait d'un jeune conducteur imbibé qui quittait le bistrot. Je n'ai aucun souvenir car j'ai perdu connaissance. Ce que j'en sais c'est ce que m'ont dit les gendarmes.",,,,,0,2,5,4,3,1,71,15,2010,Corny-sur-Mosel,,,,,,,,,,,,,,,,,,,,,,,,,,,,,,,,,,,,,,,,,,,,,,,,,,,,,,,,,,,,,,,,,,,,,,,,,,,,,,,,,,,,,,,,,,,,,,,,,,,,,,,,,,,,,,,,,,,,,,,,,,,,,,,,,,,,,,,,,,,,,,,,,,,,,,,,,,,,,30JUL1960,5,1,3,2,5,4,3,NRP,,,,3,0,0,4,0,2,HONDA,1000,VARADERO IE,TRAIL / SUPERMOTARD,2,2003,37,1,1,20000,7,HONDA,750,CB-SEVEN FIFTY,ROADSTER,2,1999,41,4,1,0,7,,,,,,,,,,,,,,,,,,,,,,,,,,,,,,,,,,20000,3,4,,,,,,,,NRP,NRP,NRP,NRP,2012,NRP,NRP,1980,NRP,,,
1978,6606,,1,0,3,,,,,,0,5,,,,,,0,5,,,,,,0,2,,,,,,0,4,,,,,,0,3,,,,,,0,2,,,,,,0,4,,,,,,1,4,NSP,,,,,0,3,,,,,,1,5,NSP,,,,,0,1,,,,,,0,4,,,,,,0,2,,,,,,1,1,3,NSP,,,,,Puteaux,,,,,"Je suis en moto arrêté à un feu rouge. Le conducteur derrière est arrivé trop vite, a freiné brutalement tardivement, a bloqué ses roues (chaussée un peu humide) et m'a percuté à l'arrière, me projetant ainsi que ma moto au milieu du carrefour",,,,,0,0,3,0,24,1,71,15,,Puteaux,,,,,,,,,,,,,,,,,,,,,,,,,,,,,,,,,,,,,,,,,,,,,,,,,,,,,,,,,,,,,,,,,,,,,,,,,,,,,,,,,,,,,,,,,,,,,,,,,,,,,,,,,,,,,,,,,,,,,,,,,,,,,,,,,,,,,,,,,,,,,,,,,,,,,,,,,,,,,12MAR1964,5,1,3,2,4,4,2,NRP,,,,2,0,0,1,0,1,BMW,1200,K1200GT PACK,Routière / GT,2,2008,37,1,2,18000,6,,,,,,,,,,,,,,,,,,,,,,,,,,,,,,,,,,,,,,,,,,,,,18000,4,3,,,,,,,,NRP,NRP,NRP,NRP,1991,NRP,NRP,1982,NRP,,,
783,6607,460,1,0,4,,,,,,0,5,,,,,,0,5,,,,,,1,4,1971,,,,,0,5,,,,,,0,3,,,,,,0,3,,,,,,0,4,,,,,,0,3,,,,,,0,5,,,,,,0,6,,,,,,0,4,,,,,,0,5,,,,,,0,4,,,,,,1,2,3,NSP,2014,,,,versailles,saint marcel,,,,voiture venant en sens interdit,perte d'équilibre a un feu tricolore du a un mauvais revêtement de la chausée,,,,0,0,2,0,23,1,71,15,,versailles,-1,Autre(s) type(s) d'accident(s).,2,,,,,,,En circulant dans une rue dont la chaussée est séparée par une ligne continue je me suis retrouvez nez a nez avec une voiture qui avait franchi cette ligne a fin de ne pas faire le tour du paté de maison et donc surpri j'ai chuté an ayant rfeiné un peu fort.,A 10 mùetres devant moi et roulant a 45km/h je n'ai pas vue d'autre chose a faire que de freiner.,voir le texte precedent,AUT|conscient mais etonné de la stupidité du conducteur,0,,,manque d'espace entre les deux véhicules,3,1,NSP,,sa betise,1,on ne coupe pas une ligne continue afin d'éviter de faire le tour du paté de maison,2,6,,,,,,,2,,,,1,,ne pas gérer correctement la situation,4,3,,,1,2,3,3,3,1,1,1,2,4,4,4,4,5,,,,,,,,,1,2,,,,,,,,2,2,,2,1,1,1,0,100,0,0,0,2,,,,,,1,1,,,,1,,,,,,,,,,,1,1,1,1,0,45,1,10,2,3,4,7,8,,,,4,4,4,4,4,4,HONDA,750,RC45 (RVF-R),SPORTIVE,2,1,1,1,1,1,1,1,1,1,1,8000,12,2,0,,,,,,,,28APR1942,9,1,2,2,1,1,,NRP,,,,1,0,0,2,0,2,BMW,1150,R1150RT,Routière / GT,2,2002,37,2,1,10000,4,YAMAHA,600,FZ6-N 78CV,ROADSTER,2,2003,37,2,1,5000,4,,,,,,,,,,,,,,,,,,,,,,,,,,,,,,,,,,15000,3,4,,,,,,,,NRP,NRP,NRP,NRP,1992,NRP,NRP,1965,NRP,,,
2153,6609,,1,0,5,,,,,,0,4,,,,,,0,5,,,,,,0,2,,,,,,0,5,,,,,,0,5,,,,,,0,3,,,,,,0,4,,,,,,1,4,2000,,,,,0,3,,,,,,0,3,,,,,,0,3,,,,,,0,4,,,,,,0,4,,,,,,0,,1,,,,,,,,,,,,,,,,,,3,0,21,1,41,9,2000,,,,,,,,,,,,,,,,,,,,,,,,,,,,,,,,,,,,,,,,,,,,,,,,,,,,,,,,,,,,,,,,,,,,,,,,,,,,,,,,,,,,,,,,,,,,,,,,,,,,,,,,,,,,,,,,,,,,,,,,,,,,,,,,,,,,,,,,,,,,,,,,,,,,,,,,,,,,,,23JUL1948,9,1,3,2,2,3,,NRP,,,,1,0,0,1,0,1,KAWASAKI,1000,Z 1000 IE,ROADSTER,2,2013,37,2,1,7000,7,,,,,,,,,,,,,,,,,,,,,,,,,,,,,,,,,,,,,,,,,,,,,7000,3,4,,,,,,,,NRP,NRP,NRP,NRP,1968,NRP,NRP,1987,NRP,,,
196,6612,445,1,0,4,,,,,,0,5,,,,,,0,5,,,,,,0,2,,,,,,2,4,1978,1979,,,,0,5,,,,,,0,4,,,,,,0,5,,,,,,2,5,1980,2011,,,,0,2,,,,,,0,4,,,,,,0,2,,,,,,1,5,1992,,,,,1,4,1976,,,,,0,,6,,,,,,,,,,,,,,,,,,2,2,37,1,42,9,2011,,2011,"Vous avez fait une sortie de route, une perte de contrôle ou une glissade sans rien percuter.",3,4,6,,,,,"Une nouvelle moto qu'on m'avait prêtée, un instant d'inattention pour regarder les infos du tableau de bord, arrivé trop vite sur une chicane récemment installée. Des voitures en face qui réduisent la trajectoire possible. Bloqué la roue arrière pour coucher la moto avant l'obstacle. Trottoir percuté par la fesse gauche. Au total 6 jours d'hospitalisation pour un gros hématome qu'il a fallu ponctionner. Merci à mon équipement, en particulier la dorsale.",Mon inattention. Tout simplement.,1. Regard sur le tableau de bord 2. Regard sur la route. Obstacle en vue (chicane récemment installée sur une route que je connais) 3. La situation : des voitures arrivent en face qui ferment la trajectoire, 4. Freinage d'urgence frein avant 5. Bloqué le frein arrière pour coucher la moto 6. La moto glisse devant moi. J'arrive en glissant sur la bordure du trottoir 7. Choc.  8. Je me retrouve sur la terre récemment remuée de cette chicane. 9. Je relève et stationne la moto. J'appelle mes amis pour qu'ils viennent me chercher,NRP,1,Tout simplement ne pas quitter la route des yeux,Stupidité. + de 40 ans d'expérience en 2RM ne vaccinent pas contre ça,,3,0,,,,,,1,2,6,,,,,3,2,,,,1,,Je savais que j'étais incapable de sauver la situation,4,1,3,,1,4,3,3,2,2,1,1,4,3,4,4,4,1,4,9,,,,,,,1,2,,,,,,,,2,2,,2,1,1,1,100,0,0,0,0,2,,,,,,2,1,,,,2,1,6,7,,,,,,1,1,2,1,3,,0,80,1,10,2,3,4,7,,,,,1,1,1,1,1,1,SUZUKI,750,GSR,ROADSTER,2,1,1,1,1,1,1,1,1,1,1,NSP,12,1,1,YAMAHA,600,XTE,TRAIL / SUPERMOTARD,2,4,4,31JAN1959,5,2,3,2,4,4,2,NRP,,,,1,0,0,2,0,2,YAMAHA,600,XTE,TRAIL / SUPERMOTARD,2,1997,10,1,2,5000,6,HONDA,125,CB-S3,ROADSTER,2,1976,41,4,1,200,7,,,,,,,,,,,,,,,,,,,,,,,,,,,,,,,,,,5200,2,3,4,,,,,,,NRP,NRP,NRP,1975,1977,NRP,NRP,1977,NRP,,
415,6616,476,1,0,5,,,,,,2,5,2012,2014,,,,0,5,,,,,,0,4,,,,,,0,4,,,,,,0,5,,,,,,0,4,,,,,,0,3,,,,,,1,4,2014,,,,,0,6,,,,,,0,6,,,,,,0,3,,,,,,1,4,2012,,,,,0,2,,,,,,0,,4,,,,,,,,,,,,,,,,,,0,0,2,1,41,9,2014,,2014,"Vous avez fait une sortie de route, une perte de contrôle ou une glissade sans rien percuter.",3,5,,,,,,"J'ai rattrapé un automobiliste qui avait manqué de me percuter dans un rond point. J'ai ""vu rouge"", quand, après l'avoir klaxonné dans le rond point, il n'a eu aucune réaction. J'ai eu le sentiment qu'il ne m'avait pas vu, pas entendu, même après mon avertissement. Je l'ai rattrapé dans la sortie du rond point pour me mettre à son côté et l'insulter. Je reconnais que mon attitude était mauvaise. Mais quand la moutarde monte.... Après lui avoir dit, tout en roulant, ce que j'avais à lui dire, j'ai remis les gaz pour passer devant. Nous étions alors dans une grande courbe, la moto sur l'angle. La voiture qui nous précédait a alors pilé net (je n'ai d'ailleurs eu aucune explication de la part du conducteur quand je me suis relevé... Je pense qu'ils était ensemble) J'ai pilé du frein avant. Le train avant a glissé et je suis parti en glissade. Par chance, le conducteur devant moi m'a vu tomber et partir en glissade. Il a réaccéléré, ce qui m'a évité de m'encastrer sous sa voiture. J'ai glissé sur une vingtaine de mettre, la moto bien plus.... Résultat : une malléole cassée malgré des chaussure légère de moto, un genou en sang (je portai un simple jean) et rien sur le haut du corps grâce au blouson (qui lui, a pris cher à ma place..., gants lacérés, mais rien aux mains. Ma grosse frayeur a surtout été de me voir partir sous la voiture. Etant entièrement en tord, constatant que la moto n'avait pas grand chose (elle a fini sa course dans l'herbe), et n'ayant touché aucune des 2 voitures je n'ai pas fait de constat. Je ne me suis pas rendu compte de ma malléole cassée et ai laissé partir les 2 automobilistes.  Je suis reparti sur la moto après avoir appelé un ami pour qu'il m'accompagne. Je ne suis allé à l'hôpital que le soir, quand ma cheville avait c=doublé de volume...","Il n'y a pas eu qu'un seul élément. Tout d'abord, mon attitude : j'aurais du laissé partir l'automobiliste, sans chercher à m'expliquer avec lui Ensuite, le freinage : un gros coup de frein avant avec une moto en virage et sur l'angle, ça ne pardonne pas","1 : énervement ;) 2 : puis la remise des gaz pour passer devant la voiture 3 : le coup de frein La voiture que j'avais rattrapé n'a pas eu de réaction particulière à ce moment, sinon de piler quand je suis tombé devant elle La voiture de devant, elle, a pilé sans raison apparente ce qui a engendré mon freinage",NRP,1,"Dans un premier temps, je ne me serais pas énervé et laissé partir la voiture devant moi, rien ne ce serait passé Après l'avoir rattrapé, je me serai remis derrière au lieu de la doubler (on était en courbe...) : rien ne ce serait passé Ensuite, avec plus d'expérience de conduite, plutôt que freiner, j'aurais peut être pu faire un évitement",Manque d'expérience,,2,1,2,,Le véhicule que j'avais rattrapé a du freiner très fort pour ne pas me rouler dessus Le véhicule de devant a eu le réflexe de réaccélérer,1,"c'est l'attitude des 2 voitures, dont l'une a engendré ma réaction de colère, et l'autre mon coup de frein",3,5,6,,,,,,,1,,3,2,,Il n'y avait aucune raison pour que le véhicule devant freine : la route était parfaitement dégagée devant lui,2,1,3,,1,2,4,2,3,1,1,1,3,4,4,4,4,5,7,,,,,,,,2,,,,,,,,,2,2,,2,2,1,1,60,40,0,0,0,2,,,,,,1,1,,,,2,1,7,,,,,,,1,0,2,2,3,,0,70,1,10,2,3,4,,,,,,4,4,4,4,4,4,HONDA,600,CB-F,ROADSTER,2,1,1,1,1,1,1,1,1,1,1,18000,12,3,0,,,,,,,,25MAY1964,5,2,3,2,1,1,,NRP,,,,2,0,0,1,0,1,HONDA,600,"CB-F ""N""",ROADSTER,2,2009,18,2,2,10000,6,,,,,,,,,,,,,,,,,,,,,,,,,,,,,,,,,,,,,,,,,,,,,10000,4,3,2,7,8,,,,,NRP,NRP,1983,1983,2012,2012,NRP,1983,NRP,,,
226,6622,,0,,,,,,,,,,,,,,,,,,,,,,,,,,,,,,,,,,,,,,,,,,,,,,,,,,,,,,,,,,,,,,,,,,,,,,,,,,,,,,,,,,,,,,,,,,,,,,,,,,,,,,,,,,,,,,,,,,,,,,,,,,,,,,,,,,,,,,,,,,,,,,,,,,,,,,,,,,,,,,,,,,,,,,,,,,,,,,,,,,,,,,,,,,,,,,,,,,,,,,,,,,,,,,,,,,,,,,,,,,,,,,,,,,,,,,,,,,,,,,,,,,,,,,,,,,,,,,,,,,,,,,,,,,,,,,,,,,,,,,,,,,,20JAN1956,5,2,3,2,3,4,1,NRP,,,,2,1,0,1,0,1,BMW,1200,R1200RT,Routière / GT,2,2005,29,1,2,9000,7,,,,,,,,,,,,,,,,,,,,,,,,,,,,,,,,,,,,,,,,,,,,,9000,3,4,,,,,,,,NRP,NRP,NRP,NRP,1989,NRP,NRP,1977,NRP,,,
1568,6625,,1,0,6,,,,,,0,5,,,,,,0,5,,,,,,0,3,,,,,,0,5,,,,,,0,5,,,,,,0,2,,,,,,0,2,,,,,,1,4,NSP,,,,,0,3,,,,,,0,3,,,,,,0,2,,,,,,0,2,,,,,,0,4,,,,,,0,,1,,,,,,,,,,,,,,,,,,2,16,16,1,41,9,0,,,,,,,,,,,,,,,,,,,,,,,,,,,,,,,,,,,,,,,,,,,,,,,,,,,,,,,,,,,,,,,,,,,,,,,,,,,,,,,,,,,,,,,,,,,,,,,,,,,,,,,,,,,,,,,,,,,,,,,,,,,,,,,,,,,,,,,,,,,,,,,,,,,,,,,,,,,,,,05JUL1979,7,1,3,2,3,4,1,NRP,,,,2,0,0,2,0,2,APRILIA,1000,RS-V MILLE R,SPORTIVE,2,2003,37,3,1,4000,7,SUZUKI,125,TS,TRAIL / SUPERMOTARD,2,1977,37,4,1,1000,7,,,,,,,,,,,,,,,,,,,,,,,,,,,,,,,,,,5000,3,4,,,,,,,,NRP,NRP,NRP,NRP,1998,NRP,NRP,1997,NRP,,,
1024,6628,,1,0,3,,,,,,0,4,,,,,,0,5,,,,,,0,1,,,,,,0,4,,,,,,0,5,,,,,,0,4,,,,,,0,5,,,,,,1,5,2001,,,,,0,3,,,,,,0,3,,,,,,0,1,,,,,,1,3,2003,,,,,0,2,,,,,,0,,2,,,,,,,,,,,,,,,,,,4,0,5,0,,NRP,,,,,,,,,,,,,,,,,,,,,,,,,,,,,,,,,,,,,,,,,,,,,,,,,,,,,,,,,,,,,,,,,,,,,,,,,,,,,,,,,,,,,,,,,,,,,,,,,,,,,,,,,,,,,,,,,,,,,,,,,,,,,,,,,,,,,,,,,,,,,,,,,,,,,,,,,,,,,,,16MAY1987,8,2,3,2,1,1,,NRP,,,,1,0,0,1,0,1,SUZUKI,500,GS +35KW,ROADSTER,2,1990,29,3,1,3000,7,,,,,,,,,,,,,,,,,,,,,,,,,,,,,,,,,,,,,,,,,,,,,3000,4,3,1,,,,,,,2001,NRP,NRP,NRP,2010,NRP,NRP,2005,NRP,,,