Ligne,Ligne Q qualif,Ligne approfondissement Accident,ACCIDENT,NBACC1,ACCFREQUENCE1,ANNEEACC1_1,ANNEEACC1_2,ANNEEACC1_3,ANNEEACC1_4,ANNEEACC1_5,NBACC2,ACCFREQUENCE2,ANNEEACC2_1,ANNEEACC2_2,ANNEEACC2_3,ANNEEACC2_4,ANNEEACC2_5,NBACC3,ACCFREQUENCE3,ANNEEACC3_1,ANNEEACC3_2,ANNEEACC3_3,ANNEEACC3_4,ANNEEACC3_5,NBACC4,ACCFREQUENCE4,ANNEEACC4_1,ANNEEACC4_2,ANNEEACC4_3,ANNEEACC4_4,ANNEEACC4_5,NBACC5,ACCFREQUENCE5,ANNEEACC5_1,ANNEEACC5_2,ANNEEACC5_3,ANNEEACC5_4,ANNEEACC5_5,NBACC6,ACCFREQUENCE6,ANNEEACC6_1,ANNEEACC6_2,ANNEEACC6_3,ANNEEACC6_4,ANNEEACC6_5,NBACC7,ACCFREQUENCE7,ANNEEACC7_1,ANNEEACC7_2,ANNEEACC7_3,ANNEEACC7_4,ANNEEACC7_5,NBACC8,ACCFREQUENCE8,ANNEEACC8_1,ANNEEACC8_2,ANNEEACC8_3,ANNEEACC8_4,ANNEEACC8_5,NBACC9,ACCFREQUENCE9,ANNEEACC9_1,ANNEEACC9_2,ANNEEACC9_3,ANNEEACC9_4,ANNEEACC9_5,NBACC10,ACCFREQUENCE10,ANNEEACC10_1,ANNEEACC10_2,ANNEEACC10_3,ANNEEACC10_4,ANNEEACC10_5,NBACC11,ACCFREQUENCE11,ANNEEACC11_1,ANNEEACC11_2,ANNEEACC11_3,ANNEEACC11_4,ANNEEACC11_5,NBACC12,ACCFREQUENCE12,ANNEEACC12_1,ANNEEACC12_2,ANNEEACC12_3,ANNEEACC12_4,ANNEEACC12_5,NBACC13,ACCFREQUENCE13,ANNEEACC13_1,ANNEEACC13_2,ANNEEACC13_3,ANNEEACC13_4,ANNEEACC13_5,NBACC14,ACCFREQUENCE14,ANNEEACC14_1,ANNEEACC14_2,ANNEEACC14_3,ANNEEACC14_4,ANNEEACC14_5,AUTRESACC,NBAUTRESACC,TOTAL_AC,ANNEEAUTREACC1,ANNEEAUTREACC2,ANNEEAUTREACC3,ANNEEAUTREACC4,ANNEEAUTREACC5,LIEUAUTREACC1,LIEUAUTREACC2,LIEUAUTREACC3,LIEUAUTREACC4,LIEUAUTREACC5,DESCRIPTIONAUTRESACC1,DESCRIPTIONAUTRESACC2,DESCRIPTIONAUTRESACC3,DESCRIPTIONAUTRESACC4,DESCRIPTIONAUTRESACC5,NBAUTRESACCCIRCUIT,NBAUTRESTOUTTERRAIN,EXPCYCLO,EXP125,EXPSUP125,ACCORDNEXTQ,CHOIXACC,RGPMTACC,RECUPANNEE,RECUPLIEU,RECUPANNE,RGPMTAC,CHOIX1,CHOIX2,CHOIX3,CHOIX4,CHOIX5,CHOIX6,CHOIX7,DESCRIPTION,RUPTURE,FAITS,ABS_REACTION,AUTRE_REACTION,PRECISIONREACTIONOUI,RECUL,PRECISIONREACTIONNON,IMPACTCOMPORTEMENT,AUTREUSAGER,REACTIONAUTREUSAGER,CONNAISSANCEREACTIONUSAGER,DIFFICULTES,AGGRAVATION,DIFFICULTES2,EMOTIONS1,EMOTIONS2,EMOTIONS3,EMOTIONS4,EMOTIONS5,EMOTIONS6,AUTRESENTIMENT,CLASSEMENTEMOTIONS1,CLASSEMENTEMOTIONS,CLASSEMENTEMOTIONS5,CLASSEMENTEMOTIONS6,CLASSEMENTEMOTIONS7,CLASSEMENTEMOTIONS8,CLASSEMENTEMOTIONS9,EXPLICATIONRESSENTI,BIENEQUIPE,ALLURE,ALLUREVITEDETAIL,ALLURELENTEDETAIL,SITUATIONPRESSE,SITUATIONDISTRAIT,SITUATIONCONFIANT,SITUATIONCONTROLE,SITUATIONLUDIQUE,SITUATIONPERF,SITUATIONSTRESS,SITUATIONFATIGUE,HUMEURNEUTRE,HUMEURGAI,HUMEURMECONTENT,HUMEURTRISTE,HUMEURCOLERE,CONTRIBUTION1,CONTRIBUTION2,CONTRIBUTION3,CONTRIBUTION4,CONTRIBUTION5,CONTRIBUTION6,CONTRIBUTION7,CONTRIBUTION8,CONTRIBUTION9,ROLEINFRA,ELEMENTINFRA1,ELEMENTINFRA2,ELEMENTINFRA3,ELEMENTINFRA4,ELEMENTINFRA5,ELEMENTINFRA6,ELEMENTINFRA7,ELEMENTINFRA8,ELEMENTINFRA9,ALCOOL,TXALCOOL,STUP,SEMAINE,MOMENTJOURNEE,TEMPS,CAUSEACC1,CAUSEACC2,CAUSEACC3,CAUSEACC4,CAUSEACC5,FORMATIONCAUSE,FORMATION1,FORMATION2,FORMATION3,FORMATION4,FORMATION5,TRAFIC,CHAUSSEE1,CHAUSSEE2,CHAUSSEE3,CHAUSSEE4,TYPEACC,BLESSURE,TETE,COU,THORAX,MEMBRESSUP,COLONNE,BASSIN,MEMBRESINF,HOPITAL,PLUS24H,TRAJET,TYPEROUTE,MOTIF,SENSTRAJET,PASSAGER,VITESSE,DESCEQ1,DESCEQ2,DESCEQ3,DESCEQ4,DESCEQ5,DESCEQ6,DESCEQ7,DESCEQ8,DESCEQ9,DESCEQ10,VEHICULEETE,VEHICULEAUTOMNE,VEHICULEPRINTEMPS,VEHICULEHIVER,VEHICULESEMAINE,VEHICULEWE,VEHMARQUE,VEHCYLINDREE,VEHMODELE,VEHSEGMENT,VEHSIDE,EQ2RMABS,EQ2RMCBS,EQ2RMABSCBS,EQ2RMREGULATEUR,EQ2RMLIMITEUR,EQ2RMPHARESDIRECT,EQ2RMCOUPURE,EQ2RMANTIPATINAGE,EQ2RMANTIXHEELING,EQ2RMSTABILILTE,VEHKM,POINTS,DUREE,AUTRE2RM,VEHPRECMARQUE,VEHPRECCYLINDREE,VEHPRECMODELE,VEHPRECSEGMENT,VEHPRECSIDE,TEMPS2RMPREC,FREQVEHPREC,DATE_NAISS,CSP,SOCIETAIRE,SALARIE,SECTEUR2RM,NBPERSFOYER,SITFAM,NBENF,TRNBENF1,TRNBENF2,TRNBENF3,TRNBENF4,NBAUTOFOYER,NBCYCLOFOYER,NBSCOOTFOYER,NBMOTOFOYER,NBTRIKEFOYER,NB2RMCONDUIT,MARQUE1,CYLINDREE1,MODELE1,SEGMENT1,SIDE1,ANMISECIRCU1,ASS1,FREQ1,USAGE1,NBKM1,GARAGE1,MARQUE2,CYLINDREE2,MODELE2,SEGMENT2,SIDE2,ANMISECIRCU2,ASS2,FREQ2,USAGE2,NBKM2,GARAGE2,MARQUE3,CYLINDREE3,MODELE3,SEGMENT3,SIDE3,ANMISECIRCU3,ASS3,FREQ3,USAGE3,NBKM3,GARAGE3,MARQUE4,CYLINDREE4,MODELE4,SEGMENT4,SIDE4,ANMISECIRCU4,ASS4,FREQ4,USAGE4,NBKM4,GARAGE4,MARQUE5,CYLINDREE5,MODELE5,SEGMENT5,SIDE5,ANMISECIRCU5,ASS5,FREQ5,USAGE5,NBKM5,GARAGE5,NBKMTOT,PERMIS1,PERMIS2,PERMIS3,PERMIS4,PERMIS5,PERMIS6,PERMIS7,PERMIS8,PERMIS9,ANPERMIS1,ANPERMIS6,ANPERMIS7,ANPERMIS2,ANPERMIS3,ANPERMIS8,ANPERMIS9,ANPERMIS4,ANPERMIS5,,,
1487,6634,,1,0,3,,,,,,1,5,2013,,,,,0,5,,,,,,0,3,,,,,,0,4,,,,,,0,5,,,,,,0,4,,,,,,0,4,,,,,,0,2,,,,,,0,5,,,,,,0,5,,,,,,0,5,,,,,,0,5,,,,,,0,3,,,,,,0,,1,,,,,,,,,,,,,,,,,,0,0,5,1,6,2,2013,,,,,,,,,,,,,,,,,,,,,,,,,,,,,,,,,,,,,,,,,,,,,,,,,,,,,,,,,,,,,,,,,,,,,,,,,,,,,,,,,,,,,,,,,,,,,,,,,,,,,,,,,,,,,,,,,,,,,,,,,,,,,,,,,,,,,,,,,,,,,,,,,,,,,,,,,,,,,,30MAY1988,10,1,3,2,1,1,,NRP,,,,1,0,0,1,0,1,SUZUKI,750,GSR,ROADSTER,2,2010,37,1,2,6000,1,,,,,,,,,,,,,,,,,,,,,,,,,,,,,,,,,,,,,,,,,,,,,6000,4,3,,,,,,,,NRP,NRP,NRP,NRP,2010,NRP,NRP,2006,NRP,,,
459,6638,,0,,,,,,,,,,,,,,,,,,,,,,,,,,,,,,,,,,,,,,,,,,,,,,,,,,,,,,,,,,,,,,,,,,,,,,,,,,,,,,,,,,,,,,,,,,,,,,,,,,,,,,,,,,,,,,,,,,,,,,,,,,,,,,,,,,,,,,,,,,,,,,,,,,,,,,,,,,,,,,,,,,,,,,,,,,,,,,,,,,,,,,,,,,,,,,,,,,,,,,,,,,,,,,,,,,,,,,,,,,,,,,,,,,,,,,,,,,,,,,,,,,,,,,,,,,,,,,,,,,,,,,,,,,,,,,,,,,,,,,,,,,,29JUN1981,5,1,3,2,2,3,,NRP,,,,2,0,0,3,0,2,KAWASAKI,250,"NINJA 250R ""ZX2-R""",SPORTIVE,2,2009,37,3,1,6000,7,KAWASAKI,600,ZX-6R NINJA,SPORTIVE,2,2009,37,3,1,2000,7,,,,,,,,,,,,,,,,,,,,,,,,,,,,,,,,,,8000,3,4,,,,,,,,NRP,NRP,NRP,NRP,2010,NRP,NRP,1999,NRP,,,
2083,6640,,1,1,4,2007,,,,,0,5,,,,,,0,5,,,,,,0,5,,,,,,1,4,2008,,,,,0,4,,,,,,0,4,,,,,,0,4,,,,,,0,4,,,,,,0,6,,,,,,0,4,,,,,,0,2,,,,,,1,4,1997,,,,,0,5,,,,,,1,2,5,2002,2014,,,,Paris,Paris,,,,"circulant dans un parking souterrain, j'ai eu une collision avec un véhicule qui arrivait de ma gauche","arrêtée à un feu rouge, j'ai été heurtée par l'arrière par une voiture",,,,0,0,6,0,28,1,1,1,2007,,,,,,,,,,,,,,,,,,,,,,,,,,,,,,,,,,,,,,,,,,,,,,,,,,,,,,,,,,,,,,,,,,,,,,,,,,,,,,,,,,,,,,,,,,,,,,,,,,,,,,,,,,,,,,,,,,,,,,,,,,,,,,,,,,,,,,,,,,,,,,,,,,,,,,,,,,,,,,03MAY1965,5,1,3,2,1,1,,NRP,,,,1,0,0,1,0,1,SUZUKI,750,GSX INAZUMA,ROADSTER,2,1998,37,1,2,10000,4,,,,,,,,,,,,,,,,,,,,,,,,,,,,,,,,,,,,,,,,,,,,,10000,3,4,,,,,,,,NRP,NRP,NRP,NRP,1987,NRP,NRP,1985,NRP,,,
554,6641,,0,,,,,,,,,,,,,,,,,,,,,,,,,,,,,,,,,,,,,,,,,,,,,,,,,,,,,,,,,,,,,,,,,,,,,,,,,,,,,,,,,,,,,,,,,,,,,,,,,,,,,,,,,,,,,,,,,,,,,,,,,,,,,,,,,,,,,,,,,,,,,,,,,,,,,,,,,,,,,,,,,,,,,,,,,,,,,,,,,,,,,,,,,,,,,,,,,,,,,,,,,,,,,,,,,,,,,,,,,,,,,,,,,,,,,,,,,,,,,,,,,,,,,,,,,,,,,,,,,,,,,,,,,,,,,,,,,,,,,,,,,,,10OCT1957,5,1,3,2,1,1,,NRP,,,,1,1,0,1,0,1,YAMAHA,1000,FZ1 FAZER,ROADSTER,2,2003,37,3,1,6000,4,,,,,,,,,,,,,,,,,,,,,,,,,,,,,,,,,,,,,,,,,,,,,6000,3,4,,,,,,,,NRP,NRP,NRP,NRP,1997,NRP,NRP,1976,NRP,,,
1395,6649,,0,,,,,,,,,,,,,,,,,,,,,,,,,,,,,,,,,,,,,,,,,,,,,,,,,,,,,,,,,,,,,,,,,,,,,,,,,,,,,,,,,,,,,,,,,,,,,,,,,,,,,,,,,,,,,,,,,,,,,,,,,,,,,,,,,,,,,,,,,,,,,,,,,,,,,,,,,,,,,,,,,,,,,,,,,,,,,,,,,,,,,,,,,,,,,,,,,,,,,,,,,,,,,,,,,,,,,,,,,,,,,,,,,,,,,,,,,,,,,,,,,,,,,,,,,,,,,,,,,,,,,,,,,,,,,,,,,,,,,,,,,,,08AUG1951,9,1,3,2,2,3,,NRP,,,,2,0,1,0,0,1,YAMAHA,125,X-MAX,SCOOTER,2,2007,37,2,1,3000,5,,,,,,,,,,,,,,,,,,,,,,,,,,,,,,,,,,,,,,,,,,,,,3000,4,,,,,,,,,NRP,NRP,NRP,NRP,NRP,NRP,NRP,1969,NRP,,,
1045,6650,,0,,,,,,,,,,,,,,,,,,,,,,,,,,,,,,,,,,,,,,,,,,,,,,,,,,,,,,,,,,,,,,,,,,,,,,,,,,,,,,,,,,,,,,,,,,,,,,,,,,,,,,,,,,,,,,,,,,,,,,,,,,,,,,,,,,,,,,,,,,,,,,,,,,,,,,,,,,,,,,,,,,,,,,,,,,,,,,,,,,,,,,,,,,,,,,,,,,,,,,,,,,,,,,,,,,,,,,,,,,,,,,,,,,,,,,,,,,,,,,,,,,,,,,,,,,,,,,,,,,,,,,,,,,,,,,,,,,,,,,,,,,,12APR1996,10,1,3,2,1,1,,NRP,,,,0,1,0,1,0,1,HONDA,125,CBR-R IE,Routière / GT,2,2006,37,1,2,10000,4,,,,,,,,,,,,,,,,,,,,,,,,,,,,,,,,,,,,,,,,,,,,,10000,2,,,,,,,,,NRP,NRP,NRP,2012,NRP,NRP,NRP,NRP,NRP,,,
1435,6651,,1,0,3,,,,,,0,4,,,,,,0,5,,,,,,0,4,,,,,,0,4,,,,,,0,5,,,,,,0,3,,,,,,0,5,,,,,,2,4,2000,2005,,,,1,4,2007,,,,,0,4,,,,,,0,4,,,,,,0,4,,,,,,0,3,,,,,,0,,3,,,,,,,,,,,,,,,,,,0,0,28,1,46,10,2007,,,,,,,,,,,,,,,,,,,,,,,,,,,,,,,,,,,,,,,,,,,,,,,,,,,,,,,,,,,,,,,,,,,,,,,,,,,,,,,,,,,,,,,,,,,,,,,,,,,,,,,,,,,,,,,,,,,,,,,,,,,,,,,,,,,,,,,,,,,,,,,,,,,,,,,,,,,,,,14SEP1959,5,1,3,2,1,1,,NRP,,,,0,0,0,2,0,2,YAMAHA,600,XTE,TRAIL / SUPERMOTARD,2,1995,37,2,2,5000,7,VOXAN,1000,STREET SCRAMBLER,ROADSTER,2,2006,37,2,2,12000,7,,,,,,,,,,,,,,,,,,,,,,,,,,,,,,,,,,17000,3,4,,,,,,,,NRP,NRP,NRP,NRP,1980,NRP,NRP,1978,NRP,,,
250,6654,,0,,,,,,,,,,,,,,,,,,,,,,,,,,,,,,,,,,,,,,,,,,,,,,,,,,,,,,,,,,,,,,,,,,,,,,,,,,,,,,,,,,,,,,,,,,,,,,,,,,,,,,,,,,,,,,,,,,,,,,,,,,,,,,,,,,,,,,,,,,,,,,,,,,,,,,,,,,,,,,,,,,,,,,,,,,,,,,,,,,,,,,,,,,,,,,,,,,,,,,,,,,,,,,,,,,,,,,,,,,,,,,,,,,,,,,,,,,,,,,,,,,,,,,,,,,,,,,,,,,,,,,,,,,,,,,,,,,,,,,,,,,,19MAR1991,10,1,3,2,2,3,,NRP,,,,1,1,1,0,0,2,YAMAHA,250,X-MAX,SCOOTER,2,2008,37,1,2,8000,7,PEUGEOT,50,TKR,SCOOTER,2,2008,25,3,1,2000,7,,,,,,,,,,,,,,,,,,,,,,,,,,,,,,,,,,10000,4,3,1,,,,,,,2006,NRP,NRP,NRP,2012,NRP,NRP,2009,NRP,,,
588,6656,,0,,,,,,,,,,,,,,,,,,,,,,,,,,,,,,,,,,,,,,,,,,,,,,,,,,,,,,,,,,,,,,,,,,,,,,,,,,,,,,,,,,,,,,,,,,,,,,,,,,,,,,,,,,,,,,,,,,,,,,,,,,,,,,,,,,,,,,,,,,,,,,,,,,,,,,,,,,,,,,,,,,,,,,,,,,,,,,,,,,,,,,,,,,,,,,,,,,,,,,,,,,,,,,,,,,,,,,,,,,,,,,,,,,,,,,,,,,,,,,,,,,,,,,,,,,,,,,,,,,,,,,,,,,,,,,,,,,,,,,,,,,,07FEB1984,7,1,3,2,2,3,,NRP,,,,2,0,0,2,0,2,YAMAHA,600,FZ6-S FAZER,ROADSTER,2,2008,37,3,1,3000,7,KAWASAKI,650,"ER-6 ""N""",ROADSTER,2,2009,37,3,1,2000,7,,,,,,,,,,,,,,,,,,,,,,,,,,,,,,,,,,5000,3,4,,,,,,,,NRP,NRP,NRP,NRP,2010,NRP,NRP,2003,NRP,,,
1795,6661,,0,,,,,,,,,,,,,,,,,,,,,,,,,,,,,,,,,,,,,,,,,,,,,,,,,,,,,,,,,,,,,,,,,,,,,,,,,,,,,,,,,,,,,,,,,,,,,,,,,,,,,,,,,,,,,,,,,,,,,,,,,,,,,,,,,,,,,,,,,,,,,,,,,,,,,,,,,,,,,,,,,,,,,,,,,,,,,,,,,,,,,,,,,,,,,,,,,,,,,,,,,,,,,,,,,,,,,,,,,,,,,,,,,,,,,,,,,,,,,,,,,,,,,,,,,,,,,,,,,,,,,,,,,,,,,,,,,,,,,,,,,,,14AUG1979,5,1,3,2,1,1,,NRP,,,,1,1,0,1,0,1,DUCATI,1000,SS DS,Routière / GT,2,2004,37,3,1,10000,7,,,,,,,,,,,,,,,,,,,,,,,,,,,,,,,,,,,,,,,,,,,,,10000,3,4,,,,,,,,NRP,NRP,NRP,NRP,2009,NRP,NRP,1997,NRP,,,
1113,6662,421,1,0,5,,,,,,0,4,,,,,,0,4,,,,,,0,1,,,,,,0,5,,,,,,0,3,,,,,,0,2,,,,,,0,5,,,,,,3,6,2011,2012,2013,,,0,4,,,,,,0,5,,,,,,0,4,,,,,,0,5,,,,,,0,3,,,,,,0,,3,,,,,,,,,,,,,,,,,,4,0,4,1,41,9,2011,,2011,"Vous avez fait une sortie de route, une perte de contrôle ou une glissade sans rien percuter.",2,,,,,,,"Zone montagneuse, virage gauche en descendant, voie côté du vide. En entrant dans le virage, à allure légèrement trop rapide pour mon niveau de l'époque, je vois des aiguilles de pin sur la partie la plus à droite de ma voie, sur toute la longueur du virage.  Je me suis dit ""si je mets une roue dessus, je tombe"". Je fixe ces aiguilles de pin, je vois que plus le virage passe, plus je m'en rapproche, je choisis de freiner, mais la moto continue d'aller vers ces aiguilles de pins. En toute fin de virage, la roue avant passe dessus, glisse et me fait chuter. La moto glisse 2 mètres, moi également (vitesse faible juste avant de tomber).  Erreur de débutant : fixer le danger au lieu de fixer la sortie de virage. Cette chute m'a permis d'acquérir ce réflexe : s'il y a un danger sur la voie, ou que la vitesse semble trop rapide dans un virage, fixer la sortie de virage permet dans la plupart des cas de passer en anglant plus.",La vitesse inadaptée et le regard mal placé.,"Entrée dans le virage et vue des aiguilles de pins : -regard sur les aiguilles, je me crispe sur le guidon, et relache les gaz  Milieu de virage :  - Je vois que cela risque de ne pas passer : je freine de l'avant. Regard toujours sur les aiguilles, bras toujours crispé  Fin de virage :  - Freinage soutenu, j'espère m'arréter avant les aiguilles. Ce n'est pas le cas, la roue avant passe sur les aiguilles et décroche immédiatement.   Des amis derrière s'arrêtent en amont de ma chute dès qu'ils me voient, moins d'une dizaine de secondes après. J'essaie de relever ma moto, un d'eux m'en empêche, et m'oblige à m'asseoir, pendant qu'il le fait.   Après avoir vérifié que la moto est roulante et que je n'ai rien, et avoir attendu une 10aine de minutes se remettre, nous repartons.",NRP,1,"Regard mieux placé, ça passait tout seul.",Inexpérience.,,2,0,,,,,,3,6,,,,,,,,2,,,1,,Impuissance d'éviter la chute alors que je la voyais venir.,4,1,1,,3,1,2,3,3,1,2,2,4,1,4,4,4,1,,,,,,,,,2,,,,,,,,,2,2,,2,1,1,1,100,0,0,0,0,1,1,,,,,1,"AUT|aiguille de pins, donc glissante",,,,1,,,,,,,,,,,3,2,3,,0,70,1,2,3,4,7,9,,,,,3,2,3,2,3,2,KAWASAKI,500,GPZ-S,Routière / GT,2,1,1,1,1,1,1,1,1,1,1,37000,12,2,1,APRILIA,50,SR WWW,SCOOTER,2,4,3,22OCT1987,5,1,3,2,1,1,,NRP,,,,1,0,0,1,0,1,KAWASAKI,500,GPZ-S,Routière / GT,2,1999,37,3,1,5000,6,,,,,,,,,,,,,,,,,,,,,,,,,,,,,,,,,,,,,,,,,,,,,5000,1,3,4,,,,,,,2006,NRP,NRP,NRP,2010,NRP,NRP,2005,NRP,,,
36,6672,,1,0,4,,,,,,0,3,,,,,,1,5,2013,,,,,0,3,,,,,,0,3,,,,,,0,5,,,,,,2,5,2012,2013,,,,0,2,,,,,,1,2,2013,,,,,1,3,2012,,,,,0,5,,,,,,0,3,,,,,,0,1,,,,,,0,2,,,,,,0,,5,,,,,,,,,,,,,,,,,,4,1,5,1,46,10,2012,,,,,,,,,,,,,,,,,,,,,,,,,,,,,,,,,,,,,,,,,,,,,,,,,,,,,,,,,,,,,,,,,,,,,,,,,,,,,,,,,,,,,,,,,,,,,,,,,,,,,,,,,,,,,,,,,,,,,,,,,,,,,,,,,,,,,,,,,,,,,,,,,,,,,,,,,,,,,,07JUN1984,7,1,3,2,2,3,,NRP,,,,1,1,0,1,0,1,YAMAHA,1200,XTZ SUPER TENERE,TRAIL / SUPERMOTARD,2,2011,37,1,2,20000,7,,,,,,,,,,,,,,,,,,,,,,,,,,,,,,,,,,,,,,,,,,,,,20000,3,4,,,,,,,,NRP,NRP,NRP,NRP,2010,NRP,NRP,2006,NRP,,,
412,6674,,0,,,,,,,,,,,,,,,,,,,,,,,,,,,,,,,,,,,,,,,,,,,,,,,,,,,,,,,,,,,,,,,,,,,,,,,,,,,,,,,,,,,,,,,,,,,,,,,,,,,,,,,,,,,,,,,,,,,,,,,,,,,,,,,,,,,,,,,,,,,,,,,,,,,,,,,,,,,,,,,,,,,,,,,,,,,,,,,,,,,,,,,,,,,,,,,,,,,,,,,,,,,,,,,,,,,,,,,,,,,,,,,,,,,,,,,,,,,,,,,,,,,,,,,,,,,,,,,,,,,,,,,,,,,,,,,,,,,,,,,,,,,13MAR1991,10,1,3,2,2,5,0,NRP,,,,0,0,0,1,0,1,HONDA,600,"HORNET IE ""R"" ABS",ROADSTER,2,2010,37,3,1,6000,6,,,,,,,,,,,,,,,,,,,,,,,,,,,,,,,,,,,,,,,,,,,,,6000,3,4,,,,,,,,NRP,NRP,NRP,NRP,2012,NRP,NRP,2009,NRP,,,
1478,6678,,1,0,4,,,,,,0,4,,,,,,1,5,2000,,,,,1,5,2000,,,,,0,2,,,,,,0,3,,,,,,0,4,,,,,,1,6,1996,,,,,0,6,,,,,,0,5,,,,,,0,5,,,,,,0,2,,,,,,0,3,,,,,,0,4,,,,,,0,,3,,,,,,,,,,,,,,,,,,2,0,20,1,11,3,2000,,,,,,,,,,,,,,,,,,,,,,,,,,,,,,,,,,,,,,,,,,,,,,,,,,,,,,,,,,,,,,,,,,,,,,,,,,,,,,,,,,,,,,,,,,,,,,,,,,,,,,,,,,,,,,,,,,,,,,,,,,,,,,,,,,,,,,,,,,,,,,,,,,,,,,,,,,,,,,14JAN1976,5,1,3,2,2,3,,NRP,,,,2,0,0,4,0,4,HONDA,750,VFR-F,Routière / GT,2,1994,37,2,2,10000,7,DUCATI,848,848,SPORTIVE,2,2010,37,4,1,1000,7,KAWASAKI,300,KLX-R HOMOLOGUEE,TOUT TERRAIN (TRIAL / ENDURO / CROSS),2,2000,37,4,1,500,7,YAMAHA,125,SR,CUSTOM,2,1991,37,3,2,1000,7,,,,,,,,,,,,12500,3,4,,,,,,,,NRP,NRP,NRP,NRP,1995,NRP,NRP,1994,NRP,,,
1314,6680,,0,,,,,,,,,,,,,,,,,,,,,,,,,,,,,,,,,,,,,,,,,,,,,,,,,,,,,,,,,,,,,,,,,,,,,,,,,,,,,,,,,,,,,,,,,,,,,,,,,,,,,,,,,,,,,,,,,,,,,,,,,,,,,,,,,,,,,,,,,,,,,,,,,,,,,,,,,,,,,,,,,,,,,,,,,,,,,,,,,,,,,,,,,,,,,,,,,,,,,,,,,,,,,,,,,,,,,,,,,,,,,,,,,,,,,,,,,,,,,,,,,,,,,,,,,,,,,,,,,,,,,,,,,,,,,,,,,,,,,,,,,,,02APR1980,2,1,3,2,3,4,1,NRP,,,,2,0,0,1,0,1,TRIUMPH,1050,SPEED TRIPLE,ROADSTER,2,2005,37,3,2,4000,7,,,,,,,,,,,,,,,,,,,,,,,,,,,,,,,,,,,,,,,,,,,,,4000,2,3,4,,,,,,,NRP,NRP,NRP,1998,2001,NRP,NRP,1998,NRP,,,
1766,6684,,1,0,5,,,,,,0,5,,,,,,0,6,,,,,,0,2,,,,,,0,4,,,,,,0,4,,,,,,0,3,,,,,,0,6,,,,,,1,5,2003,,,,,0,2,,,,,,0,4,,,,,,0,2,,,,,,1,3,2014,,,,,0,1,,,,,,0,,2,,,,,,,,,,,,,,,,,,6,2,10,1,61,13,2014,,,,,,,,,,,,,,,,,,,,,,,,,,,,,,,,,,,,,,,,,,,,,,,,,,,,,,,,,,,,,,,,,,,,,,,,,,,,,,,,,,,,,,,,,,,,,,,,,,,,,,,,,,,,,,,,,,,,,,,,,,,,,,,,,,,,,,,,,,,,,,,,,,,,,,,,,,,,,,30DEC1983,5,1,3,2,2,3,,NRP,,,,0,0,0,1,0,1,KAWASAKI,650,"ER-6 ""N""",ROADSTER,2,2010,37,2,2,3000,7,,,,,,,,,,,,,,,,,,,,,,,,,,,,,,,,,,,,,,,,,,,,,3000,1,3,4,,,,,,,1998,NRP,NRP,NRP,2005,NRP,NRP,2002,NRP,,,
522,6685,480,1,0,3,,,,,,0,2,,,,,,0,4,,,,,,0,3,,,,,,0,4,,,,,,0,4,,,,,,0,2,,,,,,0,4,,,,,,1,3,2012,,,,,0,3,,,,,,0,4,,,,,,0,3,,,,,,1,3,2013,,,,,0,4,,,,,,0,,2,,,,,,,,,,,,,,,,,,0,0,5,1,41,9,2012,,2012,"Vous avez fait une sortie de route, une perte de contrôle ou une glissade sans rien percuter.",AUT|Le moins grave,,,,,,,"Dans un virage avec une visibilité moindre, approchant de la vitesse maximale autorisé, je me suis déporté vers le bord de la chaussé, mais les graviers présent m'ont fait glisser sur l'exterieur de la route",La vitesse et le manque de visibilité et le manque d'adhérance du aux gravier présent sur le bord de la chaussé,Freinage,NRP,1,"Vitesse plus réduite, meilleur appréhension du virage (bien tourner le tête)","Vitesse plus élevé du aux passage à cette vitesse (en dessous du max) sans encombres (virage plus serré que les autres, avec moins de visibilité). Mauvaise habitude de regarde ""là ou on passe"" (regard proche) et pas ""la ou on va"" (regarder loin)",,2,0,,,,,,6,,,,,,,,,,,,1,,"Courbe du virage trop large, distance de freinage insuffisante",3,1,2,,1,1,2,3,3,2,1,2,4,1,4,4,4,5,,,,,,,,,1,5,,,,,,,,2,2,,2,1,1,1,65,0,0,35,0,2,,,,,,1,4,,,,1,,,,,,,,,,,3,2,3,,0,40,1,10,2,3,4,7,,,,,3,3,3,3,3,3,YAMAHA,750,XJ SECA,ROADSTER,2,1,1,1,1,1,1,1,1,1,1,40000,10,2,0,,,,,,,,18OCT1985,4,1,3,2,2,3,,NRP,,,,0,0,0,1,0,1,DUCATI,796,MONSTER ABS,ROADSTER,2,2012,37,1,2,12000,6,,,,,,,,,,,,,,,,,,,,,,,,,,,,,,,,,,,,,,,,,,,,,12000,4,3,,,,,,,,NRP,NRP,NRP,NRP,2011,NRP,NRP,2004,NRP,,,
645,6688,293,1,0,6,,,,,,0,4,,,,,,0,5,,,,,,0,5,,,,,,0,2,,,,,,0,4,,,,,,0,3,,,,,,0,5,,,,,,1,5,2009,,,,,0,1,,,,,,0,6,,,,,,0,2,,,,,,0,6,,,,,,0,3,,,,,,0,,1,,,,,,,,,,,,,,,,,,4,4,14,1,41,9,2009,,2009,"Vous avez fait une sortie de route, une perte de contrôle ou une glissade sans rien percuter.",1,,,,,,,"de retour d'une formation dans Paris en scooter x9 125 avenue des Ternes je croise un enjoliveur en plastique que j'évite je ne vois pas le cerclage en acier qui s'était détaché et me retrouve par terre, asssommé le cerclage s'est pris dans ma roue AV, l'a bloquée, a arraché l'étrier de frein, le garde-boue, ... arrêt très brutal rien pu faire ! main gauche cassée, deux opérations","je ne me suis rendu compte de rien ce qui m'a fait prendre conscience que, malgré une conduite prudente, le fait d'avoir le permis moto depuis plusieurs années, être bien protégé (intégral, dorsale, gants renforcés,...), je reste vulnérable même en l'absence de tiers","seul souvenir, le crissement du pneu avant et avoir pris le ""sol dans la figure"" (pas eu la sensation de tomber) les voitures derrière m'ont évité, mais je ne m'en souviens pas pas de tiers, pas de passager, seulement un débris",3,0,,,je n'ai pas vu le débris. je suis depuis méfiant en voyant un enjoliveur sur la route et guette le fil d'acier. J'ai changé de scooter pour un 3 roues et ai acheté un gilet airbag.,2,0,,,,,,7,,,,,,,,,,,,,,,4,3,,,1,2,3,4,1,1,1,3,4,3,4,4,4,10,,,,,,,,,1,5,,,,,,,,2,2,,2,1,1,1,0,0,0,100,0,2,,,,,,2,1,,,,2,1,4,,,,,,,1,1,2,1,1,2,0,60,1,10,2,4,7,,,,,,4,4,4,4,4,2,PIAGGIO,125,X9 EVO,SCOOTER,2,1,1,1,1,1,1,1,1,1,1,20000,12,4,1,DUCATI,600,MONSTER DARK,ROADSTER,null,4,2,02NOV1973,5,1,3,2,4,4,2,NRP,,,,1,0,1,4,0,5,PIAGGIO,250,MP3 LT (TM),SCOOTER,2,2008,37,1,2,2000,4,YAMAHA,500,XT,TRAIL / SUPERMOTARD,2,1980,37,4,1,500,4,SUZUKI,750,GSX-R,SPORTIVE,2,1988,37,4,1,500,4,HONDA,750,"CB ""K6""",ROADSTER,2,1978,37,4,1,500,4,KAWASAKI,900,GPZ-R NINJA,Routière / GT,2,1986,37,4,1,500,4,4000,3,4,,,,,,,,NRP,NRP,NRP,NRP,2001,NRP,NRP,1991,NRP,,,