Ligne,Ligne Q qualif,Ligne approfondissement Accident,ACCIDENT,NBACC1,ACCFREQUENCE1,ANNEEACC1_1,ANNEEACC1_2,ANNEEACC1_3,ANNEEACC1_4,ANNEEACC1_5,NBACC2,ACCFREQUENCE2,ANNEEACC2_1,ANNEEACC2_2,ANNEEACC2_3,ANNEEACC2_4,ANNEEACC2_5,NBACC3,ACCFREQUENCE3,ANNEEACC3_1,ANNEEACC3_2,ANNEEACC3_3,ANNEEACC3_4,ANNEEACC3_5,NBACC4,ACCFREQUENCE4,ANNEEACC4_1,ANNEEACC4_2,ANNEEACC4_3,ANNEEACC4_4,ANNEEACC4_5,NBACC5,ACCFREQUENCE5,ANNEEACC5_1,ANNEEACC5_2,ANNEEACC5_3,ANNEEACC5_4,ANNEEACC5_5,NBACC6,ACCFREQUENCE6,ANNEEACC6_1,ANNEEACC6_2,ANNEEACC6_3,ANNEEACC6_4,ANNEEACC6_5,NBACC7,ACCFREQUENCE7,ANNEEACC7_1,ANNEEACC7_2,ANNEEACC7_3,ANNEEACC7_4,ANNEEACC7_5,NBACC8,ACCFREQUENCE8,ANNEEACC8_1,ANNEEACC8_2,ANNEEACC8_3,ANNEEACC8_4,ANNEEACC8_5,NBACC9,ACCFREQUENCE9,ANNEEACC9_1,ANNEEACC9_2,ANNEEACC9_3,ANNEEACC9_4,ANNEEACC9_5,NBACC10,ACCFREQUENCE10,ANNEEACC10_1,ANNEEACC10_2,ANNEEACC10_3,ANNEEACC10_4,ANNEEACC10_5,NBACC11,ACCFREQUENCE11,ANNEEACC11_1,ANNEEACC11_2,ANNEEACC11_3,ANNEEACC11_4,ANNEEACC11_5,NBACC12,ACCFREQUENCE12,ANNEEACC12_1,ANNEEACC12_2,ANNEEACC12_3,ANNEEACC12_4,ANNEEACC12_5,NBACC13,ACCFREQUENCE13,ANNEEACC13_1,ANNEEACC13_2,ANNEEACC13_3,ANNEEACC13_4,ANNEEACC13_5,NBACC14,ACCFREQUENCE14,ANNEEACC14_1,ANNEEACC14_2,ANNEEACC14_3,ANNEEACC14_4,ANNEEACC14_5,AUTRESACC,NBAUTRESACC,TOTAL_AC,ANNEEAUTREACC1,ANNEEAUTREACC2,ANNEEAUTREACC3,ANNEEAUTREACC4,ANNEEAUTREACC5,LIEUAUTREACC1,LIEUAUTREACC2,LIEUAUTREACC3,LIEUAUTREACC4,LIEUAUTREACC5,DESCRIPTIONAUTRESACC1,DESCRIPTIONAUTRESACC2,DESCRIPTIONAUTRESACC3,DESCRIPTIONAUTRESACC4,DESCRIPTIONAUTRESACC5,NBAUTRESACCCIRCUIT,NBAUTRESTOUTTERRAIN,EXPCYCLO,EXP125,EXPSUP125,ACCORDNEXTQ,CHOIXACC,RGPMTACC,RECUPANNEE,RECUPLIEU,RECUPANNE,RGPMTAC,CHOIX1,CHOIX2,CHOIX3,CHOIX4,CHOIX5,CHOIX6,CHOIX7,DESCRIPTION,RUPTURE,FAITS,ABS_REACTION,AUTRE_REACTION,PRECISIONREACTIONOUI,RECUL,PRECISIONREACTIONNON,IMPACTCOMPORTEMENT,AUTREUSAGER,REACTIONAUTREUSAGER,CONNAISSANCEREACTIONUSAGER,DIFFICULTES,AGGRAVATION,DIFFICULTES2,EMOTIONS1,EMOTIONS2,EMOTIONS3,EMOTIONS4,EMOTIONS5,EMOTIONS6,AUTRESENTIMENT,CLASSEMENTEMOTIONS1,CLASSEMENTEMOTIONS,CLASSEMENTEMOTIONS5,CLASSEMENTEMOTIONS6,CLASSEMENTEMOTIONS7,CLASSEMENTEMOTIONS8,CLASSEMENTEMOTIONS9,EXPLICATIONRESSENTI,BIENEQUIPE,ALLURE,ALLUREVITEDETAIL,ALLURELENTEDETAIL,SITUATIONPRESSE,SITUATIONDISTRAIT,SITUATIONCONFIANT,SITUATIONCONTROLE,SITUATIONLUDIQUE,SITUATIONPERF,SITUATIONSTRESS,SITUATIONFATIGUE,HUMEURNEUTRE,HUMEURGAI,HUMEURMECONTENT,HUMEURTRISTE,HUMEURCOLERE,CONTRIBUTION1,CONTRIBUTION2,CONTRIBUTION3,CONTRIBUTION4,CONTRIBUTION5,CONTRIBUTION6,CONTRIBUTION7,CONTRIBUTION8,CONTRIBUTION9,ROLEINFRA,ELEMENTINFRA1,ELEMENTINFRA2,ELEMENTINFRA3,ELEMENTINFRA4,ELEMENTINFRA5,ELEMENTINFRA6,ELEMENTINFRA7,ELEMENTINFRA8,ELEMENTINFRA9,ALCOOL,TXALCOOL,STUP,SEMAINE,MOMENTJOURNEE,TEMPS,CAUSEACC1,CAUSEACC2,CAUSEACC3,CAUSEACC4,CAUSEACC5,FORMATIONCAUSE,FORMATION1,FORMATION2,FORMATION3,FORMATION4,FORMATION5,TRAFIC,CHAUSSEE1,CHAUSSEE2,CHAUSSEE3,CHAUSSEE4,TYPEACC,BLESSURE,TETE,COU,THORAX,MEMBRESSUP,COLONNE,BASSIN,MEMBRESINF,HOPITAL,PLUS24H,TRAJET,TYPEROUTE,MOTIF,SENSTRAJET,PASSAGER,VITESSE,DESCEQ1,DESCEQ2,DESCEQ3,DESCEQ4,DESCEQ5,DESCEQ6,DESCEQ7,DESCEQ8,DESCEQ9,DESCEQ10,VEHICULEETE,VEHICULEAUTOMNE,VEHICULEPRINTEMPS,VEHICULEHIVER,VEHICULESEMAINE,VEHICULEWE,VEHMARQUE,VEHCYLINDREE,VEHMODELE,VEHSEGMENT,VEHSIDE,EQ2RMABS,EQ2RMCBS,EQ2RMABSCBS,EQ2RMREGULATEUR,EQ2RMLIMITEUR,EQ2RMPHARESDIRECT,EQ2RMCOUPURE,EQ2RMANTIPATINAGE,EQ2RMANTIXHEELING,EQ2RMSTABILILTE,VEHKM,POINTS,DUREE,AUTRE2RM,VEHPRECMARQUE,VEHPRECCYLINDREE,VEHPRECMODELE,VEHPRECSEGMENT,VEHPRECSIDE,TEMPS2RMPREC,FREQVEHPREC,DATE_NAISS,CSP,SOCIETAIRE,SALARIE,SECTEUR2RM,NBPERSFOYER,SITFAM,NBENF,TRNBENF1,TRNBENF2,TRNBENF3,TRNBENF4,NBAUTOFOYER,NBCYCLOFOYER,NBSCOOTFOYER,NBMOTOFOYER,NBTRIKEFOYER,NB2RMCONDUIT,MARQUE1,CYLINDREE1,MODELE1,SEGMENT1,SIDE1,ANMISECIRCU1,ASS1,FREQ1,USAGE1,NBKM1,GARAGE1,MARQUE2,CYLINDREE2,MODELE2,SEGMENT2,SIDE2,ANMISECIRCU2,ASS2,FREQ2,USAGE2,NBKM2,GARAGE2,MARQUE3,CYLINDREE3,MODELE3,SEGMENT3,SIDE3,ANMISECIRCU3,ASS3,FREQ3,USAGE3,NBKM3,GARAGE3,MARQUE4,CYLINDREE4,MODELE4,SEGMENT4,SIDE4,ANMISECIRCU4,ASS4,FREQ4,USAGE4,NBKM4,GARAGE4,MARQUE5,CYLINDREE5,MODELE5,SEGMENT5,SIDE5,ANMISECIRCU5,ASS5,FREQ5,USAGE5,NBKM5,GARAGE5,NBKMTOT,PERMIS1,PERMIS2,PERMIS3,PERMIS4,PERMIS5,PERMIS6,PERMIS7,PERMIS8,PERMIS9,ANPERMIS1,ANPERMIS6,ANPERMIS7,ANPERMIS2,ANPERMIS3,ANPERMIS8,ANPERMIS9,ANPERMIS4,ANPERMIS5,,,
492,6689,385,1,0,4,,,,,,1,6,2005,,,,,1,6,2005,,,,,1,4,2006,,,,,0,4,,,,,,0,6,,,,,,0,3,,,,,,0,6,,,,,,4,6,1996,1997,2004,2006,,0,4,,,,,,0,6,,,,,,0,1,,,,,,1,3,1997,,,,,0,6,,,,,,1,1,9,2006,,,,,brioude,,,,,"1er jours des vacances, en roulant, perte de mon sac de couchage qui est passé dans la roue arrière et s'est bloqué entre le bras oscillant et le pneu... dérapage et paf. Depuis je charge correctement mes bagages!!!",,,,,0,0,4,0,13,1,16,4,2006,,2006,Vous circuliez derrière un véhicule. Vous avez entrepris de dépasser ce véhicule par la droite et celui-ci vous a coupé la route en tournant à droite.,5,"AUT|je vais vous parler d'un autre accident, car celui ci c'était un presque accident car la voiture s'est stoppée en m'entendant accelerer merci les pots MIG",,,,,,"Nous étions en 2006, moi 25 ans, 10 000km d'expérience de roulage sur route avec mon 850 TRX et ma 650 SV... Mes 5 copains copines en motos et moi partons pour notre premier jour de vacances direction chez mon tonton Benoit en Auvergne. On charge les sacs en 2 temps trois mouvements. 2 duvets dans un sac poubelle attachés sur le siège passager de mon SV. On part, on roule bien, route de montagne on gaz, autoroute, on sort de l'autoroute, puis à 2km avant d'arriver chez Benoit (c moi qui ouvre la route car c MON tonton) je ne vois plus les copines dans les rétros... Z'ont du se perdre... je fais demi tour et je les croisent en me faisant des signes que je ne comprends pas... Je reprends la direction de chez tonton et dans une belle ligne droite j'accelere et là c le bug, le moteur se coupe, voyants allumés, je débraille... Ma roue arrière s'est bloquée, je dérape, je reste debout le plus longtemps possible (80m de dérapage photo à l'appui)!!! Et paf je couche la moto sur le coté... Je me relève, je fais l bilan, c bon rien de cassé sur le bonhomme, la brèle: platine repose pied droit cassé et qq rayures... Mais d'ou vient ce blocage de roue? DU DUVET DE MON AMI ALEX QUI S'EST COINCE DANS MON BRAS OSCILLANT!!!  En roulant le sac poubelle dans lequel nous avions mis les duvets s'est coupé, un premier duvet est tombé (mes potes l'ont ramassés) et le deuxieme est tombé dans ma roue arrière...  Moralité faut charger tranquillement avec des vrais sacs costauds...",Roue arrière bloquée sans prévenir.,"Tous les voyants se sont allumés sur tableau de bord, j'ai pensé panne ou casse moteur, j'ai débraillé, puis j'ai tenu la machine en équilibre le plus longtemps possible...",NRP,1,J'aurais pus regarder en roulant (dérapant) sur ma machine d'ou venait le hic... Et la j crois que je serais aller par terre de suite (perte d'équilibre),"Ca va très vite, qq secondes",,2,0,,,,,,1,3,6,,,,,1,,2,,,3,,"Je vais tomber avec ma bécane, je vais me casser qq chose...",3,3,,,3,1,3,3,3,2,1,2,1,1,4,4,4,1,4,5,,,,,,,1,2,AUT|Merci aux concepteurs de cette route en ligne droite...,,,,,,,2,2,,2,2,3,1,100,0,0,0,0,2,,,,,,1,1,,,,1,,,,,,,,,,,2,2,3,,0,90,1,10,2,3,4,,,,,,4,4,4,4,4,4,SUZUKI,650,SV-S,SPORTIVE,2,1,1,1,1,1,1,1,1,1,1,15000,12,4,1,YAMAHA,850,TRX,Routière / GT,2,4,3,19DEC1981,7,1,3,2,3,4,1,NRP,,,,2,0,0,4,0,3,GAS GAS,300,EC ENDUCROSS,TOUT TERRAIN (TRIAL / ENDURO / CROSS),2,2011,37,3,1,2000,7,HONDA,500,CB,ROADSTER,2,1998,28,3,2,5000,7,HONDA,500,CB,ROADSTER,2,1998,16,3,2,5000,7,,,,,,,,,,,,,,,,,,,,,,,12000,1,3,4,,,,,,,1995,NRP,NRP,NRP,2002,NRP,NRP,1999,NRP,,,
1889,6695,,0,,,,,,,,,,,,,,,,,,,,,,,,,,,,,,,,,,,,,,,,,,,,,,,,,,,,,,,,,,,,,,,,,,,,,,,,,,,,,,,,,,,,,,,,,,,,,,,,,,,,,,,,,,,,,,,,,,,,,,,,,,,,,,,,,,,,,,,,,,,,,,,,,,,,,,,,,,,,,,,,,,,,,,,,,,,,,,,,,,,,,,,,,,,,,,,,,,,,,,,,,,,,,,,,,,,,,,,,,,,,,,,,,,,,,,,,,,,,,,,,,,,,,,,,,,,,,,,,,,,,,,,,,,,,,,,,,,,,,,,,,,,18FEB1977,5,1,3,2,4,4,2,NRP,,,,2,0,0,2,0,2,YAMAHA,600,THUNDER CAT (YZF-R),Routière / GT,2,1999,37,2,2,2500,7,YCF,150,PIT (DIRT) BIKE CLASSIC,TOUT TERRAIN (TRIAL / ENDURO / CROSS),2,2009,41,3,1,500,7,,,,,,,,,,,,,,,,,,,,,,,,,,,,,,,,,,3000,3,4,,,,,,,,NRP,NRP,NRP,NRP,2006,NRP,NRP,1996,NRP,,,
1522,6697,,0,,,,,,,,,,,,,,,,,,,,,,,,,,,,,,,,,,,,,,,,,,,,,,,,,,,,,,,,,,,,,,,,,,,,,,,,,,,,,,,,,,,,,,,,,,,,,,,,,,,,,,,,,,,,,,,,,,,,,,,,,,,,,,,,,,,,,,,,,,,,,,,,,,,,,,,,,,,,,,,,,,,,,,,,,,,,,,,,,,,,,,,,,,,,,,,,,,,,,,,,,,,,,,,,,,,,,,,,,,,,,,,,,,,,,,,,,,,,,,,,,,,,,,,,,,,,,,,,,,,,,,,,,,,,,,,,,,,,,,,,,,,08MAR1983,5,1,3,2,2,3,,NRP,,,,2,0,0,1,0,1,HONDA,600,"CB-F ""N""",ROADSTER,2,2005,37,2,1,2000,7,,,,,,,,,,,,,,,,,,,,,,,,,,,,,,,,,,,,,,,,,,,,,2000,3,4,,,,,,,,NRP,NRP,NRP,NRP,2013,NRP,NRP,2001,NRP,,,
1502,6700,,1,0,4,,,,,,0,3,,,,,,0,3,,,,,,0,3,,,,,,1,5,2014,,,,,0,3,,,,,,0,4,,,,,,0,4,,,,,,0,4,,,,,,0,4,,,,,,0,5,,,,,,0,3,,,,,,0,3,,,,,,0,2,,,,,,0,,1,,,,,,,,,,,,,,,,,,0,0,4,1,21,5,2014,,,,,,,,,,,,,,,,,,,,,,,,,,,,,,,,,,,,,,,,,,,,,,,,,,,,,,,,,,,,,,,,,,,,,,,,,,,,,,,,,,,,,,,,,,,,,,,,,,,,,,,,,,,,,,,,,,,,,,,,,,,,,,,,,,,,,,,,,,,,,,,,,,,,,,,,,,,,,,02NOV1985,5,1,3,2,2,3,,NRP,,,,1,0,0,1,0,1,HARLEY-DAVIDSON,1200,SPORTSTER R ROADSTER,ROADSTER,2,2007,37,3,1,4000,7,,,,,,,,,,,,,,,,,,,,,,,,,,,,,,,,,,,,,,,,,,,,,4000,3,4,,,,,,,,NRP,NRP,NRP,NRP,2011,NRP,NRP,2004,NRP,,,
481,6704,450,1,0,3,,,,,,0,2,,,,,,0,4,,,,,,0,5,,,,,,1,5,2005,,,,,0,4,,,,,,0,3,,,,,,0,3,,,,,,0,3,,,,,,0,4,,,,,,0,4,,,,,,0,3,,,,,,1,4,2014,,,,,0,3,,,,,,0,,2,,,,,,,,,,,,,,,,,,14,0,14,1,61,13,2014,,2014,Vous circuliez derrière un véhicule. Ce véhicule a freiné ou a ralenti et vous lavez percuté par larrière.,4,,,,,,,"Je circulais pour une fois en pleine voie sur une portion d'autoroute le long des quais du rhone à Lyon à peu pret à la vitesse réglementaire de 70km/h derrière une estafette d'artisan. Un freinage brusque de celle ci m'a surpris et je n'ai pu m'arrêter sans la percuter et tomber. Pour moi en dehors de mon temps de réaction et des distances surement trop courtes, ma moto ayant de suspension trop molle a trop absobé le freinage. Depuis j'en ai changé et j'ai pris l'abs.","Distances trop courte pour un freinage d'urgence, suspension trop molle et sans abs","aucune idée, j'ai freiné et tenté de géré le blocage des roues jusqu'a l'impact qui m'a semblé inévitable des le blocage des roues",NRP,1,ne pas rester derrière une estafette qui bloque toute visibilité au delà. Etre en interfile ce qui me donne plus de visibilité,Pour l'estafette et la distance de securité je pense que c'est par meconnaissance du risque Pour l'interfile je m'adapte au traffic et ce jour là je le trouvait trop chargé.,,2,1,2,,NSP,1,en amont quelqu'un a engendré ce freinage d'urgence en cascade mais aucune chance de remonté jusqu'a cette cause,6,9,,,,,de la fatalité,,,,,,1,2,je ne pouvais plus rien faire pour eviter l'impact,3,3,,,1,2,3,4,1,1,1,3,5,4,5,4,4,7,,,,,,,,,2,,,,,,,,,2,2,,2,1,1,1,80,20,0,0,0,NSP,,,,,,3,2,,,,2,1,4,6,7,,,,,1,0,1,3,1,1,0,70,1,10,2,3,4,,,,,,4,4,4,4,4,2,KAWASAKI,750,ZR-7,ROADSTER,2,1,1,1,1,1,1,2,1,1,1,50000,12,4,1,MBK,50,51 CLUB,ROADSTER,2,4,4,29DEC1977,5,1,3,2,6,4,4,NRP,,,,1,1,0,1,0,1,KAWASAKI,750,ZR-7,ROADSTER,2,1999,37,1,2,5600,7,,,,,,,,,,,,,,,,,,,,,,,,,,,,,,,,,,,,,,,,,,,,,5600,3,4,,,,,,,,NRP,NRP,NRP,NRP,2000,NRP,NRP,1996,NRP,,,
146,6713,,0,,,,,,,,,,,,,,,,,,,,,,,,,,,,,,,,,,,,,,,,,,,,,,,,,,,,,,,,,,,,,,,,,,,,,,,,,,,,,,,,,,,,,,,,,,,,,,,,,,,,,,,,,,,,,,,,,,,,,,,,,,,,,,,,,,,,,,,,,,,,,,,,,,,,,,,,,,,,,,,,,,,,,,,,,,,,,,,,,,,,,,,,,,,,,,,,,,,,,,,,,,,,,,,,,,,,,,,,,,,,,,,,,,,,,,,,,,,,,,,,,,,,,,,,,,,,,,,,,,,,,,,,,,,,,,,,,,,,,,,,,,,30AUG1947,5,1,3,2,2,3,,NRP,,,,2,0,1,0,0,1,PIAGGIO,400,MP3 LT (TM),SCOOTER,2,2009,37,3,1,2500,7,,,,,,,,,,,,,,,,,,,,,,,,,,,,,,,,,,,,,,,,,,,,,2500,4,,,,,,,,,NRP,NRP,NRP,NRP,NRP,NRP,NRP,1965,NRP,,,
726,6717,447,1,0,2,,,,,,1,3,2009,,,,,0,3,,,,,,0,4,,,,,,0,5,,,,,,1,4,2008,,,,,0,2,,,,,,0,2,,,,,,0,2,,,,,,0,3,,,,,,0,3,,,,,,0,2,,,,,,0,2,,,,,,0,1,,,,,,0,,2,,,,,,,,,,,,,,,,,,3,7,0,1,26,6,2008,,2008,Vous remontiez une file de véhicules par la gauche. Un véhicule de la file a laissé passer un autre véhicule venant dun autre axe non prioritaire. Ce dernier vous a coupé la route.,2,4,5,6,,,,"Le plus marquant reste le véhicule qui surgit alors que je ne m'y attend pas du tout.  S'ensuit le choc et la glissade qui fini de l'autre côté de la voie, arrêté par une voiture qui est heureusement stationnée.  Heureusement que la voie ne permettait pas de remonter la file en ayant des véhicules dans lautre sens...",Le véhicule qui déborde de la file pour venir à contre sens de mon sens de circulation.,NRP,AUT|Pas eu le temps de réagir,0,,,"La voie étant relativement étroite (seuls 2 véhicules peuvent se croiser), je remontais la file très proche des véhicules, me coupant ainsi une vision large de l'environnement.",2,1,2,,Manque totale de visibilité.,NSP,Je ne pense pas.,6,9,,,,,De la colère et du regret,,,,,,1,2,Freinage ou évitement inutile au vu de la situation.,2,1,1,,2,1,2,4,1,1,3,1,1,5,4,4,4,1,,,,,,,,,1,2,7,,,,,,,2,2,,2,1,1,1,45,45,0,10,0,NSP,,,,,,4,1,,,,1,,,,,,,,,,,2,1,1,1,0,55,1,10,,,,,,,,,4,4,4,4,4,2,PEUGEOT,125,SATELIS CITY,SCOOTER,2,1,1,1,1,1,1,1,1,1,1,16000,12,1,1,PEUGEOT,100,ELYSEO,SCOOTER,2,4,4,21DEC1977,5,1,3,2,4,4,2,NRP,,,,1,0,1,0,0,1,PEUGEOT,125,SATELIS CITY,SCOOTER,2,2006,37,1,2,6200,4,,,,,,,,,,,,,,,,,,,,,,,,,,,,,,,,,,,,,,,,,,,,,6200,2,4,,,,,,,,NRP,NRP,NRP,1996,NRP,NRP,NRP,1996,NRP,,,
632,6721,,0,,,,,,,,,,,,,,,,,,,,,,,,,,,,,,,,,,,,,,,,,,,,,,,,,,,,,,,,,,,,,,,,,,,,,,,,,,,,,,,,,,,,,,,,,,,,,,,,,,,,,,,,,,,,,,,,,,,,,,,,,,,,,,,,,,,,,,,,,,,,,,,,,,,,,,,,,,,,,,,,,,,,,,,,,,,,,,,,,,,,,,,,,,,,,,,,,,,,,,,,,,,,,,,,,,,,,,,,,,,,,,,,,,,,,,,,,,,,,,,,,,,,,,,,,,,,,,,,,,,,,,,,,,,,,,,,,,,,,,,,,,,20MAY1974,5,1,3,2,1,1,,NRP,,,,0,0,0,1,0,1,HONDA,1000,CBF-F C-ABS,ROADSTER,2,2012,37,3,1,10000,7,,,,,,,,,,,,,,,,,,,,,,,,,,,,,,,,,,,,,,,,,,,,,10000,3,4,5,,,,,,,NRP,NRP,NRP,NRP,2012,NRP,NRP,1992,2010,,,
1554,6723,,1,0,5,,,,,,0,6,,,,,,1,6,2012,,,,,0,2,,,,,,1,6,1995,,,,,0,4,,,,,,0,2,,,,,,1,5,1996,,,,,0,6,,,,,,0,3,,,,,,0,6,,,,,,0,2,,,,,,0,5,,,,,,0,3,,,,,,0,,3,,,,,,,,,,,,,,,,,,0,0,22,1,11,3,2012,,,,,,,,,,,,,,,,,,,,,,,,,,,,,,,,,,,,,,,,,,,,,,,,,,,,,,,,,,,,,,,,,,,,,,,,,,,,,,,,,,,,,,,,,,,,,,,,,,,,,,,,,,,,,,,,,,,,,,,,,,,,,,,,,,,,,,,,,,,,,,,,,,,,,,,,,,,,,,24MAR1974,5,1,3,2,3,4,1,NRP,,,,2,0,0,2,0,2,TRIUMPH,955,SPEED TRIPLE,ROADSTER,2,2001,37,3,1,2000,7,HONDA,1200,VFR-F,Routière / GT,2,2011,37,2,2,6000,7,,,,,,,,,,,,,,,,,,,,,,,,,,,,,,,,,,8000,3,4,,,,,,,,NRP,NRP,NRP,NRP,1993,NRP,NRP,1992,NRP,,,
18,6724,,0,,,,,,,,,,,,,,,,,,,,,,,,,,,,,,,,,,,,,,,,,,,,,,,,,,,,,,,,,,,,,,,,,,,,,,,,,,,,,,,,,,,,,,,,,,,,,,,,,,,,,,,,,,,,,,,,,,,,,,,,,,,,,,,,,,,,,,,,,,,,,,,,,,,,,,,,,,,,,,,,,,,,,,,,,,,,,,,,,,,,,,,,,,,,,,,,,,,,,,,,,,,,,,,,,,,,,,,,,,,,,,,,,,,,,,,,,,,,,,,,,,,,,,,,,,,,,,,,,,,,,,,,,,,,,,,,,,,,,,,,,,,24FEB1983,6,1,3,2,2,3,,NRP,,,,2,0,0,2,0,2,HARLEY-DAVIDSON,883,SPORTSTER IRON 1PLACE,ROADSTER,2,2010,37,2,2,5000,7,SUZUKI,650,SV-S RACING EDITION,Routière / GT,2,2006,37,3,2,2000,7,,,,,,,,,,,,,,,,,,,,,,,,,,,,,,,,,,7000,3,7,,,,,,,,NRP,NRP,2002,NRP,2010,NRP,NRP,NRP,NRP,,,
965,6727,,1,0,2,,,,,,0,4,,,,,,0,4,,,,,,0,4,,,,,,0,4,,,,,,0,3,,,,,,0,3,,,,,,0,3,,,,,,0,5,,,,,,0,2,,,,,,1,4,2009,,,,,0,2,,,,,,0,4,,,,,,0,2,,,,,,1,0,1,,,,,,,,,,,,,,,,0,0,0,0,13,0,,NRP,,,,,,,,,,,,,,,,,,,,,,,,,,,,,,,,,,,,,,,,,,,,,,,,,,,,,,,,,,,,,,,,,,,,,,,,,,,,,,,,,,,,,,,,,,,,,,,,,,,,,,,,,,,,,,,,,,,,,,,,,,,,,,,,,,,,,,,,,,,,,,,,,,,,,,,,,,,,,,,07MAR1979,5,1,3,2,4,4,2,NRP,,,,2,0,0,1,0,1,YAMAHA,1000,FZS FAZER,ROADSTER,2,2002,37,1,2,15000,7,,,,,,,,,,,,,,,,,,,,,,,,,,,,,,,,,,,,,,,,,,,,,15000,4,3,,,,,,,,NRP,NRP,NRP,NRP,2002,NRP,NRP,1997,NRP,,,
2139,6739,,1,0,4,,,,,,0,2,,,,,,1,2,2010,,,,,0,5,,,,,,0,4,,,,,,0,5,,,,,,0,2,,,,,,1,2,2006,,,,,1,5,2009,,,,,0,4,,,,,,0,4,,,,,,0,4,,,,,,2,4,2013,2014,,,,0,5,,,,,,0,,5,,,,,,,,,,,,,,,,,,0,3,6,1,62,13,2014,,,,,,,,,,,,,,,,,,,,,,,,,,,,,,,,,,,,,,,,,,,,,,,,,,,,,,,,,,,,,,,,,,,,,,,,,,,,,,,,,,,,,,,,,,,,,,,,,,,,,,,,,,,,,,,,,,,,,,,,,,,,,,,,,,,,,,,,,,,,,,,,,,,,,,,,,,,,,,16NOV1974,4,1,3,2,2,3,,NRP,,,,0,0,1,1,0,2,BMW,1200,R1200RT PACK,Routière / GT,2,2010,37,1,2,10000,4,PIAGGIO,125,VESPA GT,SCOOTER,2,2009,37,1,2,5000,4,,,,,,,,,,,,,,,,,,,,,,,,,,,,,,,,,,15000,3,4,,,,,,,,NRP,NRP,NRP,NRP,2009,NRP,NRP,1993,NRP,,,
1993,6740,,1,1,4,1999,,,,,0,5,,,,,,0,5,,,,,,0,3,,,,,,0,4,,,,,,0,5,,,,,,0,3,,,,,,1,5,2001,,,,,1,5,2007,,,,,0,4,,,,,,0,5,,,,,,0,3,,,,,,0,5,,,,,,0,3,,,,,,1,1,4,1998,,,,,la bouilladisse,,,,,Un véhicule a grille un cédé le passage alors que j'arrivais en moto à vitesse réglementaire.,,,,,0,0,2,1,17,1,1,1,1999,,,,,,,,,,,,,,,,,,,,,,,,,,,,,,,,,,,,,,,,,,,,,,,,,,,,,,,,,,,,,,,,,,,,,,,,,,,,,,,,,,,,,,,,,,,,,,,,,,,,,,,,,,,,,,,,,,,,,,,,,,,,,,,,,,,,,,,,,,,,,,,,,,,,,,,,,,,,,,19MAR1975,2,1,3,2,5,4,3,NRP,,,,4,0,0,4,0,4,DUCATI,749,749 DARK BIPOSTO,SPORTIVE,2,2004,37,2,1,7000,7,TRIUMPH,955,SPEED TRIPLE,ROADSTER,2,2000,16,3,1,5000,7,DUCATI,900,SUPERSPORT IE 1/2 CARENE,Routière / GT,2,1998,16,3,1,5000,7,BMW,850,R850GS,TRAIL / SUPERMOTARD,2,2000,16,3,1,5000,7,,,,,,,,,,,,22000,2,3,4,,,,,,,NRP,NRP,NRP,1991,1998,NRP,NRP,1994,NRP,,,
2078,6741,,1,0,3,,,,,,0,3,,,,,,0,4,,,,,,0,2,,,,,,0,2,,,,,,0,2,,,,,,0,3,,,,,,0,3,,,,,,0,4,,,,,,0,4,,,,,,0,4,,,,,,0,3,,,,,,1,4,2000,,,,,0,4,,,,,,0,,1,,,,,,,,,,,,,,,,,,2,2,13,0,,NRP,,,,,,,,,,,,,,,,,,,,,,,,,,,,,,,,,,,,,,,,,,,,,,,,,,,,,,,,,,,,,,,,,,,,,,,,,,,,,,,,,,,,,,,,,,,,,,,,,,,,,,,,,,,,,,,,,,,,,,,,,,,,,,,,,,,,,,,,,,,,,,,,,,,,,,,,,,,,,,,02OCT1983,8,1,3,2,3,4,1,NRP,,,,2,0,0,3,0,3,SUZUKI,650,SV-S RACING EDITION,Routière / GT,2,2000,37,2,1,5000,7,SUZUKI,650,DR 650 SET,TRAIL / SUPERMOTARD,2,1996,37,2,2,4000,7,DUCATI,800,MONSTER S2R,ROADSTER,2,2006,37,2,1,5000,7,,,,,,,,,,,,,,,,,,,,,,,14000,2,3,4,,,,,,,NRP,NRP,NRP,1999,2001,NRP,NRP,2001,NRP,,,
2103,6742,,0,,,,,,,,,,,,,,,,,,,,,,,,,,,,,,,,,,,,,,,,,,,,,,,,,,,,,,,,,,,,,,,,,,,,,,,,,,,,,,,,,,,,,,,,,,,,,,,,,,,,,,,,,,,,,,,,,,,,,,,,,,,,,,,,,,,,,,,,,,,,,,,,,,,,,,,,,,,,,,,,,,,,,,,,,,,,,,,,,,,,,,,,,,,,,,,,,,,,,,,,,,,,,,,,,,,,,,,,,,,,,,,,,,,,,,,,,,,,,,,,,,,,,,,,,,,,,,,,,,,,,,,,,,,,,,,,,,,,,,,,,,,15NOV1990,8,1,3,2,2,3,,NRP,,,,2,2,0,2,0,1,SUZUKI,600,GSR,ROADSTER,2,2007,37,2,1,5000,7,,,,,,,,,,,,,,,,,,,,,,,,,,,,,,,,,,,,,,,,,,,,,5000,NSP,,,,,,,,,NRP,NRP,NRP,NRP,NRP,NRP,NRP,NRP,NRP,,,
1536,6746,,1,0,5,,,,,,0,3,,,,,,0,5,,,,,,0,2,,,,,,0,5,,,,,,0,4,,,,,,0,4,,,,,,1,6,2009,,,,,1,4,2012,,,,,0,1,,,,,,0,3,,,,,,0,3,,,,,,0,2,,,,,,0,2,,,,,,0,,2,,,,,,,,,,,,,,,,,,0,0,5,1,36,8,2009,,,,,,,,,,,,,,,,,,,,,,,,,,,,,,,,,,,,,,,,,,,,,,,,,,,,,,,,,,,,,,,,,,,,,,,,,,,,,,,,,,,,,,,,,,,,,,,,,,,,,,,,,,,,,,,,,,,,,,,,,,,,,,,,,,,,,,,,,,,,,,,,,,,,,,,,,,,,,,11SEP1985,5,1,3,2,2,3,,NRP,,,,1,0,0,1,0,1,SUZUKI,650,BANDIT-S,ROADSTER,2,1999,37,3,1,2000,7,,,,,,,,,,,,,,,,,,,,,,,,,,,,,,,,,,,,,,,,,,,,,2000,3,4,,,,,,,,NRP,NRP,NRP,NRP,2009,NRP,NRP,2004,NRP,,,