Ligne,Ligne Q qualif,Ligne approfondissement Accident,ACCIDENT,NBACC1,ACCFREQUENCE1,ANNEEACC1_1,ANNEEACC1_2,ANNEEACC1_3,ANNEEACC1_4,ANNEEACC1_5,NBACC2,ACCFREQUENCE2,ANNEEACC2_1,ANNEEACC2_2,ANNEEACC2_3,ANNEEACC2_4,ANNEEACC2_5,NBACC3,ACCFREQUENCE3,ANNEEACC3_1,ANNEEACC3_2,ANNEEACC3_3,ANNEEACC3_4,ANNEEACC3_5,NBACC4,ACCFREQUENCE4,ANNEEACC4_1,ANNEEACC4_2,ANNEEACC4_3,ANNEEACC4_4,ANNEEACC4_5,NBACC5,ACCFREQUENCE5,ANNEEACC5_1,ANNEEACC5_2,ANNEEACC5_3,ANNEEACC5_4,ANNEEACC5_5,NBACC6,ACCFREQUENCE6,ANNEEACC6_1,ANNEEACC6_2,ANNEEACC6_3,ANNEEACC6_4,ANNEEACC6_5,NBACC7,ACCFREQUENCE7,ANNEEACC7_1,ANNEEACC7_2,ANNEEACC7_3,ANNEEACC7_4,ANNEEACC7_5,NBACC8,ACCFREQUENCE8,ANNEEACC8_1,ANNEEACC8_2,ANNEEACC8_3,ANNEEACC8_4,ANNEEACC8_5,NBACC9,ACCFREQUENCE9,ANNEEACC9_1,ANNEEACC9_2,ANNEEACC9_3,ANNEEACC9_4,ANNEEACC9_5,NBACC10,ACCFREQUENCE10,ANNEEACC10_1,ANNEEACC10_2,ANNEEACC10_3,ANNEEACC10_4,ANNEEACC10_5,NBACC11,ACCFREQUENCE11,ANNEEACC11_1,ANNEEACC11_2,ANNEEACC11_3,ANNEEACC11_4,ANNEEACC11_5,NBACC12,ACCFREQUENCE12,ANNEEACC12_1,ANNEEACC12_2,ANNEEACC12_3,ANNEEACC12_4,ANNEEACC12_5,NBACC13,ACCFREQUENCE13,ANNEEACC13_1,ANNEEACC13_2,ANNEEACC13_3,ANNEEACC13_4,ANNEEACC13_5,NBACC14,ACCFREQUENCE14,ANNEEACC14_1,ANNEEACC14_2,ANNEEACC14_3,ANNEEACC14_4,ANNEEACC14_5,AUTRESACC,NBAUTRESACC,TOTAL_AC,ANNEEAUTREACC1,ANNEEAUTREACC2,ANNEEAUTREACC3,ANNEEAUTREACC4,ANNEEAUTREACC5,LIEUAUTREACC1,LIEUAUTREACC2,LIEUAUTREACC3,LIEUAUTREACC4,LIEUAUTREACC5,DESCRIPTIONAUTRESACC1,DESCRIPTIONAUTRESACC2,DESCRIPTIONAUTRESACC3,DESCRIPTIONAUTRESACC4,DESCRIPTIONAUTRESACC5,NBAUTRESACCCIRCUIT,NBAUTRESTOUTTERRAIN,EXPCYCLO,EXP125,EXPSUP125,ACCORDNEXTQ,CHOIXACC,RGPMTACC,RECUPANNEE,RECUPLIEU,RECUPANNE,RGPMTAC,CHOIX1,CHOIX2,CHOIX3,CHOIX4,CHOIX5,CHOIX6,CHOIX7,DESCRIPTION,RUPTURE,FAITS,ABS_REACTION,AUTRE_REACTION,PRECISIONREACTIONOUI,RECUL,PRECISIONREACTIONNON,IMPACTCOMPORTEMENT,AUTREUSAGER,REACTIONAUTREUSAGER,CONNAISSANCEREACTIONUSAGER,DIFFICULTES,AGGRAVATION,DIFFICULTES2,EMOTIONS1,EMOTIONS2,EMOTIONS3,EMOTIONS4,EMOTIONS5,EMOTIONS6,AUTRESENTIMENT,CLASSEMENTEMOTIONS1,CLASSEMENTEMOTIONS,CLASSEMENTEMOTIONS5,CLASSEMENTEMOTIONS6,CLASSEMENTEMOTIONS7,CLASSEMENTEMOTIONS8,CLASSEMENTEMOTIONS9,EXPLICATIONRESSENTI,BIENEQUIPE,ALLURE,ALLUREVITEDETAIL,ALLURELENTEDETAIL,SITUATIONPRESSE,SITUATIONDISTRAIT,SITUATIONCONFIANT,SITUATIONCONTROLE,SITUATIONLUDIQUE,SITUATIONPERF,SITUATIONSTRESS,SITUATIONFATIGUE,HUMEURNEUTRE,HUMEURGAI,HUMEURMECONTENT,HUMEURTRISTE,HUMEURCOLERE,CONTRIBUTION1,CONTRIBUTION2,CONTRIBUTION3,CONTRIBUTION4,CONTRIBUTION5,CONTRIBUTION6,CONTRIBUTION7,CONTRIBUTION8,CONTRIBUTION9,ROLEINFRA,ELEMENTINFRA1,ELEMENTINFRA2,ELEMENTINFRA3,ELEMENTINFRA4,ELEMENTINFRA5,ELEMENTINFRA6,ELEMENTINFRA7,ELEMENTINFRA8,ELEMENTINFRA9,ALCOOL,TXALCOOL,STUP,SEMAINE,MOMENTJOURNEE,TEMPS,CAUSEACC1,CAUSEACC2,CAUSEACC3,CAUSEACC4,CAUSEACC5,FORMATIONCAUSE,FORMATION1,FORMATION2,FORMATION3,FORMATION4,FORMATION5,TRAFIC,CHAUSSEE1,CHAUSSEE2,CHAUSSEE3,CHAUSSEE4,TYPEACC,BLESSURE,TETE,COU,THORAX,MEMBRESSUP,COLONNE,BASSIN,MEMBRESINF,HOPITAL,PLUS24H,TRAJET,TYPEROUTE,MOTIF,SENSTRAJET,PASSAGER,VITESSE,DESCEQ1,DESCEQ2,DESCEQ3,DESCEQ4,DESCEQ5,DESCEQ6,DESCEQ7,DESCEQ8,DESCEQ9,DESCEQ10,VEHICULEETE,VEHICULEAUTOMNE,VEHICULEPRINTEMPS,VEHICULEHIVER,VEHICULESEMAINE,VEHICULEWE,VEHMARQUE,VEHCYLINDREE,VEHMODELE,VEHSEGMENT,VEHSIDE,EQ2RMABS,EQ2RMCBS,EQ2RMABSCBS,EQ2RMREGULATEUR,EQ2RMLIMITEUR,EQ2RMPHARESDIRECT,EQ2RMCOUPURE,EQ2RMANTIPATINAGE,EQ2RMANTIXHEELING,EQ2RMSTABILILTE,VEHKM,POINTS,DUREE,AUTRE2RM,VEHPRECMARQUE,VEHPRECCYLINDREE,VEHPRECMODELE,VEHPRECSEGMENT,VEHPRECSIDE,TEMPS2RMPREC,FREQVEHPREC,DATE_NAISS,CSP,SOCIETAIRE,SALARIE,SECTEUR2RM,NBPERSFOYER,SITFAM,NBENF,TRNBENF1,TRNBENF2,TRNBENF3,TRNBENF4,NBAUTOFOYER,NBCYCLOFOYER,NBSCOOTFOYER,NBMOTOFOYER,NBTRIKEFOYER,NB2RMCONDUIT,MARQUE1,CYLINDREE1,MODELE1,SEGMENT1,SIDE1,ANMISECIRCU1,ASS1,FREQ1,USAGE1,NBKM1,GARAGE1,MARQUE2,CYLINDREE2,MODELE2,SEGMENT2,SIDE2,ANMISECIRCU2,ASS2,FREQ2,USAGE2,NBKM2,GARAGE2,MARQUE3,CYLINDREE3,MODELE3,SEGMENT3,SIDE3,ANMISECIRCU3,ASS3,FREQ3,USAGE3,NBKM3,GARAGE3,MARQUE4,CYLINDREE4,MODELE4,SEGMENT4,SIDE4,ANMISECIRCU4,ASS4,FREQ4,USAGE4,NBKM4,GARAGE4,MARQUE5,CYLINDREE5,MODELE5,SEGMENT5,SIDE5,ANMISECIRCU5,ASS5,FREQ5,USAGE5,NBKM5,GARAGE5,NBKMTOT,PERMIS1,PERMIS2,PERMIS3,PERMIS4,PERMIS5,PERMIS6,PERMIS7,PERMIS8,PERMIS9,ANPERMIS1,ANPERMIS6,ANPERMIS7,ANPERMIS2,ANPERMIS3,ANPERMIS8,ANPERMIS9,ANPERMIS4,ANPERMIS5,,,
480,6757,267,1,0,5,,,,,,0,4,,,,,,1,5,2014,,,,,0,5,,,,,,1,5,2005,,,,,0,3,,,,,,0,3,,,,,,1,3,2008,,,,,0,5,,,,,,0,2,,,,,,0,5,,,,,,0,3,,,,,,0,3,,,,,,0,3,,,,,,0,,3,,,,,,,,,,,,,,,,,,6,0,17,1,36,8,2008,,2008,"Vous avez fait une sortie de route, une perte de contrôle ou une glissade puis avez percuté un obstacle fixe (panneau, arbre poteau ).",4,6,,,,,,"Roulage de nuit, passage de zone très éclairée à pas du tout éclairée, et virage très fermé tout de suite en sortant de la zone éclairée = tout droit",L'éclairage urbain ON - OFF dans une difficulté de ville nouvelle au milieu de la campagne,Une fois dans l'obscurité je n'ai pas eu le temps de réagir à quoi de que soit !,3,1,J'aurai du anticiper le changement d'éclairage.,"Manque d'expérience peut être,",,2,0,,,,,,1,2,6,,,,,2,1,,,,3,,"L'effet obscurité, ...",3,1,2,,2,1,2,4,3,1,1,2,4,3,4,4,4,1,,,,,,,,,1,AUT|eclairage,,,,,,,,2,1,1,2,2,2,1,75,0,0,25,0,NSP,,,,,,1,1,,,,2,1,3,,,,,,,0,,3,1,3,,0,60,1,10,2,4,7,,,,,,4,4,4,4,4,4,BMW,1150,R1150R ROCKSTER ABS IS 80TH,ROADSTER,2,0,1,1,1,1,1,1,1,1,1,NSP,12,4,1,YAMAHA,600,FZ6,ROADSTER,2,4,4,17JAN1978,4,1,3,2,5,4,3,NRP,,,,1,2,0,2,0,2,BMW,800,F800GS,TRAIL / SUPERMOTARD,2,2010,37,1,3,12000,4,BMW,650,R65 37KW,ROADSTER,2,1973,37,4,1,500,4,,,,,,,,,,,,,,,,,,,,,,,,,,,,,,,,,,12500,3,4,,,,,,,,NRP,NRP,NRP,NRP,1998,NRP,NRP,1996,NRP,,,
1102,6758,,1,0,6,,,,,,0,4,,,,,,0,4,,,,,,0,3,,,,,,0,5,,,,,,0,4,,,,,,0,4,,,,,,0,5,,,,,,1,6,2013,,,,,0,4,,,,,,0,5,,,,,,0,3,,,,,,0,1,,,,,,0,3,,,,,,0,,1,,,,,,,,,,,,,,,,,,5,0,5,1,41,9,2013,,,,,,,,,,,,,,,,,,,,,,,,,,,,,,,,,,,,,,,,,,,,,,,,,,,,,,,,,,,,,,,,,,,,,,,,,,,,,,,,,,,,,,,,,,,,,,,,,,,,,,,,,,,,,,,,,,,,,,,,,,,,,,,,,,,,,,,,,,,,,,,,,,,,,,,,,,,,,,15AUG1987,5,1,3,2,1,1,,NRP,,,,1,0,0,2,0,2,KAWASAKI,650,"ER-6 ""N""",ROADSTER,2,2008,28,2,2,3000,7,KAWASAKI,650,"ER-6 ""F""",Routière / GT,2,2008,37,4,1,1000,7,,,,,,,,,,,,,,,,,,,,,,,,,,,,,,,,,,4000,3,4,,,,,,,,NRP,NRP,NRP,NRP,2009,NRP,NRP,2006,NRP,,,
333,6760,,1,0,2,,,,,,0,5,,,,,,0,6,,,,,,0,2,,,,,,0,3,,,,,,0,2,,,,,,0,4,,,,,,0,6,,,,,,1,6,2012,,,,,0,6,,,,,,0,6,,,,,,0,2,,,,,,0,5,,,,,,0,2,,,,,,0,,1,,,,,,,,,,,,,,,,,,4,4,4,1,41,9,2012,,,,,,,,,,,,,,,,,,,,,,,,,,,,,,,,,,,,,,,,,,,,,,,,,,,,,,,,,,,,,,,,,,,,,,,,,,,,,,,,,,,,,,,,,,,,,,,,,,,,,,,,,,,,,,,,,,,,,,,,,,,,,,,,,,,,,,,,,,,,,,,,,,,,,,,,,,,,,,12OCT1982,6,1,3,2,1,1,,NRP,,,,0,2,0,2,0,2,HONDA,800,VFR-F,Routière / GT,2,1998,37,2,1,10000,4,HONDA,1200,VFR-F,Routière / GT,2,2010,10,3,1,5000,4,,,,,,,,,,,,,,,,,,,,,,,,,,,,,,,,,,15000,3,4,,,,,,,,NRP,NRP,NRP,NRP,2011,NRP,NRP,2000,NRP,,,
2188,6761,,1,0,5,,,,,,1,5,NSP,,,,,0,6,,,,,,0,5,,,,,,0,6,,,,,,0,5,,,,,,0,2,,,,,,0,4,,,,,,3,4,NSP,2001,2006,,,1,5,1996,,,,,0,5,,,,,,0,5,,,,,,0,3,,,,,,1,4,2005,,,,,1,1,7,NSP,,,,,paris,,,,,du sable a la sortie d'un tunel en pleine courbe,,,,,1,0,2,1,20,1,66,14,2005,,,,,,,,,,,,,,,,,,,,,,,,,,,,,,,,,,,,,,,,,,,,,,,,,,,,,,,,,,,,,,,,,,,,,,,,,,,,,,,,,,,,,,,,,,,,,,,,,,,,,,,,,,,,,,,,,,,,,,,,,,,,,,,,,,,,,,,,,,,,,,,,,,,,,,,,,,,,,,27NOV1976,3,1,3,2,6,4,4,NRP,,,,2,0,0,4,1,3,BMW,1200,R1200RT,Routière / GT,2,2010,28,1,3,35000,7,APRILIA,1000,RS-V4 FACTORY,SPORTIVE,2,2009,41,4,1,1000,7,YAMAHA,250,YZ HOMOLOGUEE,TOUT TERRAIN (TRIAL / ENDURO / CROSS),2,2003,37,3,1,400,7,,,,,,,,,,,,,,,,,,,,,,,36400,2,3,4,7,,,,,,NRP,NRP,1995,1995,1995,NRP,NRP,1998,NRP,,,
1965,6763,,1,0,6,,,,,,0,5,,,,,,0,6,,,,,,0,2,,,,,,0,6,,,,,,0,5,,,,,,0,5,,,,,,0,3,,,,,,0,2,,,,,,0,3,,,,,,0,4,,,,,,0,2,,,,,,1,3,NSP,,,,,0,5,,,,,,1,1,2,NSP,,,,,Grenoble,,,,,"La voiture a freiner devant moi pour arriver sur un rond-point. Je n'étais pas attentif, je lui suis rentré dedans.",,,,,0,0,0,0,13,1,61,13,0,,,,,,,,,,,,,,,,,,,,,,,,,,,,,,,,,,,,,,,,,,,,,,,,,,,,,,,,,,,,,,,,,,,,,,,,,,,,,,,,,,,,,,,,,,,,,,,,,,,,,,,,,,,,,,,,,,,,,,,,,,,,,,,,,,,,,,,,,,,,,,,,,,,,,,,,,,,,,,22APR1981,7,1,3,2,3,4,1,NRP,,,,2,0,1,2,0,3,APRILIA,500,ATLANTIC SPRINT,SCOOTER,2,2005,37,1,2,8000,7,DUCATI,900,SUPERSPORT FE,Routière / GT,2,1991,37,4,1,3000,7,DAELIM,125,ROADWIN IE,ROADSTER,2,2010,10,4,2,1000,7,,,,,,,,,,,,,,,,,,,,,,,12000,3,7,,,,,,,,NRP,NRP,1999,NRP,2002,NRP,NRP,NRP,NRP,,,
1619,6764,,0,,,,,,,,,,,,,,,,,,,,,,,,,,,,,,,,,,,,,,,,,,,,,,,,,,,,,,,,,,,,,,,,,,,,,,,,,,,,,,,,,,,,,,,,,,,,,,,,,,,,,,,,,,,,,,,,,,,,,,,,,,,,,,,,,,,,,,,,,,,,,,,,,,,,,,,,,,,,,,,,,,,,,,,,,,,,,,,,,,,,,,,,,,,,,,,,,,,,,,,,,,,,,,,,,,,,,,,,,,,,,,,,,,,,,,,,,,,,,,,,,,,,,,,,,,,,,,,,,,,,,,,,,,,,,,,,,,,,,,,,,,,22JUN1958,6,1,3,2,3,4,1,NRP,,,,2,0,1,1,0,2,APRILIA,850,SRV,SCOOTER,2,2012,37,1,2,10000,7,HARLEY-DAVIDSON,1584,DYNA STREET BOB,CUSTOM,2,2006,37,2,1,7000,7,,,,,,,,,,,,,,,,,,,,,,,,,,,,,,,,,,17000,3,4,,,,,,,,NRP,NRP,NRP,NRP,1978,NRP,NRP,1984,NRP,,,
2076,6767,,0,,,,,,,,,,,,,,,,,,,,,,,,,,,,,,,,,,,,,,,,,,,,,,,,,,,,,,,,,,,,,,,,,,,,,,,,,,,,,,,,,,,,,,,,,,,,,,,,,,,,,,,,,,,,,,,,,,,,,,,,,,,,,,,,,,,,,,,,,,,,,,,,,,,,,,,,,,,,,,,,,,,,,,,,,,,,,,,,,,,,,,,,,,,,,,,,,,,,,,,,,,,,,,,,,,,,,,,,,,,,,,,,,,,,,,,,,,,,,,,,,,,,,,,,,,,,,,,,,,,,,,,,,,,,,,,,,,,,,,,,,,,19DEC1956,7,1,3,2,2,3,,NRP,,,,1,0,1,0,0,1,YAMAHA,125,X-MAX,SCOOTER,2,2001,37,1,1,3000,7,,,,,,,,,,,,,,,,,,,,,,,,,,,,,,,,,,,,,,,,,,,,,3000,4,5,,,,,,,,NRP,NRP,NRP,NRP,NRP,NRP,NRP,1976,2001,,,
1521,6770,,0,,,,,,,,,,,,,,,,,,,,,,,,,,,,,,,,,,,,,,,,,,,,,,,,,,,,,,,,,,,,,,,,,,,,,,,,,,,,,,,,,,,,,,,,,,,,,,,,,,,,,,,,,,,,,,,,,,,,,,,,,,,,,,,,,,,,,,,,,,,,,,,,,,,,,,,,,,,,,,,,,,,,,,,,,,,,,,,,,,,,,,,,,,,,,,,,,,,,,,,,,,,,,,,,,,,,,,,,,,,,,,,,,,,,,,,,,,,,,,,,,,,,,,,,,,,,,,,,,,,,,,,,,,,,,,,,,,,,,,,,,,,17MAY1982,7,1,3,2,1,1,,NRP,,,,0,0,0,1,0,1,HONDA,650,DEAUVILLE,Routière / GT,2,2001,37,2,2,6000,7,,,,,,,,,,,,,,,,,,,,,,,,,,,,,,,,,,,,,,,,,,,,,6000,2,3,4,7,,,,,,NRP,NRP,2000,2000,2011,NRP,NRP,2000,NRP,,,
1473,6771,,1,0,4,,,,,,0,4,,,,,,0,6,,,,,,0,3,,,,,,0,6,,,,,,0,6,,,,,,0,5,,,,,,1,6,2008,,,,,1,6,2008,,,,,0,6,,,,,,0,6,,,,,,0,3,,,,,,0,4,,,,,,0,2,,,,,,0,,2,,,,,,,,,,,,,,,,,,0,0,14,1,41,9,2008,,,,,,,,,,,,,,,,,,,,,,,,,,,,,,,,,,,,,,,,,,,,,,,,,,,,,,,,,,,,,,,,,,,,,,,,,,,,,,,,,,,,,,,,,,,,,,,,,,,,,,,,,,,,,,,,,,,,,,,,,,,,,,,,,,,,,,,,,,,,,,,,,,,,,,,,,,,,,,16JUL1967,5,1,3,2,1,1,,NRP,,,,1,2,1,1,0,1,PIAGGIO,150,VESPA LX,SCOOTER,2,2009,37,2,2,6000,4,,,,,,,,,,,,,,,,,,,,,,,,,,,,,,,,,,,,,,,,,,,,,6000,3,4,,,,,,,,NRP,NRP,NRP,NRP,2001,NRP,NRP,1993,NRP,,,
474,6772,370,1,0,4,,,,,,0,4,,,,,,0,5,,,,,,0,2,,,,,,0,2,,,,,,0,2,,,,,,0,2,,,,,,1,4,2005,,,,,1,5,2005,,,,,0,3,,,,,,0,3,,,,,,0,3,,,,,,0,4,,,,,,0,4,,,,,,0,,2,,,,,,,,,,,,,,,,,,4,2,36,1,36,8,2005,,2005,"Vous avez fait une sortie de route, une perte de contrôle ou une glissade puis avez percuté un obstacle fixe (panneau, arbre poteau ).",1,,,,,,,"Perte de la roue avant sur une fuite de gasoil. Glissade derrière la moto qui percute le mur gauche, en épave.  La DDE prendra en compte le nettoyage par la suite.",Perte de gasoil sur plusieurs kilomètres,Rien pu faire dès que le roue avant est passée sur le gasoil la moto s'est dérobée,2,1,"analyse de la trace, peut-être arrêt pour constater que le gasoil était frais, ralentir pour ne pas rouler dessus...","Grisé par le plaisir de la route, pressé de se rendre au travail",,3,0,,,,,,2,6,,,,,,,1,,,,2,,Je ne pensais pas que cette trace pouvait glisser ainsi,3,1,1,,3,1,4,4,1,1,1,1,1,1,4,4,4,1,3,5,,,,,,,1,3,5,,,,,,,2,2,,2,1,1,1,15,0,0,85,0,2,,,,,,1,6,,,,2,1,4,7,,,,,,0,,1,2,1,1,0,70,1,10,2,3,4,,,,,,4,4,4,1,4,4,HONDA,1000,CB 1000R,ROADSTER,2,1,1,0,1,1,1,1,1,1,1,NSP,12,4,1,HONDA,1000,CB 1000R,ROADSTER,2,4,4,06AUG1960,7,1,3,2,4,4,2,NRP,,,,3,1,0,1,0,2,HANWAY,50,FURIOUS SM,TRAIL / SUPERMOTARD,2,2011,37,1,1,2000,4,APRILIA,850,SRV ABS,SCOOTER,2,2012,37,1,2,10000,4,,,,,,,,,,,,,,,,,,,,,,,,,,,,,,,,,,12000,1,2,3,4,,,,,,2012,NRP,NRP,1976,1979,NRP,NRP,1978,NRP,,,
52,6773,,1,0,5,,,,,,1,6,2011,,,,,0,5,,,,,,0,2,,,,,,0,6,,,,,,0,4,,,,,,0,1,,,,,,0,4,,,,,,2,6,2011,2008,,,,0,2,,,,,,0,5,,,,,,0,3,,,,,,0,3,,,,,,0,3,,,,,,0,,3,,,,,,,,,,,,,,,,,,2,3,4,1,6,2,2011,,,,,,,,,,,,,,,,,,,,,,,,,,,,,,,,,,,,,,,,,,,,,,,,,,,,,,,,,,,,,,,,,,,,,,,,,,,,,,,,,,,,,,,,,,,,,,,,,,,,,,,,,,,,,,,,,,,,,,,,,,,,,,,,,,,,,,,,,,,,,,,,,,,,,,,,,,,,,,07MAY1991,8,1,3,2,5,5,0,NRP,,,,0,0,0,1,0,1,TRIUMPH,600,TT,SPORTIVE,2,2001,37,1,2,14000,6,,,,,,,,,,,,,,,,,,,,,,,,,,,,,,,,,,,,,,,,,,,,,14000,1,2,3,4,,,,,,2006,NRP,NRP,2008,2010,NRP,NRP,2010,NRP,,,
1874,6774,,0,,,,,,,,,,,,,,,,,,,,,,,,,,,,,,,,,,,,,,,,,,,,,,,,,,,,,,,,,,,,,,,,,,,,,,,,,,,,,,,,,,,,,,,,,,,,,,,,,,,,,,,,,,,,,,,,,,,,,,,,,,,,,,,,,,,,,,,,,,,,,,,,,,,,,,,,,,,,,,,,,,,,,,,,,,,,,,,,,,,,,,,,,,,,,,,,,,,,,,,,,,,,,,,,,,,,,,,,,,,,,,,,,,,,,,,,,,,,,,,,,,,,,,,,,,,,,,,,,,,,,,,,,,,,,,,,,,,,,,,,,,,26OCT1965,7,1,3,2,5,4,3,NRP,,,,2,1,1,0,0,2,KYMCO,500,X-CITING,SCOOTER,2,2008,37,1,2,1500,4,PIAGGIO,50,TYPHOON XR,SCOOTER,2,2011,31,1,2,1500,4,,,,,,,,,,,,,,,,,,,,,,,,,,,,,,,,,,3000,3,,,,,,,,,NRP,NRP,NRP,NRP,1996,NRP,NRP,NRP,NRP,,,
489,6775,,1,0,3,,,,,,0,4,,,,,,0,4,,,,,,0,3,,,,,,0,3,,,,,,0,4,,,,,,0,3,,,,,,0,3,,,,,,1,3,1991,,,,,0,5,,,,,,0,5,,,,,,0,2,,,,,,1,5,2010,,,,,0,4,,,,,,1,2,4,2011,2014,,,,Neuilly 92,Montrouge 92,,,,Ouverture de portière d un véhicule stationne par le conducteur qui n a pas regarde,Heurte à l arrière par un véhicule alors que j étais a l arrêt pour laisser passer un véhicule prioritaire,,,,0,0,3,30,8,1,61,13,2010,,,,,,,,,,,,,,,,,,,,,,,,,,,,,,,,,,,,,,,,,,,,,,,,,,,,,,,,,,,,,,,,,,,,,,,,,,,,,,,,,,,,,,,,,,,,,,,,,,,,,,,,,,,,,,,,,,,,,,,,,,,,,,,,,,,,,,,,,,,,,,,,,,,,,,,,,,,,,,17JUL1958,5,1,3,2,6,4,4,NRP,,,,2,0,1,0,0,1,PIAGGIO,500,MP3 LT TOURING BUSINESS (TM),SCOOTER,2,2012,37,1,2,5000,7,,,,,,,,,,,,,,,,,,,,,,,,,,,,,,,,,,,,,,,,,,,,,5000,2,3,,,,,,,,NRP,NRP,NRP,1975,1976,NRP,NRP,NRP,NRP,,,
1289,6777,,0,,,,,,,,,,,,,,,,,,,,,,,,,,,,,,,,,,,,,,,,,,,,,,,,,,,,,,,,,,,,,,,,,,,,,,,,,,,,,,,,,,,,,,,,,,,,,,,,,,,,,,,,,,,,,,,,,,,,,,,,,,,,,,,,,,,,,,,,,,,,,,,,,,,,,,,,,,,,,,,,,,,,,,,,,,,,,,,,,,,,,,,,,,,,,,,,,,,,,,,,,,,,,,,,,,,,,,,,,,,,,,,,,,,,,,,,,,,,,,,,,,,,,,,,,,,,,,,,,,,,,,,,,,,,,,,,,,,,,,,,,,,31JAN1978,7,1,3,2,2,3,,NRP,,,,1,0,0,2,0,1,YAMAHA,125,YB-R,ROADSTER,2,2010,37,3,1,300,7,,,,,,,,,,,,,,,,,,,,,,,,,,,,,,,,,,,,,,,,,,,,,300,5,,,,,,,,,NRP,NRP,NRP,NRP,NRP,NRP,NRP,NRP,2012,,,
832,6782,,0,,,,,,,,,,,,,,,,,,,,,,,,,,,,,,,,,,,,,,,,,,,,,,,,,,,,,,,,,,,,,,,,,,,,,,,,,,,,,,,,,,,,,,,,,,,,,,,,,,,,,,,,,,,,,,,,,,,,,,,,,,,,,,,,,,,,,,,,,,,,,,,,,,,,,,,,,,,,,,,,,,,,,,,,,,,,,,,,,,,,,,,,,,,,,,,,,,,,,,,,,,,,,,,,,,,,,,,,,,,,,,,,,,,,,,,,,,,,,,,,,,,,,,,,,,,,,,,,,,,,,,,,,,,,,,,,,,,,,,,,,,,19MAY1981,7,1,3,2,2,3,,NRP,,,,2,1,0,1,0,1,KAWASAKI,1200,ZRX-S,ROADSTER,2,2001,37,3,1,10000,7,,,,,,,,,,,,,,,,,,,,,,,,,,,,,,,,,,,,,,,,,,,,,10000,3,4,,,,,,,,NRP,NRP,NRP,NRP,2009,NRP,NRP,1999,NRP,,,
1646,6783,,0,,,,,,,,,,,,,,,,,,,,,,,,,,,,,,,,,,,,,,,,,,,,,,,,,,,,,,,,,,,,,,,,,,,,,,,,,,,,,,,,,,,,,,,,,,,,,,,,,,,,,,,,,,,,,,,,,,,,,,,,,,,,,,,,,,,,,,,,,,,,,,,,,,,,,,,,,,,,,,,,,,,,,,,,,,,,,,,,,,,,,,,,,,,,,,,,,,,,,,,,,,,,,,,,,,,,,,,,,,,,,,,,,,,,,,,,,,,,,,,,,,,,,,,,,,,,,,,,,,,,,,,,,,,,,,,,,,,,,,,,,,,10NOV1982,7,1,3,2,1,1,,NRP,,,,0,1,1,0,0,1,SUZUKI,125,BURGMAN,SCOOTER,2,2009,37,2,2,2500,6,,,,,,,,,,,,,,,,,,,,,,,,,,,,,,,,,,,,,,,,,,,,,2500,4,5,,,,,,,,NRP,NRP,NRP,NRP,NRP,NRP,NRP,2002,2009,,,
1271,6784,,0,,,,,,,,,,,,,,,,,,,,,,,,,,,,,,,,,,,,,,,,,,,,,,,,,,,,,,,,,,,,,,,,,,,,,,,,,,,,,,,,,,,,,,,,,,,,,,,,,,,,,,,,,,,,,,,,,,,,,,,,,,,,,,,,,,,,,,,,,,,,,,,,,,,,,,,,,,,,,,,,,,,,,,,,,,,,,,,,,,,,,,,,,,,,,,,,,,,,,,,,,,,,,,,,,,,,,,,,,,,,,,,,,,,,,,,,,,,,,,,,,,,,,,,,,,,,,,,,,,,,,,,,,,,,,,,,,,,,,,,,,,,22JUN1983,7,1,3,2,2,3,,NRP,,,,2,0,0,2,0,2,YAMAHA,750,YZF-R,SPORTIVE,2,1994,37,3,1,2000,7,YAMAHA,600,XJ-S DIVERSION,ROADSTER,2,1992,37,1,2,25000,7,,,,,,,,,,,,,,,,,,,,,,,,,,,,,,,,,,27000,3,4,,,,,,,,NRP,NRP,NRP,NRP,2002,NRP,NRP,2003,NRP,,,
2125,6790,,1,0,5,,,,,,0,4,,,,,,0,5,,,,,,0,3,,,,,,0,4,,,,,,0,3,,,,,,0,4,,,,,,1,3,2009,,,,,0,4,,,,,,0,4,,,,,,0,4,,,,,,0,5,,,,,,0,5,,,,,,0,4,,,,,,0,,1,,,,,,,,,,,,,,,,,,6,1,7,1,36,8,2009,,,,,,,,,,,,,,,,,,,,,,,,,,,,,,,,,,,,,,,,,,,,,,,,,,,,,,,,,,,,,,,,,,,,,,,,,,,,,,,,,,,,,,,,,,,,,,,,,,,,,,,,,,,,,,,,,,,,,,,,,,,,,,,,,,,,,,,,,,,,,,,,,,,,,,,,,,,,,,22MAR1975,5,1,3,2,5,4,3,NRP,,,,2,0,0,1,0,1,HONDA,600,"CB-F ""S"" ABS",ROADSTER,2,2005,37,2,2,1500,7,,,,,,,,,,,,,,,,,,,,,,,,,,,,,,,,,,,,,,,,,,,,,1500,3,4,,,,,,,,NRP,NRP,NRP,NRP,2009,NRP,NRP,1993,NRP,,,
2173,6792,,0,,,,,,,,,,,,,,,,,,,,,,,,,,,,,,,,,,,,,,,,,,,,,,,,,,,,,,,,,,,,,,,,,,,,,,,,,,,,,,,,,,,,,,,,,,,,,,,,,,,,,,,,,,,,,,,,,,,,,,,,,,,,,,,,,,,,,,,,,,,,,,,,,,,,,,,,,,,,,,,,,,,,,,,,,,,,,,,,,,,,,,,,,,,,,,,,,,,,,,,,,,,,,,,,,,,,,,,,,,,,,,,,,,,,,,,,,,,,,,,,,,,,,,,,,,,,,,,,,,,,,,,,,,,,,,,,,,,,,,,,,,,04MAY1988,8,1,3,2,1,1,,NRP,,,,1,0,0,2,0,2,HONDA,1100,CBR-XX SUPER BLACKBIRD,Routière / GT,2,1997,37,1,1,13000,4,HONDA,125,CM-T,CUSTOM,2,1982,41,4,1,100,7,,,,,,,,,,,,,,,,,,,,,,,,,,,,,,,,,,13100,1,3,4,7,,,,,,2002,NRP,2007,NRP,2009,NRP,NRP,2007,NRP,,,
1935,6794,,1,0,5,,,,,,0,4,,,,,,0,5,,,,,,0,5,,,,,,0,4,,,,,,0,4,,,,,,0,3,,,,,,1,5,2009,,,,,2,5,2009,2013,,,,0,3,,,,,,0,4,,,,,,0,2,,,,,,0,4,,,,,,0,4,,,,,,0,,3,,,,,,,,,,,,,,,,,,6,3,6,1,36,8,2009,,,,,,,,,,,,,,,,,,,,,,,,,,,,,,,,,,,,,,,,,,,,,,,,,,,,,,,,,,,,,,,,,,,,,,,,,,,,,,,,,,,,,,,,,,,,,,,,,,,,,,,,,,,,,,,,,,,,,,,,,,,,,,,,,,,,,,,,,,,,,,,,,,,,,,,,,,,,,,02JUN1975,7,1,3,2,3,4,1,NRP,,,,2,0,0,1,0,1,BMW,1200,R1200GS,TRAIL / SUPERMOTARD,2,2005,37,2,1,5000,7,,,,,,,,,,,,,,,,,,,,,,,,,,,,,,,,,,,,,,,,,,,,,5000,4,3,,,,,,,,NRP,NRP,NRP,NRP,2010,NRP,NRP,1994,NRP,,,
293,6795,,0,,,,,,,,,,,,,,,,,,,,,,,,,,,,,,,,,,,,,,,,,,,,,,,,,,,,,,,,,,,,,,,,,,,,,,,,,,,,,,,,,,,,,,,,,,,,,,,,,,,,,,,,,,,,,,,,,,,,,,,,,,,,,,,,,,,,,,,,,,,,,,,,,,,,,,,,,,,,,,,,,,,,,,,,,,,,,,,,,,,,,,,,,,,,,,,,,,,,,,,,,,,,,,,,,,,,,,,,,,,,,,,,,,,,,,,,,,,,,,,,,,,,,,,,,,,,,,,,,,,,,,,,,,,,,,,,,,,,,,,,,,,09JAN1978,7,1,3,2,4,4,2,NRP,,,,1,0,0,1,0,1,HONDA,750,VFR-F,Routière / GT,2,1992,37,1,2,12000,7,,,,,,,,,,,,,,,,,,,,,,,,,,,,,,,,,,,,,,,,,,,,,12000,3,,,,,,,,,NRP,NRP,NRP,NRP,2010,NRP,NRP,NRP,NRP,,,
453,6796,149,1,0,6,,,,,,0,4,,,,,,0,5,,,,,,0,6,,,,,,0,5,,,,,,0,5,,,,,,0,5,,,,,,0,6,,,,,,0,6,,,,,,0,3,,,,,,0,5,,,,,,0,2,,,,,,0,3,,,,,,0,1,,,,,,1,2,2,NSP,NSP,,,,HESDIN,PARIS,,,,PERCUTE A L'ARRIERE A L'ARRET,PERCUTE A L'ARRIERE A L'ARRET,,,,0,0,4,0,21,1,71,15,,HESDIN,-1,Autre(s) type(s) d'accident(s).,2,,,,,,,Percuté à l'arrière par un autre véhicule et projeté contre le véhicule de devant.,Voiture coupant la route,Une voiture à changé de stationnement en me coupant la route. J'ai freiné violement pour stopper ma machine. Le copain motard qui me suivait n'a pas freiné aussi fort que moi et m'a percuté à l'arrière et m'a projeté contre la voiture.,3,0,,,Pas d'autre solution que de sauter sur les freins,3,1,1,1,NSP,NSP,NSP,7,,,,,,,,,,,,,,,4,3,,,1,1,4,4,NSP,1,1,1,4,1,4,4,4,10,,,,,,,,,2,,,,,,,,,2,2,,2,2,1,1,0,100,0,0,0,NSP,,,,,,3,1,,,,1,,,,,,,,,,,3,1,3,,0,60,1,2,3,4,7,9,,,,,4,4,4,2,3,4,TRIUMPH,1200,TROPHY,Routière / GT,2,1,1,1,1,1,1,1,1,1,1,NSP,12,4,1,TRIUMPH,900,TROPHY,Routière / GT,2,4,3,30SEP1975,7,1,3,2,5,4,3,NRP,,,,2,0,0,1,0,1,BMW,1100,"R1100RT ""75""",Routière / GT,2,2000,37,3,2,3000,7,,,,,,,,,,,,,,,,,,,,,,,,,,,,,,,,,,,,,,,,,,,,,3000,3,4,,,,,,,,NRP,NRP,NRP,NRP,1994,NRP,NRP,1993,NRP,,,