Ligne,Ligne Q qualif,Ligne approfondissement Accident,ACCIDENT,NBACC1,ACCFREQUENCE1,ANNEEACC1_1,ANNEEACC1_2,ANNEEACC1_3,ANNEEACC1_4,ANNEEACC1_5,NBACC2,ACCFREQUENCE2,ANNEEACC2_1,ANNEEACC2_2,ANNEEACC2_3,ANNEEACC2_4,ANNEEACC2_5,NBACC3,ACCFREQUENCE3,ANNEEACC3_1,ANNEEACC3_2,ANNEEACC3_3,ANNEEACC3_4,ANNEEACC3_5,NBACC4,ACCFREQUENCE4,ANNEEACC4_1,ANNEEACC4_2,ANNEEACC4_3,ANNEEACC4_4,ANNEEACC4_5,NBACC5,ACCFREQUENCE5,ANNEEACC5_1,ANNEEACC5_2,ANNEEACC5_3,ANNEEACC5_4,ANNEEACC5_5,NBACC6,ACCFREQUENCE6,ANNEEACC6_1,ANNEEACC6_2,ANNEEACC6_3,ANNEEACC6_4,ANNEEACC6_5,NBACC7,ACCFREQUENCE7,ANNEEACC7_1,ANNEEACC7_2,ANNEEACC7_3,ANNEEACC7_4,ANNEEACC7_5,NBACC8,ACCFREQUENCE8,ANNEEACC8_1,ANNEEACC8_2,ANNEEACC8_3,ANNEEACC8_4,ANNEEACC8_5,NBACC9,ACCFREQUENCE9,ANNEEACC9_1,ANNEEACC9_2,ANNEEACC9_3,ANNEEACC9_4,ANNEEACC9_5,NBACC10,ACCFREQUENCE10,ANNEEACC10_1,ANNEEACC10_2,ANNEEACC10_3,ANNEEACC10_4,ANNEEACC10_5,NBACC11,ACCFREQUENCE11,ANNEEACC11_1,ANNEEACC11_2,ANNEEACC11_3,ANNEEACC11_4,ANNEEACC11_5,NBACC12,ACCFREQUENCE12,ANNEEACC12_1,ANNEEACC12_2,ANNEEACC12_3,ANNEEACC12_4,ANNEEACC12_5,NBACC13,ACCFREQUENCE13,ANNEEACC13_1,ANNEEACC13_2,ANNEEACC13_3,ANNEEACC13_4,ANNEEACC13_5,NBACC14,ACCFREQUENCE14,ANNEEACC14_1,ANNEEACC14_2,ANNEEACC14_3,ANNEEACC14_4,ANNEEACC14_5,AUTRESACC,NBAUTRESACC,TOTAL_AC,ANNEEAUTREACC1,ANNEEAUTREACC2,ANNEEAUTREACC3,ANNEEAUTREACC4,ANNEEAUTREACC5,LIEUAUTREACC1,LIEUAUTREACC2,LIEUAUTREACC3,LIEUAUTREACC4,LIEUAUTREACC5,DESCRIPTIONAUTRESACC1,DESCRIPTIONAUTRESACC2,DESCRIPTIONAUTRESACC3,DESCRIPTIONAUTRESACC4,DESCRIPTIONAUTRESACC5,NBAUTRESACCCIRCUIT,NBAUTRESTOUTTERRAIN,EXPCYCLO,EXP125,EXPSUP125,ACCORDNEXTQ,CHOIXACC,RGPMTACC,RECUPANNEE,RECUPLIEU,RECUPANNE,RGPMTAC,CHOIX1,CHOIX2,CHOIX3,CHOIX4,CHOIX5,CHOIX6,CHOIX7,DESCRIPTION,RUPTURE,FAITS,ABS_REACTION,AUTRE_REACTION,PRECISIONREACTIONOUI,RECUL,PRECISIONREACTIONNON,IMPACTCOMPORTEMENT,AUTREUSAGER,REACTIONAUTREUSAGER,CONNAISSANCEREACTIONUSAGER,DIFFICULTES,AGGRAVATION,DIFFICULTES2,EMOTIONS1,EMOTIONS2,EMOTIONS3,EMOTIONS4,EMOTIONS5,EMOTIONS6,AUTRESENTIMENT,CLASSEMENTEMOTIONS1,CLASSEMENTEMOTIONS,CLASSEMENTEMOTIONS5,CLASSEMENTEMOTIONS6,CLASSEMENTEMOTIONS7,CLASSEMENTEMOTIONS8,CLASSEMENTEMOTIONS9,EXPLICATIONRESSENTI,BIENEQUIPE,ALLURE,ALLUREVITEDETAIL,ALLURELENTEDETAIL,SITUATIONPRESSE,SITUATIONDISTRAIT,SITUATIONCONFIANT,SITUATIONCONTROLE,SITUATIONLUDIQUE,SITUATIONPERF,SITUATIONSTRESS,SITUATIONFATIGUE,HUMEURNEUTRE,HUMEURGAI,HUMEURMECONTENT,HUMEURTRISTE,HUMEURCOLERE,CONTRIBUTION1,CONTRIBUTION2,CONTRIBUTION3,CONTRIBUTION4,CONTRIBUTION5,CONTRIBUTION6,CONTRIBUTION7,CONTRIBUTION8,CONTRIBUTION9,ROLEINFRA,ELEMENTINFRA1,ELEMENTINFRA2,ELEMENTINFRA3,ELEMENTINFRA4,ELEMENTINFRA5,ELEMENTINFRA6,ELEMENTINFRA7,ELEMENTINFRA8,ELEMENTINFRA9,ALCOOL,TXALCOOL,STUP,SEMAINE,MOMENTJOURNEE,TEMPS,CAUSEACC1,CAUSEACC2,CAUSEACC3,CAUSEACC4,CAUSEACC5,FORMATIONCAUSE,FORMATION1,FORMATION2,FORMATION3,FORMATION4,FORMATION5,TRAFIC,CHAUSSEE1,CHAUSSEE2,CHAUSSEE3,CHAUSSEE4,TYPEACC,BLESSURE,TETE,COU,THORAX,MEMBRESSUP,COLONNE,BASSIN,MEMBRESINF,HOPITAL,PLUS24H,TRAJET,TYPEROUTE,MOTIF,SENSTRAJET,PASSAGER,VITESSE,DESCEQ1,DESCEQ2,DESCEQ3,DESCEQ4,DESCEQ5,DESCEQ6,DESCEQ7,DESCEQ8,DESCEQ9,DESCEQ10,VEHICULEETE,VEHICULEAUTOMNE,VEHICULEPRINTEMPS,VEHICULEHIVER,VEHICULESEMAINE,VEHICULEWE,VEHMARQUE,VEHCYLINDREE,VEHMODELE,VEHSEGMENT,VEHSIDE,EQ2RMABS,EQ2RMCBS,EQ2RMABSCBS,EQ2RMREGULATEUR,EQ2RMLIMITEUR,EQ2RMPHARESDIRECT,EQ2RMCOUPURE,EQ2RMANTIPATINAGE,EQ2RMANTIXHEELING,EQ2RMSTABILILTE,VEHKM,POINTS,DUREE,AUTRE2RM,VEHPRECMARQUE,VEHPRECCYLINDREE,VEHPRECMODELE,VEHPRECSEGMENT,VEHPRECSIDE,TEMPS2RMPREC,FREQVEHPREC,DATE_NAISS,CSP,SOCIETAIRE,SALARIE,SECTEUR2RM,NBPERSFOYER,SITFAM,NBENF,TRNBENF1,TRNBENF2,TRNBENF3,TRNBENF4,NBAUTOFOYER,NBCYCLOFOYER,NBSCOOTFOYER,NBMOTOFOYER,NBTRIKEFOYER,NB2RMCONDUIT,MARQUE1,CYLINDREE1,MODELE1,SEGMENT1,SIDE1,ANMISECIRCU1,ASS1,FREQ1,USAGE1,NBKM1,GARAGE1,MARQUE2,CYLINDREE2,MODELE2,SEGMENT2,SIDE2,ANMISECIRCU2,ASS2,FREQ2,USAGE2,NBKM2,GARAGE2,MARQUE3,CYLINDREE3,MODELE3,SEGMENT3,SIDE3,ANMISECIRCU3,ASS3,FREQ3,USAGE3,NBKM3,GARAGE3,MARQUE4,CYLINDREE4,MODELE4,SEGMENT4,SIDE4,ANMISECIRCU4,ASS4,FREQ4,USAGE4,NBKM4,GARAGE4,MARQUE5,CYLINDREE5,MODELE5,SEGMENT5,SIDE5,ANMISECIRCU5,ASS5,FREQ5,USAGE5,NBKM5,GARAGE5,NBKMTOT,PERMIS1,PERMIS2,PERMIS3,PERMIS4,PERMIS5,PERMIS6,PERMIS7,PERMIS8,PERMIS9,ANPERMIS1,ANPERMIS6,ANPERMIS7,ANPERMIS2,ANPERMIS3,ANPERMIS8,ANPERMIS9,ANPERMIS4,ANPERMIS5,,,
1168,7172,,1,0,5,,,,,,0,4,,,,,,0,5,,,,,,0,3,,,,,,1,4,2013,,,,,0,3,,,,,,0,4,,,,,,0,4,,,,,,0,6,,,,,,0,5,,,,,,0,6,,,,,,0,4,,,,,,0,5,,,,,,0,4,,,,,,0,,1,,,,,,,,,,,,,,,,,,4,0,4,1,21,5,2013,,,,,,,,,,,,,,,,,,,,,,,,,,,,,,,,,,,,,,,,,,,,,,,,,,,,,,,,,,,,,,,,,,,,,,,,,,,,,,,,,,,,,,,,,,,,,,,,,,,,,,,,,,,,,,,,,,,,,,,,,,,,,,,,,,,,,,,,,,,,,,,,,,,,,,,,,,,,,,28MAY1990,7,2,3,2,5,5,0,NRP,,,,3,0,0,1,0,1,KAWASAKI,500,ER-5,ROADSTER,2,2005,33,1,2,0,7,,,,,,,,,,,,,,,,,,,,,,,,,,,,,,,,,,,,,,,,,,,,,0,3,4,,,,,,,,NRP,NRP,NRP,NRP,2011,NRP,NRP,2009,NRP,,,
420,7176,,1,0,3,,,,,,0,3,,,,,,0,6,,,,,,0,4,,,,,,0,3,,,,,,0,3,,,,,,0,3,,,,,,0,4,,,,,,1,4,2010,,,,,0,4,,,,,,0,4,,,,,,0,2,,,,,,0,4,,,,,,0,4,,,,,,1,1,2,2010,,,,,soissons,,,,,"vehicule rentrant sur un emplacement de parking et en ressortant pour mieux se garer sans controler derriere . j arrivais a faible allure , en virage pour entrer dans une allée . au freinage d'urgence la moto s 'es couchée .",,,,,0,0,1,0,5,1,71,15,2010,soissons,,,,,,,,,,,,,,,,,,,,,,,,,,,,,,,,,,,,,,,,,,,,,,,,,,,,,,,,,,,,,,,,,,,,,,,,,,,,,,,,,,,,,,,,,,,,,,,,,,,,,,,,,,,,,,,,,,,,,,,,,,,,,,,,,,,,,,,,,,,,,,,,,,,,,,,,,,,,,16MAY1978,7,2,3,2,3,4,1,NRP,,,,2,0,0,2,0,2,TRIUMPH,1050,SPRINT ST,Routière / GT,2,2007,10,1,2,25000,7,SUZUKI,650,SV-S RACING EDITION,Routière / GT,2,2000,25,3,1,5000,7,,,,,,,,,,,,,,,,,,,,,,,,,,,,,,,,,,30000,3,4,,,,,,,,NRP,NRP,NRP,NRP,2010,NRP,NRP,1996,NRP,,,
1172,7188,417,1,0,4,,,,,,0,3,,,,,,0,5,,,,,,0,2,,,,,,0,4,,,,,,0,2,,,,,,0,2,,,,,,0,2,,,,,,0,2,,,,,,0,4,,,,,,0,4,,,,,,0,4,,,,,,0,6,,,,,,0,5,,,,,,1,1,1,2014,,,,,Paris,,,,,"J'étais l'arrêt au feu, la voiture m'a percuté et s'est enfuie en grillant le feu",,,,,0,0,0,1,5,1,71,15,2014,Paris,2014,Autre(s) type(s) d'accident(s).,1,,,,,,,"J'étais à l'arrêt à un feu rouge, une voiture a tapé la roue arrière de ma moto, la moto a avancé brutalement et je n'ai pas réussi à la retenir, j'ai eu le temps de retirer ma jambe pour ne pas rester coincé dessous et je suis tombé sur le coté.  La voiture a reculé, accéléré et grillé le feu rouge... Heureusement que j'avais éguipé ma moto de tampons qui ont protégé le moteur. je m'en sors avec des griffures sur la moto et mal au poignet. A la police les plaques ne correspondaient à aucun véhicule...","C'est l'inattention du conducteur de la voiture qui n'a pas freiné à temps, je n'ai pas eu le temps de voir si le conducteur était au téléphone.","Aucune réaction le choc est parvenu par l'arrière, surprise totale",3,0,,,Rester regarder ses rétros pour savoir si quelqu'un ne va pas freiner n'est pas instinctif,3,1,2,,"Inattention, il n'a pas freiné",1,L'accident aurait pu être évité avec un minimum de concentration,2,7,,,,,,,1,,,,,,"J'étais arrêté au point mort et le choc m'a propulsé en avant avec la moto, je ne pouvais pas anticiper",4,4,,,1,3,3,3,3,1,1,1,3,4,4,4,4,10,,,,,,,,,2,,,,,,,,,2,2,,2,2,3,1,0,100,0,0,0,2,,,,,,1,1,,,,2,1,4,,,,,,,0,,2,1,3,,0,0,1,2,3,4,7,9,,,,,4,4,4,4,4,4,KAWASAKI,1000,Z1000 IE ABS,ROADSTER,2,0,1,1,1,1,1,0,1,1,1,24000,12,3,1,KAWASAKI,650,ER-6N ABS,ROADSTER,2,3,4,21SEP1977,5,1,3,2,4,4,2,NRP,,,,2,0,0,1,0,1,KAWASAKI,1000,Z 1000 IE ABS,ROADSTER,2,2009,37,1,2,12000,6,,,,,,,,,,,,,,,,,,,,,,,,,,,,,,,,,,,,,,,,,,,,,12000,3,4,,,,,,,,NRP,NRP,NRP,NRP,2010,NRP,NRP,1995,NRP,,,
719,7190,,1,1,6,2012,,,,,0,5,,,,,,0,5,,,,,,0,2,,,,,,0,6,,,,,,0,5,,,,,,0,6,,,,,,0,6,,,,,,0,5,,,,,,0,6,,,,,,0,6,,,,,,0,3,,,,,,0,4,,,,,,0,2,,,,,,0,,1,,,,,,,,,,,,,,,,,,2,5,12,1,1,1,2012,,,,,,,,,,,,,,,,,,,,,,,,,,,,,,,,,,,,,,,,,,,,,,,,,,,,,,,,,,,,,,,,,,,,,,,,,,,,,,,,,,,,,,,,,,,,,,,,,,,,,,,,,,,,,,,,,,,,,,,,,,,,,,,,,,,,,,,,,,,,,,,,,,,,,,,,,,,,,,16JUL1979,7,1,3,2,1,1,,NRP,,,,0,0,0,1,0,1,HONDA,750,CB-SEVEN FIFTY,ROADSTER,2,1996,37,3,1,6000,4,,,,,,,,,,,,,,,,,,,,,,,,,,,,,,,,,,,,,,,,,,,,,6000,3,4,8,9,,,,,,NRP,NRP,NRP,NRP,2003,2003,2003,1998,NRP,,,
1626,7191,,1,0,5,,,,,,0,5,,,,,,0,4,,,,,,0,3,,,,,,0,5,,,,,,0,4,,,,,,0,5,,,,,,0,4,,,,,,0,4,,,,,,1,5,2011,,,,,1,5,2011,,,,,0,3,,,,,,0,5,,,,,,0,5,,,,,,0,,2,,,,,,,,,,,,,,,,,,6,0,0,1,46,10,2011,,,,,,,,,,,,,,,,,,,,,,,,,,,,,,,,,,,,,,,,,,,,,,,,,,,,,,,,,,,,,,,,,,,,,,,,,,,,,,,,,,,,,,,,,,,,,,,,,,,,,,,,,,,,,,,,,,,,,,,,,,,,,,,,,,,,,,,,,,,,,,,,,,,,,,,,,,,,,,03JAN1971,4,2,3,2,1,1,,NRP,,,,0,1,0,0,0,1,GILERA,50,RUNNER SP,SCOOTER,2,2010,7,1,2,15000,4,,,,,,,,,,,,,,,,,,,,,,,,,,,,,,,,,,,,,,,,,,,,,15000,NSP,,,,,,,,,NRP,NRP,NRP,NRP,NRP,NRP,NRP,NRP,NRP,,,
1662,7197,,1,0,5,,,,,,0,5,,,,,,0,4,,,,,,0,3,,,,,,0,6,,,,,,0,4,,,,,,0,4,,,,,,0,3,,,,,,0,5,,,,,,0,6,,,,,,0,5,,,,,,0,2,,,,,,0,5,,,,,,0,2,,,,,,1,2,2,2013,2014,,,,Villeneuve d'as,Armentieres,,,,Véhicule arêter a un stop démarre s'arrête et recule alors que j'étais derrière,Moto sur un parking l'automobiliste recule et fait tomber la moto,,,,0,0,0,0,3,1,71,15,2013,Villeneuve d'as,,,,,,,,,,,,,,,,,,,,,,,,,,,,,,,,,,,,,,,,,,,,,,,,,,,,,,,,,,,,,,,,,,,,,,,,,,,,,,,,,,,,,,,,,,,,,,,,,,,,,,,,,,,,,,,,,,,,,,,,,,,,,,,,,,,,,,,,,,,,,,,,,,,,,,,,,,,,,17OCT1971,7,2,3,2,6,4,4,NRP,,,,1,0,0,1,0,1,HONDA,1100,CBR-XX IE SUPER BLACKBIRD,Routière / GT,2,2007,10,2,1,4000,7,,,,,,,,,,,,,,,,,,,,,,,,,,,,,,,,,,,,,,,,,,,,,4000,3,4,,,,,,,,NRP,NRP,NRP,NRP,2010,NRP,NRP,1990,NRP,,,
434,7198,282,1,0,5,,,,,,0,5,,,,,,0,4,,,,,,0,6,,,,,,1,6,1983,,,,,0,5,,,,,,0,5,,,,,,0,5,,,,,,0,5,,,,,,0,4,,,,,,0,6,,,,,,0,4,,,,,,0,6,,,,,,0,5,,,,,,0,,1,,,,,,,,,,,,,,,,,,4,2,34,1,21,5,1983,,1983,Vous circuliez sur un axe prioritaire. Un véhicule venant dun axe non prioritaire vous a coupé la route.,1,,,,,,,"Circulant sur un grand axe ( prioritaire ) , a l'approche d'un feu , j'ai regardé a gauche et a droite, comme d'habitude. J'ai vu, a droite , une voiture qui ne voulait absolument pas s'arrêter au feu rouge . j'ai commencé a me déplacer vers la gauche, a la limite de l'axe médian. Voyant que la voiture continuait sans intervenir, j'ai arrêté ma moto, sur place, avec le grand ralentissement déjà fait. La voiture m'a percuté , par ma droite , juste sur la partie avant de la moto ( fourche ) : plus vers l'arrière, je pense que ma jambe droite n'aurait pas resisté !","Impossibilité de me degager encore vers la gauche, des véhicules venaient de face. Le comportement du conducteur de la voiture!","Malgré mon ralentissement et mon déport vers la gauche, proche de l'axe médian, je n'ai pas eu la chance d'éviter l'accident, étant ... à l'arret. Le conducteur de la voiture devait s'arrêter a son feu rouge, mais ... il a rien fait ! Peut-être qu'un bon coup de gaz aurait permis de passer avant l'arrivée de la voiture ?",NRP,1,"Peut-être qu'un bon coup de gaz aurait permis de passer avant la voiture ? On apprend a ralentir, ou s'arrêter quand une situation est dangereuse : les véhicules proches de notre véhicule risque un autre accident du fait de la situation ... anormalement stoppé ! La mise en place des couloirs de bus permet d'avoir des ...échappatoires pour éviter une collision ! En espérant que les forces de l'ordre ne verbalisent pas pour l'usage du couloir de bus ... pour cette raison !","en ce temps la, les couloirs de bus n'existaient pas ! Maintenant, la circulation , en ville , est plus lente ( malgré la puissance, le freinage , etc, des véhicules ! ) : la peur du ... gendarme, les caméras de surveillance, les véhicules de plus en nombreux, le comportement des gens ( je suis le plus fort, j'ai une voiture, moto, ... puissante, etc ) = la circulation est de moins en moins fluide !",,2,1,2,,"Le conducteur de la voiture ne s'est pas soucier du feu rouge , pour lui : comportement envers le motard, problèmes personnels, problèmes de santé, etc ?",1,"Si le conducteur de la voiture avait respecté son feu rouge, l'accident aurait pas eu lieu !",1,6,,,,,,1,,,,,2,,La peur était pour le corporel : la voiture me percute plus vers l'arrière de la moto ... Ma jambe aurait pas supporté !,4,3,,,1,1,4,4,4,1,1,1,1,4,4,4,4,8,,,,,,,,,1,2,,,,,,,,2,2,,2,1,1,1,0,100,0,0,0,1,3,4,,,,1,1,,,,1,,,,,,,,,,,3,1,3,,0,0,1,10,2,3,5,,,,,,4,4,4,4,4,4,YAMAHA,650,XJ,ROADSTER,2,1,1,1,1,1,1,1,1,1,1,48000,NSP,3,1,HONDA,500,CX,ROADSTER,2,4,4,25JUN1956,7,1,2,1,1,1,,NRP,,,,1,0,0,1,0,1,HONDA,600,TRANSALP +35KW,TRAIL / SUPERMOTARD,2,1987,37,3,1,5000,7,,,,,,,,,,,,,,,,,,,,,,,,,,,,,,,,,,,,,,,,,,,,,5000,3,4,,,,,,,,NRP,NRP,NRP,NRP,1981,NRP,NRP,1977,NRP,,,
673,7200,,1,0,3,,,,,,0,4,,,,,,0,3,,,,,,0,3,,,,,,0,4,,,,,,0,3,,,,,,0,3,,,,,,0,3,,,,,,1,3,1985,,,,,0,2,,,,,,0,4,,,,,,0,2,,,,,,1,4,1985,,,,,0,3,,,,,,1,2,4,1985,1985,,,,Montpellier,Sault,,,,le véhicule me précédant s'est arreté a un feu alors que celui-ci était au vert et qu'aucun obstacle n'était présent sur la chaussée,"Le camion (38t) qui arrivait en face a coupé le virage, m'a ""coincé "" contre le parapet de la route  et m'a percuté de face !",,,,0,0,1,1,28,1,41,9,1985,,,,,,,,,,,,,,,,,,,,,,,,,,,,,,,,,,,,,,,,,,,,,,,,,,,,,,,,,,,,,,,,,,,,,,,,,,,,,,,,,,,,,,,,,,,,,,,,,,,,,,,,,,,,,,,,,,,,,,,,,,,,,,,,,,,,,,,,,,,,,,,,,,,,,,,,,,,,,,07NOV1957,11,2,3,2,4,4,2,NRP,,,,4,0,0,1,0,1,TRIUMPH,955,TIGER,TRAIL / SUPERMOTARD,2,2005,40,3,1,4000,7,,,,,,,,,,,,,,,,,,,,,,,,,,,,,,,,,,,,,,,,,,,,,4000,3,4,,,,,,,,NRP,NRP,NRP,NRP,1983,NRP,NRP,1976,NRP,,,
1722,7204,,1,1,4,1994,,,,,0,6,,,,,,0,5,,,,,,0,4,,,,,,0,6,,,,,,0,5,,,,,,0,3,,,,,,0,3,,,,,,1,3,NSP,,,,,0,4,,,,,,0,6,,,,,,0,2,,,,,,0,2,,,,,,1,5,NSP,,,,,0,,3,,,,,,,,,,,,,,,,,,3,0,23,1,1,1,1994,,,,,,,,,,,,,,,,,,,,,,,,,,,,,,,,,,,,,,,,,,,,,,,,,,,,,,,,,,,,,,,,,,,,,,,,,,,,,,,,,,,,,,,,,,,,,,,,,,,,,,,,,,,,,,,,,,,,,,,,,,,,,,,,,,,,,,,,,,,,,,,,,,,,,,,,,,,,,,07FEB1974,8,1,3,2,1,1,,NRP,,,,1,0,0,4,0,4,HONDA,350,XL-R,TRAIL / SUPERMOTARD,2,1987,37,2,1,1000,7,YAMAHA,1200,FJ ABS,Routière / GT,2,1994,37,4,1,500,7,YAMAHA,1200,FJ,Routière / GT,1,1991,37,3,1,500,7,VOXAN,1000,CAFE RACER V2,Routière / GT,2,2001,37,3,1,1000,7,,,,,,,,,,,,3000,3,4,,,,,,,,NRP,NRP,NRP,NRP,1992,NRP,NRP,1992,NRP,,,
490,7211,,1,0,5,,,,,,0,6,,,,,,0,5,,,,,,0,2,,,,,,0,5,,,,,,0,4,,,,,,0,3,,,,,,0,4,,,,,,1,4,2001,,,,,0,5,,,,,,0,5,,,,,,0,2,,,,,,0,4,,,,,,0,4,,,,,,0,,1,,,,,,,,,,,,,,,,,,0,0,20,1,41,9,2001,,,,,,,,,,,,,,,,,,,,,,,,,,,,,,,,,,,,,,,,,,,,,,,,,,,,,,,,,,,,,,,,,,,,,,,,,,,,,,,,,,,,,,,,,,,,,,,,,,,,,,,,,,,,,,,,,,,,,,,,,,,,,,,,,,,,,,,,,,,,,,,,,,,,,,,,,,,,,,09MAR1959,5,1,2,2,2,3,,NRP,,,,2,0,0,1,0,1,YAMAHA,900,XJS DIVERSION FREEWAY 97,Routière / GT,2,1999,37,2,2,5000,7,,,,,,,,,,,,,,,,,,,,,,,,,,,,,,,,,,,,,,,,,,,,,5000,3,4,,,,,,,,NRP,NRP,NRP,NRP,1995,NRP,NRP,1978,NRP,,,
2174,7214,,0,,,,,,,,,,,,,,,,,,,,,,,,,,,,,,,,,,,,,,,,,,,,,,,,,,,,,,,,,,,,,,,,,,,,,,,,,,,,,,,,,,,,,,,,,,,,,,,,,,,,,,,,,,,,,,,,,,,,,,,,,,,,,,,,,,,,,,,,,,,,,,,,,,,,,,,,,,,,,,,,,,,,,,,,,,,,,,,,,,,,,,,,,,,,,,,,,,,,,,,,,,,,,,,,,,,,,,,,,,,,,,,,,,,,,,,,,,,,,,,,,,,,,,,,,,,,,,,,,,,,,,,,,,,,,,,,,,,,,,,,,,,28FEB1981,7,2,3,2,3,4,1,NRP,,,,2,0,0,1,0,1,KAWASAKI,650,"ER-6 ""N""",ROADSTER,2,2009,33,2,2,5000,7,,,,,,,,,,,,,,,,,,,,,,,,,,,,,,,,,,,,,,,,,,,,,5000,3,4,,,,,,,,NRP,NRP,NRP,NRP,2009,NRP,NRP,1999,NRP,,,
551,7215,199,1,0,5,,,,,,0,5,,,,,,0,5,,,,,,0,3,,,,,,0,5,,,,,,0,5,,,,,,0,2,,,,,,0,3,,,,,,0,2,,,,,,0,5,,,,,,0,5,,,,,,0,1,,,,,,0,3,,,,,,0,3,,,,,,1,1,1,2002,,,,,Lyon,,,,,ouverture d'une portière en ville au moment de mon passage,,,,,2,0,0,0,13,1,71,15,2002,Lyon,2002,Autre(s) type(s) d'accident(s).,1,,,,,,,une personne a ouvert sa portière sans regarder alors que je passais à faible allure 20-30Km/h.,"ça a été instantané, je n'ai pas eu le temps ni de prendre les freins, ni de faire un évitement. mauvais timing.",NRP,3,0,,,"juste un mauvais timing; ouverture en grand de la portière, rapide, au moment où je passais",3,1,2,,NSP,1,la personne n'a pas regarder avant d'ouvrir la porte,2,6,,,,,,,1,,,,2,,on ne s'y attend pas,4,3,,,1,1,4,4,1,1,1,1,3,3,4,4,4,10,,,,,,,,,2,,,,,,,,,2,2,,2,1,1,1,0,100,0,0,0,2,,,,,,4,1,,,,2,1,4,7,,,,,,1,0,1,1,3,,1,30,1,2,3,4,7,9,,,,,4,4,4,4,4,4,APRILIA,125,"RS ""REPLICA""",SPORTIVE,2,1,1,1,1,1,1,0,1,1,1,20000,12,3,0,,,,,,,,29DEC1981,4,1,3,2,2,3,,NRP,,,,2,0,0,2,0,2,YAMAHA,1000,R1 (YZF-R1),SPORTIVE,2,2002,37,3,2,10000,7,YAMAHA,1000,R1 (YZF-R1),SPORTIVE,2,2004,37,4,1,500,7,,,,,,,,,,,,,,,,,,,,,,,,,,,,,,,,,,10500,3,4,,,,,,,,NRP,NRP,NRP,NRP,2002,NRP,NRP,2000,NRP,,,
1586,7218,,1,0,4,,,,,,0,4,,,,,,0,4,,,,,,0,2,,,,,,0,5,,,,,,0,2,,,,,,0,3,,,,,,0,3,,,,,,1,5,1979,,,,,1,5,1977,,,,,0,4,,,,,,0,2,,,,,,0,5,,,,,,0,3,,,,,,0,,2,,,,,,,,,,,,,,,,,,0,0,40,1,46,10,1977,,,,,,,,,,,,,,,,,,,,,,,,,,,,,,,,,,,,,,,,,,,,,,,,,,,,,,,,,,,,,,,,,,,,,,,,,,,,,,,,,,,,,,,,,,,,,,,,,,,,,,,,,,,,,,,,,,,,,,,,,,,,,,,,,,,,,,,,,,,,,,,,,,,,,,,,,,,,,,04JAN1956,6,1,3,2,4,4,2,NRP,,,,2,0,0,5,0,2,YAMAHA,900,XJS DIVERSION,Routière / GT,2,1999,37,3,1,5000,7,HONDA,550,CB550F,ROADSTER,2,1974,29,4,1,500,7,,,,,,,,,,,,,,,,,,,,,,,,,,,,,,,,,,5500,3,4,,,,,,,,NRP,NRP,NRP,NRP,1975,NRP,NRP,1974,NRP,,,
667,7220,,1,0,4,,,,,,0,4,,,,,,0,6,,,,,,0,5,,,,,,2,6,1994,2012,,,,0,4,,,,,,0,4,,,,,,0,5,,,,,,0,6,,,,,,0,3,,,,,,0,5,,,,,,0,3,,,,,,0,2,,,,,,0,3,,,,,,0,,2,,,,,,,,,,,,,,,,,,4,3,15,1,22,5,2012,,,,,,,,,,,,,,,,,,,,,,,,,,,,,,,,,,,,,,,,,,,,,,,,,,,,,,,,,,,,,,,,,,,,,,,,,,,,,,,,,,,,,,,,,,,,,,,,,,,,,,,,,,,,,,,,,,,,,,,,,,,,,,,,,,,,,,,,,,,,,,,,,,,,,,,,,,,,,,16NOV1978,5,1,3,2,2,5,0,NRP,,,,3,0,0,9,0,9,YAMAHA,600,R6 IE (YZF-R6),SPORTIVE,2,2007,37,3,1,10000,AUT|Dans le salon,APRILIA,1000,SL-V FALCO,SPORTIVE,2,2002,25,3,1,5000,AUT|Dans le salon,DUCATI,748,STRADA BIPOSTO,SPORTIVE,2,1995,37,3,1,2000,AUT|Dans le salon,YAMAHA,250,TDR,Routière / GT,2,1990,37,3,1,1000,AUT|Salon,HONDA,70,DAX,ROADSTER,2,1973,37,3,1,1000,7,19000,2,3,4,,,,,,,NRP,NRP,NRP,1995,2001,NRP,NRP,1996,NRP,,,
1247,7221,483,1,0,3,,,,,,0,2,,,,,,0,6,,,,,,0,2,,,,,,0,3,,,,,,0,4,,,,,,0,5,,,,,,1,6,2001,,,,,1,4,2001,,,,,0,3,,,,,,0,6,,,,,,0,1,,,,,,0,3,,,,,,0,4,,,,,,0,,2,,,,,,,,,,,,,,,,,,0,0,16,1,41,9,2001,,2001,"Vous avez fait une sortie de route, une perte de contrôle ou une glissade sans rien percuter.",1,2,,,,,,"Glissage sur une plaque de gasoil dans un rond point chute de la moto et du pilote, puis glissade du pilote sur quelques mètres mais sans rien heurter",L'accident n'était pas prévisible et a été complètement subi,"Aucune action sur le véhicule, j'ai perdu le controle. Le seul souvenir est d'avoir fait en sorte que mon casque ne heurte pas le sol. Puis j'ai vérifié que ma glissade ne poserait pas de souci",NRP,0,,,"Difficile de réagir sur une plaque de gasoil. Par contre, maintenant, je fis beaucoup plus attention à ce qu'il n'y ait pas de plaque",2,0,,,,,,1,2,3,,,,,3,2,1,,,,,Pas compris pourquoi la moto est tombée,3,3,,,2,1,3,3,3,1,2,2,5,5,5,5,5,5,7,,,,,,,,1,5,,,,,,,,2,2,,2,1,1,1,10,0,0,90,0,2,,,,,,2,1,6,,,1,,,,,,,,,,,1,1,1,1,0,30,1,2,3,4,,,,,,,4,4,4,4,4,4,HONDA,500,CB,ROADSTER,2,1,1,1,1,1,1,1,1,1,1,NSP,12,3,0,,,,,,,,07JAN1979,5,1,3,2,4,4,2,NRP,,,,2,0,0,1,0,1,BMW,1300,K1300S PACK S,Routière / GT,2,2011,37,2,2,12000,4,,,,,,,,,,,,,,,,,,,,,,,,,,,,,,,,,,,,,,,,,,,,,12000,2,3,4,,,,,,,NRP,NRP,NRP,1997,1999,NRP,NRP,1997,NRP,,,