Ligne,Ligne Q qualif,Ligne approfondissement Accident,ACCIDENT,NBACC1,ACCFREQUENCE1,ANNEEACC1_1,ANNEEACC1_2,ANNEEACC1_3,ANNEEACC1_4,ANNEEACC1_5,NBACC2,ACCFREQUENCE2,ANNEEACC2_1,ANNEEACC2_2,ANNEEACC2_3,ANNEEACC2_4,ANNEEACC2_5,NBACC3,ACCFREQUENCE3,ANNEEACC3_1,ANNEEACC3_2,ANNEEACC3_3,ANNEEACC3_4,ANNEEACC3_5,NBACC4,ACCFREQUENCE4,ANNEEACC4_1,ANNEEACC4_2,ANNEEACC4_3,ANNEEACC4_4,ANNEEACC4_5,NBACC5,ACCFREQUENCE5,ANNEEACC5_1,ANNEEACC5_2,ANNEEACC5_3,ANNEEACC5_4,ANNEEACC5_5,NBACC6,ACCFREQUENCE6,ANNEEACC6_1,ANNEEACC6_2,ANNEEACC6_3,ANNEEACC6_4,ANNEEACC6_5,NBACC7,ACCFREQUENCE7,ANNEEACC7_1,ANNEEACC7_2,ANNEEACC7_3,ANNEEACC7_4,ANNEEACC7_5,NBACC8,ACCFREQUENCE8,ANNEEACC8_1,ANNEEACC8_2,ANNEEACC8_3,ANNEEACC8_4,ANNEEACC8_5,NBACC9,ACCFREQUENCE9,ANNEEACC9_1,ANNEEACC9_2,ANNEEACC9_3,ANNEEACC9_4,ANNEEACC9_5,NBACC10,ACCFREQUENCE10,ANNEEACC10_1,ANNEEACC10_2,ANNEEACC10_3,ANNEEACC10_4,ANNEEACC10_5,NBACC11,ACCFREQUENCE11,ANNEEACC11_1,ANNEEACC11_2,ANNEEACC11_3,ANNEEACC11_4,ANNEEACC11_5,NBACC12,ACCFREQUENCE12,ANNEEACC12_1,ANNEEACC12_2,ANNEEACC12_3,ANNEEACC12_4,ANNEEACC12_5,NBACC13,ACCFREQUENCE13,ANNEEACC13_1,ANNEEACC13_2,ANNEEACC13_3,ANNEEACC13_4,ANNEEACC13_5,NBACC14,ACCFREQUENCE14,ANNEEACC14_1,ANNEEACC14_2,ANNEEACC14_3,ANNEEACC14_4,ANNEEACC14_5,AUTRESACC,NBAUTRESACC,TOTAL_AC,ANNEEAUTREACC1,ANNEEAUTREACC2,ANNEEAUTREACC3,ANNEEAUTREACC4,ANNEEAUTREACC5,LIEUAUTREACC1,LIEUAUTREACC2,LIEUAUTREACC3,LIEUAUTREACC4,LIEUAUTREACC5,DESCRIPTIONAUTRESACC1,DESCRIPTIONAUTRESACC2,DESCRIPTIONAUTRESACC3,DESCRIPTIONAUTRESACC4,DESCRIPTIONAUTRESACC5,NBAUTRESACCCIRCUIT,NBAUTRESTOUTTERRAIN,EXPCYCLO,EXP125,EXPSUP125,ACCORDNEXTQ,CHOIXACC,RGPMTACC,RECUPANNEE,RECUPLIEU,RECUPANNE,RGPMTAC,CHOIX1,CHOIX2,CHOIX3,CHOIX4,CHOIX5,CHOIX6,CHOIX7,DESCRIPTION,RUPTURE,FAITS,ABS_REACTION,AUTRE_REACTION,PRECISIONREACTIONOUI,RECUL,PRECISIONREACTIONNON,IMPACTCOMPORTEMENT,AUTREUSAGER,REACTIONAUTREUSAGER,CONNAISSANCEREACTIONUSAGER,DIFFICULTES,AGGRAVATION,DIFFICULTES2,EMOTIONS1,EMOTIONS2,EMOTIONS3,EMOTIONS4,EMOTIONS5,EMOTIONS6,AUTRESENTIMENT,CLASSEMENTEMOTIONS1,CLASSEMENTEMOTIONS,CLASSEMENTEMOTIONS5,CLASSEMENTEMOTIONS6,CLASSEMENTEMOTIONS7,CLASSEMENTEMOTIONS8,CLASSEMENTEMOTIONS9,EXPLICATIONRESSENTI,BIENEQUIPE,ALLURE,ALLUREVITEDETAIL,ALLURELENTEDETAIL,SITUATIONPRESSE,SITUATIONDISTRAIT,SITUATIONCONFIANT,SITUATIONCONTROLE,SITUATIONLUDIQUE,SITUATIONPERF,SITUATIONSTRESS,SITUATIONFATIGUE,HUMEURNEUTRE,HUMEURGAI,HUMEURMECONTENT,HUMEURTRISTE,HUMEURCOLERE,CONTRIBUTION1,CONTRIBUTION2,CONTRIBUTION3,CONTRIBUTION4,CONTRIBUTION5,CONTRIBUTION6,CONTRIBUTION7,CONTRIBUTION8,CONTRIBUTION9,ROLEINFRA,ELEMENTINFRA1,ELEMENTINFRA2,ELEMENTINFRA3,ELEMENTINFRA4,ELEMENTINFRA5,ELEMENTINFRA6,ELEMENTINFRA7,ELEMENTINFRA8,ELEMENTINFRA9,ALCOOL,TXALCOOL,STUP,SEMAINE,MOMENTJOURNEE,TEMPS,CAUSEACC1,CAUSEACC2,CAUSEACC3,CAUSEACC4,CAUSEACC5,FORMATIONCAUSE,FORMATION1,FORMATION2,FORMATION3,FORMATION4,FORMATION5,TRAFIC,CHAUSSEE1,CHAUSSEE2,CHAUSSEE3,CHAUSSEE4,TYPEACC,BLESSURE,TETE,COU,THORAX,MEMBRESSUP,COLONNE,BASSIN,MEMBRESINF,HOPITAL,PLUS24H,TRAJET,TYPEROUTE,MOTIF,SENSTRAJET,PASSAGER,VITESSE,DESCEQ1,DESCEQ2,DESCEQ3,DESCEQ4,DESCEQ5,DESCEQ6,DESCEQ7,DESCEQ8,DESCEQ9,DESCEQ10,VEHICULEETE,VEHICULEAUTOMNE,VEHICULEPRINTEMPS,VEHICULEHIVER,VEHICULESEMAINE,VEHICULEWE,VEHMARQUE,VEHCYLINDREE,VEHMODELE,VEHSEGMENT,VEHSIDE,EQ2RMABS,EQ2RMCBS,EQ2RMABSCBS,EQ2RMREGULATEUR,EQ2RMLIMITEUR,EQ2RMPHARESDIRECT,EQ2RMCOUPURE,EQ2RMANTIPATINAGE,EQ2RMANTIXHEELING,EQ2RMSTABILILTE,VEHKM,POINTS,DUREE,AUTRE2RM,VEHPRECMARQUE,VEHPRECCYLINDREE,VEHPRECMODELE,VEHPRECSEGMENT,VEHPRECSIDE,TEMPS2RMPREC,FREQVEHPREC,DATE_NAISS,CSP,SOCIETAIRE,SALARIE,SECTEUR2RM,NBPERSFOYER,SITFAM,NBENF,TRNBENF1,TRNBENF2,TRNBENF3,TRNBENF4,NBAUTOFOYER,NBCYCLOFOYER,NBSCOOTFOYER,NBMOTOFOYER,NBTRIKEFOYER,NB2RMCONDUIT,MARQUE1,CYLINDREE1,MODELE1,SEGMENT1,SIDE1,ANMISECIRCU1,ASS1,FREQ1,USAGE1,NBKM1,GARAGE1,MARQUE2,CYLINDREE2,MODELE2,SEGMENT2,SIDE2,ANMISECIRCU2,ASS2,FREQ2,USAGE2,NBKM2,GARAGE2,MARQUE3,CYLINDREE3,MODELE3,SEGMENT3,SIDE3,ANMISECIRCU3,ASS3,FREQ3,USAGE3,NBKM3,GARAGE3,MARQUE4,CYLINDREE4,MODELE4,SEGMENT4,SIDE4,ANMISECIRCU4,ASS4,FREQ4,USAGE4,NBKM4,GARAGE4,MARQUE5,CYLINDREE5,MODELE5,SEGMENT5,SIDE5,ANMISECIRCU5,ASS5,FREQ5,USAGE5,NBKM5,GARAGE5,NBKMTOT,PERMIS1,PERMIS2,PERMIS3,PERMIS4,PERMIS5,PERMIS6,PERMIS7,PERMIS8,PERMIS9,ANPERMIS1,ANPERMIS6,ANPERMIS7,ANPERMIS2,ANPERMIS3,ANPERMIS8,ANPERMIS9,ANPERMIS4,ANPERMIS5,,,
689,7278,,0,,,,,,,,,,,,,,,,,,,,,,,,,,,,,,,,,,,,,,,,,,,,,,,,,,,,,,,,,,,,,,,,,,,,,,,,,,,,,,,,,,,,,,,,,,,,,,,,,,,,,,,,,,,,,,,,,,,,,,,,,,,,,,,,,,,,,,,,,,,,,,,,,,,,,,,,,,,,,,,,,,,,,,,,,,,,,,,,,,,,,,,,,,,,,,,,,,,,,,,,,,,,,,,,,,,,,,,,,,,,,,,,,,,,,,,,,,,,,,,,,,,,,,,,,,,,,,,,,,,,,,,,,,,,,,,,,,,,,,,,,,,01JUN1971,5,1,3,2,5,4,3,NRP,,,,2,0,0,2,0,2,KAWASAKI,1200,ZRX-R,ROADSTER,2,2002,37,3,1,6000,7,SUZUKI,650,GLADIUS,ROADSTER,2,2009,37,2,2,5000,7,,,,,,,,,,,,,,,,,,,,,,,,,,,,,,,,,,11000,2,3,4,,,,,,,NRP,NRP,NRP,1988,2001,NRP,NRP,1989,NRP,,,
1951,7279,,0,,,,,,,,,,,,,,,,,,,,,,,,,,,,,,,,,,,,,,,,,,,,,,,,,,,,,,,,,,,,,,,,,,,,,,,,,,,,,,,,,,,,,,,,,,,,,,,,,,,,,,,,,,,,,,,,,,,,,,,,,,,,,,,,,,,,,,,,,,,,,,,,,,,,,,,,,,,,,,,,,,,,,,,,,,,,,,,,,,,,,,,,,,,,,,,,,,,,,,,,,,,,,,,,,,,,,,,,,,,,,,,,,,,,,,,,,,,,,,,,,,,,,,,,,,,,,,,,,,,,,,,,,,,,,,,,,,,,,,,,,,,31AUG1971,7,2,3,2,3,4,1,NRP,,,,2,0,0,1,0,1,HONDA,750,VT SHADOW ACE,CUSTOM,2,2001,9,2,2,7000,7,,,,,,,,,,,,,,,,,,,,,,,,,,,,,,,,,,,,,,,,,,,,,7000,2,3,4,,,,,,,NRP,NRP,NRP,2009,2009,NRP,NRP,1989,NRP,,,
1902,7281,,1,0,4,,,,,,0,5,,,,,,0,6,,,,,,0,3,,,,,,0,4,,,,,,0,3,,,,,,0,4,,,,,,0,4,,,,,,0,4,,,,,,0,4,,,,,,1,6,2000,,,,,0,3,,,,,,0,2,,,,,,0,4,,,,,,0,,1,,,,,,,,,,,,,,,,,,0,0,35,1,51,11,2000,,,,,,,,,,,,,,,,,,,,,,,,,,,,,,,,,,,,,,,,,,,,,,,,,,,,,,,,,,,,,,,,,,,,,,,,,,,,,,,,,,,,,,,,,,,,,,,,,,,,,,,,,,,,,,,,,,,,,,,,,,,,,,,,,,,,,,,,,,,,,,,,,,,,,,,,,,,,,,15AUG1957,5,1,3,2,3,4,1,NRP,,,,1,0,0,1,0,1,BMW,1200,R1200GS  2013 PACK + ASC,TRAIL / SUPERMOTARD,2,2013,37,1,2,20000,7,,,,,,,,,,,,,,,,,,,,,,,,,,,,,,,,,,,,,,,,,,,,,20000,3,,,,,,,,,NRP,NRP,NRP,NRP,1978,NRP,NRP,NRP,NRP,,,
753,7288,,0,,,,,,,,,,,,,,,,,,,,,,,,,,,,,,,,,,,,,,,,,,,,,,,,,,,,,,,,,,,,,,,,,,,,,,,,,,,,,,,,,,,,,,,,,,,,,,,,,,,,,,,,,,,,,,,,,,,,,,,,,,,,,,,,,,,,,,,,,,,,,,,,,,,,,,,,,,,,,,,,,,,,,,,,,,,,,,,,,,,,,,,,,,,,,,,,,,,,,,,,,,,,,,,,,,,,,,,,,,,,,,,,,,,,,,,,,,,,,,,,,,,,,,,,,,,,,,,,,,,,,,,,,,,,,,,,,,,,,,,,,,,23AUG1957,5,2,3,2,2,3,,NRP,,,,2,0,0,1,0,1,BMW,800,F800R ABS,ROADSTER,2,2011,29,1,2,8000,7,,,,,,,,,,,,,,,,,,,,,,,,,,,,,,,,,,,,,,,,,,,,,8000,2,3,4,,,,,,,NRP,NRP,NRP,1976,1976,NRP,NRP,1978,NRP,,,
1208,7289,,0,,,,,,,,,,,,,,,,,,,,,,,,,,,,,,,,,,,,,,,,,,,,,,,,,,,,,,,,,,,,,,,,,,,,,,,,,,,,,,,,,,,,,,,,,,,,,,,,,,,,,,,,,,,,,,,,,,,,,,,,,,,,,,,,,,,,,,,,,,,,,,,,,,,,,,,,,,,,,,,,,,,,,,,,,,,,,,,,,,,,,,,,,,,,,,,,,,,,,,,,,,,,,,,,,,,,,,,,,,,,,,,,,,,,,,,,,,,,,,,,,,,,,,,,,,,,,,,,,,,,,,,,,,,,,,,,,,,,,,,,,,,26FEB1963,4,2,3,2,3,4,1,NRP,,,,1,0,1,0,0,1,YAMAHA,500,T-MAX IE ABS,SCOOTER,2,2008,16,1,2,14000,1,,,,,,,,,,,,,,,,,,,,,,,,,,,,,,,,,,,,,,,,,,,,,14000,3,4,,,,,,,,NRP,NRP,NRP,NRP,1981,NRP,NRP,2008,NRP,,,
1611,7291,,1,0,6,,,,,,0,6,,,,,,1,6,1995,,,,,0,5,,,,,,0,6,,,,,,0,5,,,,,,0,5,,,,,,0,6,,,,,,1,6,2011,,,,,1,6,2008,,,,,0,6,,,,,,0,5,,,,,,0,6,,,,,,0,6,,,,,,0,,3,,,,,,,,,,,,,,,,,,0,3,25,1,46,10,2008,,,,,,,,,,,,,,,,,,,,,,,,,,,,,,,,,,,,,,,,,,,,,,,,,,,,,,,,,,,,,,,,,,,,,,,,,,,,,,,,,,,,,,,,,,,,,,,,,,,,,,,,,,,,,,,,,,,,,,,,,,,,,,,,,,,,,,,,,,,,,,,,,,,,,,,,,,,,,,22APR1958,5,1,3,2,2,3,,NRP,,,,1,0,0,1,0,1,YAMAHA,1300,FJR (SANS VALISE),Routière / GT,2,2001,29,2,1,4000,7,,,,,,,,,,,,,,,,,,,,,,,,,,,,,,,,,,,,,,,,,,,,,4000,2,3,4,,,,,,,NRP,NRP,NRP,1974,1977,NRP,NRP,1977,NRP,,,
1877,7294,,0,,,,,,,,,,,,,,,,,,,,,,,,,,,,,,,,,,,,,,,,,,,,,,,,,,,,,,,,,,,,,,,,,,,,,,,,,,,,,,,,,,,,,,,,,,,,,,,,,,,,,,,,,,,,,,,,,,,,,,,,,,,,,,,,,,,,,,,,,,,,,,,,,,,,,,,,,,,,,,,,,,,,,,,,,,,,,,,,,,,,,,,,,,,,,,,,,,,,,,,,,,,,,,,,,,,,,,,,,,,,,,,,,,,,,,,,,,,,,,,,,,,,,,,,,,,,,,,,,,,,,,,,,,,,,,,,,,,,,,,,,,,21JUL1989,7,2,3,2,3,4,1,NRP,,,,2,0,0,1,0,1,SUZUKI,650,BANDIT-N,ROADSTER,2,2007,2,1,2,10000,7,,,,,,,,,,,,,,,,,,,,,,,,,,,,,,,,,,,,,,,,,,,,,10000,1,3,4,,,,,,,2005,NRP,NRP,NRP,2007,NRP,NRP,2011,NRP,,,
1050,7296,,1,0,1,,,,,,0,3,,,,,,0,3,,,,,,0,2,,,,,,0,3,,,,,,0,1,,,,,,0,4,,,,,,0,5,,,,,,2,6,2010,2012,,,,0,3,,,,,,0,3,,,,,,0,3,,,,,,0,3,,,,,,0,5,,,,,,0,,2,,,,,,,,,,,,,,,,,,0,5,0,1,42,9,2012,,,,,,,,,,,,,,,,,,,,,,,,,,,,,,,,,,,,,,,,,,,,,,,,,,,,,,,,,,,,,,,,,,,,,,,,,,,,,,,,,,,,,,,,,,,,,,,,,,,,,,,,,,,,,,,,,,,,,,,,,,,,,,,,,,,,,,,,,,,,,,,,,,,,,,,,,,,,,,17SEP1986,7,1,3,2,2,3,,NRP,,,,2,0,0,2,0,2,YAMAHA,125,YZF-R,Routière / GT,2,2009,37,2,1,7000,7,HONDA,125,"CBR ""REPSOL""",Routière / GT,2,2013,37,4,1,1200,7,,,,,,,,,,,,,,,,,,,,,,,,,,,,,,,,,,8200,4,,,,,,,,,NRP,NRP,NRP,NRP,NRP,NRP,NRP,2005,NRP,,,
78,7297,,1,0,5,,,,,,0,5,,,,,,0,6,,,,,,0,4,,,,,,0,5,,,,,,0,4,,,,,,0,6,,,,,,1,6,2012,,,,,0,6,,,,,,0,5,,,,,,0,6,,,,,,0,2,,,,,,0,3,,,,,,0,3,,,,,,0,,1,,,,,,,,,,,,,,,,,,2,0,3,0,,NRP,,,,,,,,,,,,,,,,,,,,,,,,,,,,,,,,,,,,,,,,,,,,,,,,,,,,,,,,,,,,,,,,,,,,,,,,,,,,,,,,,,,,,,,,,,,,,,,,,,,,,,,,,,,,,,,,,,,,,,,,,,,,,,,,,,,,,,,,,,,,,,,,,,,,,,,,,,,,,,,29DEC1988,11,2,3,2,1,1,,NRP,,,,1,0,0,1,0,1,HONDA,600,"CB-F ""N"" ABS",ROADSTER,2,2005,28,2,2,11000,7,,,,,,,,,,,,,,,,,,,,,,,,,,,,,,,,,,,,,,,,,,,,,11000,1,3,4,,,,,,,2003,NRP,NRP,NRP,2011,NRP,NRP,2007,NRP,,,
1621,7300,,1,0,5,,,,,,0,5,,,,,,0,5,,,,,,0,4,,,,,,0,4,,,,,,0,5,,,,,,0,5,,,,,,1,5,2013,,,,,0,5,,,,,,0,5,,,,,,0,4,,,,,,0,4,,,,,,0,4,,,,,,0,3,,,,,,1,1,2,NSP,,,,,La Verdière,,,,,"le 1er Janvier 2015en rentrant d'une balade , vers 17h30 sur la D30 , j'ai fait un arrêt cardiaque et ma machine a terminée sa course dans un creux de 2,5 mètres et moi à côté . Le choc a fait repartir mon palpitant , mon équipement tout cuir a fait que je n'ai eu qu'une fracture du 5ème métacarpien et une luxation de l'annulaire de la main gauche , et une petite hèmoragie temporale du même côté qui s'est résorbée en 3 ou 4 jours ! Seule séquelle apparente ,parfois , je ressemble a un ""envahisseur "" avec mon petit doigt qui s'écarte des autres doigts de la main ! Mon cardiologue a supprimé le cachet qu'il a jugé responsable de l'arrêt ; et depuis plus de souci , je me balade sans arrière pensée , et profite du reste de ma vie et de mes petites files . J'aurai 67 ans dans moins d'un mois ! V à tous .",,,,,0,0,3,2,20,1,36,8,2013,,,,,,,,,,,,,,,,,,,,,,,,,,,,,,,,,,,,,,,,,,,,,,,,,,,,,,,,,,,,,,,,,,,,,,,,,,,,,,,,,,,,,,,,,,,,,,,,,,,,,,,,,,,,,,,,,,,,,,,,,,,,,,,,,,,,,,,,,,,,,,,,,,,,,,,,,,,,,,07SEP1948,9,1,3,2,1,1,,NRP,,,,1,0,0,1,0,1,YAMAHA,1300,FJR (SANS VALISE),Routière / GT,2,2004,37,1,1,10000,7,,,,,,,,,,,,,,,,,,,,,,,,,,,,,,,,,,,,,,,,,,,,,10000,3,4,,,,,,,,NRP,NRP,NRP,NRP,1996,NRP,NRP,1967,NRP,,,
353,7301,,1,0,2,,,,,,0,6,,,,,,0,5,,,,,,0,5,,,,,,0,6,,,,,,0,6,,,,,,0,4,,,,,,0,5,,,,,,1,3,NSP,,,,,0,6,,,,,,0,5,,,,,,0,2,,,,,,0,5,,,,,,0,4,,,,,,0,,1,,,,,,,,,,,,,,,,,,3,0,11,1,41,9,0,,,,,,,,,,,,,,,,,,,,,,,,,,,,,,,,,,,,,,,,,,,,,,,,,,,,,,,,,,,,,,,,,,,,,,,,,,,,,,,,,,,,,,,,,,,,,,,,,,,,,,,,,,,,,,,,,,,,,,,,,,,,,,,,,,,,,,,,,,,,,,,,,,,,,,,,,,,,,,11MAR1981,5,2,3,2,3,4,1,NRP,,,,3,0,0,1,0,1,SUZUKI,650,GLADIUS,ROADSTER,2,2010,29,2,2,8000,6,,,,,,,,,,,,,,,,,,,,,,,,,,,,,,,,,,,,,,,,,,,,,8000,3,4,,,,,,,,NRP,NRP,NRP,NRP,2004,NRP,NRP,1999,NRP,,,
1716,7302,,0,,,,,,,,,,,,,,,,,,,,,,,,,,,,,,,,,,,,,,,,,,,,,,,,,,,,,,,,,,,,,,,,,,,,,,,,,,,,,,,,,,,,,,,,,,,,,,,,,,,,,,,,,,,,,,,,,,,,,,,,,,,,,,,,,,,,,,,,,,,,,,,,,,,,,,,,,,,,,,,,,,,,,,,,,,,,,,,,,,,,,,,,,,,,,,,,,,,,,,,,,,,,,,,,,,,,,,,,,,,,,,,,,,,,,,,,,,,,,,,,,,,,,,,,,,,,,,,,,,,,,,,,,,,,,,,,,,,,,,,,,,,14DEC1977,7,2,3,2,2,3,,NRP,,,,1,0,0,1,0,1,SUZUKI,650,BANDIT-N,ROADSTER,2,2008,23,3,1,2000,7,,,,,,,,,,,,,,,,,,,,,,,,,,,,,,,,,,,,,,,,,,,,,2000,2,3,4,7,8,,,,,NRP,NRP,1996,1996,2004,2004,NRP,1996,NRP,,,
1375,7303,,0,,,,,,,,,,,,,,,,,,,,,,,,,,,,,,,,,,,,,,,,,,,,,,,,,,,,,,,,,,,,,,,,,,,,,,,,,,,,,,,,,,,,,,,,,,,,,,,,,,,,,,,,,,,,,,,,,,,,,,,,,,,,,,,,,,,,,,,,,,,,,,,,,,,,,,,,,,,,,,,,,,,,,,,,,,,,,,,,,,,,,,,,,,,,,,,,,,,,,,,,,,,,,,,,,,,,,,,,,,,,,,,,,,,,,,,,,,,,,,,,,,,,,,,,,,,,,,,,,,,,,,,,,,,,,,,,,,,,,,,,,,,12APR1973,7,2,3,2,5,4,3,NRP,,,,2,0,0,1,0,1,HONDA,600,"CB-F ""N""",ROADSTER,2,2006,9,1,2,5000,7,,,,,,,,,,,,,,,,,,,,,,,,,,,,,,,,,,,,,,,,,,,,,5000,3,4,,,,,,,,NRP,NRP,NRP,NRP,2013,NRP,NRP,1992,NRP,,,
1529,7305,,1,0,2,,,,,,0,4,,,,,,0,3,,,,,,0,2,,,,,,0,3,,,,,,0,3,,,,,,0,2,,,,,,0,4,,,,,,0,4,,,,,,0,2,,,,,,1,4,2013,,,,,0,2,,,,,,0,3,,,,,,0,2,,,,,,1,1,2,2013,,,,,Strasbourg,,,,,"Autoroute, un véhicule dépasse par la droite sur une voie de sortie et m'accroche quand je m'y engage.",,,,,0,0,0,0,4,0,,NRP,,,,,,,,,,,,,,,,,,,,,,,,,,,,,,,,,,,,,,,,,,,,,,,,,,,,,,,,,,,,,,,,,,,,,,,,,,,,,,,,,,,,,,,,,,,,,,,,,,,,,,,,,,,,,,,,,,,,,,,,,,,,,,,,,,,,,,,,,,,,,,,,,,,,,,,,,,,,,,,24MAY1983,7,2,3,2,2,3,,NRP,,,,2,0,0,1,0,1,HONDA,600,HORNET,ROADSTER,2,2004,4,2,2,5000,7,,,,,,,,,,,,,,,,,,,,,,,,,,,,,,,,,,,,,,,,,,,,,5000,3,4,,,,,,,,NRP,NRP,NRP,NRP,2011,NRP,NRP,2003,NRP,,,
1708,7313,,1,1,4,2012,,,,,0,2,,,,,,0,4,,,,,,0,3,,,,,,1,4,2012,,,,,0,4,,,,,,0,3,,,,,,0,3,,,,,,1,4,2012,,,,,0,4,,,,,,0,4,,,,,,0,3,,,,,,0,3,,,,,,0,5,,,,,,0,,3,,,,,,,,,,,,,,,,,,5,2,5,1,1,1,2012,,,,,,,,,,,,,,,,,,,,,,,,,,,,,,,,,,,,,,,,,,,,,,,,,,,,,,,,,,,,,,,,,,,,,,,,,,,,,,,,,,,,,,,,,,,,,,,,,,,,,,,,,,,,,,,,,,,,,,,,,,,,,,,,,,,,,,,,,,,,,,,,,,,,,,,,,,,,,,08MAR1952,9,2,3,2,2,3,,NRP,,,,2,0,0,1,0,1,SUZUKI,650,GLADIUS,ROADSTER,2,2009,28,1,1,17000,7,,,,,,,,,,,,,,,,,,,,,,,,,,,,,,,,,,,,,,,,,,,,,17000,2,3,4,,,,,,,NRP,NRP,NRP,1968,1970,NRP,NRP,1972,NRP,,,
770,7315,,0,,,,,,,,,,,,,,,,,,,,,,,,,,,,,,,,,,,,,,,,,,,,,,,,,,,,,,,,,,,,,,,,,,,,,,,,,,,,,,,,,,,,,,,,,,,,,,,,,,,,,,,,,,,,,,,,,,,,,,,,,,,,,,,,,,,,,,,,,,,,,,,,,,,,,,,,,,,,,,,,,,,,,,,,,,,,,,,,,,,,,,,,,,,,,,,,,,,,,,,,,,,,,,,,,,,,,,,,,,,,,,,,,,,,,,,,,,,,,,,,,,,,,,,,,,,,,,,,,,,,,,,,,,,,,,,,,,,,,,,,,,,16DEC1954,5,2,3,2,2,3,,NRP,,,,2,2,0,10,0,6,LAVERDA,750,750SF2,ROADSTER,2,1973,40,2,1,4000,7,LAVERDA,750,750SFC,ROADSTER,2,1976,40,4,1,500,7,LAVERDA,600,TT2,SPORTIVE,2,1980,41,4,1,500,7,SUZUKI,125,GN125D,CUSTOM,2,2000,31,3,1,500,7,LAVERDA,100,TURISMO,ROADSTER,2,1954,41,4,1,100,7,5600,3,4,,,,,,,,NRP,NRP,NRP,NRP,1975,NRP,NRP,1983,NRP,,,
1524,7316,,1,1,2,1981,,,,,0,2,,,,,,1,3,1980,,,,,0,3,,,,,,1,3,2009,,,,,0,2,,,,,,0,2,,,,,,0,3,,,,,,3,4,1985,1989,2014,,,0,1,,,,,,0,2,,,,,,0,2,,,,,,1,2,1979,,,,,0,3,,,,,,1,3,10,1979,1983,1985,,,St Chamond,Castellane,St Girons,,,En faisant la course avec un autre motard ce dernier se déporta sur la gauche au moment où je le doublais dans une courbe à gauche...,"Au point mort moteur arrêté dans une descente en admirant le paysage grandiose des gorges du verdon, j'ai ralenti sur des gravillons à l'extrème droite de la route (courbe à droite) et ma roue avant a amorcée une chute dans le ravin...","Dans une courbe à gauche, une voiture venant en face s'est déportée sur sa gauche m'obligeant à dévier de ma trajectoire et partir en glissade...",,,0,0,1,1,35,1,1,1,1981,,,,,,,,,,,,,,,,,,,,,,,,,,,,,,,,,,,,,,,,,,,,,,,,,,,,,,,,,,,,,,,,,,,,,,,,,,,,,,,,,,,,,,,,,,,,,,,,,,,,,,,,,,,,,,,,,,,,,,,,,,,,,,,,,,,,,,,,,,,,,,,,,,,,,,,,,,,,,,05NOV1961,5,2,3,2,4,4,2,NRP,,,,3,0,0,3,0,3,KAWASAKI,750,H2,Routière / GT,2,1972,10,2,2,1500,7,TRIUMPH,955,TIGER,TRAIL / SUPERMOTARD,2,2006,10,2,2,10000,7,SUZUKI,650,DR 650 RSE,TRAIL / SUPERMOTARD,2,2000,10,1,2,10000,7,,,,,,,,,,,,,,,,,,,,,,,21500,2,3,4,,,,,,,NRP,NRP,NRP,1978,1979,NRP,NRP,1980,NRP,,,
1609,7319,,0,,,,,,,,,,,,,,,,,,,,,,,,,,,,,,,,,,,,,,,,,,,,,,,,,,,,,,,,,,,,,,,,,,,,,,,,,,,,,,,,,,,,,,,,,,,,,,,,,,,,,,,,,,,,,,,,,,,,,,,,,,,,,,,,,,,,,,,,,,,,,,,,,,,,,,,,,,,,,,,,,,,,,,,,,,,,,,,,,,,,,,,,,,,,,,,,,,,,,,,,,,,,,,,,,,,,,,,,,,,,,,,,,,,,,,,,,,,,,,,,,,,,,,,,,,,,,,,,,,,,,,,,,,,,,,,,,,,,,,,,,,,30DEC1975,7,2,3,2,3,4,1,NRP,,,,2,0,0,1,0,1,HONDA,800,VFR-F,Routière / GT,2,2001,4,1,2,4000,7,,,,,,,,,,,,,,,,,,,,,,,,,,,,,,,,,,,,,,,,,,,,,4000,3,4,,,,,,,,NRP,NRP,NRP,NRP,2011,NRP,NRP,1993,NRP,,,
311,7320,40,1,0,6,,,,,,0,3,,,,,,0,4,,,,,,0,2,,,,,,0,4,,,,,,1,5,2014,,,,,0,3,,,,,,1,2,2000,,,,,0,5,,,,,,1,2,2014,,,,,2,5,2009,2009,,,,0,3,,,,,,0,4,,,,,,0,4,,,,,,0,,5,,,,,,,,,,,,,,,,,,3,0,8,1,46,10,2014,,2014,"Vous circuliez sur un axe constitué dau moins "" 2 X 2 voies "" (en urbain, périphérique, autoroute, RN ). Un véhicule vous a coupé la route en changeant de voie pour se placer sur celle de droite.",5,,,,,,,"Situation d'interfile, vitesse réduite.  Le trafic se dégage, toujours en voie centrale, prise de vitesse.  Arrivée au niveau d'une voiture seule sur la bande de gauche, le chauffeur change subitement de voie sans clignotant, me voit, a un temps d'arrêt pendant lequel je décide de me rabattre à droite, puis se rabat à droite subitement.  Je bloque la roue avant sur le sol mouillé, je glisse sur une cinquantaine de mètre. Le trafic me suivant peut s'arrêter, sauf un camion sur la bande de gauche, qui passe à 5cm de ma tête...","Le changement subit, en 2 temps, de file du conducteur Le sol mouillé","J'ai freiner en 2 temps, le deuxième bloquant la roue avant. Je sens la moto se dérobé, et (je ne sais toujours pas comment j'ai acquis ce réflexe) je lève instantanément les jambes et place les avant bras le long du torse (coude dans le ventre, poing sous le casque).  Le conducteur a fui.  J'ai été assisté par les automobiliste et les motards me suivant.",NRP,0,,,"Le confusion du comportement de l'automobiliste, le sol mouillé et gras.",2,0,,,,,,2,4,6,,,,,,2,,3,,1,,Je n'avais d'autre choix que de coucher la moto,3,3,,,2,1,3,3,1,1,2,2,4,4,3,3,4,5,,,,,,,,,1,1,3,,,,,,,2,2,,2,1,1,2,5,80,0,5,10,2,,,,,,3,2,6,,,2,1,7,,,,,,,1,0,1,4,1,2,0,75,1,10,2,3,4,,,,,,4,4,4,3,4,4,DUCATI,750,MONSTER DARK,ROADSTER,2,1,1,1,1,1,1,1,1,1,1,73000,12,4,0,,,,,,,,17APR1984,5,1,3,2,1,1,,NRP,,,,1,0,0,2,0,2,DUCATI,750,MONSTER DARK,ROADSTER,2,2000,37,2,2,10000,7,HONDA,125,CB-TWIN (+ 15CV),ROADSTER,2,1980,41,4,1,0,7,,,,,,,,,,,,,,,,,,,,,,,,,,,,,,,,,,10000,2,3,4,7,,,,,,NRP,NRP,2002,2002,2007,NRP,NRP,2002,NRP,,,
19,7323,,0,,,,,,,,,,,,,,,,,,,,,,,,,,,,,,,,,,,,,,,,,,,,,,,,,,,,,,,,,,,,,,,,,,,,,,,,,,,,,,,,,,,,,,,,,,,,,,,,,,,,,,,,,,,,,,,,,,,,,,,,,,,,,,,,,,,,,,,,,,,,,,,,,,,,,,,,,,,,,,,,,,,,,,,,,,,,,,,,,,,,,,,,,,,,,,,,,,,,,,,,,,,,,,,,,,,,,,,,,,,,,,,,,,,,,,,,,,,,,,,,,,,,,,,,,,,,,,,,,,,,,,,,,,,,,,,,,,,,,,,,,,,31MAY1959,6,2,3,2,1,1,,NRP,,,,1,1,0,1,0,1,BMW,1200,R1200GS,TRAIL / SUPERMOTARD,2,2004,29,3,1,10000,7,,,,,,,,,,,,,,,,,,,,,,,,,,,,,,,,,,,,,,,,,,,,,10000,3,4,,,,,,,,NRP,NRP,NRP,NRP,1977,NRP,NRP,1977,NRP,,,
1130,7330,,0,,,,,,,,,,,,,,,,,,,,,,,,,,,,,,,,,,,,,,,,,,,,,,,,,,,,,,,,,,,,,,,,,,,,,,,,,,,,,,,,,,,,,,,,,,,,,,,,,,,,,,,,,,,,,,,,,,,,,,,,,,,,,,,,,,,,,,,,,,,,,,,,,,,,,,,,,,,,,,,,,,,,,,,,,,,,,,,,,,,,,,,,,,,,,,,,,,,,,,,,,,,,,,,,,,,,,,,,,,,,,,,,,,,,,,,,,,,,,,,,,,,,,,,,,,,,,,,,,,,,,,,,,,,,,,,,,,,,,,,,,,,25AUG1982,5,1,3,2,2,3,,NRP,,,,2,0,0,2,0,2,HONDA,1000,CBR1000F,Routière / GT,2,1989,37,3,1,2000,7,SUZUKI,600,GSR,ROADSTER,2,2007,37,3,1,1500,7,,,,,,,,,,,,,,,,,,,,,,,,,,,,,,,,,,3500,3,4,,,,,,,,NRP,NRP,NRP,NRP,2009,NRP,NRP,2000,NRP,,,