Ligne,Ligne Q qualif,Ligne approfondissement Accident,ACCIDENT,NBACC1,ACCFREQUENCE1,ANNEEACC1_1,ANNEEACC1_2,ANNEEACC1_3,ANNEEACC1_4,ANNEEACC1_5,NBACC2,ACCFREQUENCE2,ANNEEACC2_1,ANNEEACC2_2,ANNEEACC2_3,ANNEEACC2_4,ANNEEACC2_5,NBACC3,ACCFREQUENCE3,ANNEEACC3_1,ANNEEACC3_2,ANNEEACC3_3,ANNEEACC3_4,ANNEEACC3_5,NBACC4,ACCFREQUENCE4,ANNEEACC4_1,ANNEEACC4_2,ANNEEACC4_3,ANNEEACC4_4,ANNEEACC4_5,NBACC5,ACCFREQUENCE5,ANNEEACC5_1,ANNEEACC5_2,ANNEEACC5_3,ANNEEACC5_4,ANNEEACC5_5,NBACC6,ACCFREQUENCE6,ANNEEACC6_1,ANNEEACC6_2,ANNEEACC6_3,ANNEEACC6_4,ANNEEACC6_5,NBACC7,ACCFREQUENCE7,ANNEEACC7_1,ANNEEACC7_2,ANNEEACC7_3,ANNEEACC7_4,ANNEEACC7_5,NBACC8,ACCFREQUENCE8,ANNEEACC8_1,ANNEEACC8_2,ANNEEACC8_3,ANNEEACC8_4,ANNEEACC8_5,NBACC9,ACCFREQUENCE9,ANNEEACC9_1,ANNEEACC9_2,ANNEEACC9_3,ANNEEACC9_4,ANNEEACC9_5,NBACC10,ACCFREQUENCE10,ANNEEACC10_1,ANNEEACC10_2,ANNEEACC10_3,ANNEEACC10_4,ANNEEACC10_5,NBACC11,ACCFREQUENCE11,ANNEEACC11_1,ANNEEACC11_2,ANNEEACC11_3,ANNEEACC11_4,ANNEEACC11_5,NBACC12,ACCFREQUENCE12,ANNEEACC12_1,ANNEEACC12_2,ANNEEACC12_3,ANNEEACC12_4,ANNEEACC12_5,NBACC13,ACCFREQUENCE13,ANNEEACC13_1,ANNEEACC13_2,ANNEEACC13_3,ANNEEACC13_4,ANNEEACC13_5,NBACC14,ACCFREQUENCE14,ANNEEACC14_1,ANNEEACC14_2,ANNEEACC14_3,ANNEEACC14_4,ANNEEACC14_5,AUTRESACC,NBAUTRESACC,TOTAL_AC,ANNEEAUTREACC1,ANNEEAUTREACC2,ANNEEAUTREACC3,ANNEEAUTREACC4,ANNEEAUTREACC5,LIEUAUTREACC1,LIEUAUTREACC2,LIEUAUTREACC3,LIEUAUTREACC4,LIEUAUTREACC5,DESCRIPTIONAUTRESACC1,DESCRIPTIONAUTRESACC2,DESCRIPTIONAUTRESACC3,DESCRIPTIONAUTRESACC4,DESCRIPTIONAUTRESACC5,NBAUTRESACCCIRCUIT,NBAUTRESTOUTTERRAIN,EXPCYCLO,EXP125,EXPSUP125,ACCORDNEXTQ,CHOIXACC,RGPMTACC,RECUPANNEE,RECUPLIEU,RECUPANNE,RGPMTAC,CHOIX1,CHOIX2,CHOIX3,CHOIX4,CHOIX5,CHOIX6,CHOIX7,DESCRIPTION,RUPTURE,FAITS,ABS_REACTION,AUTRE_REACTION,PRECISIONREACTIONOUI,RECUL,PRECISIONREACTIONNON,IMPACTCOMPORTEMENT,AUTREUSAGER,REACTIONAUTREUSAGER,CONNAISSANCEREACTIONUSAGER,DIFFICULTES,AGGRAVATION,DIFFICULTES2,EMOTIONS1,EMOTIONS2,EMOTIONS3,EMOTIONS4,EMOTIONS5,EMOTIONS6,AUTRESENTIMENT,CLASSEMENTEMOTIONS1,CLASSEMENTEMOTIONS,CLASSEMENTEMOTIONS5,CLASSEMENTEMOTIONS6,CLASSEMENTEMOTIONS7,CLASSEMENTEMOTIONS8,CLASSEMENTEMOTIONS9,EXPLICATIONRESSENTI,BIENEQUIPE,ALLURE,ALLUREVITEDETAIL,ALLURELENTEDETAIL,SITUATIONPRESSE,SITUATIONDISTRAIT,SITUATIONCONFIANT,SITUATIONCONTROLE,SITUATIONLUDIQUE,SITUATIONPERF,SITUATIONSTRESS,SITUATIONFATIGUE,HUMEURNEUTRE,HUMEURGAI,HUMEURMECONTENT,HUMEURTRISTE,HUMEURCOLERE,CONTRIBUTION1,CONTRIBUTION2,CONTRIBUTION3,CONTRIBUTION4,CONTRIBUTION5,CONTRIBUTION6,CONTRIBUTION7,CONTRIBUTION8,CONTRIBUTION9,ROLEINFRA,ELEMENTINFRA1,ELEMENTINFRA2,ELEMENTINFRA3,ELEMENTINFRA4,ELEMENTINFRA5,ELEMENTINFRA6,ELEMENTINFRA7,ELEMENTINFRA8,ELEMENTINFRA9,ALCOOL,TXALCOOL,STUP,SEMAINE,MOMENTJOURNEE,TEMPS,CAUSEACC1,CAUSEACC2,CAUSEACC3,CAUSEACC4,CAUSEACC5,FORMATIONCAUSE,FORMATION1,FORMATION2,FORMATION3,FORMATION4,FORMATION5,TRAFIC,CHAUSSEE1,CHAUSSEE2,CHAUSSEE3,CHAUSSEE4,TYPEACC,BLESSURE,TETE,COU,THORAX,MEMBRESSUP,COLONNE,BASSIN,MEMBRESINF,HOPITAL,PLUS24H,TRAJET,TYPEROUTE,MOTIF,SENSTRAJET,PASSAGER,VITESSE,DESCEQ1,DESCEQ2,DESCEQ3,DESCEQ4,DESCEQ5,DESCEQ6,DESCEQ7,DESCEQ8,DESCEQ9,DESCEQ10,VEHICULEETE,VEHICULEAUTOMNE,VEHICULEPRINTEMPS,VEHICULEHIVER,VEHICULESEMAINE,VEHICULEWE,VEHMARQUE,VEHCYLINDREE,VEHMODELE,VEHSEGMENT,VEHSIDE,EQ2RMABS,EQ2RMCBS,EQ2RMABSCBS,EQ2RMREGULATEUR,EQ2RMLIMITEUR,EQ2RMPHARESDIRECT,EQ2RMCOUPURE,EQ2RMANTIPATINAGE,EQ2RMANTIXHEELING,EQ2RMSTABILILTE,VEHKM,POINTS,DUREE,AUTRE2RM,VEHPRECMARQUE,VEHPRECCYLINDREE,VEHPRECMODELE,VEHPRECSEGMENT,VEHPRECSIDE,TEMPS2RMPREC,FREQVEHPREC,DATE_NAISS,CSP,SOCIETAIRE,SALARIE,SECTEUR2RM,NBPERSFOYER,SITFAM,NBENF,TRNBENF1,TRNBENF2,TRNBENF3,TRNBENF4,NBAUTOFOYER,NBCYCLOFOYER,NBSCOOTFOYER,NBMOTOFOYER,NBTRIKEFOYER,NB2RMCONDUIT,MARQUE1,CYLINDREE1,MODELE1,SEGMENT1,SIDE1,ANMISECIRCU1,ASS1,FREQ1,USAGE1,NBKM1,GARAGE1,MARQUE2,CYLINDREE2,MODELE2,SEGMENT2,SIDE2,ANMISECIRCU2,ASS2,FREQ2,USAGE2,NBKM2,GARAGE2,MARQUE3,CYLINDREE3,MODELE3,SEGMENT3,SIDE3,ANMISECIRCU3,ASS3,FREQ3,USAGE3,NBKM3,GARAGE3,MARQUE4,CYLINDREE4,MODELE4,SEGMENT4,SIDE4,ANMISECIRCU4,ASS4,FREQ4,USAGE4,NBKM4,GARAGE4,MARQUE5,CYLINDREE5,MODELE5,SEGMENT5,SIDE5,ANMISECIRCU5,ASS5,FREQ5,USAGE5,NBKM5,GARAGE5,NBKMTOT,PERMIS1,PERMIS2,PERMIS3,PERMIS4,PERMIS5,PERMIS6,PERMIS7,PERMIS8,PERMIS9,ANPERMIS1,ANPERMIS6,ANPERMIS7,ANPERMIS2,ANPERMIS3,ANPERMIS8,ANPERMIS9,ANPERMIS4,ANPERMIS5,,,
1810,7334,,0,,,,,,,,,,,,,,,,,,,,,,,,,,,,,,,,,,,,,,,,,,,,,,,,,,,,,,,,,,,,,,,,,,,,,,,,,,,,,,,,,,,,,,,,,,,,,,,,,,,,,,,,,,,,,,,,,,,,,,,,,,,,,,,,,,,,,,,,,,,,,,,,,,,,,,,,,,,,,,,,,,,,,,,,,,,,,,,,,,,,,,,,,,,,,,,,,,,,,,,,,,,,,,,,,,,,,,,,,,,,,,,,,,,,,,,,,,,,,,,,,,,,,,,,,,,,,,,,,,,,,,,,,,,,,,,,,,,,,,,,,,,08AUG1985,7,2,3,2,2,3,,NRP,,,,2,1,0,1,0,1,HONDA,500,CB,ROADSTER,2,2000,25,1,1,10000,7,,,,,,,,,,,,,,,,,,,,,,,,,,,,,,,,,,,,,,,,,,,,,10000,3,4,,,,,,,,NRP,NRP,NRP,NRP,2007,NRP,NRP,2003,NRP,,,
985,7336,,0,,,,,,,,,,,,,,,,,,,,,,,,,,,,,,,,,,,,,,,,,,,,,,,,,,,,,,,,,,,,,,,,,,,,,,,,,,,,,,,,,,,,,,,,,,,,,,,,,,,,,,,,,,,,,,,,,,,,,,,,,,,,,,,,,,,,,,,,,,,,,,,,,,,,,,,,,,,,,,,,,,,,,,,,,,,,,,,,,,,,,,,,,,,,,,,,,,,,,,,,,,,,,,,,,,,,,,,,,,,,,,,,,,,,,,,,,,,,,,,,,,,,,,,,,,,,,,,,,,,,,,,,,,,,,,,,,,,,,,,,,,,28JUL1948,9,2,3,2,3,4,1,NRP,,,,1,0,0,1,0,1,BMW,1200,R1200GS ABS  PACK SECURITE,TRAIL / SUPERMOTARD,2,2008,31,2,1,8000,7,,,,,,,,,,,,,,,,,,,,,,,,,,,,,,,,,,,,,,,,,,,,,8000,3,4,,,,,,,,NRP,NRP,NRP,NRP,1990,NRP,NRP,1967,NRP,,,
1769,7339,,1,0,5,,,,,,0,4,,,,,,0,4,,,,,,1,6,1982,,,,,0,4,,,,,,0,5,,,,,,0,4,,,,,,0,4,,,,,,2,5,NSP,NSP,,,,1,6,1982,,,,,0,4,,,,,,0,4,,,,,,0,3,,,,,,0,5,,,,,,0,,4,,,,,,,,,,,,,,,,,,3,0,35,1,16,4,1982,,,,,,,,,,,,,,,,,,,,,,,,,,,,,,,,,,,,,,,,,,,,,,,,,,,,,,,,,,,,,,,,,,,,,,,,,,,,,,,,,,,,,,,,,,,,,,,,,,,,,,,,,,,,,,,,,,,,,,,,,,,,,,,,,,,,,,,,,,,,,,,,,,,,,,,,,,,,,,27NOV1959,8,2,3,2,4,4,2,NRP,,,,1,0,0,1,0,1,KTM,990,SM-T ABS,TRAIL / SUPERMOTARD,2,2012,29,1,2,50000,7,,,,,,,,,,,,,,,,,,,,,,,,,,,,,,,,,,,,,,,,,,,,,50000,3,4,,,,,,,,NRP,NRP,NRP,NRP,1978,NRP,NRP,1985,NRP,,,
1001,7343,465,1,2,5,1986,2012,,,,0,3,,,,,,0,3,,,,,,0,2,,,,,,0,4,,,,,,0,2,,,,,,0,2,,,,,,0,3,,,,,,1,4,2010,,,,,0,3,,,,,,0,4,,,,,,0,3,,,,,,0,3,,,,,,0,5,,,,,,1,1,4,2011,,,,,Basse Goulaine,,,,,"Une automobile s'est engagée dans un rétrécissement de chaussée alors que je m'y trouvais déjà et m'a percuté. N'ayant pas respecté la signalisation lui indiquant sa perte de priorité, elle a été déclarée entièrement responsable de l'accident.",,,,,0,0,1,1,5,1,2,1,2012,,2012,Vous circuliez sur un axe prioritaire. Un autre véhicule arrivant sur le même axe en sens opposé vous a coupé la route en tournant à gauche.,3,,,,,,,Le conducteur venant en sens inverse affirme ne pas m'avoir vu avant de traverser ma voie pour tourner a gauche. L'accident s'est produit sur une route dégagée mais en léger virage.,Un véhicule sur ma voie et un autre sur la voie opposée.,"Manoeuvre d'évitement sur la gauche + freinage d'urgence, en virage, avec des gravillons suite à des travaux sur la chaussée. Dérapage de la roue avant. L'autre véhicule a fini de tourner à gauche. Chute de la moto.",NRP,1,"Plus de frein sur l'arrière, moins su l'avant. La moto aurait glissé de l'arrière, dégageant l'avant pour terminer la manoeuvre d'évitement par la gauche (cf. virage à gauche).","surprise de me retrouver sur ma voie, nez à nez avec un autre véhicule venant en sens inverse.",,2,1,NSP,,Réagir pour m'éviter.,2,NSP,2,3,6,,,,,,1,2,,,3,,"Retrouver un autre véhicule en contre-sens sur sa voie, en plus de ceux continuant à rouler sur la voie opposée.",3,1,1,,1,2,3,3,3,1,2,2,2,3,4,4,4,1,4,,,,,,,,1,2,3,6,,,,,,2,2,,2,2,1,1,10,60,0,30,0,2,,,,,,2,1,4,,,2,1,4,,,,,,,1,0,1,1,1,2,0,30,1,10,2,3,4,7,,,,,4,4,4,4,4,4,SUZUKI,650,BANDIT-S,ROADSTER,2,1,1,1,1,1,1,1,1,1,1,9000,11,1,1,KAWASAKI,500,ER-5,ROADSTER,2,3,4,04JUL1968,7,2,3,2,1,1,,NRP,,,,2,0,0,1,0,1,SUZUKI,650,BANDIT-S IE,ROADSTER,2,2011,28,2,2,18000,7,,,,,,,,,,,,,,,,,,,,,,,,,,,,,,,,,,,,,,,,,,,,,18000,2,3,4,7,,,,,,NRP,NRP,1986,1985,2010,NRP,NRP,1986,NRP,,,
1944,7346,,1,0,5,,,,,,0,3,,,,,,0,3,,,,,,1,5,2014,,,,,1,5,2000,,,,,0,3,,,,,,0,3,,,,,,0,6,,,,,,1,4,2014,,,,,0,3,,,,,,0,4,,,,,,0,2,,,,,,0,4,,,,,,0,2,,,,,,1,1,4,2014,,,,,mont de marsan,,,,,Le véhicule devant moi a freiné devant moi brusquement pour tourner sur sa droite sans clignotant.,,,,,0,0,0,3,20,1,16,4,2014,,,,,,,,,,,,,,,,,,,,,,,,,,,,,,,,,,,,,,,,,,,,,,,,,,,,,,,,,,,,,,,,,,,,,,,,,,,,,,,,,,,,,,,,,,,,,,,,,,,,,,,,,,,,,,,,,,,,,,,,,,,,,,,,,,,,,,,,,,,,,,,,,,,,,,,,,,,,,,14AUG1975,7,2,3,2,3,4,1,NRP,,,,1,0,0,3,0,2,SUZUKI,600,GSR,ROADSTER,2,2008,20,2,1,15000,7,HONDA,750,VFR-F,Routière / GT,2,1995,20,3,1,500,7,,,,,,,,,,,,,,,,,,,,,,,,,,,,,,,,,,15500,3,4,,,,,,,,NRP,NRP,NRP,NRP,2012,NRP,NRP,1993,NRP,,,
119,7355,99,1,0,4,,,,,,1,4,2008,,,,,0,4,,,,,,0,3,,,,,,0,5,,,,,,0,3,,,,,,0,4,,,,,,0,5,,,,,,0,3,,,,,,0,4,,,,,,0,5,,,,,,0,3,,,,,,0,2,,,,,,0,4,,,,,,0,,1,,,,,,,,,,,,,,,,,,5,1,22,1,6,2,2008,,2008,Vous circuliez derrière un véhicule. Ce véhicule a ralenti. Vous avez entrepris de dépasser ce véhicule par la gauche et celui-ci vous a coupé la route en tournant à gauche (ou en effectuant un œ tour,1,,,,,,,"Deux feux rouges espacés de quelques mètres. Au premier, un bus de la RATP, sur la voie du milieu. Au second, moi, en moto, sur la file de gauche. Lorsque le feu est passé au vert, le bus a démarré dans sa voie (milieu) et quelques secondes plus tard, j'ai démarré à mon tour. Au milieu du pont de Sèvres, je m'apprêtais à dépasser le bus sur la voie de gauche, puisqu'il circulait au milieu et qu'il avait mis son clignotant à droite. Quand je suis arrivé à sa hauteur, il s'est déporté sur la gauche pour mieux négocier son virage à droite. Pour l'éviter, j'ai freiné à fond de l'arrière, la moto s'est couchée sur le côté et j'ai glissé sur une quinzaine de mètres avant d'être arrêté par la séparation en béton au milieu du pont. Le chauffeur a déclaré n'avoir rien vu (c'est possible, angle mort), mais a nié avoir mis son clignotant à droite avant de se déporter à gauche. Personne n'a pu ou voulu témoigner, et j'ai eu tous les torts. Quelques côtés brisées, la moto HS : depuis, je me méfie des poids lourds tous modèles et types confondus comme de la peste.",- manque d'anticipation de ma part - manque d'attention de la part du chauffeur,"Chronologiquement :  - le chauffeur met son clignotant à droite - le chauffeur se déporte à gauche, juste devant moi - première réaction : ""oh merde !"" - deuxième réaction : freinage arrière pour partir en glissade afin d'éviter un choc avec le bus - aucune réaction du chauffeur de bus",NRP,0,,,Le bus s'est déporté quand je suis arrivé presque à son niveau. Seule une anticipation aurait pu éviter l'accident,2,1,2,,- Il ne m'a peut-être pas vu dans son rétroviseur (s'il a regardé),NSP,"Son attitude a contribué à provoquer l'accident, mais pas à l'aggraver",6,,,,,,,,,,,,1,,"Après ma toute première réaction (oh merde) j'ai compris que je ne pouvais rien faire pour éviter l'accident, mais juste éviter le bus.",4,1,1,,1,1,4,4,3,1,1,1,4,3,4,4,4,5,,,,,,,,,2,,,,,,,,,2,2,,2,2,1,1,10,90,0,0,0,2,,,,,,3,1,,,,2,1,3,,,,,,,1,0,2,1,3,,0,70,1,10,2,3,4,7,,,,,4,3,4,2,3,NRP,YAMAHA,1300,XJR,ROADSTER,2,1,1,1,1,1,1,1,1,1,1,40000,12,2,1,KAWASAKI,1000,RX,Routière / GT,2,4,4,24AUG1956,5,1,3,2,2,3,,NRP,,,,1,0,0,2,0,2,YAMAHA,1300,FJR ABS,Routière / GT,2,2012,8,3,1,5000,7,KAWASAKI,750,ZR-7,ROADSTER,2,2003,37,3,1,2000,4,,,,,,,,,,,,,,,,,,,,,,,,,,,,,,,,,,7000,3,4,,,,,,,,NRP,NRP,NRP,NRP,1992,NRP,NRP,1975,NRP,,,
113,7360,345,1,0,5,,,,,,0,4,,,,,,0,6,,,,,,0,4,,,,,,0,6,,,,,,0,5,,,,,,0,4,,,,,,0,5,,,,,,1,5,2012,,,,,0,6,,,,,,0,4,,,,,,0,2,,,,,,1,5,2009,,,,,0,5,,,,,,1,3,5,2009,2009,2011,,,Bois d'Arcy,Paris,Chatillon,,,Chute de la moto à l'arrêt,Chute de la moto à l'arrêt,Chute de la moto à l'arrêt,,,0,0,0,0,6,1,41,9,2012,,2012,"Vous avez fait une sortie de route, une perte de contrôle ou une glissade sans rien percuter.",3,4,5,6,,,,"Autoroute A13, sens Province > Paris,  avant le triangle de Rocquencourt, juste avant le second radar à 110. 7h du matin, mois de novembre, trajet boulot.  Je perds roule à allure normale, ça ralenti devant, je prends le frein avant pour freiner doucement, je perds l'avant instantanément.  Chute sur l'autoroute, glissade pour moi et la moto, je m'arrête juste avant de percuter la voiture devant.  Bilan: quelques griffures, un enorme hématome à la hanche et une foulure du genoux droit. Surtout une incompéhension de ce qui s'est passé (route trop froide ? humide ? sale ?)  La moto n'a eu que très peu de dégat aussi (guidon tordu, levier et pédale de frein cassé, embout de guidon et retro droit cassés).",aucune idée justement (vitesse et comportement adapté),J'ai voulu ralentir en freinant de l'avant.,NRP,0,,,je ne connais pas la raison de ma perte de l'avant,2,0,,,,,,2,3,6,,,,,,1,2,,,3,,je ne sais pas ce qui s'est passé pour cette perte de controle,3,3,,,1,1,3,3,1,1,2,2,2,4,4,4,4,7,,,,,,,,,1,3,5,,,,,,,2,2,,2,1,2,1,20,0,0,80,0,2,,,,,,3,2,6,,,2,1,6,7,,,,,,1,0,1,3,1,1,0,90,1,2,3,4,7,,,,,,4,4,4,4,4,4,SUZUKI,600,GSR,ROADSTER,2,1,1,1,1,1,1,1,1,1,1,26000,12,4,1,KAWASAKI,650,ER-6N,ROADSTER,2,2,4,18MAY1987,5,2,3,2,2,3,,NRP,,,,1,0,0,1,0,1,SUZUKI,600,GSR,ROADSTER,2,2010,10,2,1,10000,7,,,,,,,,,,,,,,,,,,,,,,,,,,,,,,,,,,,,,,,,,,,,,10000,1,3,4,,,,,,,2003,NRP,NRP,NRP,2009,NRP,NRP,2008,NRP,,,
1124,7361,,1,0,5,,,,,,0,5,,,,,,1,5,2007,,,,,0,2,,,,,,0,4,,,,,,0,4,,,,,,0,3,,,,,,0,4,,,,,,1,4,2003,,,,,0,5,,,,,,0,4,,,,,,0,2,,,,,,0,2,,,,,,0,2,,,,,,0,,2,,,,,,,,,,,,,,,,,,0,0,12,1,11,3,2007,,,,,,,,,,,,,,,,,,,,,,,,,,,,,,,,,,,,,,,,,,,,,,,,,,,,,,,,,,,,,,,,,,,,,,,,,,,,,,,,,,,,,,,,,,,,,,,,,,,,,,,,,,,,,,,,,,,,,,,,,,,,,,,,,,,,,,,,,,,,,,,,,,,,,,,,,,,,,,13OCT1976,6,2,3,2,3,4,1,NRP,,,,2,0,0,1,0,1,SUZUKI,650,SV-N,ROADSTER,2,2001,29,3,1,30000,7,,,,,,,,,,,,,,,,,,,,,,,,,,,,,,,,,,,,,,,,,,,,,30000,3,4,,,,,,,,NRP,NRP,NRP,NRP,2000,NRP,NRP,1997,NRP,,,
1421,7367,,1,0,4,,,,,,0,3,,,,,,0,4,,,,,,0,4,,,,,,0,3,,,,,,0,4,,,,,,0,2,,,,,,0,4,,,,,,0,4,,,,,,0,5,,,,,,1,5,2013,,,,,0,2,,,,,,1,5,2011,,,,,0,6,,,,,,0,,2,,,,,,,,,,,,,,,,,,0,1,6,1,51,11,2013,,,,,,,,,,,,,,,,,,,,,,,,,,,,,,,,,,,,,,,,,,,,,,,,,,,,,,,,,,,,,,,,,,,,,,,,,,,,,,,,,,,,,,,,,,,,,,,,,,,,,,,,,,,,,,,,,,,,,,,,,,,,,,,,,,,,,,,,,,,,,,,,,,,,,,,,,,,,,,27APR1984,5,1,3,2,1,1,,NRP,,,,1,0,0,1,0,1,YAMAHA,800,FZ8 ABS,ROADSTER,2,2010,37,1,2,10000,6,,,,,,,,,,,,,,,,,,,,,,,,,,,,,,,,,,,,,,,,,,,,,10000,2,3,4,7,,,,,,NRP,NRP,2003,2003,2009,NRP,NRP,2003,NRP,,,
2100,7369,,1,0,4,,,,,,0,4,,,,,,0,5,,,,,,0,3,,,,,,0,3,,,,,,0,4,,,,,,0,3,,,,,,0,3,,,,,,0,3,,,,,,0,6,,,,,,1,6,2009,,,,,0,1,,,,,,0,2,,,,,,0,4,,,,,,0,,1,,,,,,,,,,,,,,,,,,2,1,6,1,51,11,2009,,,,,,,,,,,,,,,,,,,,,,,,,,,,,,,,,,,,,,,,,,,,,,,,,,,,,,,,,,,,,,,,,,,,,,,,,,,,,,,,,,,,,,,,,,,,,,,,,,,,,,,,,,,,,,,,,,,,,,,,,,,,,,,,,,,,,,,,,,,,,,,,,,,,,,,,,,,,,,24AUG1973,5,2,3,2,5,4,3,NRP,,,,1,0,0,1,0,1,YAMAHA,600,XJ6 DIVERSION ABS,ROADSTER,2,2009,31,1,2,12000,7,,,,,,,,,,,,,,,,,,,,,,,,,,,,,,,,,,,,,,,,,,,,,12000,3,4,,,,,,,,NRP,NRP,NRP,NRP,2011,NRP,NRP,1992,NRP,,,
1235,7370,,1,0,4,,,,,,0,4,,,,,,0,5,,,,,,1,5,2006,,,,,0,5,,,,,,0,4,,,,,,0,4,,,,,,1,5,2013,,,,,1,6,2013,,,,,1,6,2006,,,,,0,6,,,,,,0,5,,,,,,0,4,,,,,,0,3,,,,,,1,0,4,,,,,,,,,,,,,,,,0,0,0,0,9,1,46,10,2006,,,,,,,,,,,,,,,,,,,,,,,,,,,,,,,,,,,,,,,,,,,,,,,,,,,,,,,,,,,,,,,,,,,,,,,,,,,,,,,,,,,,,,,,,,,,,,,,,,,,,,,,,,,,,,,,,,,,,,,,,,,,,,,,,,,,,,,,,,,,,,,,,,,,,,,,,,,,,,03JAN1982,8,2,3,2,3,4,1,NRP,,,,2,0,0,1,0,1,SUZUKI,600,BANDIT-S,ROADSTER,2,2002,28,1,2,15000,6,,,,,,,,,,,,,,,,,,,,,,,,,,,,,,,,,,,,,,,,,,,,,15000,2,3,4,7,,,,,,NRP,NRP,2000,2000,2004,NRP,NRP,2000,NRP,,,
1368,7371,,1,0,5,,,,,,1,4,NSP,,,,,0,4,,,,,,0,3,,,,,,0,4,,,,,,0,4,,,,,,0,4,,,,,,1,6,1993,,,,,0,6,,,,,,1,3,NSP,,,,,0,5,,,,,,0,2,,,,,,0,2,,,,,,0,4,,,,,,1,1,4,1991,,,,,Caen,,,,,Un camion pile après avoir raté une entrée de chantier. Je freine fort derrière. Pas de contact. Il recule et broie ma moto.,,,,,0,0,4,0,24,1,6,2,0,,,,,,,,,,,,,,,,,,,,,,,,,,,,,,,,,,,,,,,,,,,,,,,,,,,,,,,,,,,,,,,,,,,,,,,,,,,,,,,,,,,,,,,,,,,,,,,,,,,,,,,,,,,,,,,,,,,,,,,,,,,,,,,,,,,,,,,,,,,,,,,,,,,,,,,,,,,,,,03APR1973,7,2,3,2,4,4,2,NRP,,,,2,0,0,1,0,1,KTM,690,SMC-R,TRAIL / SUPERMOTARD,2,2013,10,1,2,8000,7,,,,,,,,,,,,,,,,,,,,,,,,,,,,,,,,,,,,,,,,,,,,,8000,3,4,,,,,,,,NRP,NRP,NRP,NRP,1991,NRP,NRP,1994,NRP,,,
1516,7372,,1,0,5,,,,,,0,5,,,,,,0,4,,,,,,0,5,,,,,,0,5,,,,,,0,6,,,,,,0,5,,,,,,0,6,,,,,,0,6,,,,,,0,4,,,,,,0,5,,,,,,0,2,,,,,,1,5,NSP,,,,,0,5,,,,,,1,2,3,NSP,NSP,,,,grenoble,grenoble,,,,freinage trop tardif de ma part au feu rouge. Légère percussion du véhicule précédent. Pas de dommage mécanique ou personnel,glissade sur la neige à faible vitesse,,,,0,0,2,2,37,0,,NRP,,,,,,,,,,,,,,,,,,,,,,,,,,,,,,,,,,,,,,,,,,,,,,,,,,,,,,,,,,,,,,,,,,,,,,,,,,,,,,,,,,,,,,,,,,,,,,,,,,,,,,,,,,,,,,,,,,,,,,,,,,,,,,,,,,,,,,,,,,,,,,,,,,,,,,,,,,,,,,,11FEB1961,5,1,3,2,4,4,2,NRP,,,,2,0,1,3,0,3,YAMAHA,500,T-MAX IE ABS,SCOOTER,2,2005,37,1,2,6000,7,KTM,250,EXC 2T SIX DAY'S MTT1,TOUT TERRAIN (TRIAL / ENDURO / CROSS),2,2013,37,3,1,1000,7,SUZUKI,650,DR 650 SET,TRAIL / SUPERMOTARD,2,1986,37,4,1,1000,7,,,,,,,,,,,,,,,,,,,,,,,8000,2,3,4,,,,,,,NRP,NRP,NRP,1977,1979,NRP,NRP,1979,NRP,,,
1165,7375,,1,0,4,,,,,,0,5,,,,,,0,6,,,,,,0,4,,,,,,2,5,1986,1988,,,,0,3,,,,,,0,4,,,,,,0,5,,,,,,1,5,1986,,,,,0,3,,,,,,0,4,,,,,,0,2,,,,,,0,4,,,,,,0,3,,,,,,0,,3,,,,,,,,,,,,,,,,,,0,0,8,1,21,5,1986,,,,,,,,,,,,,,,,,,,,,,,,,,,,,,,,,,,,,,,,,,,,,,,,,,,,,,,,,,,,,,,,,,,,,,,,,,,,,,,,,,,,,,,,,,,,,,,,,,,,,,,,,,,,,,,,,,,,,,,,,,,,,,,,,,,,,,,,,,,,,,,,,,,,,,,,,,,,,,19FEB1966,4,2,3,2,6,4,4,NRP,,,,2,0,0,1,0,1,HONDA,1000,CBF ABS,ROADSTER,2,2010,20,1,2,10000,7,,,,,,,,,,,,,,,,,,,,,,,,,,,,,,,,,,,,,,,,,,,,,10000,3,4,,,,,,,,NRP,NRP,NRP,NRP,1984,NRP,NRP,1984,NRP,,,
1931,7376,,1,0,3,,,,,,0,4,,,,,,0,5,,,,,,0,2,,,,,,0,4,,,,,,0,4,,,,,,0,2,,,,,,0,5,,,,,,1,3,1982,,,,,0,2,,,,,,0,5,,,,,,0,3,,,,,,1,4,1985,,,,,0,1,,,,,,0,,2,,,,,,,,,,,,,,,,,,4,0,34,1,41,9,1982,,,,,,,,,,,,,,,,,,,,,,,,,,,,,,,,,,,,,,,,,,,,,,,,,,,,,,,,,,,,,,,,,,,,,,,,,,,,,,,,,,,,,,,,,,,,,,,,,,,,,,,,,,,,,,,,,,,,,,,,,,,,,,,,,,,,,,,,,,,,,,,,,,,,,,,,,,,,,,26NOV1961,7,1,2,2,1,1,,NRP,,,,0,0,0,1,0,1,BMW,1200,K1200RS,Routière / GT,2,2004,37,2,1,6000,6,,,,,,,,,,,,,,,,,,,,,,,,,,,,,,,,,,,,,,,,,,,,,6000,3,,,,,,,,,NRP,NRP,NRP,NRP,1981,NRP,NRP,NRP,NRP,,,
248,7377,,1,0,4,,,,,,0,5,,,,,,0,5,,,,,,0,4,,,,,,0,4,,,,,,0,4,,,,,,0,3,,,,,,0,3,,,,,,1,4,2010,,,,,0,4,,,,,,1,5,2005,,,,,0,2,,,,,,1,3,2007,,,,,0,5,,,,,,0,,3,,,,,,,,,,,,,,,,,,3,10,15,1,41,9,2010,,,,,,,,,,,,,,,,,,,,,,,,,,,,,,,,,,,,,,,,,,,,,,,,,,,,,,,,,,,,,,,,,,,,,,,,,,,,,,,,,,,,,,,,,,,,,,,,,,,,,,,,,,,,,,,,,,,,,,,,,,,,,,,,,,,,,,,,,,,,,,,,,,,,,,,,,,,,,,06FEB1963,5,1,3,2,4,4,2,NRP,,,,3,1,0,3,0,3,TRIUMPH,1050,SPEED TRIPLE,ROADSTER,2,2007,37,2,1,4000,7,SUZUKI,650,GSX-F ABS,Routière / GT,2,2009,37,1,2,12000,7,ROYAL ENFIELD,500,BULLET CLASSIC EFI CHROME,ROADSTER,2,2013,37,3,1,3000,7,,,,,,,,,,,,,,,,,,,,,,,19000,3,4,,,,,,,,NRP,NRP,NRP,NRP,1995,NRP,NRP,1989,NRP,,,