Ligne,Ligne Q qualif,Ligne approfondissement Accident,ACCIDENT,NBACC1,ACCFREQUENCE1,ANNEEACC1_1,ANNEEACC1_2,ANNEEACC1_3,ANNEEACC1_4,ANNEEACC1_5,NBACC2,ACCFREQUENCE2,ANNEEACC2_1,ANNEEACC2_2,ANNEEACC2_3,ANNEEACC2_4,ANNEEACC2_5,NBACC3,ACCFREQUENCE3,ANNEEACC3_1,ANNEEACC3_2,ANNEEACC3_3,ANNEEACC3_4,ANNEEACC3_5,NBACC4,ACCFREQUENCE4,ANNEEACC4_1,ANNEEACC4_2,ANNEEACC4_3,ANNEEACC4_4,ANNEEACC4_5,NBACC5,ACCFREQUENCE5,ANNEEACC5_1,ANNEEACC5_2,ANNEEACC5_3,ANNEEACC5_4,ANNEEACC5_5,NBACC6,ACCFREQUENCE6,ANNEEACC6_1,ANNEEACC6_2,ANNEEACC6_3,ANNEEACC6_4,ANNEEACC6_5,NBACC7,ACCFREQUENCE7,ANNEEACC7_1,ANNEEACC7_2,ANNEEACC7_3,ANNEEACC7_4,ANNEEACC7_5,NBACC8,ACCFREQUENCE8,ANNEEACC8_1,ANNEEACC8_2,ANNEEACC8_3,ANNEEACC8_4,ANNEEACC8_5,NBACC9,ACCFREQUENCE9,ANNEEACC9_1,ANNEEACC9_2,ANNEEACC9_3,ANNEEACC9_4,ANNEEACC9_5,NBACC10,ACCFREQUENCE10,ANNEEACC10_1,ANNEEACC10_2,ANNEEACC10_3,ANNEEACC10_4,ANNEEACC10_5,NBACC11,ACCFREQUENCE11,ANNEEACC11_1,ANNEEACC11_2,ANNEEACC11_3,ANNEEACC11_4,ANNEEACC11_5,NBACC12,ACCFREQUENCE12,ANNEEACC12_1,ANNEEACC12_2,ANNEEACC12_3,ANNEEACC12_4,ANNEEACC12_5,NBACC13,ACCFREQUENCE13,ANNEEACC13_1,ANNEEACC13_2,ANNEEACC13_3,ANNEEACC13_4,ANNEEACC13_5,NBACC14,ACCFREQUENCE14,ANNEEACC14_1,ANNEEACC14_2,ANNEEACC14_3,ANNEEACC14_4,ANNEEACC14_5,AUTRESACC,NBAUTRESACC,TOTAL_AC,ANNEEAUTREACC1,ANNEEAUTREACC2,ANNEEAUTREACC3,ANNEEAUTREACC4,ANNEEAUTREACC5,LIEUAUTREACC1,LIEUAUTREACC2,LIEUAUTREACC3,LIEUAUTREACC4,LIEUAUTREACC5,DESCRIPTIONAUTRESACC1,DESCRIPTIONAUTRESACC2,DESCRIPTIONAUTRESACC3,DESCRIPTIONAUTRESACC4,DESCRIPTIONAUTRESACC5,NBAUTRESACCCIRCUIT,NBAUTRESTOUTTERRAIN,EXPCYCLO,EXP125,EXPSUP125,ACCORDNEXTQ,CHOIXACC,RGPMTACC,RECUPANNEE,RECUPLIEU,RECUPANNE,RGPMTAC,CHOIX1,CHOIX2,CHOIX3,CHOIX4,CHOIX5,CHOIX6,CHOIX7,DESCRIPTION,RUPTURE,FAITS,ABS_REACTION,AUTRE_REACTION,PRECISIONREACTIONOUI,RECUL,PRECISIONREACTIONNON,IMPACTCOMPORTEMENT,AUTREUSAGER,REACTIONAUTREUSAGER,CONNAISSANCEREACTIONUSAGER,DIFFICULTES,AGGRAVATION,DIFFICULTES2,EMOTIONS1,EMOTIONS2,EMOTIONS3,EMOTIONS4,EMOTIONS5,EMOTIONS6,AUTRESENTIMENT,CLASSEMENTEMOTIONS1,CLASSEMENTEMOTIONS,CLASSEMENTEMOTIONS5,CLASSEMENTEMOTIONS6,CLASSEMENTEMOTIONS7,CLASSEMENTEMOTIONS8,CLASSEMENTEMOTIONS9,EXPLICATIONRESSENTI,BIENEQUIPE,ALLURE,ALLUREVITEDETAIL,ALLURELENTEDETAIL,SITUATIONPRESSE,SITUATIONDISTRAIT,SITUATIONCONFIANT,SITUATIONCONTROLE,SITUATIONLUDIQUE,SITUATIONPERF,SITUATIONSTRESS,SITUATIONFATIGUE,HUMEURNEUTRE,HUMEURGAI,HUMEURMECONTENT,HUMEURTRISTE,HUMEURCOLERE,CONTRIBUTION1,CONTRIBUTION2,CONTRIBUTION3,CONTRIBUTION4,CONTRIBUTION5,CONTRIBUTION6,CONTRIBUTION7,CONTRIBUTION8,CONTRIBUTION9,ROLEINFRA,ELEMENTINFRA1,ELEMENTINFRA2,ELEMENTINFRA3,ELEMENTINFRA4,ELEMENTINFRA5,ELEMENTINFRA6,ELEMENTINFRA7,ELEMENTINFRA8,ELEMENTINFRA9,ALCOOL,TXALCOOL,STUP,SEMAINE,MOMENTJOURNEE,TEMPS,CAUSEACC1,CAUSEACC2,CAUSEACC3,CAUSEACC4,CAUSEACC5,FORMATIONCAUSE,FORMATION1,FORMATION2,FORMATION3,FORMATION4,FORMATION5,TRAFIC,CHAUSSEE1,CHAUSSEE2,CHAUSSEE3,CHAUSSEE4,TYPEACC,BLESSURE,TETE,COU,THORAX,MEMBRESSUP,COLONNE,BASSIN,MEMBRESINF,HOPITAL,PLUS24H,TRAJET,TYPEROUTE,MOTIF,SENSTRAJET,PASSAGER,VITESSE,DESCEQ1,DESCEQ2,DESCEQ3,DESCEQ4,DESCEQ5,DESCEQ6,DESCEQ7,DESCEQ8,DESCEQ9,DESCEQ10,VEHICULEETE,VEHICULEAUTOMNE,VEHICULEPRINTEMPS,VEHICULEHIVER,VEHICULESEMAINE,VEHICULEWE,VEHMARQUE,VEHCYLINDREE,VEHMODELE,VEHSEGMENT,VEHSIDE,EQ2RMABS,EQ2RMCBS,EQ2RMABSCBS,EQ2RMREGULATEUR,EQ2RMLIMITEUR,EQ2RMPHARESDIRECT,EQ2RMCOUPURE,EQ2RMANTIPATINAGE,EQ2RMANTIXHEELING,EQ2RMSTABILILTE,VEHKM,POINTS,DUREE,AUTRE2RM,VEHPRECMARQUE,VEHPRECCYLINDREE,VEHPRECMODELE,VEHPRECSEGMENT,VEHPRECSIDE,TEMPS2RMPREC,FREQVEHPREC,DATE_NAISS,CSP,SOCIETAIRE,SALARIE,SECTEUR2RM,NBPERSFOYER,SITFAM,NBENF,TRNBENF1,TRNBENF2,TRNBENF3,TRNBENF4,NBAUTOFOYER,NBCYCLOFOYER,NBSCOOTFOYER,NBMOTOFOYER,NBTRIKEFOYER,NB2RMCONDUIT,MARQUE1,CYLINDREE1,MODELE1,SEGMENT1,SIDE1,ANMISECIRCU1,ASS1,FREQ1,USAGE1,NBKM1,GARAGE1,MARQUE2,CYLINDREE2,MODELE2,SEGMENT2,SIDE2,ANMISECIRCU2,ASS2,FREQ2,USAGE2,NBKM2,GARAGE2,MARQUE3,CYLINDREE3,MODELE3,SEGMENT3,SIDE3,ANMISECIRCU3,ASS3,FREQ3,USAGE3,NBKM3,GARAGE3,MARQUE4,CYLINDREE4,MODELE4,SEGMENT4,SIDE4,ANMISECIRCU4,ASS4,FREQ4,USAGE4,NBKM4,GARAGE4,MARQUE5,CYLINDREE5,MODELE5,SEGMENT5,SIDE5,ANMISECIRCU5,ASS5,FREQ5,USAGE5,NBKM5,GARAGE5,NBKMTOT,PERMIS1,PERMIS2,PERMIS3,PERMIS4,PERMIS5,PERMIS6,PERMIS7,PERMIS8,PERMIS9,ANPERMIS1,ANPERMIS6,ANPERMIS7,ANPERMIS2,ANPERMIS3,ANPERMIS8,ANPERMIS9,ANPERMIS4,ANPERMIS5,,,
2059,7542,,1,0,3,,,,,,0,3,,,,,,0,4,,,,,,0,2,,,,,,0,5,,,,,,0,2,,,,,,0,3,,,,,,0,5,,,,,,1,4,2005,,,,,0,2,,,,,,0,4,,,,,,0,2,,,,,,0,2,,,,,,0,2,,,,,,1,1,2,2001,,,,,Marseille,,,,,"À un carrefour, un feu tricolore provisoire sur le côté droit de la rue était mal orienté (à 45° par rapport à l'axe). Je ne l'ai donc pas vu et suis passé alors qu'il était au rouge et percuté de plein fouet une voiture passant normalement au vert.",,,,,0,0,0,3,23,1,71,15,2001,Marseille,,,,,,,,,,,,,,,,,,,,,,,,,,,,,,,,,,,,,,,,,,,,,,,,,,,,,,,,,,,,,,,,,,,,,,,,,,,,,,,,,,,,,,,,,,,,,,,,,,,,,,,,,,,,,,,,,,,,,,,,,,,,,,,,,,,,,,,,,,,,,,,,,,,,,,,,,,,,,05NOV1939,9,1,3,2,1,1,,NRP,,,,0,0,0,1,0,1,BMW,1100,"R1100RT ""75""",Routière / GT,2,2000,37,2,1,5330,1,,,,,,,,,,,,,,,,,,,,,,,,,,,,,,,,,,,,,,,,,,,,,5330,3,4,,,,,,,,NRP,NRP,NRP,NRP,1961,NRP,NRP,1961,NRP,,,
1351,7543,,1,0,5,,,,,,0,4,,,,,,0,2,,,,,,0,5,,,,,,0,6,,,,,,0,2,,,,,,0,2,,,,,,0,6,,,,,,1,5,2008,,,,,0,2,,,,,,0,1,,,,,,0,2,,,,,,0,4,,,,,,0,3,,,,,,1,5,6,2003,2005,2008,2009,2001,Lyon,Lyon,Mions,St-Jean-Pied-d-,Lyon,chute suite à un freinage brutal non maîtrisé,choc contre une murette d'autoroute à basse vitesse suite à un mauvais réflexe de peur,chute sur un rond-point à cause du gazole,chute sur un rond-point à cause du gazole,chute à basse vitesse sur du gravier sur un parking,0,0,0,8,12,1,41,9,2008,,,,,,,,,,,,,,,,,,,,,,,,,,,,,,,,,,,,,,,,,,,,,,,,,,,,,,,,,,,,,,,,,,,,,,,,,,,,,,,,,,,,,,,,,,,,,,,,,,,,,,,,,,,,,,,,,,,,,,,,,,,,,,,,,,,,,,,,,,,,,,,,,,,,,,,,,,,,,,10AUG1956,6,1,3,2,2,3,,NRP,,,,1,0,0,2,0,2,BMW,1200,R1200RT,Routière / GT,2,2006,37,2,2,30000,7,HONDA,125,CA REBEL,CUSTOM,2,1997,37,4,1,500,7,,,,,,,,,,,,,,,,,,,,,,,,,,,,,,,,,,30500,3,4,,,,,,,,NRP,NRP,NRP,NRP,2003,NRP,NRP,1974,NRP,,,
2033,7544,,1,0,6,,,,,,0,6,,,,,,0,6,,,,,,0,3,,,,,,0,6,,,,,,0,5,,,,,,0,4,,,,,,0,5,,,,,,0,5,,,,,,0,5,,,,,,0,4,,,,,,0,1,,,,,,0,2,,,,,,0,5,,,,,,1,1,1,2014,,,,,PARIS,,,,,"En circulation dans un embouteillage, au centre de ma voie, le véhicule derrière moi à avancé et m'a percuté par l'arrière.",,,,,0,0,0,0,17,1,71,15,2014,PARIS,,,,,,,,,,,,,,,,,,,,,,,,,,,,,,,,,,,,,,,,,,,,,,,,,,,,,,,,,,,,,,,,,,,,,,,,,,,,,,,,,,,,,,,,,,,,,,,,,,,,,,,,,,,,,,,,,,,,,,,,,,,,,,,,,,,,,,,,,,,,,,,,,,,,,,,,,,,,,04NOV1972,7,1,3,2,2,3,,NRP,,,,1,0,0,1,0,1,HARLEY-DAVIDSON,1450,ROAD KING CLASSIC,Routière / GT,2,2000,37,3,1,8000,7,,,,,,,,,,,,,,,,,,,,,,,,,,,,,,,,,,,,,,,,,,,,,8000,3,4,,,,,,,,NRP,NRP,NRP,NRP,1997,NRP,NRP,1993,NRP,,,
131,7545,,1,0,3,,,,,,0,3,,,,,,0,6,,,,,,0,3,,,,,,0,3,,,,,,0,3,,,,,,0,4,,,,,,0,6,,,,,,1,6,2014,,,,,0,4,,,,,,0,4,,,,,,0,3,,,,,,0,4,,,,,,0,3,,,,,,0,,1,,,,,,,,,,,,,,,,,,30,13,13,1,41,9,2014,,,,,,,,,,,,,,,,,,,,,,,,,,,,,,,,,,,,,,,,,,,,,,,,,,,,,,,,,,,,,,,,,,,,,,,,,,,,,,,,,,,,,,,,,,,,,,,,,,,,,,,,,,,,,,,,,,,,,,,,,,,,,,,,,,,,,,,,,,,,,,,,,,,,,,,,,,,,,,08MAR1970,7,2,3,2,5,4,3,NRP,,,,1,0,0,1,0,1,HONDA,750,VT SHADOW ACE,CUSTOM,2,1999,28,1,2,11000,7,,,,,,,,,,,,,,,,,,,,,,,,,,,,,,,,,,,,,,,,,,,,,11000,2,3,4,8,9,,,,,NRP,NRP,NRP,1990,2001,2001,2001,1990,NRP,,,
355,7547,221,1,0,5,,,,,,0,6,,,,,,0,5,,,,,,1,6,2007,,,,,0,3,,,,,,0,5,,,,,,0,4,,,,,,0,5,,,,,,0,6,,,,,,0,5,,,,,,0,6,,,,,,0,4,,,,,,0,3,,,,,,0,2,,,,,,1,2,3,2005,2007,,,,Bordeaux,Bordeaux,,,,"Le camion a remorque qui s'était arrêté sur la fil centrale au feu rouge à brusquement tourné à droite en traversant la file sur laquelle je me tenais. Il s'était simplement déporté pour avoir suffisamment de place pour engager sa remorque, mais il n'avait pas mis de clignotant. Et il ne n'est pas arrêté lorsque ma trail m'est tombée dessus. Ni les automobilistes pour m'aider. Jusqu'au moment où hurlant, j'ai retiré mon casque pour montrer que j'étais une fille. Heureusement, plus de peur que de mal.","J'ai pris la mauvaise décision de doubler par la droite une file de voitures arrêtée. Je n'ai donc pas fait attention que l'une d'elle avait laissé un espace pour permettre l'entrée dans un parking. Je suis rentrée à basse vitesse dans une voiture qui venait en sens inverse et tournait dans l'espace ouvert. Ma moto a heureusement été amortie par le pneu du Nissan prairie dans lequel je suis entrée, et je n'ai pas été blessée. Mais ça été la dernière fois je j'ai doublé par la droite !",,,,0,0,3,3,5,1,71,15,2005,Bordeaux,2005,Autre(s) type(s) d'accident(s).,2,,,,,,,"Arrêtée à un feu rouge, sur la file de droite (celle qui possédait le marquage pour aller tout droit), un semi-remorque vient s'arrêter sur la file de gauche (marque pour tourner à gauche).  Le feu passe au vert, je n'ai pas le temps de démarrer que je vois le camion se rapprocher de moi : il était en train de tourner à droite, sans clignotant, et sans m'avoir remarqué.  J'avais 15 ans, et ma yamahaDT50 m'est tombée dessus, renversée à l'arrêt par le semi, qui a continué son chemin sans me voir.  La circulation s'est arrêtée, et personne n'est venu m'aider. Il n'y a que lorsque j'ai enlevé mon casque que deux automobilistes, réalisant que j'étais une fille, sont venu relever ma moto. Si j'avais été un garçon, personne ne m'aurait aidé c'est ça ?  Heureusement plus de peur que de mal, mais cela m'a vraiment marqué.","J'ai vu le camion se rapprocher, mais je ne pouvait pas reculer ni avancer car il me coupait la route, et qu'il y avait une voiture derrière moi.","Je n'ai pas eu le temps de réagir. J'aurais voulu reculer, mais je n'avait pas la place, et la voiture derrière moi n'a pas réagi.",1,0,,,"J'aurais du être plus méfiante et garder de la distance avec le semi. Ou bien démarrer avant lui.  Malheureusement j'étais coincée, et la faible puissance de mon moteur ne me permetait pas de me dégager efficacement de la situation. Le camion n'a pas entendu mon klaxon, ni le bruit de ma moto qui chutait.",2,1,2,,NSP,1,NSP,1,6,,,,,,1,,,,,2,,"j'ai vu dans am tête toutes les images atroces que pouvaient représenter un accident de moto, et j'ai pensé à mes parents",3,4,,,1,3,2,3,1,1,1,1,1,5,4,4,4,4,6,,,,,,,,1,2,4,,,,,,,2,2,,2,1,1,1,5,95,0,0,0,2,,,,,,4,1,,,,1,,,,,,,,,,,2,1,3,,0,0,1,10,2,3,4,7,,,,,4,4,4,4,4,4,YAMAHA,50,DT,TRAIL / SUPERMOTARD,2,1,2,1,1,1,1,1,1,1,1,40000,NSP,3,0,,,,,,,,15MAY1990,11,1,3,2,4,5,0,NRP,,,,2,2,0,5,0,1,HONDA,250,CB TWO FIFTY,ROADSTER,2,1995,37,1,2,10000,4,,,,,,,,,,,,,,,,,,,,,,,,,,,,,,,,,,,,,,,,,,,,,10000,1,2,3,4,7,,,,,2004,NRP,2007,2007,2010,NRP,NRP,2009,NRP,,,
1977,7548,,1,0,3,,,,,,0,5,,,,,,0,5,,,,,,0,4,,,,,,0,5,,,,,,0,4,,,,,,0,3,,,,,,0,4,,,,,,5,6,1998,2001,2005,2010,2014,0,2,,,,,,0,4,,,,,,0,2,,,,,,0,4,,,,,,0,4,,,,,,0,,5,,,,,,,,,,,,,,,,,,4,2,18,1,45,9,2014,,,,,,,,,,,,,,,,,,,,,,,,,,,,,,,,,,,,,,,,,,,,,,,,,,,,,,,,,,,,,,,,,,,,,,,,,,,,,,,,,,,,,,,,,,,,,,,,,,,,,,,,,,,,,,,,,,,,,,,,,,,,,,,,,,,,,,,,,,,,,,,,,,,,,,,,,,,,,,12DEC1975,4,1,3,2,4,4,2,NRP,,,,2,0,1,2,0,3,HONDA,600,SW-T,SCOOTER,2,2011,37,1,2,8000,7,MOTO GUZZI,1100,SPORT,Routière / GT,2,1995,37,4,1,500,7,HONDA,1100,GOLD WING,Routière / GT,2,1983,37,4,1,200,7,,,,,,,,,,,,,,,,,,,,,,,8700,3,4,,,,,,,,NRP,NRP,NRP,NRP,1994,NRP,NRP,1998,NRP,,,
1086,7549,,1,1,2,NSP,,,,,0,4,,,,,,0,2,,,,,,1,5,NSP,,,,,0,3,,,,,,0,1,,,,,,0,2,,,,,,0,1,,,,,,1,2,NSP,,,,,0,1,,,,,,0,4,,,,,,0,3,,,,,,0,2,,,,,,0,3,,,,,,0,,3,,,,,,,,,,,,,,,,,,4,15,0,0,,NRP,,,,,,,,,,,,,,,,,,,,,,,,,,,,,,,,,,,,,,,,,,,,,,,,,,,,,,,,,,,,,,,,,,,,,,,,,,,,,,,,,,,,,,,,,,,,,,,,,,,,,,,,,,,,,,,,,,,,,,,,,,,,,,,,,,,,,,,,,,,,,,,,,,,,,,,,,,,,,,,15OCT1966,5,1,3,2,4,4,2,NRP,,,,2,0,1,1,0,1,YAMAHA,125,X-MAX ABS,SCOOTER,2,2012,37,1,2,12000,5,,,,,,,,,,,,,,,,,,,,,,,,,,,,,,,,,,,,,,,,,,,,,12000,4,,,,,,,,,NRP,NRP,NRP,NRP,NRP,NRP,NRP,1985,NRP,,,
1016,7550,492,1,0,5,,,,,,1,5,2005,,,,,0,4,,,,,,0,2,,,,,,0,6,,,,,,0,6,,,,,,0,5,,,,,,0,5,,,,,,0,5,,,,,,0,5,,,,,,0,6,,,,,,0,3,,,,,,0,4,,,,,,0,4,,,,,,0,,1,,,,,,,,,,,,,,,,,,4,0,10,1,6,2,2005,,2005,Vous circuliez derrière un véhicule. Ce véhicule a ralenti. Vous avez entrepris de dépasser ce véhicule par la gauche et celui-ci vous a coupé la route en tournant à gauche (ou en effectuant un œ tour,1,,,,,,,"il s'agit d'une collision avec un camion type porteur avec caisse fourgon plus large que les rétros... l'accident a eu lieu en zone industrielle, lors d'un trajet travail. La route se sépare en patte d'oie, au niveau d'une intersection avec une autre route, le PL circulait à droite et s'engageait visiblement vers la droite de la patte d'oie, j'ai alors amorcé un dépassement car j'allais sur la gauche de la patte d'oie lorsque le PL a décidé d'aller à gauche de la patte d'oie. j'ai été pris entre le trottoir (trop parallèle à celui-ci pour réussir à monter dessus) et le PL, au niveau de l'empattement.  La moto et moi avons volé, apparaissant du même coup dans le rétro (et/ou l'oeil ""averti"" du chauffeur), lequel s'est arrêté de suite croyant secourir un pauvre motard maladroit (il était lui-même motard).  Notre conversation en gros :  lui : Ben qu'est-ce que t'as foutu ?  moi : ben tu m'as serré dans le trottoir !!!  lui : Ah bon ? j'ai rien vu ; c'est pas mon camion, le mien est en réparation, on vient rien dans les rétros de celui-ci !  moi : vu l'état de la caisse -(côté montrant plus que des stigmates)-, tu n'en n'es pas à ton coup d'essai ?!  lui : mais t'es fou aussi de me doubler par la gauche !!!  moi : ...  échange très courtois cependant et constat rempli le soir (faute de temps pour chacun sur le moment), bien sûr le PL 100% en tort. 2200 de réparation sur la moto ( à la limite de partir à la casse mais réparée)",le changement de voie tardif et non indiqué du PL.,"J'ai vu le PL changer de trajectoire, j'ai serré au max le trottoir en sautant sur les freins en espérant passer derrière le PL, puis voyant que ça n'allait pas suffire, j'ai visé la fin du trottoir (nous étions très proches de l'intersection) mais ça n'a pas suffi. J'ai pensé aussi à monter sur le trottoir mais j'étais très parallèle et proche de celui-ci donc pas possible (moto 600 bandit, je ne sais pas sauter sur un trottoir comme en vélo...)  Au moment du choc, je me souviens avoir essayé de retirer ma jambe droite de la zone de contact, je ne sais pas trop comment mais elle n'a pas été touchée, et après roulé boulé pour pas trop avoir mal en retombant...  l'autre conducteur ne s'est pas aperçu du choc et n'a donc réagi que lorsqu'il a vu la moto par terre",NRP,1,Plus de freins (meilleure connaissances) et surtout anticipation accrue : les livreurs en PL sont très pressés et pensent souvent être seuls : laisser un bon coussin entre eux et moi..,"quelques mois de permis moto à l'époque, peur de bloquer la roue avant en freinant très fort près d'un trottoir en ZI (graviers, carburant...) et mauvaise estimation des vitesses relatives",,2,1,2,,"manque de visibilité arrière et latérale (surtout par manque de prise d'informations régulières dans les rétros), cherchait sa route",1,"s'il avait indiqué son changement de direction ou regardé avant de changer de voie, il n'y aurait tout simplement pas eu d'accident",1,6,,,,,,1,,,,,2,,"la bonne décharge d'adrénaline qui pique jusque sur le dos des mains, le coeur qui veut remonter et le cerveau qui réfléchit à 100 à l'heure : ma jambe, ma moto, je dois aller au boulot, je vais avoir mal...",3,3,,,3,1,3,2,3,2,2,1,3,1,4,4,4,1,5,7,,,,,,,1,2,4,,,,,,,2,2,,2,1,1,1,10,90,0,0,0,2,,,,,,2,1,4,6,,2,1,4,7,,,,,,0,,1,AUT|zone industrielle,1,1,0,70,1,2,4,7,,,,,,,3,3,3,2,3,2,SUZUKI,600,BANDIT,ROADSTER,2,1,1,1,1,1,1,1,1,1,1,48000,12,1,0,,,,,,,,13JAN1981,6,1,3,2,2,3,,NRP,,,,3,3,0,2,0,4,SUZUKI,600,BANDIT-N,ROADSTER,2,1998,37,3,2,1000,7,KTM,525,EXC RACING,TOUT TERRAIN (TRIAL / ENDURO / CROSS),2,2003,37,3,2,500,7,MOTOBECANE,50,AV42A,ROADSTER,2,1962,24,4,2,300,AUT|atelier fermé,PEUGEOT,50,TSE,ROADSTER,2,1983,24,4,2,150,AUT|atelier fermé,,,,,,,,,,,,1950,3,4,,,,,,,,NRP,NRP,NRP,NRP,2005,NRP,NRP,1999,NRP,,,
1829,7552,,1,0,3,,,,,,0,4,,,,,,0,5,,,,,,0,4,,,,,,0,3,,,,,,0,3,,,,,,0,4,,,,,,1,3,2007,,,,,0,3,,,,,,0,4,,,,,,0,5,,,,,,0,3,,,,,,0,4,,,,,,0,4,,,,,,0,,1,,,,,,,,,,,,,,,,,,7,0,15,1,36,8,2007,,,,,,,,,,,,,,,,,,,,,,,,,,,,,,,,,,,,,,,,,,,,,,,,,,,,,,,,,,,,,,,,,,,,,,,,,,,,,,,,,,,,,,,,,,,,,,,,,,,,,,,,,,,,,,,,,,,,,,,,,,,,,,,,,,,,,,,,,,,,,,,,,,,,,,,,,,,,,,20JUN1976,5,1,3,2,1,1,,NRP,,,,1,1,0,1,0,1,SUZUKI,650,SV-S 34CV,Routière / GT,2,2002,37,2,1,6000,7,,,,,,,,,,,,,,,,,,,,,,,,,,,,,,,,,,,,,,,,,,,,,6000,3,4,,,,,,,,NRP,NRP,NRP,NRP,2002,NRP,NRP,1998,NRP,,,
512,7553,,0,,,,,,,,,,,,,,,,,,,,,,,,,,,,,,,,,,,,,,,,,,,,,,,,,,,,,,,,,,,,,,,,,,,,,,,,,,,,,,,,,,,,,,,,,,,,,,,,,,,,,,,,,,,,,,,,,,,,,,,,,,,,,,,,,,,,,,,,,,,,,,,,,,,,,,,,,,,,,,,,,,,,,,,,,,,,,,,,,,,,,,,,,,,,,,,,,,,,,,,,,,,,,,,,,,,,,,,,,,,,,,,,,,,,,,,,,,,,,,,,,,,,,,,,,,,,,,,,,,,,,,,,,,,,,,,,,,,,,,,,,,,19FEB1982,7,1,3,2,2,3,,NRP,,,,2,0,0,1,0,1,YAMAHA,1300,XJR IE,ROADSTER,2,2005,37,3,1,6000,7,,,,,,,,,,,,,,,,,,,,,,,,,,,,,,,,,,,,,,,,,,,,,6000,3,4,,,,,,,,NRP,NRP,NRP,NRP,2010,NRP,NRP,2001,NRP,,,
2193,7556,,1,0,5,,,,,,0,4,,,,,,1,4,1988,,,,,0,3,,,,,,1,5,1991,,,,,0,3,,,,,,0,3,,,,,,0,6,,,,,,1,6,1986,,,,,0,2,,,,,,0,4,,,,,,0,3,,,,,,0,4,,,,,,0,1,,,,,,1,1,4,2002,,,,,Giessen,,,,,Je me suis arrêté à un stop et la voiture derrière moi est venue me percuter.,,,,,0,0,2,0,29,1,41,9,1986,,,,,,,,,,,,,,,,,,,,,,,,,,,,,,,,,,,,,,,,,,,,,,,,,,,,,,,,,,,,,,,,,,,,,,,,,,,,,,,,,,,,,,,,,,,,,,,,,,,,,,,,,,,,,,,,,,,,,,,,,,,,,,,,,,,,,,,,,,,,,,,,,,,,,,,,,,,,,,23MAR1968,5,1,3,2,5,4,3,NRP,,,,1,0,0,1,0,1,HONDA,1000,CBF-F C-ABS,ROADSTER,2,2010,37,1,2,20000,4,,,,,,,,,,,,,,,,,,,,,,,,,,,,,,,,,,,,,,,,,,,,,20000,3,4,,,,,,,,NRP,NRP,NRP,NRP,1986,NRP,NRP,1987,NRP,,,
1173,7557,,1,0,3,,,,,,0,5,,,,,,0,3,,,,,,0,3,,,,,,0,4,,,,,,0,3,,,,,,0,2,,,,,,0,5,,,,,,0,5,,,,,,0,4,,,,,,0,5,,,,,,0,4,,,,,,0,4,,,,,,1,3,2013,,,,,0,,1,,,,,,,,,,,,,,,,,,3,0,0,1,66,14,2013,,,,,,,,,,,,,,,,,,,,,,,,,,,,,,,,,,,,,,,,,,,,,,,,,,,,,,,,,,,,,,,,,,,,,,,,,,,,,,,,,,,,,,,,,,,,,,,,,,,,,,,,,,,,,,,,,,,,,,,,,,,,,,,,,,,,,,,,,,,,,,,,,,,,,,,,,,,,,,08DEC1984,5,2,3,2,1,1,,NRP,,,,0,1,0,0,0,1,PEUGEOT,50,KISBEE,SCOOTER,2,2012,31,1,2,8000,1,,,,,,,,,,,,,,,,,,,,,,,,,,,,,,,,,,,,,,,,,,,,,8000,NSP,,,,,,,,,NRP,NRP,NRP,NRP,NRP,NRP,NRP,NRP,NRP,,,
1613,7558,,1,0,3,,,,,,0,5,,,,,,0,4,,,,,,0,3,,,,,,1,6,2014,,,,,0,4,,,,,,0,3,,,,,,0,3,,,,,,0,3,,,,,,0,4,,,,,,0,5,,,,,,0,1,,,,,,0,3,,,,,,0,2,,,,,,0,,1,,,,,,,,,,,,,,,,,,1,10,3,1,21,5,2014,,,,,,,,,,,,,,,,,,,,,,,,,,,,,,,,,,,,,,,,,,,,,,,,,,,,,,,,,,,,,,,,,,,,,,,,,,,,,,,,,,,,,,,,,,,,,,,,,,,,,,,,,,,,,,,,,,,,,,,,,,,,,,,,,,,,,,,,,,,,,,,,,,,,,,,,,,,,,,13SEP1986,4,1,3,2,2,3,,NRP,,,,1,2,0,2,0,2,KAWASAKI,650,"ER-6 ""F""",Routière / GT,2,2009,37,1,2,5000,6,KAWASAKI,650,"ER-6 ""F"" ABS  35KW",Routière / GT,2,2012,37,2,1,200,6,,,,,,,,,,,,,,,,,,,,,,,,,,,,,,,,,,5200,2,3,4,,,,,,,NRP,NRP,NRP,2003,2013,NRP,NRP,2013,NRP,,,